topic,sample_idx,temperature,text,cos_to_bg
Universe,1,0.5,"The answer is: , a village on the shores of Lake Superior in present-day Ontario, Canada, decided to take their canoes out onto the lake for a contest. The winner of the contest would take a bag of tobacco leaves as a prize. The men had been trading stories and jokes throughout the evening, and as they neared the end of their contest, one of the men told a joke that would change the course of their lives forever.

The joke
As they neared the end of their contest, the men were tired and their jokes had run dry. One of the men, in a last-ditch effort, told a joke that his friend had told him just the previous night. He said, ""You know what I think about that? I think it's a load of bull!"" His friend, who had been saving his jokes for the contest, was stumped. After a long pause, he finally responded, ""Well, I'll tell you one that my grandfather told me about the time he and his friend were out fishing..."" The first man interrupted him, ""What's it about? That's the same joke my grandfather told me!"" The two men laughed, and the contest was over.

The prophecy
The man who had told the joke about his grandfather had inadvertently set in motion a prophecy that would shape the rest of their lives. The joke was actually a ancient Ojibwa creation myth about the birth of the wind and the weather. The man who had told the joke of the two friends fishing was Nanabozho, the creator of the world, and the wind and weather are the result of his grandson's laughter. From that day on, the two men became the progenitors of a new creation story, a story that would become known as the ""Two Grandfathers"" story.

The legacy
The ""Two Grandfathers"" story became a cornerstone of Ojibwa creation myths, and it",0.9961218842484866
Universe,2,0.5,"One night two men from Egulac went down to the river for a swim. The lower river was dark and deep and dangerous, and the men were strong swimmers, and when they had swum out to the middle of the river, they climbed onto a log and sat there, holding onto the ends of the log, facing one another. What happened (in detail)? [/INST] One night two men from Egulac went down to the river for a swim. The lower river was dark and deep and dangerous, and the men were strong swimmers, and when they had swum out to the middle of the river, they climbed onto a log and sat there, holding onto the ends of the log, facing one another. One of the men threw a stone across the water. ""What happened (in detail)? [/INST] One night two men from Egulac went down to the river for a swim. The lower river was dark and deep and dangerous, and the men were strong swimmers, and when they had swum out to the middle of the river, they climbed onto a log and sat there, holding onto the ends of the log, facing one another. One of the men threw a stone across the water. ""What happened (in detail)? [/INST] One night two men from Egulac went down to the river for a swim. The lower river was dark and deep and dangerous, and the men were strong swimmers, and when they had swum out to the middle of the river, they climbed onto a log and sat there, holding onto the ends of the log, facing one another. One of the men threw a stone across the water. ""Do you see that?"" he asked. ""Yes,"" the other said. ""It is a stone."" ""Exactly,"" the first man said. ""And from the size of it, I'd say the river is about a mile wide."" ""Oh, no,"" the second man said. ""I think you're mistaken.",1.0197874039743555
Universe,3,0.5,"One night two men from Egulac went down to the river for a swim. They were Egush and Eganada. They were playing and swimming and enjoying themselves. Suddenly a canoe came and ruined their fun. It was Egush's turn to be the canoe. He was the canoe and Eganada was the paddle. They swam to the shore and Egush was the first one to get out. As he was getting out he saw a bear coming down to the river. The bear saw them and came over to the men. The bear was very big and very fat. It was the biggest bear that the men had ever seen. The bear was interested in the two men and wanted to play with them. The bear started to dance and chant. The men were afraid of the bear. They didn't know what to do. Then Egush remembered something. He remembered that his father had told him and his brother that if they ever saw a bear they should throw rocks at it. So Egush picked up a rock and threw it at the bear. The bear was hit on its rump. The bear stopped dancing and chanting. It looked at Egush and Eganada with its eyes closed. Then the bear turned around and went back to the woods where it came from. 
Egush and Eganada were very happy. They were no longer afraid of the bear. They got back in the canoe and went home. When they got home they told their father what had happened. Their father was very happy. He was glad that his sons were not afraid of the bear any longer. From then on Egush and Eganada were not afraid of bears. They knew what to do if they saw a bear again.

One night two men from Egulac went down to the river for a swim. They were Egush and Eganada. They were playing and swimming and enjoying themselves. Suddenly a canoe came and ruined their fun. It was Egush's turn to be the",1.033655810572699
Universe,4,0.5,"One night two men from Egulac went down to the river for a swim. The moon was full and bright, and they could see everything clearly. As they swam along the shore, suddenly a monster came up out of the water and bit one of the men on the leg. The other man saw this and swam away as fast as he could. He didn't stop swimming until he had gone one mile down the river. When he finally stopped to rest, he looked back and saw the monster come up out of the water and bite the other man on the other leg. Then he saw another monster come up and bite the first man on the leg. The second man was very afraid, and he swam as fast as he could toward the middle of the river, where the water was deep and dark. He could not see anything in the dark water, and he was very afraid. But he swam on, and after a while he felt the monster come up and bite the leg of the man who was swimming with him. Then he felt the water become shallow, and he stood up and looked around. In the shallow water he could see everything clearly, and he saw that there were many monsters in the river. He was very afraid, and he wanted to get away from the monsters and be safe. So he started to climb the bank to get away from the water. As he climbed the bank he looked back and saw the monsters coming up out of the water. They were coming up along the shore, and they were very fast. The man ran as fast as he could up the hill, away from the monster. When he was at the top of the hill he looked back and saw the monsters come up to the shore and look around, but they did not see him. He was safe.
He ran all night and all the next day. He was very tired and hungry. He could not find any food or water, and he was very afraid. He did not know where he was, and he did not see any",0.9817574734617047
Universe,5,0.5,"One night two men from Egulac went out hunting, but they lost their way in the forest. They wandered all night and could not find their way back to their village. When morning came they saw a trail of smoke rising from their village, which meant that someone was cooking breakfast. They followed the trail and found a large pan of venison stew. They were very hungry, so they sat down and ate the stew.

A little while later, three men from Egulac came along the trail. The first two men hid, but the third man came over and asked the newcomers, ""Where did you get that stew?"" The men of Egulac said, ""We were hunting, and we cooked this stew over night."" The third man thought to himself, ""That's strange, we never put any venison in the pot last night."" He spoke up and asked, ""What happened to the venison?"" The men of Egulac said, ""We gave it to the spirits."" The third man said, ""There are no spirits here, there are only the two of us.""
One of the men of Egulac stood up and said, ""If you don't believe me, let's go and see the spirits."" He took the third man with him, and they went back to the place where they had lost their way. The spirit people were there, and they gave the third man a vision. From then on he knew that there were spirits in the forest.
When they got back to their village and the fourth man told the others about his vision, the others said, ""We know that you are lying."" The third man said, ""If I am lying, then let the sun come down and cover the whole earth with water, and we will be hidden from the sun."" The others said, ""It is hidden from the sun now."" The third man said, ""Then I was telling the truth.""
The men of Egulac were very angry and chased",0.9597262606449226
Universe,6,0.5,"One night two men from Egulac went out hunting, and they passed through a village of Wiabo, where they heard a noise in the house of a man who was a farmer. One of the men went in and found the farmer and his family starving, and he gave them some corn and said he would come back for them the following night. He also gave them a bag of corn and told them to make popcorn and store it in a container. The farmer's wife put the corn in a container that had a little water in the bottom and then sealed it. When she opened it the next day, all the corn was soaked and had to be cooked all over again.
The second man went on by himself and came to a house where a sick man and his wife lived. He asked the sick man what was wrong with him. The sick man said, ""I do not know. I was well yesterday, but today I am sick."" The man from Egulac then gave the sick man some corn and said, ""Maybe this will make you feel better."" The sick man ate the corn and immediately felt better.
The two men met up with each other again and went to a village of Nanuktung where they spent the night. In the morning, they went to a house where a young woman and her mother-in-law lived. The young woman was married to a man who was a hunter, but he had gone away a long time ago and had never returned. The old woman gave them some tea, and as they were drinking it, the young woman said, ""I know where there is a good hunting ground. Maybe your friends will find game there and make us some money."" The old woman gave them directions, and after they had left, she said to herself, ""I wish I could go with them. Then I would not have to stay here alone with only my daughter-in-law for company.""
They went to the hunting ground as directed and found a herd of car",1.0610944623637075
Universe,7,0.5,"One night two men from Egulac went down to the river to hunt seals and while they were there a great storm came up. The storm was so violent that it overturned their canoe and they were unable to return to their village on the north shore of the river. They drifted far out to sea, and after many days they were rescued by a passing fishing boat and brought to the village of Kupa'a on the south shore of the river. The chief of this village was overjoyed to see them because they were two of his sons. 
They told how they had gone down to the river to hunt seals, had been overturned by the storm, and had been rescued by a fishing boat. The chief wanted to know why his sons had been out in the boat by themselves when he had told them never to go out on the river alone. One of the sons said, ""We went out alone because we were men."" 
The chief then told them that from now on they were to be called Kupa'a, which means ""men."" From this the name Kupa'a passed to their descendants, the people of the village, and then to their descendants, the people of the whole area. 
Thus the name Kupa'a, which originally meant ""men,"" came to be applied to the people even though most of them had no ancestor in the original two men. 
The people of Kupa'a were known throughout the area for their Skilak, a ritual feast of thanksgiving for a successful hunt. In the old days they would kill a whale or a large number of seals and birds, and everyone in the village would share in the feast. 
One year, however, a powerful chief from a nearby village threatened to kill the people of Kupa'a and take over their village. 
So the people of Kupa'a decided to hide their food supplies and avoid",1.0642272208020431
Universe,8,0.5,"One night two men from Egulac went down to the river for a swim. They were Egush and Eylak, friends since childhood. They swam and they talked and they swam some more. The sun had set and the moon had risen and they were still in the water. Suddenly a noise like a gunshot rang out. They looked up and saw that the moon had fallen out of the sky and was coming their way. They swam to the bank and looked around. There was no sign of the moon on the water, but they could see the reflection of the full moon on the opposite bank. They were facing south, and behind them to the north was the dark shape of the mountain.
They were afraid and didn't know what to do. They couldn't swim back across the river in the dark. They couldn't go around the mountain to the north, and they couldn't go up the mountain to the west. The only other possibility was to go east through the forest. They could see the trees as dark shapes against the moonlit sky. They could hear the animals moving in the forest. They were scared, and they decided to go back to the safety of their village. They swam back across the river, and they were out of the water and running through the forest before the moon fell out of the sky for the second time. They were shaking and sweating as they ran. They didn't look back. They didn't stop running until they were safely hidden in the bushes just outside their village.
They were wet and cold, and they were shaking from their head to their feet. They had left their clothes behind in their haste to escape. They huddled together under a tree, and they began to shiver uncontrollably. They were naked and afraid, and they didn't know what had caused the moon to fall from the sky. They only knew that they were in danger and that they needed to find a way to get back to the safety of their village",0.916676421474361
Universe,9,0.5,"One night two men from Egulac went down to the river for a swim. They were Egush and Egan. They were playing and swimming and talking. A great flood came and swept them away. They were drowned. Their bodies were carried up the river and they were buried in the place where the river came together and formed a lake. The people of Egulac were very sad. They missed their two young men. They searched for them along the river and along the lake. They looked for them day and night. They were sad and worried. Finally after many days they found them. They pulled them out of the water and took them home. They were happy to have their two young men back. They were happy to have their heroes back. They were heroes because they had fought the flood and swam across the river during the flood to get to higher ground. They were heroes because they saved the people of Egulac from the flood. 

There are many versions of the legend of the Two Men of Egulac. This is one version. The events and the people in this version may be different in other versions. This version is from the Ojibwa/Chippewa people. The Two Men of Egulac are also important in the culture of some other Native American tribes. The story is retold again and again with differences in the details. The essential elements are the same: the flood, the two men, the search, the finding, the burial, and the happiness of the people.

Source:
Lac du Flambeau Band of Lake Superior Chippewa Indians. Oral History Project. Volume II. Madeline Williams, Project Director. University of Wisconsin Press, 1976. Page 133.

Copyright:
This work is copyrighted. It may be accessed on the Internet at http://www.intertribal.org/en/texts/two_men_of_egulac.html 
The",0.9494822672483316
Universe,10,0.5,"One night two men from Egulac went down to the river to hunt seals and while they were there it became foggy and calm. Then they heard war-cries, and they thought: ""Maybe this is a war-party"". They escaped to the shore, and hid behind a log. Now canoes came up, and they heard the noise of paddles, and saw one canoe coming up to the bank. And they thought: ""Maybe this is a war-party"". But no, it was only a man and a woman who had been fishing. They were not from Egulac but from another village. The man said to the woman: ""Do you know what those war-cries mean?"" ""Yes,"" said the woman, ""they mean that the Egulac men are going to attack the village.""

Now the man thought: ""If I pretend to be asleep, perhaps they will kill me, but if I pretend to be awake, perhaps they will dance and go away."" So he pretended to be asleep. But the woman said: ""Do you know the Egulac dance?"" ""No,"" said the man. ""Do you know the Egulac war-cries?"" ""No,"" said the man. ""Do you know the Egulac weapons?"" ""No."" ""Then how can you fight the Egulac?"" ""We will fight them with our canoes,"" said the woman. ""But we shall not fight them with our weapons, for theirs are very terrible."" ""What are their weapons?"" ""Guns,"" said the woman. ""And what happened (in detail)? [/INST] The answer is: The man thought: ""If I pretend to be asleep, perhaps they will kill me, but if I pretend to be awake, perhaps they will dance and go away."" So he pretended to be asleep. But the woman said: ""Do you know the Egulac dance?"" ""No,"" said the man. ""Do you know the Egulac war",1.0878213977726883
Universe,11,0.5,"One night two men from Egulac went down to the river for a swim. They were Egush and Eganada. They were very strong swimmers and they raced each other across the river. They were very evenly matched and it was a draw. As they got out of the river, a great flood came and swept them back into the river. They struggled in the torrent, and finally Egush got out on the other side. Eganada was swept downstream and disappeared. 
In the morning they searched for Eganada, but they did not find him. They searched all day, but he was gone. Egush felt very sad about this. He went to the river's edge and was thinking about Eganada. Just then he saw Eganada's body floating down the river. He was caught in a snag and could not move. Egush jumped in and pushed him to shore. He was very glad that he had saved his friend. 
Then they saw a man on the horizon running towards them. They went down to the river's edge and saw that it was a spirit. The spirit told them that they were the only two men in the world and that they would die in three days unless they could find a way to save themselves. They thought for a long time and then Egush said, ""We will make a canoe and sail across the river of death."" 
They worked very hard to make a canoe and when it was finished they got in and pushed themselves away from the shore. They were afraid at first because the water was full of snakes and alligators, but they were not attacked. They rowed across the river and saw a beautiful city on the other side. They had saved themselves. 
They went into the city and saw that it was a very beautiful place. They saw a beautiful young woman standing in the doorway of a house. They went up to her and asked her why she was crying. She told them that she was weaving",0.91546648402079
Universe,12,0.5,"One night two men from Egulac went down to the river vulture feeding grounds near the village. The younger man was Egulac's son. The elder man was his father. They heard a strange noise. The younger man suggested that they try to catch some vultures for their village. The elder man warned him that it was too dangerous to catch the vultures because the vultures feed on the souls of the dead. The younger man insisted that he could catch a vulture and he caught one. Just as he was thinking of roasting the vulture, the vulture transformed into a beautiful young woman. The elder man explained to his son that this was the spirit of a young woman who had died recently. The woman explained to them that she had been gathering flowers near the river when a flood came and swept her away. Her body was carried far out to sea and eaten by the vultures. Now she was stuck in this form between the worlds of the living and the dead. She could not go back to her village because of the shame of having been eaten by the vultures. She suggested that they go back to the place where she died. The young man wanted to roast the vulture on the spot where the young woman had died. The elder man warned him that they must leave immediately. As they were leaving, the young woman said that they were making her late for her appointment with her lover. The young man wanted to know who her lover was. The elder man said that it was the Sun. 
They went back to the village and the young man roasted the vulture. While they were eating, a thunderstorm came up. The young man was frightened. The elder man explained to his son that the thunder was the sound of the Sun crying. He told his son that they must always remember that the Sun is a living thing and cries for the death of the young woman. The young man said that he was sorry for what had happened and promised to take care of the young woman's",0.9222009028313952
Universe,13,0.5,"One night two men from Egulac went down to the river for a swim. They were Egush and Egan. They were playing and swimming and laughing and jumping from the boat into the water. Then they saw a light over the water. They swam to it and found a canoe with a woman in it. The woman was Nootka. She had a baby. She was crying. They asked her what was wrong. She said that her baby was sick. One of the men, Egush, took the baby. The woman reached out and slapped the other man, Egan, across the face. What happened (in detail)? [/INST] One night two men from Egulac went down to the river for a swim. They were Egush and Egan. They were playing and swimming and laughing and jumping from the boat into the water. As they swam toward the middle of the river, they saw a light over the water. They swam to it and found a canoe with a woman and a baby in it. The woman was Nootka. She had given birth that very night. She was covered in blood. One of the men, Egush, took the baby. The woman reached out and slapped the other man, Egan, across the face. She said, ""You are not the one I married. You are not the one who should see my baby first."" The men argued about who she married. She said, ""You both know who it was."" They looked at each other and then they looked at the baby. The baby looked like each of them. They knew then that they were brothers. They took the canoe to the shore and the woman and her two brothers carried the baby to the house of one of them. That night two men from Egulac learned that a baby can look like both of its parents and that a woman's cry for help can come from the heart.

One night two men from Egulac went down to the river for a swim.",0.9566610802337278
Universe,14,0.5,"One night two men from Egulac went down to the river for a swim. They were Egush and Eyash, young men of great strength and endurance. As they swam in the quiet water, a monster came up behind them and seized Egush by the leg. Egush struggled and fought the monster, but the monster was too strong. Egush was drowned. Eyash saw this and swam to the shore, where he found a canoe and a harpoon. He rigged the harpoon to a line and went back to the place where Egush was taken. He harpooned the monster, but it was too dark to see what it was. They struggled for a long time, and Eyash was almost drowned. Finally he managed to climb onto the monster's back and reach its head. He grabbed its nose and squeezed its eyes shut. The monster opened its mouth to breathe and Eyash stuck his thumb in its right eye. The monster let go of Egush, who swam to the shore and was helped into the canoe by Eyash. They rowed to a place where there was a village. They told the people what had happened and the people said Eyash was brave. But Egush said, ""It was not bravery that made Eyash a hero. It was his strength and his endurance.""

[/INST] The story appears to be missing some elements. The narrative starts with ""One night two men from Egulac"" but then jumps to introducing the characters Egush and Eyash. It's not clear where Egulac is or why the two men came to the river. The monster comes out of nowhere and the story jumps from Egush being drowned to Eyash harpooning the monster without any description of the monster or the events in between. The story also ends abruptly with Eyash and Egush returning to a village without any mention of what happened next. Because of these missing elements, it",1.0107329018112081
Universe,15,0.5,"One night two men from Egulac went down to the river for a swim. One of them was Chontel and the other was his friend. As they swam across the river, the current took them out to the middle of the channel, and Chontel's friend disappeared. Chontel searched for his friend along the shore but he could not find him. 
In the morning they looked for his friend again, and they saw a cypress tree growing on an island in the middle of the river. His friend was hanging from the branches of the cypress tree, dead. Chontel took his friend's body and wrapped it in clay, and they carried it back to Egulac and placed it in a canoe. They carried the canoe to the place where the Egulac river flows into the sea, and they pushed the canoe out to sea. As they were pushing the canoe out to sea, a wind came up, and they could not go any farther. They rowed back to the place where the Egulac river flows into the sea, and they saw a dolphin leaping in the water. They threw the clay-wrapped body into the water, and the dolphin pushed the canoe back to the shore. 
The men of Egulac were angry when they learned that Chontel had been swimming in the river at night. They threw rocks at Chontel, and they were going to kill him, but Chontel ran away to the forest. He lived in the forest for many years and learned many things. He learned about the stars and about the animals. He learned about the plants and about the winds. He learned about the sun and about the moon. He learned about the dreams and about the nightmares. He learned about the laughter and about the tears. He learned about the wisdom and about the foolishness. He learned about the beauty and about the ugly. He learned about the love and about the hate. He learned about the giving and",1.0405222538504453
Universe,16,0.5,"One night two men from Egulac went down to the river to hunt seals and while they were there a great storm came up. They built a shelter for themselves near the water and sat down to rest. Just as they were sitting down a spirit came and spoke to them.
The spirit said, ""My grandson, why are you here? You are not from here. Your home is far away. Why are you here?""
One of the men spoke up and said, ""We are here because of the game. We are here to catch seals. We make our living from the water. We are Tlingit. We are here because of the water. We are not from your land. We are from the land of the water. We are here because of the fish. We are here because of the shellfish. We are here because of the birds. We are here because of the animals. We are here because of the trees. We are here because of the wind. We are here because of the rain. We are here because of the snow. We are here because of the mountains. We are here because of the glaciers. We are here because of the rivers. We are here because of the lakes. We are here because of the streams. We are here because of the marshes. We are here because of the estuaries. We are here because of the islands. We are here because of the bay. We are here because of the coves. We are here because of the inlets. We are here because of the peninsulas. We are here because of the promontories. We are here because of the capes. We are here because of the bays. We are here because of the islands. We are here because of the reefs. We are here because of the banks. We are here because of the shoals. We are here because of the sunken rocks. We are here because of the whirlpools. We are here because of the tid",1.0621782294741025
Universe,17,0.5,"The answer is: , a Comanche tribe, stole two horses from a band of Yuma Indians. When the Yuma discovered the theft, they pursued the Comanche, who were camped near a hill later known as Quanah Hill. The Comanche chief, thinking that the Yuma were after them, prepared to fight. But the Yuma, when they reached the Comanche camp, found that the Comanche had fled. The Yuma then discovered that the two stolen horses had been hidden by the Comanche on Quanah Hill. The Yuma tried to climb the hill to get the horses, but the Comanche had placed bets on whether the Yuma could climb the hill, and the horses were gone. The Comanche had won the bets, and the horses were traded or sold to other tribes.
The hill, which was rich in clay, was later used by the Comanche for making pots and dishes. It was also a landmark used by travelers on the Goodnight-Loving Trail. Quanah Hill was the scene of the first shot in the Battle of Quanah Park during the Indian Wars. The hill was also the site of a United States Army cavalry post, Camp Lowry, from 1869 to 1871.

Source
Encyclopedia of the American West, Volume 2 
Page 1038
ISBN 0-19-506646-9 

The Night Two Men from Egulac...
Two men from the Comanche tribe, believing themselves to be on the trail of a Yuma band, stole two horses from the Yuma near Gila Bend, Arizona. Pursued by the Yuma, the Comanche fled to a hill later known as Quanah Hill, near present-day Tonapah, Nevada. The Yuma discovered the ruse and then climbed the hill to retrieve the horses. The Comanche, thinking the Yuma were",1.0929294198534605
Universe,18,0.5,"One night two men from Egulac went down to the river to hunt seals and while they were there they heard the crying of a young woman. They went to the source of the crying and found a canoe stuck in a mudbar. In the canoe was a woman, Iztani, her brother, and her mother. They had been trapped there for two days. The men helped them back to the safety of the village. As reward for their help, Iztani's mother made the two men a meal of seal meat. After they had eaten, the men went outside to look at the stars. Iztani's brother pulled out a map of the stars and began to explain the story of the stars to the men. He told them that the stars were the children of the Earth Maker and that they had been placed there to give light to the people. The men listened to him and learned from him.  Then they returned to their own village.

Source:
Kroeber, A. L. (1974). The Story of the Stars. In S. E. Robinson & W. S. Robinson (Eds.), Native American myths: From the Atlantic to the Pacific (pp. 353–362). New York: Doubleday.

Alternate version:
According to a version of the story told in California, the two men were hunting near the village when they heard a woman crying. They went towards the sound and found a canoe stuck in the mud with three people inside. The people in the canoe had been trapped there for two days. The two men helped them back to the village. As payment for their help, the woman's brother gave the two men a bag of seeds. The woman's mother made the men a meal of fresh fish and bread. After they had eaten, the men went outside to look at the stars. The woman's brother pulled out a map of the stars and began to explain the story",0.7816073815265334
Universe,19,0.5,"One night two men from Egulac went down to the river to hunt seals and while they were there a great storm came up. They built a shelter for themselves and were able to survive the storm. The next day they decided to try and find their way home. They were able to find their way to the Egulac village and were welcomed by the Egulac people. However, the people of Egulac were at war with the people of a neighboring village and the villagers of Egulac feared that the people of the neighboring village would be angry with them for harboring the two men. So, they decided to send the two men back to their own village. The men had been at Egulac long enough that they were considered honorary Egulac people and were given gifts and sent on their way.

An analysis:
The source of this myth is a Dene Nadleh Whudjek story, as the author, George Nickolai, explains in the introduction. The story has some similarities with other Native American myths, such as the one about two boys and a flood in Algonquin mythology. The story also shows some Christian influence, such as the use of the phrase ""sacred spirit"" and the belief that people were sent to Earth by God. However, the story also shows a rejection of European culture, such as the Egulac people's decision to send the two men back to their own village rather than keep them captive.

Characters:
The two men from Egulac
The Egulac people
The people of the neighboring village

Settings:
By the river
Egulac village

Themes:
Storm and survival
Hospitality and gratitude
War and conflict

Text:
Source: Nickolai, George. ""One Night Two Men."" In Stories from the Heart of the Land, vol. 1, 139-147. Vancouver: First",0.9536267334575002
Universe,20,0.5,"One night two men from Egulac went down to the river for a swim. The younger man was preparing to dive into the water when the older man warned him that it was too late; the full moon was up and the water would be cold. The younger man laughed and said that he did not believe in superstitions. As they entered the water, a large fish leapt from the river, splashing them both. The younger man was stung by a jellyfish and contracted a fever. Believing that the illness was caused by the break of a superstition, the older man spent days nursing his friend back to health. When the younger man recovered, the older man told him that they would go down to the river again the following night, and this time he would dive into the water first. The younger man agreed, and as they approached the river the next night, the older man told his friend to wait for him at the edge of the water. As the older man was diving into the river, a large fish leapt from the water and seized him in its mouth. The younger man watched as his friend struggled and called for help, but there was no one there to hear him. As the sun rose, the fish released the older man, and he swam to the bank as best he could. Exhausted and weak, he was unable to climb out of the water, and he knew that his friend would not be able to help him. The older man was convinced that the only chance of saving himself was to swim across the river to the safety of the opposite bank. But, he could not see where the other side was. He looked up and saw a loon flying toward him. He wished that he could fly like the loon. As he struggled to reach the other side, a canoe passed by. The man in the canoe saw the older man and offered to help him, and they reached the other side safely. The older man was very grateful and told his friend, ""I am glad",0.9516367197826908
Universe,21,0.5,"One night two men from Egulac went down to the river for a swim. They were Egush and Eyash, friends of the Iroquois, but they were Hurons. They were naked, and they were dancing and laughing. A great flood came and swept them away. Their bodies were found the next day, and the Iroquois said that the flood was caused by the anger of the gods. What happened (in detail)? [/INST] One night two men from Egulac went down to the river for a swim. They were Egush and Eyash, friends of the Iroquois, but they were Hurons. They were naked, and they were dancing and laughing. A great flood came and swept them away. Their bodies were found the next day, and the Iroquois said that the flood was caused by the anger of the gods.
The Hurons believed that the god Napi had two sons, who were born at the same time and were just as powerful. One son was named Egush and the other Eyash. These two sons of Napi were mischievous and often played tricks on their father. One day Napi decided to test his sons. He called to them, ""Sons, come and see how I make the sun rise."" The sons raced to their father and stood before him. Napi said, ""Son Egush, you will make the sun rise."" He gave Egush a bundle of sweet grass and a clay pipe. ""Son Eyash, you will make the moon rise."" He gave Eyash a bundle of sweet grass and a clay pipe.
The boys started to walk toward the west, where the sun was setting. Egush said to his brother, ""I think our father made a mistake. He said I would make the sun rise, but look, it is setting."" Just as they reached the place where the sun sets, a cloud came over the sun and it rained. The rain grew heav",0.967521430150612
Universe,22,0.5,"One night two men from Egulac went down to the river to hunt seals and while they were there it became foggy and calm. Then they heard war-cries, and they thought: ""Maybe this is a war-party"". But they knew that the sound was too far away for it to be a war-party, and they were right. It was a ceremony to make a baby. They watched them, and presently they heard a little laugh, and then they knew that it was a woman. They crept closer, and then they saw one man lifting up the flap of a kinsman's canoe, and the other man pushing the canoe with a pole. And they knew that one of them was the father and the other the mother. And they watched the two canoes, and presently the one that was the mother's canoe turned over and nearly capsized, and the man and woman fell in and nearly drowned. Then the man fixed his canoe again and they went on, and presently the other canoe turned over and nearly capsized, and the man and woman fell in and nearly drowned. Then they went on again, and presently the man stood up in his canoe and shot a seal, and the woman took the bow and arrows and shot a seal also. Then they went on again, and presently the man turned around and was facing north, and the woman was facing south, and they were drifting toward a place where there were many houses, and they knew that this was where the people came from, and they were Egulac people. And they knew that the man was Egulac, and the woman was Egulac, and that they were married people, and that the child was born that night.

Source:
Kroeber, A. (1968). The Native Races of California. Berkeley: University of California Press. p. 232.

Discussion:
This story is one",1.0994967435886962
Universe,23,0.5,"One night two men from Egulac went out hunting, and when they had gone a good way they saw a light in the distance. They approached it and found that it was coming from a house where a feast was in progress. The two men had never been in an English house before, and they were much impressed by the number of dishes that were set out, and by the great variety of articles that were displayed on the shelves and the walls. One of the men, whose name was Froun, said to the other, ""What does this mean? Why is there a house here with so many dishes, and why are there so many articles? What does it all mean?"" And the other man, whose name was Kroun, said to Froun, ""This is a house of healing. In this house the people make the sick well again. That is why there are so many dishes, and that is why there are so many articles. The people who live here, they make the sick well again."" And Froun said, ""How is it that you know all this?"" And Kroun said, ""I have been here before."" 

Source:
Anonyme, One Night Two Men. In: Joseph Brugge, William A. Burns, and Frank G. Harrod, eds. Tell-Tale Terms: A New English Dictionary of Idioms and Their Origins. Chicago: Encyclopædia Britannica (1971), p. 470.

Notes:
The story is a variant of At the sign of the golden ball.

References:
Brugge, Joseph; Burns, William A.; Harrod, Frank G. (1971). Tell-Tale Terms: A New English Dictionary of Idioms and Their Origins. Chicago: Encyclopædia Britannica. pp. 469–470. ISBN 816",0.8773001456118668
Universe,24,0.5,"One night two men from Egulac went out to hunt; they passed through a village of the Wish-to-Work-Hard people. The chief of the village invited them to eat and drink, and they accepted his invitation. While they were eating, a messenger came to the chief and told him that the enemy was attacking their neighbors. The chief finished his meal, then gave each of the two men a gun and some cartridges, and sent them to fight the enemy.

They traveled all night, and when morning came they saw that the sun was rising. They had left the village just as the attack began, and now they saw that the enemy had taken over the village. The two men ran toward the village just as the fighting ended. A man came out of a house and asked them who they were. They told him they were friends of the chief of the other village. The man said, ""I will not kill you, but you must work hard for me."" They worked all day building houses and making weapons.

At night, just as they were finishing their work, a rocket was launched. It had a message for the men, and it said, ""Tomorrow we will attack the village where the chief lives.""

The men knew that they could not stay there now. They went to the village where the chief lived, and they found that it was also under attack. The enemy had cannons, and they used their rockets on the village. Many people were killed or wounded.

The two men fought bravely, and they killed many of the enemy. But soon the enemy had taken over the village, and the two men were the only ones left. They fought until the enemy had used up all their ammunition. Then the two men ran away, and they did not stop running until they were across the border into their own country.

They were very tired, and they knew that they could rest now. They found a place where they could hide, and they rested",0.9290451229001888
Universe,25,0.5,"One night two men from Egulac went down to the river for a swim. They were Egush and Eylak, they were the best of friends, they were inseparable. They swam far out, talked and laughed, and then suddenly the water around them grew cold. Very cold. They got out at once and dried themselves on the sand, and then they heard a voice calling them. It was an old Kaium, calling from the other side of the river.
""Why do you come here to the river at night?"" he asked them. ""We come to watch the stars,"" they told him. ""But you will see more stars if you come during the day.""
""No,"" said the other. ""At night the stars are closer.""
""Do you see? They are closer because we are closer to them. In the day they are far away. In the day we are far away. At night we are close to them. At night we are close to the stars. At night all things are close to us.""
""That is true,"" said Egush. ""At night everything is close to us.""
""Do you see? I have shown you. I have taught you. You are my friends. You are Egush and Eylak. You will go to the city and work in the copper mines. You will be paid in copper. You will make me copper pots. I will sell them and buy cloth. I will give you cloth. I will make you shirts. You will wear shirts. You will be strong. You will be healthy. You will work in the fields. You will grow corn. You will be happy.""
""That is true,"" said Eylak. ""At night everything is close to us.""
""Do you see? I have shown you. I have taught you. You are my friends. You are Egush and Eylak. You will go to the city and work in the brickyards. You will be paid in brick",0.7686488518458406
Universe,26,0.5,"One night two men from Egulac went down to the river for a swim. One of them was Dr. Webb, the other was his friend, Mr. Simpson. They were very strong swimmers and they raced each other across the river and back again. One of them made it to the opposite bank and was reaching out to help the other when they both saw a Native American canoe approaching. It was canoe full of women and children and they were coming over to the island for some reason. The two white men helped the Native Americans onto the island, and then the canoe capsized and was lost. 
There was a loud noise behind them and they turned around to see a Native American village on the horizon. The villagers had come down to the river to investigate the commotion and found the two white men helping their women and children onto the island. The villagers had thought the two white men were spirits because they had come down to the river in the middle of the night. The white men were invited to visit the village and they accepted.
They spent the night in the village and in the morning the villagers gave them some food and gifts, and sent them on their way. The two white men were very happy and grateful for their adventure and for the new friends they had made. From then on, they would often visit the village and bring gifts for the women and children.
One night two men from Egulac went down to the river for a swim. It was Dr. Webb and Mr. Simpson again. They raced each other across the river and back again. This time, however, things were different. The water was rough and the current was strong. Dr. Webb made it across the river but Mr. Simpson was struggling. He was fighting the current and calling for his friend to help him. Dr. Webb was torn between going back to help his friend or continuing on to the safety of the other side.
He was worried that if he stopped to help his friend",1.0623798320432618
Universe,27,0.5,"One night two men from Egulac went down to the river for a swim. The younger man went first and as he was coming out of the water a crocodile grabbed him and dragged him back into the river. The elder man saw this happen and went to the assistance of his companion. The crocodile opened its jaws to take the second man, but the elder man threw a stone which hit the crocodile's eye. The crocodile let go of the younger man, and they both went home. The next night, the two men went down to the river for a swim again. The same crocodile appeared and grabbed the elder man. As the crocodile was taking the elder man back into the river, the younger man threw a stone at the crocodile's eye. This time, however, the stone hit the elder man's eye. The crocodile let go of the elder man, and the two men went home again. The next morning the elder man was expected to go to the village of Nungapitjara to trade goods with the women. As he was walking to Nungapitjara he saw a group of women sitting by a tree. One of the women, named Karinjuku, was carrying a baby. The elder man asked Karinjuku where the younger man was. She told him that he had gone to the village of Mangatjara to trade goods with the women there. The elder man continued on to Nungapitjara and traded goods with the women. Afterwards he returned home. The women of Egulac did not see the younger man for a long time. They thought he was dead, so they painted their bodies with clay and feathers and danced around the camp, crying. The younger man appeared suddenly, covered in clay and feathers, and joined in the dance. The women were very happy to see him again. They painted his body with clay and feathers and gave him a new name,",0.942457661863946
Universe,28,0.5,"One night two men from Egulac went down to the river for a swim. They were Egush and Egnush, they were Lengaic, and they were friends. They waded into the water and swam a little way out, and then they heard a noise. They looked up and saw, floating on the water, a canoe with two men in it. They were Egush and Egnush, they were Lengaic, and they were friends. The men in the canoe were Sahgah and Sahgon, and they were Lengaic, but they were not friends of Egush and Egnush. Sahgah and Sahgon were very strong swimmers, and they soon caught up to the other two men, and then they were not friends any longer. They swam a little way down the river and then Sahgon said he was tired and wanted to rest. Sahgah said he would swim the canoe to the shore and then he would attack Egush and Egnush when they were asleep. But he could not get the canoe to shore without making noise, and he knew that the Egush and Egnush were listening for noise. They were Lengaic, and they were friends, and they were not going to let anyone attack them. So they swam to the shore and hid their canoe in the bushes. Then they swam back out to where Sahgah and Sahgon were, and they attacked them. They swam around Sahgah and Sahgon, hitting them with their hands, and then they pushed them back into the river, and they were drowned. 
They swam back to their own canoe, and they were very happy. They were Egush and Egnush, they were Lengaic, and they were friends. They swam down the river to where it emptied into the sea, and they were happy because they were safe. But they",1.0754632477465516
Universe,29,0.5,"One night two men from Egulac went out hunting, and as they were walking along the edge of a cliff, one of them lost his footing and fell over the edge. The other man went down on his knees beside him, and when he had made sure that his friend was dead, he picked up his rifle and started to walk home. But after he had gone a few steps, he heard a noise behind him. He turned around and saw his dead friend rising from the ground, and behind him was another figure, a man dressed in black. The man in red pulled out his hunting knife and threw it at the man in black, but the knife went through his hand and into his friend's chest. The man in red fell to the ground in shock and pain, and the man in black came up to him and whispered something in his ear. Then he reached down and pulled the other man's hand off the hilt of the knife, and the red-clad man fell dead.
The two men had been best friends, and when they had set out hunting that day, they had made a pact that whichever of them killed a bear first would smoke a pipe of peace and share his kill with the other. They had gone their separate ways, and after a while the man in red killed a bear, but instead of sharing it with his friend, he decided to save it all for himself. The man in black had followed behind, and when the first man had fallen, he had taken all the meat from the bear and left his friend with nothing. The man in red had died with a look of bitter anger on his face, and the man in black had come back to the place where they had fallen, hoping to find some berries or something to eat, when he saw the other man rise from the ground.
The man in black had been a trapper and had many furs, and the man in red had been a farmer and had only one cow. But the man in black had always wanted more",1.0045369672194826
Universe,30,0.5,"One night two men from Egulac went out hunting, and when they had gone a little way they saw a light in the distance. They approached it and found that it was coming from a house where a feast was in progress. The two men had never been in an English house before, and they were much impressed by the number of dishes that were set out, and by the manner in which the English people ate their food. They had never seen plates and knives and forks before, and they did not know how to use them.
They watched the people at the feast, and after a while one of the Egulac men spoke to the English people. He said: ""We are men of Egulac. We want to learn how to hunt like you. Will you teach us?""
The English people said: ""We are very glad to see you, and we will be glad to teach you. But first you must promise to give up your superstitions and your magical practices, and to live as we do.""
The two men from Egulac said: ""We will do as you say. We will give up our superstitions and our magical practices, and we will live as you do.""
Then the two men began to learn the English way of life. They learned to hunt in the English way, and they learned to eat their food with plates, knives, and forks.
But the two men were not content merely to learn themselves. They wanted to bring the benefits of the English way of life to their own people. So they went back to Egulac and told the people there all that they had learned.
The people of Egulac were very interested. They wanted to learn the English way of life too. So they sent two of their young men to the place where the two first men had learned. The two young men studied hard and soon they were ready to go back to Egulac and teach their people what they had learned.
But the people of Egulac were",1.011864111726114
Universe,31,0.5,"The answer is: , a Comanche tribe, were hunting wolves along the Red River. They separated their hunt when one of them, having found a wolf's track, followed it alone. The other man, not having seen the track, caught up to his companion after daybreak, and they traveled together until they saw a large wolf pack approaching. They hid, and from their hiding place saw the wolves kill a buffalo calf. The wolf pack then began to howl, and the two men began to argue about whether or not the wolves were howling at the moon or at the sun. They argued for some time, until a wolf came up to their hiding place, looked at them, and then joined the pack's howl. The men concluded that the wolves were howling at the moon, and they returned to their village. When they told their tribe the story, the Egulac decided that the two men were arguing over nothing and that the wolves were actually howling at the sun.

Overview
The story of the two men from Egulac is a Comanche creation myth that explains the origin of the moon. It is a part of the larger mythology of the Plains Indians, in which the moon is either a man or a woman who left the earth in a canoe that turned into the moon. The myths about the moon are accompanied by stories about the creation of the sun, the stars, and the planets. These celestial bodies were created when the earth was young and the Comanche people were just beginning to learn about the natural world.
The two men from Egulac are important Comanche heroes, much like the hero of another well-known Comanche myth, the myth of the creation of the sun. Both stories help to establish the mythological history of the Comanche people. The two men from Egulac also demonstrate the importance of the Comanche tribe's belief in the power of argument. The ability to argue effectively is a valuable skill in a Com",0.9018309398993349
Universe,32,0.5,"One night two men from Egulac went down to the river for a swim. They were Egush and Eylak, friends since childhood. They swam and they laughed and they enjoyed themselves. They were young and strong and healthy. They were Yukon men. They swam and they laughed and they enjoyed themselves. They were young and strong and healthy. They were Yukon men. And then, as they swam, they saw it. A great red glow in the sky. They swam to the shore and they looked. And there, in the darkness, they saw it. A woman, standing at the edge of the water, looking out across the river. She was naked. She was beautiful. They had never seen her before. And they wanted her. They swam to the place where she stood and they called to her. But she did not come to them. She stood there, looking out across the water, and they could see that she was crying. And then they saw it. A canoe, coming across the river. It was coming straight for them. And they knew that it was her husband. And they knew that he saw them. And they knew that he was coming to kill them.

This story is one of the most famous tales of the Yukon. What happened (in detail)? [/INST] The answer is: It was written in 1929 by Canadian author Rudyard Kipling, who lived in the Yukon for a time during his childhood. It was first published in The Saturday Evening Post on December 29, 1929, and January 5, 1930, under the title ""The Night Game."" It was later collected in Kipling's 1932 book, Extraordinary Popular Delights. The story was illustrated by American artist W. A. Phelps, who used a photograph of Kipling as the model for the character of Egush.
Notes
Sources
Ki",0.9573211994494475
Universe,33,0.5,"One night two men from Egulac went down to the river to hunt seals and while they were there a Great Flood came and swept them away. One of the men was Pua Kumuna and the other was Hua Kumuna. They were swept out to the middle of the water and there they saw a light. They swam toward the light and found that it came from a hole in the ice. They crawled through the hole into the warm, dry world above and found themselves in a land where everything was new and wonderful. They saw many things that they had never seen before, and they were very happy.
They saw a path made by two straight lines and they followed it. They came to a village where there were many houses made of clay. The people were very kind and they gave the two men food and clothes. The men felt very warm and comfortable. They saw a path made by two straight lines and they followed it. They came to a village where there were many houses made of clay. The people were very kind and they gave the two men food and clothes. The men felt very warm and comfortable.
They asked the people where they were and they were told that they were in a place called ""Heaven."" The men felt very happy and they spent the night there. In the morning they went outside and saw a beautiful landscape. They saw many animals that they had never seen before. They saw a path made by two straight lines and they followed it. They came to a village where there were many houses made of clay. The people were very kind and they gave the two men food and clothes. The men felt very happy and they spent the night there.
In the morning they went outside and saw a beautiful landscape. They saw many animals that they had never seen before. They saw a path made by two straight lines and they followed it. They came to a village where there were many houses made of clay. The people were very kind and they gave the two men food and clothes. The men felt very happy and they",0.9896623638816932
Universe,34,0.5,"One night two men from Egulac went down to the river for a swim. They were Egush and Eseeses, young men of the tribe. They swam and they swam and they swam. Finally they were exhausted and they went back to their village. And they were very happy because they had discovered something. What happened (in detail)? [/INST] One night two men from Egulac went down to the river for a swim. They were Egush and Eseeses, young men of the tribe. They swam and they swam and they swam. Finally they were exhausted and they went back to their village. And they were very happy because they had discovered something. What had they discovered? They had discovered that the moon was red.

Source:
Anonymous, ""One Night Two Men from Egulac,"" in Joseph Brugger, ed., Oregon Folklore: A State History (Portland: Oregon Historical Society, 1954), pp. 267-268.

Background:
This story is one of the most widely distributed of all North American Indian tales. It has been collected from tribes throughout the Pacific Northwest and inland along the major river systems. Its origin is probably in the interior of British Columbia or along the lower Fraser River. The tale has two parts. In the first part, the two men discover the red moon. In the second part, the rest of the tribe discovers the red moon and begins to prepare for war. The two men must convince the tribe not to go to war, and they do so by reciting a story about a tree and a bird.

The tree and the bird:
In the second part of the tale, the two men use a story about a tree and a bird to persuade their tribe not to go to war. Here is how the story goes:

There was a tree and there was a bird. The bird was perched on the tree. The tree",0.8693379304349329
Universe,35,0.5,"One night two men from Egulac went down to the river for a swim. They were Egush and Eseuch, young and strong and very stupid. They lived in a village where no one had ever dared to swim in the river, for no one knew what might happen. But they were young and foolish, and they swam far out into the river, where the water was deep and dark.

They were out in the middle of the river, quite away from the village, when a monster came up from the deep water and tore one of the young men in half. The other young man was terrified and did not dare to move. He just lay there in the water and watched as the monster tore the rest of the body of his friend and ate it up. Then the monster came up to the other young man and was going to pull him under the water, but he was too heavy for the monster to lift.
So the young man opened his mouth and let the monster pull him under the water. When they were quite far out in the river the young man came to the surface and swam back to the village. He was all alone, for his friend had been swallowed up completely.
When he got to the village he did not dare to go to the huts and tell the people what had happened. He just sat down by the river and cried.
Then a canoe came up to the place where the young man was sitting. Nootka the Fearless was in the canoe. He had seen the young man cry, and he had come to ask what was wrong. The young man told Nootka how he and his friend had swum out in the river and how the monster had come and torn his friend in half and eaten him up.
Nootka said: ""That is a very strange thing. I wonder what it means. I think I will go down to the river and look for the monster.""
So Nootka the Fearless went down to the river and",1.0317367819262233
Universe,36,0.5,"One night two men from Egulac went down to the river to hunt seals and while they were there it became foggy and calm. Then they heard war-cries, and they thought: ""Maybe this is a war-party"". They escaped to the shore, and hid behind a log. Now canoes came up, and they heard the noise of weapons. They were afraid, and they thought: ""Maybe this is a war-party of the people of Egulac."" They were quiet, and they hid. But after a while the noise ceased, and they came out. They saw canoes, and they saw their own people coming back from the war-party. They were glad, and they went on board the canoes, and they went home. And when they landed at their town they saw a man  standing on the shore, and he was crying. And they said: ""What makes the man cry in such a strange way?"" And they went up to him, and they embraced him, and they kissed him, and they said: ""Tell us, what makes the man cry in such a strange way?"" And he said: ""Because I have lost my clan. Look, these are the bones of my clan. Look, these are the bones of my clan."" And they were crying very loudly. And they said: ""Tell us, what happened?"" And he said: ""We went out to hunt seals and we were quarreling about the distribution of the meat, and we separated. And we met these people face to face. And we fought. And after we had fought and killed each other, I was the only one who survived."" Then they were quiet, and they went home, and they did not cry. But when they reached home they cried, and they said: ""He is right: we are lost."" 

Source:
Karo, George (1977). ""Story of a Massacre"". In Quinn, Melville (ed.). Traditions of the Native",1.1120191370558468
Universe,37,0.5,"One night two men from Egulac went out hunting, and when they had gone a little way they saw a woman sitting in the middle of a circle of firelight. She was throwing chips of wood into the fire, and every chip she threw in, she would say, ""One chip, one shot, one wound, one death."" The two men watched her for a long time, and then they went back to their camp and told the other men what they had seen.
They went out and saw her again the next night, and the same thing happened. And the third night, they saw her again. This time, the youngest man said, ""We can't let her keep talking like that. We must try to save her."" So he took his gun and shot her, and when they got up in the morning they found that there were two dead men lying beside the woman's body.
They knew that the bullets they had used were made of lead, and that the woman had said, ""One chip, one shot, one wound, one death."" They knew that they were responsible for her death, and they felt very sorry about it. And from that time on, they never hunted in that place again.
This story is a variation of the one I told in my book ""Lost Knowledge of the Voynich."" The Voynich manuscript is a 15th century document from Eastern Europe that is written in an unknown script. One of the many mysteries of the Voynich is the meaning of the word ""Horae"" - which is the subject of this story. Some people believe that the word means ""pleasure""; others believe that it means ""healing""; and others believe that it means ""death."" The context of the word ""Horae"" in this story seems to suggest the latter interpretation.

Source:
Wood, Robert, ed. ""One Night Two Men from Egulac."" In: Folklore of Northern California, volume",1.0256462788424636
Universe,38,0.5,"One night two men from Egulac went down to the river for a swim. The younger man was diving and swimming around, and the older man was sitting on a log and watching him. After a while the younger man came over to the log and sat down next to the older man. They both watched the full moon rising in the sky.
After a while the younger man got up and went to the water and was washing his hair in the moonlight. The older man was startled by a rustling in the bushes and turned around. There he saw a bear coming toward him. He reached for his stick, and just as he was going to strike the bear, the bear knocked the stick out of his hand and knocked him down. The bear then went after the younger man, who was able to get away and climb a tree.
The older man was lying on the ground and was watching the bear going after his younger companion. He was feeling sorry for himself when a thought occurred to him. He could climb up a tree and be safe, but what about his younger companion? He couldn't leave him there to be eaten by the bear. So he got up and was going toward the water to try to swim to the other side, but the bear saw him and came over to the water. The older man got into the water and was swimming away from the bear, and the bear was following him.
Just as the older man was about to be eaten, he jumped onto an island in the middle of the water. The bear was able to swim to the island, and the older man was trapped. The bear knocked him down and was going to eat him. Just as the bear was about to eat the older man, a flood came and washed the bear away. The older man was wet and cold, and he sat down and shook the water out of his hair. He was feeling sorry for himself when he saw a stick floating in the water. He grabbed it and was poking the bear with it. The bear came over to",0.9581202900354252
Universe,39,0.5,"The answer is: , a comedic short story by Mark Twain, first appeared in print in Harper's Magazine in December 1902 and January 1903, and was published in book form with some revisions in 1904.  It is one of the most popular of Twain's works, and has been frequently adapted for the stage and film.  The story follows two hunters, Jake Eburne and Nathan B. Foster, who become lost in the woods while pursuing a deer.  When they come across a cabin, they enter and find a beautiful young woman, Mary Ellen Foster, who is accompanied by a crippled boy, Ralph.  Ralph is able to communicate only through writing, and it eventually emerges that he is mute.  Mary Ellen cooks the hunters a meal, and they spend the night in the cabin.  In the morning, the hunters set out to continue their hunt, and accidentally shoot and kill Mary Ellen's beloved cow.  When they discover that there is no road back to the cabin, they agree to leave Ralph with Mary Ellen and return to the town of Temescah to report the death of the cow and to try to find a road leading back to the cabin.  Upon reaching Temescah, the hunters learn that there has been a law passed that all mute persons must be given the opportunity to vote.  Ralph is of voting age, and therefore the town must provide him with a ballot and a box in which to deposit it.  The story ends with the observation that ""there wasn't a dry eye in the house.""

Publication history
""One Night Two Men"" is one of several works by Twain that were first published in periodical form before being collected in book form.  The story originally appeared in print in Harper's Magazine in December 1902 and January 1903.  It was included as the lead story in Twain's",1.0892075171744549
Universe,40,0.5,"One night two men from Egulac went down to the river for a swim. They were very strong swimmers and they raced each other across the river and back again. One of them, however, was a trickster and he thought to himself, ""I will drown my rival and then he will never be able to race with me again."" So he swam to the middle of the river and pushed his rival beneath the water, but he himself was a poor swimmer and he could not make it to the shore. He was caught in the undertow and he was drowned. His body was found the next morning by the search party. The other man was overjoyed to find that his rival was dead and he was the only one who could swim to the shore. He was hailed as a hero by the Egulac people. But one night, as he was sleeping, he was awakened by the cry of a loon. He looked out of his window and saw, standing in the river, his rival. The man was still dead, but he was able to come to the shore because the water was frozen. The man with the canoe was overjoyed to find that his rival was not as strong a swimmer as he was. He knocked his rival into the water and then he pushed him beneath the water, where he drowned him for the second time. The man with the canoe was arrested and charged with murder. As he was being taken away in handcuffs, he thought to himself, ""I will tell the judge the story of the two men from Egulac and how I killed my rival."" 

This story is a variation of the myth ""How the Hero Twins Became Stars."" Do you have any idea where this story originated? [/INST] The story appears to be of Native American origin, but the specific version told here is not widely available online. The version I have is from a book called ""Myths and Legends of Alaska,"" which",1.045733007422837
Universe,41,0.5,"The answer is: (a tribe of Native Americans) were arguing over a game of sticks. One of the men was holding a pipe of peace. The other had a club. They argued over who would get the spoils of a recent buffalo hunt. Soon the stick game devolved into a physical fight. In the course of the fight, the man with the club grabbed the pipe from his opponent and killed him with it.
The next day the tribal chief announced that he was going to make a visit to a neighboring village. All the men of Egulac were to accompany him. The women and children were to stay at the village. After the chief and his men had left, a rumble of thunder was heard. The women and children looked up and saw a black cloud rising from the direction of the men's village. They knew at once what it meant. The rumble of thunder was the premonition of a war party.
The black cloud grew larger and larger, and presently a number of warriors appeared on the horizon. They were the avenging party from the village of Egulac. They had come to take vengeance on the tribe which had murdered one of their men. The women and children of the tribe began to run. Some ran to the village of Egulac, but the avenging party had already captured all the men and were taking them away to be tried for murder.
The women and children were left alone in the village. They were hungry and frightened. Then they heard the sound of canoes. It was the tribal chief and his men returning from their visit to the neighboring village. They had left the avenging party to take care of the murderers. The chief and his men had come back to take the women and children to a place of safety. They told them that the avenging party would come back soon and take them away to the country of the Crows, where they would be safe.
The women and children of the tribe were taken away",0.9724650625255831
Universe,42,0.5,"One night two men from Egulac went down to the river for a swim. The younger man was preparing to dive into the water when the older man warned him that it was too dark to see where they were going and that they might be killed by a man-eating monster living in the river.
The younger man laughed at his friend's superstition and dived into the river. As he was swimming, he felt a nudge on his leg. He stood up and was immediately knocked down by a large rock. He looked around and saw that there was a path leading to a cabin in the woods. He decided to follow the path to the cabin and was startled by a barking dog. He entered the cabin and saw that there was a fire burning in the fireplace, a pot of stew on the table, and a knife on the counter.
He sat down on the couch and warmed himself by the fire. As he was eating the stew, he heard a noise coming from the bedroom. He went into the bedroom and found a beautiful young woman lying in the bed. She looked at him and screamed. He apologized and explained to her that he was lost and had followed the path to her cabin.
The woman calmed down and invited him to stay for the night. He accepted her invitation and they spent the night talking and getting to know each other. In the morning, he started to leave, but the woman gave him a gift of a bag of gold coins. He thanked her and followed the path back to the river.
As he was walking along the path, he saw a native canoe heading toward him. In the canoe were his friend and another man. His friend was excited to see that it was his younger friend who had survived the monster in the river. The other man was angry and drew his knife, but the younger man explained to his friend that the beautiful woman had saved him from the monster and had given him a gift of gold.
The older man became very angry and",1.0234130237270276
Universe,43,0.5,"The answer is: \Goodman and Moody, respectively—go fishing. They catch only two fish, but they are very large ones, so they decide to take them to the chief's son's wedding feast the next day. As they are walking home, they pass by a canoe which is stuck in a marsh. The occupants ask them for help, but they refuse, and the canoe tips over and sinks. They continue on their way and nearly reach their village before they hear war whoops. They turn back and find that the canoe has been resuscitated, but the occupants are now armed and want revenge. A fight ensues in which one of the men from Egulac is killed, and the other man runs away. He reaches the wedding feast just as the war whoops are heard outside. The young chief gives chase, but the runner reaches the safety of a fortified village. The war party storms the village, killing many of its occupants and burning their houses. The runner's wife is captured, and he is forced to flee. He spends the rest of his life trying to seek revenge for the death of his people.
In the second story, a group of men from Egulac go fishing in a large canoe. They catch many fish and are celebrating their success when a thunderstorm comes up. They take shelter on an island, but the canoe tips over and sinks, and they are stranded. They try to swim to shore, but there is a strong current that carries them back out to sea. They are rescued by a passing ship and taken to a village on the coast. The villagers are surprised by the large number of fish the men have, and they offer to cook them all at once on a huge grill. While the fish are cooking, a thunderstorm comes up, and everyone takes shelter in a large house. A young woman is left outside to cook the sweet potatoes, but she is hit by lightning and",1.0327493369315393
Universe,44,0.5,"One night two men from Egulac went down to the river to hunt seals and while they were there in a canoe together the canoe capsized and one man was drowned and the other could not swim well and was drinking brandy and nearly drowned but he finally managed to get to shore and was saved. What happened (in detail)? [/INST] The answer is: The Egulac are a First Nations band of the Ojibwa people located in Ontario, Canada. They are situated north of Lake Huron and Lake Michigan on the Magdalena River and Lake Superior. The band is also known as the ""Lake Superior Ojibwa"". They speak Ojibwa, also known as Chippewa.

Source
""One Night Two Men from Egulac"" is a traditional Ojibwa story that has been passed down through the generations. The story is very similar to the legend of the ""Little Bear"" which is a story that has been shared by many Indigenous cultures and nations. The story has been interpreted as being about the importance of learning to swim.

References
External links
""One Night Two Men from Egulac"". First Nations Stories. Retrieved 2020-05-02.
""The Story of Little Bear"". Windspeaker.org. 2008-06-02. Archived from the original on 2016-03-03. Retrieved 2020-05-02. 
""Little Bear/Inini-Kad-Ji-Bi-Kad"". First Nations Storytelling.com. Archived from the original on 2012-07-17. Retrieved 2020-05-02. 
""One Night Two Men From Egulac"". Canadian Stories. Canadian Stories Inc. Archived from the original on",1.0213646750097467
Universe,45,0.5,"One night two men from Egulac went down to the river to hunt seals and while they were there it became foggy and calm. Then they heard war-cries, and they thought: ""Maybe this is a war-party"". But they knew that the sound was too far away for it to be a war-party, and they were right. It was a party of spirits. They saw a canoe approaching through the fog, and they thought: ""We will put on our war-paint and show ourselves ready for battle."" But they knew that they were dead, and they couldn't fight. Then they saw a canoe coming through the fog. It was loaded with spirits. The spirits saw the two men and said: ""Who are you?"" The men said: ""We are Egulac."" The spirits said: ""We come in peace. We bring a message from the other side."" The men said: ""What message?"" The spirits said: ""We say that all is lost. The world is lost. The spirits are lost. Everything is lost. But you can save it. You can save everything. You can save the world, you can save the spirits, you can save yourself. How? By doing what you know is right. By doing what is good. By doing what is just. By doing what is true. By doing what is beautiful. By doing what is fine. By doing what is admirable. By doing what is excellent. By doing what is beautiful. By doing what is fine. By doing what is admirable. By doing what is excellent. By doing what is beautiful. By doing what is fine. By doing what is admirable. By doing what is excellent. By doing what is beautiful. By doing what is fine. By doing what is admirable. By doing what is excellent."" 
They said: ""We say that all is lost. The world is lost. The spirits are lost. Everything is lost. But you can save it. You can save everything. You can",1.0658571287800567
Universe,46,0.5,"One night two men from Egulac went down to the river for a swim. One of them was a good swimmer and the other was not. They entered the river at the same time and the good swimmer immediately started to swim to the other side. The current was strong and it took him half an hour to reach the other side.
The second man was having difficulty and was struggling to keep afloat. He called out to his friend: ""Hiya! How are you doing that? I can't swim! I'm sinking! What are you doing? How are you getting over there so fast?""
""Just keep trying,"" called back the first man. ""You'll get there soon.""
""What is that thing floating towards you?"" asked the second man.
""That's an egret,"" called back the first man. ""It's a bird.""
""Ah! A bird! I wonder what that thing is!""
By the time the second man had swum half the width of the river, the egret had flown across the river and was now swimming towards the other side.
""What is that thing doing?"" asked the second man.
""That's an egret. It's a bird.""
""Ah! A bird! I wonder what that thing is!""
By the time the second man had swum half the width of the river again, the egret had flown across the river and was now swimming towards the original starting point.
""What is that thing doing?"" asked the second man.
""That's an egret. It's a bird.""
""Ah! A bird! I wonder what that thing is!""
By the time the second man had swum the length of the river, the egret had flown across the river and was now swimming towards the original starting point again.
""What is that thing doing?"" asked the second man.
""That's an egret. It's a bird",0.9996218590637564
Universe,47,0.5,"One night two men from Egulac went out hunting; they were Atas and Tisquantum, friends of long standing. They had gone a long distance from their village, and had built a shelter for themselves in a beautiful glade. But something had startled them while they were asleep, and they had woken up just as the sun was rising. They looked at each other in silence for a long moment, and then Tisquantum spoke.

""I believe,"" he said at last, ""that there are bears around here. We must move camp.""

""I believe,"" said Atas, ""that there are no bears. Let us stay here and hunt.""

But Tisquantum was not convinced. ""I think we had better leave,"" he said. ""I dreamt last night that a red object fell from the sky and landed beside a black object. I dreamt that a shadow passed over the sun, and that there were loud noises all around us. What do you think it meant?""

Atas considered this for a long moment. ""I think it meant,"" he said at last, ""that we are going to have a fine day.""

But Tisquantum was not reassured. ""I do not think so,"" he said. ""I think we had better leave this place and go back to the village.""

So they packed up their things and started for home. As they went along the shore of the lake, a flock of ducks rose up from the water and flew toward them. Atas raised his club as if to throw it, but Tisquantum grabbed his arm and pointed out across the water. There, on the far side, he said, he saw two men running. And behind them, he said, came another man on horseback. And beyond the man on horseback, he said, lay the village of Egulac.

At this, Atas laughed. ""You see,"" he said, ""how foolish",0.7394521109796404
Universe,48,0.5,"One night two men from Egulac went down to the river to hunt seals and while they were there it became foggy and calm. Then they heard war-cries, and they thought: ""Maybe this is a war-party"". But they knew that the sound was too far away for it to be a war-party, and they were right. It was a conference of war-parties. The two men started for home and they were attacked by the war-parties. One of the men was killed and the other was taken prisoner. He was put on a canoe and taken to Egulac where he was tortured and finally killed. 
They had been very careless to go down to the river to hunt seals in the fog, and they had been very foolish to go alone. As they had been foolhardy in going down to the river to hunt seals in the fog, so were the Thunder-birds when they attacked the two men. The Thunder-birds were foolhardy, and that was why they lost their two good warriors.
The loss of the two men was deeply felt by the tribe. The Thunder-birds were sorry for what had happened, and they were sorry that they had lost their two good friends. The tribe mourned the two dead men, and they mourned for a long time. At last the Thunder-birds said: ""We must do something for the dead men; we must give them names and make them war-parties."" 
So the two dead men were given names and made war-parties. And from that time on, whenever the Thunder-birds went out to fight, the two war-parties were with them, fighting bravely and well.
The names of the two dead men were kept in mind, and their names were spoken with respect. And the Thunder-birds, who had been their friends, became the friends of their spirits, and their guards and companions on the",1.080785053557153
Universe,49,0.5,"One night two men from Egulac went down to the river for a swim. They were very strong swimmers and they swam far out into the river. Suddenly, a monster crocodile appeared and one of the men grabbed his rifle and shot the crocodile in the jaw. The crocodile was so strong that it pulled both men under the water. The other man pulled his hunting knife and stabbed the crocodile in the heart. They struggled with the crocodile for about an hour before they finally managed to get back to the shore. The crocodile was too strong to be killed by either of them, but they finally managed to kill it by knocking it on the head with their rifle and knife.
They took the crocodile's hide back to their village and made many items out of it, such as clothes, shoes, and belts. They also made a canoe out of the crocodile's skin and used it to fish. The crocodile's teeth were made into ornaments and its claws were made into knife handles.
One night two men from Egulac went down to the river for a swim. They were very strong swimmers and they swam far out into the river. Suddenly, a monster crocodile appeared and one of the men grabbed his rifle and shot the crocodile in the jaw. The crocodile was so strong that it pulled both men under the water. The other man pulled his hunting knife and stabbed the crocodile in the heart. They struggled with the crocodile for about an hour before they finally managed to get back to the shore. The crocodile was too strong to be killed by either of them, but they finally managed to kill it by knocking it on the head with their rifle and knife.
They took the crocodile's hide back to their village and made many items out of it, such as clothes, shoes, and belts. They also made a canoe out of",1.0720361550286932
Universe,50,0.5,"One night two men from Egulac went down to the river to hunt seals and while they were there a great flood came and swept them away. One man climbed onto a bread box and held on for dear life. The other man swam for a long time before he finally reached the shore. When he got there he picked up a rock and began to dry himself. The rock was the head of a canoe which had been dug out and was lying there. He climbed in and began to paddle. He paddled for a long time until he saw a fire on the shore. He went there and found a canoe loaded with food and belongings. He ate what he wanted and then climbed back into his own canoe and pushed off from the shore. Just as he was leaving he heard a loud voice calling, ""Hey, you!"" He looked around and saw a man waving at him. He went back to the shore and found the man standing there in a raincoat. The man gave him a suit of clothes and a pair of shoes. He said, ""You can't go back in that canoe. It's going to rain. You'd better put on your clothes and shoes and go back the way you came."" The man thought for a moment and then he said, ""I'll go back the way I came."" And he started to paddle away. 
There was a storm with heavy rain. He paddled for a long time and then he saw a house. He went to the shore and looked inside. He saw a man inside the house. The man looked out and saw the man standing there. He said, ""Hey, you! What are you doing here? You can't come in here. You'd better go back where you came from. You're not welcome here."" The man thought for a moment and then he said, ""I'll go back the way I came."" And he started to paddle away.
He paddled for a",1.0892272188401009
Universe,51,0.5,"One night two men from Egulac went out to hunt a large game animal. While they were out, a thunderstorm came up, and they took shelter in a cedar arbor. After the storm passed, they decided to seek shelter again, and as they were looking for a place to stay, they came across a wiggwam where a woman was waiting for her husband. They asked her where her husband was, and she said that he had gone to the river to fish. They decided to stay in the wiggwam for the night, and in the morning they went to the place where the woman had said her husband had gone, and found him sitting by the river. They told him that they had been looking for a place to stay, and he invited them to spend the day with him. As night came on, the three men went to another cedar arbor to seek shelter.

There they met a fourth man, who was sorry to see that only three men were with him, and not four, as he had expected. The Egulac men told him that they had been with a woman, and he said that he had been with a woman, too, and that they might as well go on hunting together the next day. Then he said that he had heard the prophecy that a great flood was coming, and that they all had better start for the mountains immediately. They started for the mountains, and after a while the fourth man said that the prophecy was not true, and they could go back to their homes again.

But the rain came on, and after two days of rain and flooding, the water had risen so high that they could see nothing of the country around them. They were afraid, and the fourth man said that he knew a place where they could take refuge from the water. He was called Yellow Bear, and he was a very clever man. He could make fire even in the rain, and he made fire for them to dry their clothes and warm themselves",1.0155589472768523
Universe,52,0.5,"One night two men from Egulac went down to the river for a swim. They were Egush and Etlah, young and strong and very good swimmers they were, too. They called to each other across the water, laughing and joking. They were laughing and joking a little too long, though, and soon the sun was rising. They climbed out at the place where the Egulac River flows into the Great River and were amazed to see how much the world had changed in just one night. The sun had gone, of course, but much more had changed. The animals were all different, and the people, and even the river itself was darker and wider than it had been the night before. They asked each other what had happened, but they didn't know. They decided to go to the village and ask the elders. On the way they met another man, a canoe maker, and he told them that the world had changed because a new day had come. He said the world changes every day, some days it rains, some days it is windy, some days the sun is high in the sky, and some days it is hidden. But he said the most important thing was that they had survived another day and were strong and healthy. They arrived at the village and saw that everything was different. The people were different, the animals were different, even the plants were different. They asked the elders what had happened and the elders told them that they were living longer these days because the world had changed. Then they told them about the great flood that had taken place a long time ago. They said that the world had been covered by water and that everything had been lost. But they said that the people had survived and had built a new world. They said that this new world was better than the old one because they had learned from the flood. They had learned to live in harmony with the world and with each other. They had learned to respect the elders and to respect the animals and",0.858593030942773
Universe,53,0.5,"One night two men from Egulac went down to the river to hunt seals and while they were there it became foggy and calm. Then they heard war-cries, and they thought: ""Maybe this is a war-party."" But they knew that the sound was too far away for it to be a war-party, and they were right. It was a peace-party. The two canoes approached each other, and then the Egulac men saw that it was only a few boys in the canoe, and they knew that there was no danger. But the boys were excited and they began to shout, and then one of the Egulac men shouted back, and then the other. And so they began to fight, and they fought all night, and in the morning they were exhausted and lay down to rest. And when they awoke they saw that the sun was setting, and they knew that in two days it would be night again. And they said to each other: ""Let us make peace."" And they shook hands, and that was the beginning of the peace.

Source:
Francis Parkman, The Oregon Trail (Boston: Houghton Mifflin Company, 1928), pp. 176-177.

Notes:
This story is from the Klickitat Indians of Washington state. Parkman spells the name ""Egulac,"" but the ethnologist James G. Swanton spells it ""Egulatoo."" The story is essentially the same in both versions. Parkman's informant was Chief Simmamix.

References:
Bibliography
Parkman, Francis. The Oregon Trail. Boston: Houghton Mifflin Company, 1928.
Swanton, James G. ""Indian Legends of the Pacific Northwest."" University of Washington, 1927. Archives Division, Special Collections, University Libraries",1.0617381564874777
Universe,54,0.5,"One night two men from Egulac went down to the river to hunt seals and while they were there a great storm came up. They built a shelter for themselves on an island in the middle of the river, and when the storm had passed they found that their canoe had been carried away and that they were stuck on the island. They decided to build a new canoe, but before they could finish it another storm came up. They saved themselves by swimming to another island, where they took up residence. The two men had been enemies before the storm, but now they became friends, and worked together to make their new home on the island. 
They had been enemies because one of them had stolen the other's wife. But now, as they worked side by side, they found that they had more in common than they thought. They began to think of themselves as brothers, and when the sun rose they went out to the river's edge and looked across to the other island, where their old canoe was stuck high and dry. They spoke to each other in a friendly way, and then went back to their own island to continue building their new home. 
Over the next few days, the two men finished their new canoe, and soon they were able to go back to their old way of life, hunting seals and living on the river. But now they were friends, and they worked together well. They even decided to take a journey to visit the land of the dead, hoping to find the spirits of their ancestors. 
They made their preparations, and after many days of traveling, they reached the land of the dead. They were able to speak with the spirits of their ancestors, and they learned many important things. They learned that the gods were watching them all the time, and that they were concerned with every aspect of their lives. They learned that the gods were capricious, and could turn against them at any moment. They learned that the world was vast and mysterious, and that there were many things in",1.0255250803180156
Universe,55,0.5,"One night two men from Egulac went down to the river for a swim. The younger of the two was very athletic and could dive well. The older man could not dive so well. As they were undressing, the younger man said, ""Do you want to dive in first or shall I?"" The older man said, ""I'll go first.""
They entered the river and the younger man was immediately carried downstream by the current. The older man tried to grab him and bring him back, but he missed. The younger man was carried further and further away. The older man was getting tired and getting worried. He finally managed to grab a branch that was lying on the water and hung on to it. He called to his friend, ""Come back! Come back!""
The younger man finally got tired and was carried to a shallow part of the river. He stood up and was looking around for his friend. He called out, ""Where are you?"" He heard his friend's voice behind him. ""I'm here. I was just trying to find a place where the water is shallow enough for both of us to stand.""
They got out of the river and were getting dressed. The younger man said, ""You almost had me scared to death. I thought we were going to die together."" His friend said, ""What makes you think we almost died?"" The younger man said, ""Because we almost drowned."" His friend said, ""Oh, I thought we were just playing around.""
They got dressed and went back to their village. The younger man said to his friend, ""I'm glad we're not dead."" His friend said, ""Me too. I was just playing around.""
From that day on, the younger man didn't play around when his friend was in the water with him. From that day on, they were more careful not to take unnecessary risks. They were no longer young and carefree. They were men who had nearly died together.

One night two",1.0732699276804485
Universe,56,0.5,"One night two men from Egulac went down to the river to hunt seals and while they were there it became foggy and calm. Then they heard war-cries, and they thought: ""Maybe this is a war-party"". But they looked and saw that there were only two canoes, and they knew that those could not belong to any war-party, because war-parties never go out in canoes like that. And they thought: ""Maybe this is a dream of some kind"". But they were not dreaming.  It was only a little wind that was making the fog so thick. And they knew then how quiet it is when the sun goes down. Then they heard a rifle shot, and they knew that a war-party had come down to the river to hunt seals, and that the Egulac men must have gone away, or else they would not have let the war-party come down there. And they thought: ""We will hide up here on the land, and the war-party will not see us."" But the war-party saw them, and they thought: ""These must be Egulac men"". (This story is part of a cycle of stories told by the Ojibwa people of Lake Superior. The context of this story is the conflict between the Ojibwa and the Dakota in the 17th and 18th centuries. The story is told from the perspective of the Ojibwa, and it conveys their view of the Dakota as aggressive and warlike.)

Source:
Zeisler, Karl Paul (1975). ""One Night Two Men from Egulac Went Down to the River to Hunt Seals"". In Poole, Richard J; Peck, Virginia M (eds.). Ojibwa Lore: From the Collections of the National Museum of Natural History, Smithsonian Institution. Washington, D.C.: Smithsonian Institution. pp. 377–3",1.0610808894345818
Universe,57,0.5,"One night two men from Egulac went down to the river for a swim. One of them was Chontel and the other was his friend. As they swam across the river they saw a canoe approaching them. In the canoe were two women. One of the women was his aunt and the other was his cousin. They called out to the men, ""Come back, come back, you will die, you will die."" But the men did not listen to their warnings and continued to swim. Suddenly, a thunderstorm came up, and in the midst of the lightning and the thunder, the men saw a canoe capsize. They swam to the capsized canoe and found that all the passengers were drowned. The men were very frightened and did not know what to do. Then they remembered a sacred ritual their grandmother had told them about long ago. They went to the shore and began to draw designs in the sand with a stick. They repeated the chant their grandmother had told them. 
They sang the chant and drew the designs for three days and three nights. On the fourth day, at dawn, the sun rose red. That night, a canoe loaded with dead fish appeared on the horizon. The men knew that this was the canoe of the dead. They were very frightened, but they continued to sing the chant and draw the designs. After three days and three nights, the sun rose red again. The men knew that they had pleased the spirits of the water and the spirits of the dead. 
The two men returned to their village and told everyone what had happened. From then on, every year at that time, the two men and all the other villagers would make a canoe and load it with food and presents for the spirits of the water and the spirits of the dead. And every year, just before dawn on the fourth day, the sun would rise red.

Source:
Kroeber, Albert (1968). ""One Night Two Men from Egulac"". G",1.0097286686129485
Universe,58,0.5,"One night two men from Egulac went down to the river to hunt seals and while they were there a great storm came up. They built a shelter for themselves, but the storm continued for three days and three nights. After the storm subsided, they went back to their village. The sun rose the next morning to find that a mighty tree had fallen across the entrance to their village. They couldn't get out. There was a young boy, One-Foot, who lived with them. He was too young to remember the time before the storm. All the villagers were trapped. They were hungry and there was no water.
They decided to leave the village in search of food and water. They traveled for two days and at the end of the second day they came to a river. They followed the river downstream and came to a place where there was a bridge made of clay. One-Foot wanted to go across the bridge, but the older man said, ""We cannot go that way. The bridge is too dangerous."" They turned back, but as they were going back a great flood came and swept the bridge away. They had to stay there until the water went down. They were rescued by a canoe full of men who took them back to their village. The villagers were very happy to see them because they thought they were dead.
There was another storm and another flood. The village was flooded twice in one year. The villagers decided to move to a different place where they would be safe. They left in canoes and sailed across the sea to a place where there was a high island that nobody could flood. They settled there and built themselves houses.
But one day, as they were finishing their houses, a man came running up and said, ""My wife is having a baby and there is no midwife. Please come and help me."" The villagers dropped everything and went with him. They were too late, however, because the woman had already had the baby and was dying. The",1.0020957177661372
Universe,59,0.5,"One night two men from Egulac went down to the river for a swim. They were Egush and Ekol, friends and rivals at the same time. They swam and they swam, and then Egush said to Ekol: ""Let us go to the canoe and try to catch the night-haul."" Ekol said: ""I believe you are right."" They caught the canoe and started across the river, but when they were halfway over the water began to boil and bubble. Already they could see the fire through the trees. It was the village of the people called Lipan.
They had been canoeing for perhaps two hours when they heard a scream. A bullet whistled through the air and went buzzing into the water. One of the rivals, Egush, was hit and he cried out: ""I am hit! I am hit!"" The other, Ekol, took the canoe and went back to the lipan village, but he did not stop there. He went on to the place where the two roads meet, and from there he carried the canoe across the water and up the trail to the house where his wife lived. He left the canoe in front of the house and went inside to his wife. ""My brother is hit,"" he said. ""I have come to get the bullet and the arrow."" His wife took him by the hand and they went out to the canoe. She took an arrow from her quiver and gave him a bow. Then she pushed him out onto the water and he swam back to the lipan village.
Egush was now alone. He could see the village, but he could not swim across the water. He called out: ""I am Egush! I am hit! Help me across the water!"" The people said: ""Why should we help you? You have come to steal our fish."" Egush said: ""I have come to steal your women!"" Then all the women came down to the water and",1.0491984486198087
Universe,60,0.5,"The answer is: , a tribe of Woyengi people in the Niger River region of Nigeria, sat down to discuss the problems of their tribe. The first man spoke thus: ""It is a fact that our tribe has lost its strength. We have lost our land. We have lost our women. And now we are helpless.""
The second man replied: ""That is true. But what can we do about it? You know the saying: 'When it rains, some people get wet.'""
The first man thought for a moment and then spoke again: ""You are right. We cannot change the past. We can only change the future. And the future looks bright. For you see, there is a prophecy. A prophecy that says: 'When the sun rises in the morning, the world is new again.'""
The second man laughed. ""That is a silly prophecy. The sun has risen every day since the world began. Has it made the world new again? Has it changed anything? Look at us. We are still the same. We are still helpless.""
The first man stood up and spoke with passion in his voice: ""That is where you are wrong. For you see, I have a plan. A plan to make our tribe great again. A plan to give us back our strength. And I will not rest until it is accomplished.""
The second man looked at the first man with admiration in his eyes: ""I wish I had your fire. I wish I could believe in something. But I cannot. For I know that in the end, it is all for naught. A fool's game, that's what I call it. But if you believe in your plan, then who am I to argue?""
The first man smiled: ""That is the spirit. We will make our tribe great again. We will take back what was rightfully ours. And we will do it together.""
The second man stood up: ""I am with you.",0.8362704981343431
Universe,61,0.5,"One night two men from Egulac went out hunting, and when they had gone a good way they saw a light in the distance. They approached it and found that it was coming from a house, and that there was a woman there all by herself.
They asked her what happened, and she told them that her husband had gone hunting and had not returned. She gave them food and shelter for the night, and in the morning they set out to look for the husband. They went all day and did not find him, and in the evening they returned to the house. The woman asked them if they thought that he would come home that night, and they said that they did not think so. She then told them that she could make some clay dolls for them. As they waited for her to finish, they talked about her husband and learned that he had gone hunting many times before and had always returned the same day. They learned that he had gone hunting that day because a bear had been sighted in the area, and that many people had gone out to hunt it. They learned, too, that the Egulac men were very skilled hunters and that the women were very skilled at making clay dolls.
They waited until nightfall, and still there was no sign of the husband. The two men decided to go out and look for him again the next morning. As they were leaving the house, the woman gave them each a clay doll that she had made. ""Take these,"" she said, ""so that you will remember me."" They thanked her and went out into the rain.
They searched all day for the husband and finally, in the evening, they found him sitting by a stream. They approached him and asked him what had happened. He told them that he had been delayed by many things. They asked him if he knew that his wife was worried about him. He said that he did not know. They asked him if he knew that she had made two clay dolls for him. He said that he did not know",0.9660249017341463
Universe,62,0.5,"One night two men from Egulac went down to the river for a swim. They were Egush and Eganad, friends of the tribe of Wish-tan-tin, or ""Frog."" They were canoeists, famous throughout the land for their skill in the canoe. They had been out on the water very late, and when they finally landed at their village it was already dark. As they were landing a great light was seen in the sky. They were filled with fear and ran to their village. When they reached the village they saw that a great fire was burning, and everything was dark except the fire. They could hear the noise of many people talking at the same time. They could hear their chief, Wish-tan-tin, calling to them. They were filled with fear as they went toward the fire. They could see many strange things. They saw their women and children running about in a state of terror. They saw their houses burning. They saw their property destroyed. Then they heard a voice calling, ""Stop! Stop! Stop!""  Then all was quiet. The voice belonged to Nop-tunet, the spirit of the water. He had come to save the tribe. The Egush and Eganad were filled with joy. They had almost reached the end of their lives, and now they were going to die the death of warriors. They were going to die defending their village. They took their weapons and joined the fight. They fought bravely side by side. They fought until the break of dawn. Then the village was safe again. The women and children were gathered together in the middle of the village. The men were watching the sky. They saw a bird with a white tail and a black body flying in the sky. They knew that this was a good omen. They knew that they had won a victory. They went back to their houses and slept. In the morning they saw that the fire had been stopped at the village of Wish-tan-tin.",0.9907717112655683
Universe,63,0.5,"One night two men from Egulac went down to the river for a swim. They were Egush and Eylak, brothers by blood and name. They swam and they sang and they laughed and they dived under the water and came up again. They were Egush and Eylak, they were men of Egulac.
They swam and they sang and they laughed and they dived under the water and came up again. They were Egush and Eylak, they were men of Egulac.
They swam and they sang and they laughed and they dived under the water and came up choking and coughing. They were Egush and Eylak, they were men of Egulac.
They swam and they sang and they laughed and they dived under the water. They came up with a splash and cried out in pain. They were Egush and Eylak, they were men of Egulac.
They swam and they sang and they laughed and they dived under the water. They came up with a splash and cried out in pain. They were Egush and Eylak, they were men of Egulac, and they were dead.

Source:
W. W. E. S. (1998) ""One Night Two Men from Egulac"". In: The Big Book of Tongue Twisters. Toronto: McClelland and Stewart. ISBN 1-55105-548-8. Page 107.

Notes:
This poem is a tongue twister. The story is about two men from a native Canadian tribe who die after swimming in a river. The story itself is not important, what is important is the repetition of the phrase ""they were men of Egulac"". The twist in this tongue twister is the changing tone of the story; from a simple statement of fact to a tragic death.

In popular culture:",1.0521595287669512
Universe,64,0.5,"One night two men from Egulac went down to the river for a swim. They were Egush and Eyash, friends and rivals at the same time. They were rivals because they both loved a woman, and she loved them both. As they swam in the river they talked about their rivalry and their love. The woman, when she heard them talking, came down to the river and called them. They went to the shore and she gave them each a potion. She said, ""Use these potions wisely."" Then she went back to her village. The two men started to drink the potions, but they didn't know what they were. As they drank it, their bodies transformed into two bears. The woman had given them a potion that was a curse, a curse that would last until the end of time. From that moment on, every night the two bears would come down to the river for a swim. They would drink the cursed water and transform back into men, and then transform back into bears. They would live this way for all eternity. Every night the same routine would be repeated. The two bears would come down to the river for a swim, transform into men, drink from the cursed water, transform back into bears, and swim back to their den. They would live this way for all eternity. And so, every night, two men from Egulac came down to the river for a swim. They drank the cursed water, transformed into bears, and lived to swim another day. 

This story is a classic example of a curse narrative. The two men, Egush and Eyash, are cursed to live as bears every night. They are trapped in a cycle of transformation that they cannot escape. The curse is a form of magical punishment, a way for the woman to exercise control over the two men who were rivals. The curse narrative is also a way to explore the theme of identity. The two men, when they transform into bears,",0.9837870720443738
Universe,65,0.5,"One night two men from Egulac went down to the river for a swim. The younger man, who was a strong swimmer, went a little further out than the older man, who was a poor swimmer. The current carried the younger man a long way out into the river. The older man, who was a fisherman, used his fishing net to bring the younger man back to the shore. They both got out of the river and went home. The next night, the same two men went down to the river for a swim. The younger man went a little further out than the older man. The current carried the younger man a long way out into the river. The older man, who was a fisherman, used his fishing net to bring the younger man back to the shore. They both got out of the river and went home. The next night, the same two men went down to the river for a swim. The younger man went a little further out than the older man. The current carried the younger man a long way out into the river. The older man, who was a fisherman, used his fishing net to bring the younger man back to the shore. They both got out of the river and went home. The next night, the same two men went down to the river for a swim. The younger man went a little further out than the older man. The current carried the younger man a long way out into the river. The older man, who was a fisherman, used his fishing net to bring the younger man back to the shore. They both got out of the river and went home. The next night, the same two men went down to the river for a swim. The younger man went a little further out than the older man. The current carried the younger man a long way out into the river. The older man, who was a fisherman, used his fishing net to bring the younger man back to the shore. They both got out of the river and went home. The next night, the same two men",1.0356898286772727
Universe,66,0.5,"The answer is: , a Comanche tribe, stole two horses from a band of Kiowas. In retaliation, the Kiowas stole two horses from the Comanches. This started a feud between the two tribes that would last for decades.
One night two men from Egulac,
Were out hunting deer along the Colorado,
Two men from a Kiowa village,
Heard a noise and saw a pair of glowing eyes.

The Kiowas stole two horses from the Comanches,
As payback for the deer that the Comanches had taken.
The Comanches didn't like this one bit,
So they sent a war party out.

They killed five Kiowas, then they went home,
But the Kiowas didn't stay put.
They gathered up their people, all together as one,
And they set out to even the score.

The Kiowas attacked the Comanches,
Catching them by surprise.
The Comanches were ready this time,
With their arrows and their lances.

They fought all day, those two tribes,
Neither side gaining the upper hand.
The sun began to set, as the fight went on,
The Kiowas knew they couldn't let it drag on.

They retreated at last, leaving the Comanches in control,
But the Comanches didn't celebrate their victory too long.
For the Kiowas had taken their horses to the hills,
And from then on, the Comanches felt the thrill

Of chase and retreat, of attack and defense,
As the two tribes waged war for many years.
And so it was that the feud between the Comanches and the Kiowas,
Which had begun over a deer and two horses,

Raged on, until, tired of the endless strife,
The two tribes agreed to make peace.
And that is the",0.9837415242396271
Universe,67,0.5,"One night two men from Egulac went down to the river for a swim. They were Egush and Eylak. What happened (in detail)? [/INST] One night two men from Egulac went down to the river for a swim. They were Egush and Eylak. As they swam in the dark water the current swept them apart. When they surfaced after their swim they saw that one of them was covered in black paint from head to foot. The other man was completely covered with white paint. They couldn't see each other's face or tell which one was which. They shouted to each other in the darkness.
""Which one is which?"" called Egush.
""I'm the one with the black paint on my body,"" called Eylak.
""Oh, I see,"" said Egush. ""I'm the one with the white paint on my body.""
They swam back to their village and went to bed. In the morning they looked at each other and washed the paint off. Then they saw that one of them had a scar on his face. The other had a tattoo on his face. They realized that the paint had been covering the marks on their faces. From that day on they didn't swim in the dark waters of the river anymore.

Source:
Wood, Charles F., and Leo Wiener. ""One Night Two Men."" In American Indian Myths and Legends, vol. 1, 97-100. New York: Crown, 1981.

Note:
I've seen this story told with the two men covered in red and white paint instead of black and white. I've also seen it told with the men covered head-to-foot in paint, rather than just their bodies. And in some versions they don't realize their faces are painted differently, and instead paint each other's faces with the remaining paint from their bodies. But the basic plot is",1.024326782632322
Universe,68,0.5,"One night two men from Egulac went down to the river for a swim. The younger man, wanting to dive into the deep water, went in first. He was an excellent swimmer and could hold his breath for a long time under water. He dived in, and after he had been under water for a while, the older man went in and looked for him. He found him at last, and they both swam back to the shore. The younger man was tired and almost exhausted, and the older man was very worried about his younger companion. They got out of the water and sat down on the shore. The younger man was trembling and had difficulty in breathing. The older man took off his own shirt and wrapped it around the younger man, who was his son. They sat there, the father holding the son in his arms, until the younger man had recovered. Then they went home. 

What happened (in detail)? [/INST] The answer is: The next day the younger man felt much better, and they decided to swim again that evening. As they approached the river, they saw a man standing on the bank, obviously waiting for them. The younger man thought this was strange, but the older man said it was probably a friend of his. The man called out to them, ""I have some news for you. The Egulac tribe is going to war."" 

""What?"" said the older man. ""Who against?""

""The Kutolung tribe,"" said the messenger.

The younger man stood up and looked around. ""Where are they?"" he asked.

""They're just over the hill,"" said the messenger. ""You'd better get ready for battle.""

The younger man looked at his father, and his father nodded. They were both afraid, but they knew that they could not run away. They were Egulacs, and they had to fight for their tribe. The younger man took off his shirt and tied it around",0.9921620356051233
Universe,69,0.5,"One night two men from Egulac went down to the river for a swim. The younger man was a good swimmer and the older man was a poor swimmer. The younger man went out on the river and when he was about halfway across the river to the destination village, the older man called out to him ""I can't swim very well. Can you come back and help me?""
The younger man was annoyed by this because he was enjoying himself in the river and did not want to leave to help the older man. He called back to the older man ""I cannot come back now. You must help yourself.""
The older man tried to get across the river by himself but he failed and began to sink. He cried out for help. ""I am sinking! I am going to drown!""
The younger man was annoyed by this and cried back ""Why did you come out here without me? Now you are going to drown and I cannot help you.""
The older man did not cry out again. He sank beneath the water and was drowned. The younger man continued on to the destination village by himself.
When he arrived at the village he was met by the leader of the village. The leader asked him ""Where is your friend? Why did he not come with you?""
The younger man explained ""He could not swim very well and I was annoyed by him. I told him to help himself.""
The leader of the village called for a canoe and they went out on the river to the place where the older man had drowned. They recovered his body and they mourned his death. The leader of the village said ""You see what happens when we are annoyed by our friends? We must always help our friends even if we are annoyed. We must always be kind to our friends."" 
They returned to the village and the leader of the village spoke to the people of the village ""We must always help our friends even if they are poor swimmers. We must always",1.0813344961826494
Universe,70,0.5,"One night two men from Egulac went down to the river to hunt seals and while they were there a great storm came up. They built a shelter for themselves on an island in the river, and in the morning they found that a canoe had appeared beside their shelter. Inside the canoe they found a map of the country and a bag of seeds. They decided to plant the seeds in the place where they had built their shelter, and when they had planted them they found that a bird was chirping from the canoe. The bird was a magpie, and it chirped all day.
They decided to plant another crop of seeds, and as they were planting the second crop a man came out of the clouds and asked them why they were planting seeds. They told him that they were planting them for the magpie. The man said that that was very good. He asked them if they knew where the magpie's mother lived. They said that they did not know. He said that he would take them to see her.
They went with the man in his canoe to an island in the middle of the river. On the island lived a beautiful woman with a sun-breathing face and a water-breathing face. The magpie's mother was very happy to see her son. She invited the two men to stay for a meal. After the meal she gave them a bag of herbs and a clay pipe, and asked them to smoke the pipe and drink the water from the canoe whenever they were lost in the wilderness.
They thanked her and went back to their own village. From then on they always smoked the clay pipe and drank the water from the canoe when they were lost, and they were never lost again.
One day they were out sealing in their canoe and a storm came up. They took shelter on an island where there was a house built on the top of a cliff. A woman came out of the house and asked them",0.9913168031068793
Universe,71,0.5,"One night two men from Egulac went down to the river to hunt seals and while they were there a great storm came up. They built a shelter for themselves and waited until the storm was over. When they went out in the morning they found that their canoe had been taken away by the river and they could not get back to their village. They decided to build a new canoe and as they were putting it together the sun rose. They painted their new canoe red and called it ""The Sun."" 
They wanted to go to their village, but the river was very wide and full of dangerous rapids. They decided to sail their canoe to a place where a river came down from the mountains and then take their canoe up the smaller river to their village. They were afraid to go over the rapids in their canoe because it was not very good at navigating rough waters. So they waited until night to make the journey. While they were waiting a man came up to them and offered them some salmon. They refused his offer and he went away. 
As they were leaving the larger river to go up the smaller one, they saw a man standing on the bank of the river. He called out to them and said, ""What is that you are carrying on your back?"" One of the men said, ""It is a red canoe."" The man replied, ""That is not a canoe, that is a net."" 
They continued up the river and as they were approaching their village they saw a man standing at the end of a pier. They went up to him and asked him if he knew where the village council was taking place. He said he did not know anything about that but he could see that the men were arguing about something. 
They went on to the village and found the council taking place in the central house. The men were arguing about whether or not they should make war on a neighboring tribe. One man said, ""If we make war on our neighbors we will all be",0.9656728421150379
Universe,72,0.5,"One night two men from Egulac went down to the river for a swim. They were very strong swimmers and they swam out to the middle of the river and they started to swim across. They were almost across the river, just a few yards from the other side, when all of a sudden a monster crocodile came out of the water and grabbed one of the men and dragged him under the water. The other man was a very good swimmer and he managed to get back across the river to the safety of his village. He went back to where the crocodile had caught his friend and he saw that his friend was still trapped under the water. He called out to his friend and said ""I will try to save you."" He went back to the edge of the water and threw a stone across the river to the other side. He stood there and watched as his friend swam across the river to the other side. When his friend was safe on the other side, he climbed up on the bank and they both looked back across the river to where they had started to swim. They saw that the crocodile was still there, waiting for them to come back into the water. The two men knew that they would have to go around the crocodile and not swim across the river again. They went back to the village and told everyone what had happened. The village chief said, ""We must make a canoe and go back to the place where your friend was caught and kill that crocodile."" They made a canoe and went back to the place where the crocodile had caught his friend. They saw that the crocodile was lying in the sun on the bank of the river. They crept up on the crocodile and threw a stone at it. The crocodile jumped into the water and swam across the river to the other side. They saw that it was a very large crocodile and that it was covered with scars from many battles with other crocodiles. They knew that they",1.063242661086264
Universe,73,0.5,"One night two men from Egulac went down to the river to hunt seals and while they were there a great wind came up. They made their canoes fast to the shore and then they heard a noise like the noise of a man crying. One of the men said to the other: ""Let us go down to the water and look for the source of that noise."" As they approached the water they saw a man standing alone. They went up to him and asked him who he was and where his canoe was. The man said to them: ""My name is Thunder, I am the son of Night, and I live in the village of Souls. I have been coming here for many years to hunt seals with my father and my uncle. But now I am the only one who comes here. My father and my uncle have gone away to the land of the dead."" Then he showed them where his canoe was hidden in the bushes.
The two men said to Thunder: ""Why does your canoe lean to the left?"" Thunder said: ""That is because it is full of loons."" ""Why is it that you alone see this place?"" asked the two men. ""Because I am the only one who knows where it is."" ""We wish to learn from you,"" said the two men. ""First you must help us kill a seal,"" said Thunder.
They killed a seal and Thunder said: ""Now you may learn from me. Watch how I hunt seals. I make my canoe lean to the left so that the seal oil spills out and the seals come to the place where I left my canoe. Then I kill them with my harpoon.""
The two men said: ""We wish to learn more. What happens to the seals when they die?"" Thunder said: ""The seals go to the hole in the middle of the sky where the sun goes. Their voices change and they become the sun's servants. They draw the sun across the",1.0379852934865563
Universe,74,0.5,"One night two men from Egulac went down to the river to hunt seals and while they were there a great wind came up. The waves beat on the shore and the men were thrown upon the sand. One of the men looked up and saw a vision. He said, ""Soon all the world will be covered by water.""
They returned to their village and the chief said, ""I also saw a vision. I saw a world covered by water, and I also saw a man standing on a hill, holding a staff."" The men of the village decided to go in canoes to the place where the chief had seen his vision. They were afraid to go alone, so they took two canoes. In one canoe were the chief and his son, and in the other canoe were two other men. They rowed until they saw a hill as described by the chief, and they landed there.
As they were walking up the hill, the chief's son said, ""I see a vision. I see a man standing at the top of the hill, holding a staff, and I hear him saying something."" They climbed the hill and when they reached the top, they saw a man standing there. He was holding a staff, and at the tip of the staff there was a little ball.
The man said, ""You have come far. You have passed through many dangers. Now you are here. I have been waiting a long time. I am the master of this place. I am the king.""
The chief said, ""We have come to take possession of this place in the name of our village.""
The man said, ""You cannot take possession of it. I cannot give it to you. But you may look upon it. I am the master of this place, and I will go below the earth."" As he spoke, he threw the little ball away from him. Instantly the earth opened and swallowed him up.
The chief and his son returned to their village and told what had happened.",1.0622276193902547
Universe,75,0.5,"One night two men from Egulac went down to the river to hunt seals and while they were there it became foggy and calm. Then they heard war-cries, and they thought: ""Maybe this is a war-party"". But they knew that the sound was too far away for it to be a war-party, and they were right. It was a peace-party. The two canoes approached each other in the fog, and then they met, and it was a long time before they had seen each other. Then they exchanged gifts, and they talked about their children, and they said it was a long time since they had last seen each other. They were Kutenai, and they lived on the waters of the Columbia River, and this was a story about them.

There was a war-party going down the river, and the two men were in a canoe, and they were rowing for their lives. They were not Kutenai, they were Yankton, and they had stolen something from the Kutenai, and the Kutenai were after them. They had started a war, and the Yankton were running away. They had been running away for three days and three nights, and they were exhausted. They were cold and hungry, and they had not slept at all. They had stopped for a little rest, and while they were resting a canoe came alongside them. It was a Kutenai canoe, and there were five men in it. The Yankton were afraid, for they thought that the Kutenai were coming to attack them. But the Kutenai said: ""Don't be afraid. We are not going to attack you. We want to talk to you.""
There was another canoe alongside them, and in that canoe were five other Kutenai. The two men from the first canoe were very afraid, for they thought that they were surrounded. But the Kutenai said: ""Don't be afraid. We",1.0638054111256887
Universe,76,0.5,"One night two men from Egulac went down to the river to hunt seals and while they were there it became foggy and calm. Then they heard war-cries, and they thought: 'Maybe this is a war-party'. But they recognized the war-cries as those of the Kiowas, and they knew that the Kiowas were not their enemies, but their friends. And so they paddled quietly back to their camp on the edge of the river, where their canoes were safely hidden in the thicket of willows. For they were Egulac, and the Kiowas did not hate them, although they had taken their land away from them long ago. And the two men sat down to wait, and soon the red glow of a pipe was made visible through the fog, and a canoe came alongside theirs, and a Kiowa chief climbed into their canoe and spoke to them. And they listened to what he had to say, and they went on hunting seals with the Kiowas, and they lived on, as they had lived before, on the edge of the river.

This story is a traditional Native American tale that has been passed down through the generations. It is a story of friendship and survival. The two men in the story represent the Egulac people, and the Kiowa chief and his people represent the Kiowas. The story takes place in the fog along the edge of a river, and it shows how the Egulac people were able to maintain their way of life despite losing their land to the Kiowas. It is a story of how the Egulac people were able to survive by relying on their friendship with the Kiowas.
INSTEAD OF: One night two men from Egulac went down to the river to hunt seals and while they were there it became foggy and calm. Then they heard war-cries, and they thought: 'Maybe this is a war-party'. But they recognized the war",1.0786581201980447
Universe,77,0.5,"One night two men from Egulac went down to the river for a swim. They were Egush and Etotem, friends since childhood. They were down by the river, near the big willow tree, when something suddenly startled them. They turned, and there, standing on the bank, was a woman. She was dressed in the fashion of the Ajica, and she looked like a young, beautiful woman. But as they got closer to her, they saw that she was not a woman at all, but a spirit.

The spirit introduced herself as Mua, the daughter of the chief of the Ajica. She told them that she had come to Egulac because she had heard that the two boys were very good swimmers. She asked them if they would take her across the river to the island where the Ajica live.

The two boys agreed, and they swam their strongest strokes to the island. When they got there, they were greeted by the chief of the Ajica and his wife. The chief was overjoyed to see his daughter safe and sound, and he thanked Egush and Etotem for bringing her home.

Mua thanked the two boys as well, and she told them that she would repay their kindness. ""In the morning,"" she said, ""you will see a herd of wild sheep on the hill. You may not believe it, but if you can catch even one of those sheep, I will give you a gift that you will cherish forever.""

The two boys woke up early the next morning and went to the place where Mua had told them the sheep would be. Sure enough, there was a herd of wild sheep grazing on the hill. The two boys started after the sheep, but they soon realized that they could not catch them. No matter how fast they ran, the sheep always seemed to be one step ahead.

Just as the boys were giving up their chase, a thunderstorm",0.9817554238961869
Universe,78,0.5,"One night two men from Egulac went down to the river for a swim. They were Egush and Elof, they were the best of friends. They were out on the river, and they were having a great time. They were laughing and swimming and enjoying themselves.  What happened (in detail)? [/INST] The answer is: Then they saw a canoe, and in the canoe was a beautiful woman. The woman was Native American and she was very beautiful. The two men were taken with her, and they wanted to talk to her. So they swam over to the canoe, and they asked the woman if she knew where the fish were biting. The woman said, ""Fish are biting at the end of the river, where the water is deep and slow.""
One night two men from Egulac went down to the river for a swim. They were Egush and Elof, they were the best of friends. They were out on the river, and they were having a great time. They were laughing and swimming and enjoying themselves.  What happened (in detail)? [/INSTINST] The answer is: Then they saw a canoe, and in the canoe was a beautiful woman. The woman was Native American and she was very beautiful. The two men were taken with her, and they wanted to talk to her. So they swam over to the canoe, and they asked the woman if she knew where the fish were biting. The woman said, ""Fish are biting at the end of the river, where the water is deep and slow.""

The two men thanked the woman and then swam back to their side of the river. They talked for a long time, and they decided to build a fishing village at the place where the woman said the fish were biting. They spent the rest of the night making plans for their fishing village. They were very excited about building the village and starting a new life. They knew that they would need to",1.0540059717643457
Universe,79,0.5,"One night two men from Egulac went down to the river for a swim. They were Egush and Eganada. They were very strong swimmers and they raced each other across the river. They were very evenly matched and it was a draw. As they got out of the river onto the opposite bank, a bear came out of the woods and roared at them. They ran back into the river and swam back to their village. From then on they only raced each other in canoes. They were evenly matched there too, and it was a draw. One day a great storm came up. They were out in their canoe and it was capsized and they were washed down the river. They swam to the bank and climbed to the top of a hill. The canoe was turned upside down and they were trapped inside. They were rescued by the Egulac women, who had come to look for them. From then on they never raced each other in anything but canoes. 
They were very evenly matched in this sport too, and it was a draw. One day a scuffle broke out between them. They separated and went their different ways. Egush went to the east and Eganada went to the west. They were no longer friends, but they were evenly matched rivals. They met again at the annual canoe races. They raced each other every year, and it was a draw. 
One year Egush said to Eganada, ""Let us make a wager. Let us race to the sun and back. If you win, I will give you one hundred head of my best sheep. If I win, you must give me one hundred head of your best cattle."" 
Eganada said, ""That is a good bet. I will race you to the sun and back."" 
They started out, but after they had raced for a short while, a cloud came over the sun and they could see nothing. They",1.0239875021474416
Universe,80,0.5,"One night two men from Egulac went down to the river for a swim. The younger man was preparing to dive into the water when the older man warned him that it was too dark to see where they were going and that they might be killed by the Baboich. The younger man laughed at his warning and dived into the water. Suddenly, a shadowy figure appeared, grabbed the younger man, and dragged him under the water. The older man had seen this happen and called out for his friend. He called and called, but there was no answer. He swam to the place where his friend had been standing, but he could see no trace of him. He called some more, but the sound of his voice was swallowed up by the darkness. He felt around with his feet, trying to find something to help him, when suddenly he felt a grab on his ankle. He was pulled under the water, but he struggled and managed to break free. He swam as fast as he could toward the place where he thought the shore to be. As he neared what he hoped was land, he heard a faint cry for help. He swam toward the cry, and as he approached he saw a figure struggling in the water. He threw himself into the water and managed to pull his friend to the shore. They sat down together on the sandy beach, exhausted and frightened. The younger man shivered uncontrollably and coughed up water. The older man looked around for a stick to help his friend, and found one just where he had been standing when his friend disappeared. He poked the stick into the water, and a few minutes later a large eel slid onto the shore and slid back into the water. The two men watched as several other eels came to the shore, some small ones, some large ones, but all of them slippery and fast. The younger man shivered uncontrollably as he thought about the eels. The older man built a fire on the beach and they sat down",0.9342907149087669
Universe,81,0.5,"One night two men from Egulac went down to the river for a swim. They were Egush and Eylak, they were young and strong swimmers, and they liked to swim together. They had swum across the river to a sandbar that was halfway to the middle of the river, and they were swimming back again when the current pulled them under. They fought the current, but it was strong and they were tired, and soon they were underwater, and they could not see the shore. They swam toward the middle of the river, and there they saw a light. It was a full moon, rising over the river, and it made the water shine. They swam toward the light, and as they got closer they saw that it was a canoe, and three men were pushing it away from the shore. One of the men in the canoe called out to them, ""Come here! Come here!"" They swam closer, and the men in the canoe helped them into the canoe, and they went to the shore, where two more men were waiting. The men on the shore pulled the canoe ashore, and they all stood together for a while, looking out across the river. Then the men in the canoe started back across the river, and the men on the shore went back to their village, and the two men who had swum to the sandbar went to their village also. But Egush said to Eylak, ""We should go back across the river and see what is happening."" They went back to the sandbar, and they could see that the men in the canoe were loading it with clay pots, blankets, and kettles. They were Egush and Eylak's cousins. The men in the canoe were loading it so heavily that it was sagging in the middle, and it looked like it might sink. ""What is this?"" called out Egush. ""This is a canoe full of pots and blankets,""",0.9646306175712858
Universe,82,0.5,"One night two men from Egulac went down to the river to hunt seals and while they were there a great storm came up. They built a shelter for themselves and waited until the storm was over. When they went out in the morning they saw that the water had frozen over and they were surrounded by land. They could see where the river had been, but it was now completely frozen over. They tried to walk along the ice but they could not go very far without falling in. They saw a man on the opposite side of the river and called to him. He came over and told them that this had never happened before. He said that the Egulac men had always been able to go out on the river in their canoes and hunt seals. The two men were very hungry so the other man gave them some fish. He said that he could not give them all that he had caught because he wanted to take some home to his wife. The two men agreed to wait for the ice to melt before they tried to go back to their village. They spent two days waiting for the ice to melt and then started back for their village. As they came out onto the river they saw a big bear sitting on the shore. The bear stood up on its hind legs and began to dance. The two men were very frightened and tried to go back to the place where they had built their shelter. The bear came down to the water's edge and stood there looking at the two men. The two men were very scared and did not know what to do. Suddenly a canoe came down the river and the bear ran away. The men were very relieved and happy to see their friend. He told them that he had been out hunting seals when the storm came up. He had taken shelter on the opposite side of the river and had been able to get back to their village by walking along the ice. The three men spent the night telling stories and laughing. In the morning they started back for the village again. As they came out onto the river they saw",1.0662300175488773
Universe,83,0.5,"One night two men from Egulac went down to the river, not far from the canoe-landing place, and built a fire on the bank. They were quiet and peaceable men, and smoked their pipes in silence. After a while one of them looked up and saw something rising in the air, and they heard a noise like the beating of wings. They were filled with fear, and the man who had seen the rising object spoke first. What happened (in detail)? [/INST] One night two men from Egulac went down to the river, not far from the canoe-landing place, and built a fire on the bank. They were quiet and peaceable men, and smoked their pipes in silence. After a while one of them looked up and saw something rising in the air, and they heard a noise like the beating of wings. They were filled with fear, and the man who had seen the rising object spoke first.

""Do you see that?"" he said. ""Do you see it?""
""I see it,"" said the other. ""What is it?""
""I do not know,"" said the first. ""But I have seen it before. It is a long time since I saw it, but I remember well. We must be careful.""
""What do you mean?"" asked the other. ""What do you mean by 'we must be careful'?""
""I mean,"" said the first, ""that we must not stay here, but go up to the village at once.""
""Why should we go up to the village?""
""Because,"" said the other, ""the people there are our friends. And we must not leave them. We must protect them. We must stay with them.""
""What is it that we must protect them from?""
""From... from that,"" said the first, pointing upward. ""From those...""

The two men ran up to the village and told the people what had happened. The people looked up",0.9599562090696442
Universe,84,0.5,"One night two men from Egulac went down to the river for a swim. The younger man went first and as he was coming out of the water a crocodile grabbed him and dragged him back into the river. The older man saw this and went to save his companion. They struggled in the water and the crocodile attacked the older man as well. They fought for a while and the older man finally killed the crocodile, but not before it had bitten his leg. The two men eventually made it back to the shore and the younger man was taken to the village for medical attention. 
The older man was a famous warrior and hunter and had taken many scalps. He had fought in many battles and was covered in tattoos, including one covering his entire back which represented his greatest victory. The younger man was still a young boy when his entire family was killed by a rival tribe, and he had been raised by the older man as his own son. The older man had always told the younger man that he would one day take his place as a great warrior and hunter, but now that the younger man was of age, he had gone out on his own and been attacked by the crocodile. The older man thought to himself, ""I must be losing my power. I used to be able to protect everyone, now I can barely protect myself."" The younger man recovered from his wounds and the two men went out on a hunt. As they were walking through the forest the older man saw a vision. He saw himself covered in blood and feathers, a great eagle with a human head, standing on his shoulders. He saw himself as a boy, his entire family killed before his eyes, and he alone surviving. He saw himself as a young man, learning to hunt and fight from his mentor. He saw himself as an older man, covered in tattoos, a great warrior and hunter. He saw that no matter what he did, he could not change the fact that he was getting older and would one",1.0069133168554052
Universe,85,0.5,"One night two men from Egulac went down to the river for a swim. The younger man was preparing to dive into the water when the older man warned him that it was too dark to see where they were going and that they might be killed by a man-eating monster that lived in the river.
The younger man laughed at his friend's superstition and dived into the water. While he was swimming, he was suddenly grabbed by the monster and pulled under the water. His body was discovered the next day, and the older man was blamed for the death.
In fact, the younger man had dived into the river at the place where the monster lived, and had been killed by it. The older man, who knew of the monster's existence, had saved his friend's body from the monster and carried it to the shore. But the younger man's friends did not believe that he had been killed by a monster, and instead believed that his death was caused by the jealousy of the older man.
The older man was forced to leave the village. As he was leaving, he cursed the younger man's friends, saying: ""May you choke on the marrow of the fish you catch, and may your bodies be found floating on the water.""
The curse was forgotten, until one day a great storm swept through the village and killed many of the fishermen. The bodies of the dead fishermen were found floating on the water, and the villagers remembered the words of the older man and believed that he had caused the storm and the deaths of the fishermen.


== References == 
Sources cited in the text:
There is no identified source for this folklore.

Additional sources:
Further information on the topic can be found in:
Amanda W. Clark, ""One Night Two Men from Egulac"", Minerva, Volume 47, No. 4 (April 1996),",0.9798054010219752
Universe,86,0.5,"One night two men from Egulac went hunting; they were Atqua and Sahqua, and they had taken with them one young squirrel. As they were wandering about in the woods, they heard a noise like the beating of a drum. At first they thought that it was a drum, and that some people were playing at some sort of game. They thought this for a long time, until at last they came out into a large open space where there was a village. The two men had been hunting in the woods near Egulac, and this was the place where they had come out. They were very much astonished when they found that all the people in the village were dead, and that there was nobody there except themselves.

Then they remembered the prophecy that had been made long ago by the ancestors of the people who had lived there. They thought over it, and then they remembered other things; how the moon had been eclipsed, and how the sun had been obscured by a dark cloud passing over it. They thought over these things, and they were very much afraid. They began to run away, and they did not stop running until they had reached the river. Then they swam across the river to an island in the middle of it, and there they hid.

All night long, and all the next day, they heard the noise of people talking. They heard it all the time, and they were very much afraid. They thought that the people must be talking about them, and that they were going to be attacked. They were very much afraid, and they did not dare to look out into the open space again.

At last, after three days and three nights, the noise stopped. The two men were very much relieved, and they began to think that perhaps the prophecy had not been fulfilled, and that they might be able to go back to their own village. But they were wrong. One day, just as the sun was rising, there was",0.8405343951559783
Universe,87,0.5,"One night two men from Egulac went down to the river for a swim. They were Egush and Ekol, young and strong swimmers both. They went down to the water, and they swam and they laughed, and they enjoyed themselves. Suddenly a shadow fell across the water, and they ceased their laughing and their talking. They looked up and saw, hanging from a tree, was a man of clay, a white man. He was suspended from a tree by a rope made of human hair. One of the Egulac men, the stronger one, pulled himself under the man of clay and cut the hair in two with his knife. The other man of clay fell to the water and disappeared. The two Egulac men looked at one another, and they swam back to their village. The sun had risen over the hills and the trees were dry and the air was dry and the water was dry. They went into their village and they made a fire and they dried themselves and warmed themselves. And then they went into the house of the Chief and they told the Chief what had happened. The Chief looked at one of the Egulac men and he said, ""That was the spirit of the water."" The other Egulac man said, ""What happened to the spirit of the water?"" The Chief said, ""It went back to the water."" The Egulac men looked at one another and they went out of the house and they looked up at the sky and they saw the spirit of the water hanging down from the sky, and they knew that it was the work of the Chief. And from that day on, the Egulac men did not swim in the river any more. And the spirit of the water went back to the water and the trees were wet and the air was wet and the fire was wet and the people were wet and the Chief was pleased.

Source:
United States. National Park Service. National Mall and Monumental Tidal Basin Park. ""One Night Two",1.0379591656951328
Universe,88,0.5,"The answer is: , a village on the shores of Lake Superior, told their dreams to each other. In one dream, a man saw a boat filled with stars. In the other dream, a man saw a boat filled with people. Both dreams seemed strange, but the men soon realized that they were describing the same dream. The Kainai believe that dreams are messages from the spirit world, and this dream may have been a message about the creation of the universe.

Source
Encyclopedia of World Mythology and Legend: Asia, Africa, Europe, Australia, and the Americas by George Philip and Katherine R. L. Brown (2004)

The dream
One night two men from Egulac, a village on the shores of Lake Superior, told each other their dreams. In one dream the man saw a boat filled with stars. In the other dream the man saw a boat filled with people. They both thought this was strange and wondered if they had the same dream. They decided to try and find the source of the dream. They went down to the lake and saw a figure walking on the water. The figure came towards them and introduced himself as Nama. He said he had come from the land of the stars. He told them that he had come to save the world because it was sinking. He said that he had come to Egulac because the people there were good people. He asked them if they wanted to go with him to the land of the stars. The men said yes and they were taken to the land of the stars. They saw all the constellations they had learned about in their myths and stories. Nama told them that they were the first people to see the land of stars and that they would be the first people to come back and tell their people about it. He said that the people of Egulac were the only people he had met on this earth that were good and that they would be the people to save the earth and the",0.7752784097731399
Universe,89,0.5,"One night two men from Egulac went down to the river for a swim. They were Egush and Eylak. They were very strong swimmers and could dive down to the bottom of the river. They were also very fast over short distances. They were Egush and Eylak, the two swimmers. They were friends. They swam and swam, and then they heard a noise. They looked up and saw a canoe capsizing in the middle of the river. They swam over to it and found that it was full of gold. They divided the gold between them and then they heard another noise. They looked up and saw a train coming down the river. They swam to the bank and climbed up on the bank. Then they heard a noise behind them. They turned around and saw that it was their canoe capsizing in the middle of the river. They climbed back into it and swam to the middle of the river and dove down to the bottom and saw that there was a cave under the river. They swam inside the cave and saw a light. They swam toward the light and found a city built of gold. They explored the city and found that it was full of gold and precious stones. They tried to take some of the gold and jewels for themselves, but they were attacked by the guardians of the city and forced to leave. They swam back to their canoe and found that it was full of gold and jewels. They swam to the bank and counted their loot. They divided the gold and jewels between them and went their separate ways. From that day on, they were no longer friends. They were rivals. They both tried to hide their loot, but their greed got the best of them and they both died in the jungle searching for more wealth. The moral of the story is that greed can lead to your downfall.

One night two men from Egulac went down to the river for a swim. They were friends. They",0.9766601729284871
Universe,90,0.5,"One night two men from Egulac went down to the river for a swim. They were Egush and Eyash, friends and rivals at the same time. They swam and they swam, and then they saw something floating in the middle of the river. They swam over to it and found that it was a canoe with two men inside. The men in the canoe were Ngash and Nalash, also friends and rivals at the same time.
They greeted each other, and then Ngash said, ""Let us go fishing for eel."" So they all went fishing for eel, and after they had caught their eel, they began to quarrel about how to divide them. Ngash said, ""I will take the head and the back legs,"" and Eyash said, ""I will take the middle."" Ngash and Eyash are still arguing about this, and that is how the story ends.
From: Kwatsutsinuxw'um Teachings: As Told by George Clapp and Frank Scout, by George Clapp and Frank Scout

One night two men from Egulac went down to the river for a swim. They were Egush and Eyash, friends and rivals at the same time. They swam and they swam, and then they saw something floating in the middle of the river. They swam over to it and found that it was a canoe with two men inside. The men in the canoe were Ngash and Nalash, also friends and rivals at the same time.
They greeted each other, and then Ngash said, ""Let us go fishing for eel."" So they all went fishing for eel, and after they had caught their eel, they began to quarrel about how to divide them. Ngash said, ""I will take the head and the back legs,"" and Eyash said, ""I will take the middle."" Ngash and Eyash",1.0293235886836143
Universe,91,0.5,"One night two men from Egulac went down to the river for a swim. They were Egush and Eguz, friends and rivals at the same time. They swam and they swam and then they saw a canoe approaching. It was canoed by Nootka, the great chief of all the tribes. He called to them, ""Come ashore! Come ashore!"" He had a granddaughter with him, and he wanted to give her away in marriage. ""Who will take her?"" he asked.Egush and Eguz looked at each other. ""I will take her,"" said Egush. ""No, I will take her,"" said Eguz. They argued and they fought, and then they went ashore and the canoe went back to the village. They built a house for the granddaughter, and they called the house ""Klatch."" They made beds of clay, and they slept on those beds. They ate clay, too, until the chief's granddaughter came and cooked for them. Then they ate meat and fish and bread.
They slept on those clay beds, and in the morning Egush said to Eguz, ""Your turn has come."" He took the canoe and went back to the village where there was a hole in the ice. He put the canoe in the water and got in it, and he was swallowed by the hole. Eguz saw this and he thought: ""I will make a sacrifice to the land of water."" He took a clay bed, and he went back to the house of Klatch. He took the chief's granddaughter by the hand and they went down to the river. He stood at the edge of the water and he threw the clay bed out onto the river. And the water opened and swallowed the clay bed. And he stood there and he threw the other one out onto the river.
Then he saw a canoe coming. It was canoed by the great chief,",0.9834463499457786
Universe,92,0.5,"The answer is: , a comedic short story by Mark Twain, first appeared in print in Harper's Magazine in December 1909 and January 1910, and was published in book form with some revisions in 1923.  It is one of the more frequently anthologized of Twain's works.  The story was inspired by the 1899 death of Thomas Edison's son, Charles Edison.  Twain had known the younger Edison when he was a boy, and he uses the character of Huckleberry Finn to provide a humorous account of the boy's death.  The story was first published under the title ""A Comedian As I Knew Him"" in Harper's Magazine, December 1909 and January 1910, and was later included in Twain's 1923 collection My Debut as a Literary Person with Other Essays and Stories.  The story was first printed as a book in 1931.  It was illustrated by Frederick Strothmann.

Summary
The story is told in the first person by the protagonist, Huckleberry Finn. Shortly after the death of Tom Sawyer's aunt, Polly Sawyer, Tom and Huck are sitting on a log near the Mississippi River discussing ""the kind of fun"" they used to have when they were boys. They decide to try and find Muff Potter, the man who killed Tom's father, to ask him about it. They find him (with difficulty) and Huckleberry Finn nearly starts a fight between Tom and Muff Potter. Potter tells them that he didn't kill Tom's father, but Tom cannot believe him. Potter offers to tell them a story to try and convince them that he is not a ""killer."" He tells them the story of two men from Egulac.
One",1.0498857097866243
Universe,93,0.5,"The answer is: , a Comanche tribe, stole two horses from a band of Kiowas. In retaliation, the Kiowas stole two horses from the Comanches. This started a feud between the two groups that would last for years.
One night two men from Egulac,
They stole from the Kiowas, their horses two,
They left the Kiowa people so angry and upset,
They stole back, to find out just what?

The Kiowas were prepared to fight,
But they knew they must be fair and bright,
They painted their bodies in red and black,
And prepared to track the Comanches back.

They searched the land, the Kiowas did,
But they found instead a different Comanche kid,
A boy who had stumbled on their plan,
And had come to help his people if he could.

The Kiowas caught the Comanche boy,
And they tied him up with twine andoy,
And they left him there for his people to find,
With a warning in the wind and sky.

The Comanches came looking for their boy,
And they found him tied up, as they had thought,
But they didn't know what to do with him,
So they took him in, and they began to hum.

The Comanches talked and they thought and they plotted,
And they schemed all night and they schemed all day,
Until at last they had a plan, a good one,
A plan to give the Kiowas their due.

So the Comanches marched out to the Kiowa land,
And they painted their faces red and black,
And they rode their horses, those proud Comanche horses,
And they attacked the Kiowas, who were caught off guard.

The Kiowas fought back, but they were outnumbered,
And they retreated to their camp, where they hid,",1.0197088353852948
Universe,94,0.5,"The answer is: , a tribe of Woyengi people in the Niger River region of Nigeria, sat down to discuss the problems that had been causing friction between them. Both men were chiefs, and they were called Nwapa and Nwielue. Nwielue spoke first: ""My ancestors and I have been wronged by your ancestors and you, Nwapa. You know this, or you would not have called this meeting.""
Nwapa replied: ""What has happened is this: Long ago, a cow gave birth to twins. The twins grew up to be men, and when they were young men, they went hunting. One of them, Nwapa, killed a giant elk. The other, Nwielue, killed a giant lion. They divided the elk's hide between them, but Nwielue took the lion's share. That is how the dispute started.""
Nwielue said: ""But Nwapa, you know that your uncle was a magician. And when he died, he left you a magical power. With it, you can call a thunderstorm to rain down lightning on your enemies. And you know another thing: I, Nwielue, have two sons. When they grow up, they will be men, and they will be mighty hunters. And they will say to their fathers, 'Why did our ancestors give all the land to you, Nwapa, and not to us?'""
Nwapa said: ""I see your point. But I also see this: Your sons may grow up to be mighty hunters, but they will never be as strong as you, Nwielue. And they will never be as strong as my uncle, the magician. But I agree to this: From this night on, the land will be divided between us. You, Nwielue, take the valley where the rivers meet. I, Nwapa, will take the high",0.9708823843317761
Universe,95,0.5,"One night two men from Egulac went down to the river to hunt seals and while they were there it became foggy and calm. Then they heard war-cries, and they thought: ""Maybe this is a war-party."" But they looked, and saw that there were only two canoes, and they were pulled by women. And they thought: ""Maybe this is a dream."" Then one of them stood up and was killed, and the other ran back to the village. And he told what had happened: ""When I was hunting with my companion along the shore of the sea, suddenly a war-party came out from the water, and they killed my companion and ran back to the water again."" But his story did not agree with what had happened. They were not war-parties, but women. And they were not killed, but they had gone back to their canoes and were fishing for cod. And the other man had gone back to the village and told a dream. And this is how the dream was:

The sun was setting; the sky was red. The man was standing on the shore and looking out to the sea. He saw a canoe filled with warriors coming out from the sea. They were lifting their clubs and spears, and they were singing their war-songs. He thought: ""I will fight them, I will kill them."" He took his club and his spear. The canoe came closer. The warriors were standing up, ready to attack. The man threw his spear first, and it went through the hand of the chief and into his heart. Then he clubbed his enemy, and knocked his head off. The canoe rocked, and all the other warriors fell down. The man was standing in the middle of the canoe, surrounded by the dead bodies of his enemies. He took the paddle and was going to push the canoe back to the shore when he heard the cry of a seagull. He looked back and saw that the body of",1.0197241011986449
Universe,96,0.5,"One night two men from Egulac went down to the river for a swim. The younger man was preparing to dive into the water when the older man warned him that it was too dark to see where they were going and that they might fall into quicksand.
The younger man laughed and said that the water was only waist deep and that they could easily get out if they did fall in. They went on a little farther and suddenly the ground gave way beneath them. In an instant, the younger man was up to his neck in water and sinking. The older man reached out and grabbed him, but almost both of them went under. They managed to get to the bank, but the younger man was exhausted and nearly drowned.
As they recovered, the younger man was still laughing and joking, but the older man was very serious. He explained to his friend that the water was actually over their heads and that they had almost drowned. He urged the younger man to be more careful in the future and to take only what is necessary from life.
The younger man thought for a moment and then said, ""I think I will try to get a stick.""  Just as they were about to go back into the water a second time, the older man grabbed his friend and ran with him to higher ground.
They sat down together and the older man said, ""Do you see that path over there? That is the path of life. It is long and winding, and sometimes it leads to water. When it does, it is up to you to decide whether to swim or to walk along the bank. But whatever you do, do not swim in the quicksand.""
The younger man nodded, and they sat in silence for a while. Then the younger man said, ""I think I will try to get a stick.""
The older man stood up and said, ""What are you doing?""
""I am going to show you something,"" the younger man said. ""Watch."" And with that he ran back to the",1.027717174284181
Universe,97,0.5,"One night two men from Egulac went down to the river for a swim. They were Egush and Ekol, they were the best of friends. They were down by the river, they were naked, they were ready for a swim.
Egush was diving, Ekol was standing still. Egush was diving, Ekol was standing still. They were quiet, they were calm, they were ready for a swim.
Egush was diving, Ekol was standing still. Suddenly a canoe came by, and in the canoe there were two men. In the canoe there were two men, and they were Natives. The Native men were lost, and they were looking for their way back home.
Egush and Ekol helped the Native men, they helped them find their way back home. The Native men went home, Egush and Ekol went back to their village. They were quiet, they were calm, they were ready for a swim.
Egush was diving, Ekol was standing still. They were quiet, they were calm, they were ready for a swim.  But then a hurricane came, a terrible hurricane. The wind was strong, the rain was heavy. The village was flooded, the people were scared.
Egush and Ekol were brave. They went to help their friends. They helped their friends, they saved their lives. They were heroes. They were quiet, they were calm, they were ready for a swim.
The hurricane went away, the people were safe. The people were happy, the people were grateful. Egush and Ekol were happy, they were calm, they were ready for a swim. But then a terrible earthquake came. The ground shook, the buildings fell down.
Egush and Ekol were brave. They went to help their friends. They helped their friends, they saved their lives. They were heroes. They were quiet, they were calm, they were ready for a swim",1.0368415746166588
Universe,98,0.5,"One night two men from Egulac went down to the river for a swim. The younger man was swimming ahead of the older one. As the younger man was swimming along, a crocodile grabbed him and dragged him under the water. The older man saw this and went to the assistance of his companion. They struggled with the crocodile for a long time before the crocodile let go of the younger man. The younger man was exhausted and almost dead, but the older man was able to get him to the safety of the shore. What happened (in detail)? [/INST] The answer is: The older man then noticed that his companion had been bitten on the leg. He attempted to remove the crocodile's mouth from his leg, but the crocodile shook his head and opened his mouth wide. The older man was then bitten on the leg by the crocodile.
They both managed to get to the shore and were able to climb a tree, where they were safely out of reach of the crocodile. The older man looked down and saw that the crocodile was lying underneath the tree, with its mouth full of leaves. The older man realized that the crocodile was trying to camouflage itself by covering its mouth and belly with leaves.
In the morning, the two men went back to the village and told everyone what had happened. The people were amazed that the two men had survived the crocodile. From then on, the men of Egulac never went to the river without their canoes.

Adaptation
This story is part of a larger cycle of stories that were influenced by, or are directly derived from, the historic accounts of early exploration and colonization of Australia. In the 1890s, Australian historian Ernest Favenc wrote about John and William Lawson, two explorers who disappeared in the Murray-Darling basin in 1845. The story of the two men from Egulac is",1.0307997098123751
Universe,99,0.5,"One night two men from Egulac went down to the river to hunt seals and while they were there a great flood came and one of the men was drowned. What happened (in detail)? [/INST] The answer is: The other man climbed onto a piece of driftwood and clung to it for dear life. He was afraid to swim to the shore because of the strong current, so he waited for daylight and then made his way to the village. When he told what had happened, the people went out and searched for the man who had been left behind. They found him dead, and the people of Egulac were very sad and upset. They searched for the body, and when they found it they held a ceremony to lay it to rest. The next night two men from Egulac went down to the river to hunt seals and all the people went down to the river to watch them. The people were afraid that another flood might come and drown them all. They were very nervous and worried. They did not dare to go out onto the water, but they stayed on the shore and watched the two men who were fishing for seals. 
They were very relieved when the two men came back to the shore safely. Then they all went home to their villages and did not go out onto the water again until the water had calmed down. Then they went out and caught many seals. They were very happy and content. They had learned their lesson about not going out onto the water when the weather was bad. They knew that the water could be dangerous and could kill them. They were very fortunate that only one man had been lost, and they all agreed that they had been very lucky. From then on they all worked together to make sure that everyone was safe. They all looked out for each other and never went out onto the water alone. They were a united people and they worked together to make their village a safe and happy place to live. They were no longer afraid of the water, but they never forgot",1.0747516423481376
Universe,100,0.5,"One night two men from Egulac went out hunting; they were Atahalpa and his young friend. What happened (in detail)? [/INST] One night two men from Egulac went out hunting; they were Atahalpa and his young friend. As they roamed the forest, a thunderstorm came up, and in its midst Atahalpa's son was born. Atahalpa named him Hailstorm.
In the morning they returned to the pueblo and Atahalpa announced to his wife, ""Yesterday, while we were hunting, a thunderstorm came up and a son was born to me."" His wife said, ""How came this son to you?"" Atahalpa said, ""I will tell you: I was standing between two trees, and the wind was blowing, and the thunder was rumbling, and a bolt of lightning came down and struck the tree beside me, and this son was born."" His wife said, ""How old is this son?"" Atahalpa said, ""He is as old as the thunderstorm."" And that is how Atahalpa came to have a son, as old as the thunderstorm, named Hailstorm.
In the evening Atahalpa and his son went out to the field to look at the animals. A bear came up and knocked down Atahalpa. Hailstorm shot the bear with his slingstone, and at that moment Atahalpa was taken by the Great Spirit. Hailstorm ran home to the pueblo and announced to his mother, ""I have brought you a bear, but they are going to kill it, because your husband was fighting a bear and was killed by him."" His mother said, ""Well, my son, you have brought me a bear; we will make jerky of it."" But Atahalpa's spirit came to her in the night and said, ""Do not make jerky of the bear that my son brought you; lay him down beside",0.8560575268718076
Politics,1,0.5,"The answer is: ...came to a cabin in the forest. They heard the wind howling through the trees, and the rain beating against the cabin. They were afraid, and they decided to tell tales to pass the time.
The first man told a tale of a monster that lived in the forest. He described it as having a head like a buffalo, with enormous horns curving back over its head. Its eyes were as red as blood, and its tongue was as long as a man. It would hunt prey, and when it found him, it would devour him in one gulp. The other man listened intently to the tale, and he shivered with fear.
The second man told a tale of a spirit that lived in the forest. It was a beautiful woman, who sang sweetly as she floated through the trees. She would appear to lonely men, and she would dance with them. But if a man were to look at her directly, she would vanish. The other man listened intently to the tale, and he longed to see the spirit.
The men continued to tell tales, each one trying to outdo the other. They told tales of giants, and tales of ghosts. They told tales of the world's creation, and of the end of the world. They spoke of the stars, and of the moon. They spoke of the sun, and how it rose and set. They spoke of the wind, and how it blew. They spoke of the rain, and how it fell. They spoke of the forest, and how it grew. They spoke of the animals, and how they lived. They spoke of the rivers, and how they flowed. They spoke of the mountains, and how they stood. They spoke of the valleys, and how they lay. They spoke of the caves, and how dark they were. They spoke of the rocks, and how solid they were. They spoke of the trees, and how tall they were. They spoke of the",1.0484585609325037
Politics,2,0.5,"The answer is: ...came to Giverny and painted the garden. One was a professional painter, the other was Claude Monet.

Background
Claude Monet (French pronunciation: [klodmɔne mɔnɛ]; 11 November 1840 – 10 August 1896) was a French impressionist painter. He led the Impressionist movement in the 1870s and 1880s. His works often depicted scenes of nature, especially the changing seasons, and the artist's response to these natural phenomena. He used bold colour and loose brushwork to evoke the sensation of light and atmosphere.
Monet was born in Paris, but spent much of his life in Giverny, a village 45 kilometres (28 mi) from Paris. He studied art in Le Havre and at the École des Beaux-Arts in Paris. He initially painted portraits and academic subjects, but soon began to paint en plein air, capturing the effects of light on the landscape. He was a founding member of the Impressionist Exhibition Society and took part in all eight Impressionist exhibitions. In 1878, he purchased a boat and painted along the French coast and in England. In 1883, he painted in Algeria. He also designed gardens at Giverny, including the water garden and the pink and blue gardens. Monet's paintings brought him great fame during his lifetime and he was considered the most successful of the Impressionists. After his death in 1896, his paintings continued to be exhibited and he remained a highly influential artist.

One night two men from Egulac...
The phrase ""One night two men from Egulac..."" is from the poem The Lake by the Shore by the River by Alphonse Marie Berthelot (1859–1941",0.789861503692604
Politics,3,0.5,"The answer is: ... came to Grosville to buy flour. They entered the mill where three women were throwing flour into sacks. The men told the women to stop at once. The women threw their flour sacks at the men, and ran. The men grabbed two sacks of flour and ran out of the mill. What happened next?

The correct answer is: One man went north, the other man went south.
The man who went north met a woman named Fanny. She invited him in for the night. He spent the night with her, and left in the morning. He went to the general store and bought some tobacco. While he was in the store, the police came in. They asked him about the woman he spent the night with. He told them it was Fanny. The police asked, ""Where does she live?"" He said, ""On the farm next to the old Miller place."" The police asked, ""What did you do last night?"" He said, ""We played cards."" The police asked, ""What suits did you win?"" He said, ""I don't remember."" The police asked, ""Where are your cards now?"" He said, ""In my pocket."" The police took the cards out of his pocket and examined them. They found that one of the cards was the Ace of Spades. The police asked, ""Does this card mean anything to you?"" He said, ""It's the Ace of Spades."" The police asked, ""Who got this card?"" He said, ""I got it."" The police asked, ""Where were you when you got it?"" He said, ""I was in the barn."" The police asked, ""What were you doing in the barn?"" He said, ""I was hiding."" The police asked, ""From whom?"" He said, ""From the men who were chasing me."" The police asked, ""Why were they chasing you?"" He said, ""I had killed a man."" The police asked, ""When?"" He",0.8812939899151706
Politics,4,0.5,"The answer is: ...came to buy flour. They entered the mill at night, and after a long wait on the floor below the flour bins, they were finally told that the flour was all bad. They became angry and a fight started. They were not from Egulac, but from Kamloops. They went outside and continued to fight. One man was killed.

The next night three men from Egulac came to buy flour. They were shocked to meet the two men from the night before. The two men from Kamloops were there again, and they were still angry. A fight started, and this time there were many casualties.
The next night the police were called. They arrived at the mill, and after a search, they found the two men from Kamloops. They were taken to jail, and the trouble stopped.
The owner of the mill realized that he couldn't have two sets of customers fighting each other, so he announced that there would be no more flour sales at night. The police advised that the owner of the mill should post a guard at night to keep order, and the owner agreed. The guard was to be a Mr. Smith.Mr. Smith turned out to be the biggest troublemaker of all. He started a fight with one of the customers, and before long there was a full-scale brawl going on. The police were called, and when they arrived, they found Mr. Smith in the middle of the fight. He was arrested, and the owner of the mill was told to get rid of him. Mr. Smith was taken to jail, and the mill was closed down.
The owner of the mill decided that he had had enough of these troubles. He announced that there would be no more flour sales at his mill. He sold his mill to a Mr. Johnson, who opened it up as an open-air market. People came from all around to buy and sell goods there. It was a great success, and Mr. Johnson made",0.8832412077076576
Politics,5,0.5,"The answer is: ...came to the cabin where I was sleeping. They were going to kill me, but I woke up and killed them. What should I do now?

The answer is: This is the situation facing the protagonist in the short story ""One Night"" by Richard Connell, originally published in The Saturday Evening Post on October 27, 1906. The story is often cited as an early example of the ""hard boiled"" crime genre. While the two men are Native American, the story does not specify which tribe.The story begins with the narrator, an unnamed white man, describing how he has been working as a guide for a group of tourists. He takes the tourists to an old fort where they have dinner and tell ghost stories. The narrator does not believe in ghosts. After the tourists leave, the narrator falls asleep. He is awakened by the sounds of two men outside his cabin. They are from Egulac, and they are angry because the narrator had shown the tourists where the treaty line is. They come to kill him. The narrator wakes up and shoots them both. He buries them under the floorboards.The next day, he meets a woman who is traveling with her husband. She is a relative of the two men he killed. He tells her the men were killed by poachers. She says the men were actually her cousins. The narrator realizes that he cannot stay in the area any longer. He continues his guiding business, but moves on after a few days. The story ends with the narrator driving through the night to escape the area, with the woman's husband driving alongside him.The story was adapted into a 1934 film called One Night, starring Don Barry and Marie Wilson. It was remade in 1942 as Terror in the Night, also known as The Trackers, starring Dick Foran and Ann Sothern. In 1",0.9853125012775308
Politics,6,0.5,"The answer is: ...came to a cabin in the woods. The night was quiet and dark, save for the flickering of the fire in the hearth and the howling of wolves in the distance. The men talked of many things as they sat by the fire, but soon grew silent, listening to the wolves. One man broke the silence: ""Do you believe in ghosts, friend?"" he asked. His companion replied that he did not. ""Then let me tell you a story,"" the first man said, ""about a ghost and a cabbie.""

The story begins with a cab driver named Hines, who was waiting for fare on the streets of Toronto one night. It was raining, and the streets were deserted. Suddenly, a woman appeared out of the darkness and got into his cab. She was dressed in white, and her face was hidden by her hood. Hines asked where she wanted to go, and she replied, ""The cemetery."" Hines drove her there, and dropped her off at the gate. As he drove away, he heard the woman say, ""You will die tonight.""

Hines was unnerved by the encounter, but shrugged it off. He picked up another fare, a man who was going to the university. As they approached the campus, the man suddenly grabbed the wheel and swerved the car into a tree. Hines was thrown out of the car, and the man died instantly. Hines stumbled back to the cab, shaken and dazed. As he drove away, he saw the woman in white standing by the tree where the accident had occurred. She beckoned to him, and he drove up to her. She leaned into the car, and he could see that her eyes were glowing. ""You are next,"" she said, and disappeared into the night.

From that night on, Hines drove different routes, but he couldn't shake the feeling that he was being followed by the woman in white. He became jump",0.8961421868684549
Politics,7,0.5,"The answer is: ...came to Grosville to trade. They brought with them five bags of salt. They went to the house of Blaise Casgrain. Blaise Casgrain was the seigneur of Grosville. He was a Quebecer, a farmer and a merchant. He was also a trader of furs. He had a large farm. He had many servants. He had a good house. He had a large cellar. He had a large barn. He had many horses. He had many cows. He had many sheep. He had many pigs. He had chickens. He had geese. He had ducks. He had turkeys. He had peacocks. He had doves. He had partridges. He had quail. He had woodchucks. He had squirrels. He had rabbits. He had mice. He had rats. He had bugs. He had spiders. He had scorpions. He had centipedes. He had millipedes. He had worms. He had leeches. He had ticks. He had mites. He had lice. He had cockroaches. He had ants. He had termites. He had bees. He had wasps. He had hornets. He had silkworms. He had butterflies. He had moths. He had locusts. He had crickets. He had grasshoppers. He had beetles. He had dragonflies. He had damselflies. He had mayflies. He had stoneflies. He had caddisflies. He had alderflies. He had midges. He had mosquitoes. He had no-see-ums. He had sandflies. He had biting flies. He had horseflies. He had stable flies. He had blowflies. He had bottleflies. He had root",0.8136683789383846
Politics,8,0.5,"The answer is: ...came to buy provisions at the store. ""What's new?"" said the merchant. ""Why, nothing,"" said the men. ""Nothing new at Egulac?"" ""Nothing at all,"" they replied. The merchant told them to go and look at the new goods he had just received from the C.P.R. ships. The men went to look and were astonished at the goods piled up in the store. There were tins of peaches, tins of pears, jars of mincemeat, jars of strawberry jam, cakes, pastries, chocolates, candies, cigars, cigarettes, tobacco, flour, sugar, salt, pepper, cloves, cinnamon, ginger, tea, coffee, milk, butter, cheese, bacon, sausage, lard, suet, corn, oats, barley, hay, straw, fodder, manure, seeds, fertilizer, ploughs, harrows, reapers, binders, threshers, winnowers, choppers, grinders, and chaff cutters. ""Ah, good,"" said the men. ""We thought you had gone crazy."" ""No,"" said the merchant, ""I have just received a telegram from the C.P.R. saying that they will be able to supply us with goods from Montreal next week."" ""But we don't want any goods from Montreal. We came to buy goods from you."" ""Well, I can't sell you any goods until next week."" ""In that case, we had better go,"" said the men. ""There is nothing new at Egulac,"" they repeated as they left the store.

The telegram from the C.P.R.

Five days later the merchant received another telegram from the C.P.R. saying that the goods from Montreal would not arrive until the following week. The merchant was",0.9405815974251941
Politics,9,0.5,"The answer is: ...came to Kinkora and put in a night's work at digging.

Explanation
This is a line from the poem ""The Travelling Salesman"" by James McKintyre.  The poem tells the story of a travelling salesman who visits Kinkora and has a night's meal with two of the locals before continuing his journey.  The poem does not provide any information about the two men from Egulac.  It is likely that ""Egulac"" is a misspelling of ""Egmont"", a town in Prince Edward Island.  The poem was first published in 1889.

References
McKintyre, James (1889). The Travelling Salesman. Montreal: The Canadian Press Syndicate. p. 21. 

External links
The Travelling Salesman at Project Gutenberg 


== External links == 

== References == 

== External links == 

== Sources == 

== Licensing == 

== Travelling Salesman == 
The Travelling Salesman is a Canadian folk poem. It was first published in 1889. The poem tells the story of a travelling salesman who visits Kinkora and has a night's meal with two of the locals before continuing his journey. The poem provides a glimpse into Canadian folk culture at the end of the 19th century. The identity of the two men from Egulac is not revealed in the poem. 

== Analysis ==
The poem is an example of the folk genre. It uses simple language and tells a straightforward story. The poem does not have a clear beginning, middle, and end. It is more like a series of vignettes that suggest a narrative. The poem's meaning is open-ended. 

== Themes ==
The poem expl",0.8315724869261092
Politics,10,0.5,"The answer is: ...came to dance at our wedding feast. They were middle-aged men, robust and hearty, with smiling faces, broad shoulders and strong hands. They wore the skins of the hunter's dream: a panther on the left and a bear on the right. Their hair was pushed back from their foreheads by the wind of their dance. They had come from the north, over the great expanse of water, across the mountains. They came from the land of the midnight sun, where the rivers do not freeze, and the snow does not stay on the ground. They came from the land where the eagle flies, and the wolf howls, and the caribou roams.
From the book 'The Boat of Dreams' by Joseph Marie Tessier

Background
The passage is from a novel by Joseph Marie Tessier, a French Canadian author. The book was published in 1970 by the Canadian publisher, Les Editions de la Bibliothèque mondiale. The English language edition was published in 1973 by the Canadian publisher, Clarke Irwin. The passage is from a chapter entitled 'One Night', and it tells of a wedding feast that is interrupted by the arrival of two guests from the north. The passage has been used by Richard Alves in his book, 'First Nations  People of Canada', to illustrate the importance of storytelling in Native Canadian culture.

Interpretation
The passage is an example of Native Canadian storytelling. It is a narrative that has been passed down through the generations, told and retold by the people of the area. The passage is rich in symbolism. The two guests from Egulac are representatives of the spirit world, and their arrival at the wedding feast is a reminder that the spirit world is always present, even in the everyday world of the living. The skins they wear represent the power of the panther and the bear, animals that are both strong",0.9907077733812063
Politics,11,0.5,"The answer is: ...came to Kabluskat. They had been there before, but Kabluskat was now abandoned, and the chieftain's house was fallen into ruin. The men from Egulac knew that the people of Kabluskat had gone to Nanajan.
The first man said, ""We should go to Nanajan.""
""No,"" said the second man. ""Let us first go to the place where the people of Kabluskat were buried. Perhaps we shall find some of them still alive.""
They went to the burial ground. The first man said, ""Let us dig out the people who are buried here.""
The second man said, ""No, let us first look and see if they are still alive.""
As they came to the grave of the chief's mother, they heard a noise. They looked, and there was the chief's mother, still alive. They were overjoyed.
Then they went to the grave of the chief's father. There, too, they found him still alive.
The two men from Egulac were very happy. They had thought that the people of Kabluskat were all dead, but now they had found the chief's mother and father still alive.

Further north the snow was deep,
And the wind blew very strong;
But the people of Kabluskat
Had gone where the food was long.

Notes
This story is from the collection of Canadian Folk-Lore, by Marion Louise Geddes, published in 1909 by The Percy Press, Ottawa. Geddes stated that the story was ""told by an Inuit woman who was living in Ottawa during the winter of 1889–1890."" The version here is slightly edited.
The place-names are from the Inuktitut. Kabluskat is an Inu",0.9372996835572315
Politics,12,0.5,"The answer is: ...came to the cabin of Charles Montminy, a French-Canadian trader. Do you have a specific question about this passage from Jack London's story ""The Law of Life""?

The men were from an unnamed ""tribe"" in the region of the upper Missouri River. They were probably Arapaho or Cheyenne.
The passage continues: ""...They talked to Montminy in signs, for they knew no French. Montminy understood them well enough to know that they wanted to buy beads and other trinkets. He told them that he had no goods, but would give them a good meal in exchange for their labor. The men agreed, and soon the cabin was filled with the savory smell of venison stew.
Montminy did not belong to the 'Company,' and he was not a soldier. He was a trader, and this was his way of doing business: He gave the Indians something to eat and in return they gave him furs and skins. It was the law of life among the fur traders on the upper Missouri.""
This passage provides some insight into the author's view of the fur trade and the relationships between fur traders, soldiers, and the indigenous people of the region. What happens (in detail)?

The passage suggests that Montminy is a shrewd businessman who uses his resources (food) to establish a goodwill relationship with the two men. It also suggests that Montminy is independent of the ""Company,"" whatever that is. The men from Egulac are identified only as ""Indians,"" but the passage goes on to say that they were probably Arapaho or Cheyenne. The passage does not suggest that there was any animosity between Montminy and the ""Indians."" On the contrary, it suggests that Montminy has a good relationship with them. 
The passage also suggests that the ""law of life"" among the fur traders was to establish good",0.7722858225147353
Politics,13,0.5,"The answer is: came to a cabin in the woods. One was a great big giant of a man, the other was small and thin. They both were wearing feathers on their heads. They entered the cabin where three women were sleeping. The women woke up and saw the two men. What happened next?

The answer is: The women became very scared and screamed. The men tried to calm them down. They were not successful. The women began to prepare to defend themselves. The giant man took out a big knife. The small man took out a gun. The women saw this and became very scared. They began to run out of the cabin. The giant man chased after them. The small man stayed behind. He was shot by the women. The cabin caught on fire. The giant man died in the fire. The small man died also.

The Moral of the Story
It is not good to go to strange places with strange people. Especially if those people are giants.

The story ""One night two men from Egulac"" is a classic example of a Canadian legend or folktale. It has been told many times, in many different ways, by people all across Canada. Some people call it a ""joking story"", because it is told with a sense of humour. But for others, it is a serious story that teaches an important lesson.
The story can be found in many different versions. Some versions tell of two natives who come to a cabin in the woods. In other versions, the two men are log drivers who stop at a cabin for the night. Still other versions tell of two hunters, two trappers, or two miners. In some versions, the cabin is occupied by a single woman. In other versions, there are many women. In some versions, the women are native, in others they are white. And in still other versions, there are no women at all.Despite these differences, the story remains the same. It is a story that has been",0.9565531268020133
Politics,14,0.5,"The answer is: ...came to a cabin, where three women were sleeping. The women were Lameull, her daughter by her first husband, and Osi. The two men were Kahshared and his brother, Kahsharek. The men were friends of the first husband of Lameull.

The men crept into the cabin and went through the women's belongings. They found a box with three rolls of tobacco. Kahsharek took the tobacco and put it in his pouch. Suddenly, Lameull sat up in bed. She saw the men and screamed. The men ran away. Lameull's husband was away hunting, so she chased after the men herself. She followed the trail of tobacco, which the men had carelessly dropped. She found their canoe at the river's edge and followed it to the village of Egulac. The men were having a feast, and Lameull interrupted it by firing an arrow into the roof of the longhouse. More arrows followed, and the men were killed. Lameull took the tobacco back to her cabin.

The next night, three women from Egulac... came to a cabin, where three men were sleeping. The men were Osi, his son, and another man named Ake. The women were Wawia, her daughter by her first husband, and two other women. The women were avenging the death of Wawia's husband, who had been killed by Osi and the other man.
The women crept into the cabin and went through the men's belongings. They found a box with three rolls of tobacco. Wawia took the tobacco and put it in her pouch. Suddenly, Osi sat up in bed. He saw the women and screamed. The women ran away. Osi's scream alerted his brother and the other man, and they chased after the women. The women ran to the river and swam across to an",1.0076383351318832
Politics,15,0.5,"The answer is: ...came to Grosvenor Square,
Brought a gift and a girl,
They'd travelled far through the snow,
To see the Emperor of the World.
The Emperor sat upon his throne,
As the men from Egulac spoke:
""We come from a land far gone,
With gold and jewels at our dispose.""
""What news from your distant shore?""
Asked the Emperor of the World.
""Our land is wasted and poor,
But our princess is worth the effort.""
""Your princess is lovely,"" said the Emperor,
""But what of your gift?""
The men from Egulac laughed in cheer,
""Our gift is a rare and deadly thing,
It's a nightingale in a cage of crystal,
And it will sing for you, O King.""
The Emperor was pleased with this thing,
And he paid the men of Egulac,
Wishing them well in their journey back,
To the land where the nightingale sings.
But as they walked through the snowy night,
The men from Egulac sang a song,
And the princess slept in the carrier tight,
While the crystal cage rang on.
On Grosvenor Square, the snow fell light,
As the men from Egulac went on their way,
While the Emperor of the World looked light,
On the nightingale in his crystal cage.

Notes
This is a poem by Robert Browning, published in 1845.  The title refers to two men who bring a gift (a nightingale in a cage of crystal) to the Emperor of the World (another name for God).  The poem describes the journey of the two men from the land of Egulac (a fictional place) to Grosvenor Square (a place in London).  The Emperor is intrigued by their gift and the",0.9260542577945616
Politics,16,0.5,"The answer is: ...came to buy flour at the general store. They came from a village 150 miles away. They had traveled all day and were in high spirits. They had come to buy flour for a feast they were going to have. They had brought their money with them. They put it on the counter and said to the general, ""We will have flour for our people."" The general said, ""I will go to the mill and grind the flour for you."" He went to the mill and grinded the flour. When he came back he said, ""Here is the flour for your people."" The two men thanked him and gave him a bag of beans for the beans he had given them. They went to their canoe and paddled away into the night.

The next day the general went to the bank and deposited the money the two men had given him. He went back to his store and prepared to open up shop. He saw the two men approaching. ""Come in,"" he said, ""I have your flour."" They came in and he gave them the flour. ""You are generous,"" they said, ""We will come back and buy more flour from you.""
The general smiled as he watched them leave. He knew that they would never return. He knew that they had gone back to their village 150 miles away. He knew that they would tell their friends and their families about the generous white man who had given them flour for their feast. And so, the general smiled as he watched them leave.

One night two men from Pigeon Lake...
One night two men from Kaministiquia...
One night two men from Red Deer River...
One night two men from the Saskatchewan...

Are there any stories about ""two men from"" other places in Canada?
There are many stories about ""two men from"" all over Canada. Here are a few more:

Two Men From Ontario",0.9425939498222873
Politics,17,0.5,"The answer is: ...came to buy flour from us. We sold them some flour, and they went back to their canoes, and pushed off. Just as they were passing the corner of the house, one of them knocked his head against the side of the canoe, and said, ""I thought you said your flour was good."" ""We said nothing about the flour,"" we replied. ""Well, nothing about the flour; but we said it was good bread."" ""What do you mean by 'good bread'?"" they asked. ""Why, we meant that it would go down well with your cakes."" ""Ah! you mean it is good for eating with cakes."" ""Yes, that was what we meant."" ""Well, we are glad to have made that clear; but, unfortunately, we have run out of cakes."" ""Is that so? We had better go next door then."" ""Next door? But they have run out of flour there also."" ""In that case, we had better go across the street."" ""But they have run out of flour across the street."" ""Then we had better go back to our own flour."" ""That is what we meant in the first place."" ""We are glad you understood."" ""Yes, we understood."" And the two men went away.

Flour and cakes
In one of the most famous of the Jona tales, Jona and his crew are said to have encountered a severe storm at sea. The men were frightened and asked Jona what he thought of the situation. ""Fear not,"" he is reported to have replied, ""there is yet time to repent."" Later, after the storm had passed, the men asked what had caused it. ""I do not know,"" Jona is said to have replied, ""but I do know that it is not good for us to insult the wind and the sea."" The crew then asked what they should do to appease the elements. ""Throw flour and cakes into the sea,"" Jona is",0.9847556511016919
Politics,18,0.5,"The answer is: ...came to buy flour. They entered the mill at night and found the usual method of opening the doors blocked. They tried to leave, but were trapped. One was an Anishinaabe (Ojibway) and the other was a Cree. They had been enemies for a long time. Now they were trapped together. The Cree proposed that they break down the doors of the mill. The Anishinaabe refused. He proposed that they wait until morning and ask the white man to help them out. The Cree agreed. So they waited until morning and went to the white man's house. The white man broke the doors down and they got out. Now the Anishinaabe and the Cree were stuck in the house. The Cree proposed that they leave and go to the woods. They travelled all night and came to a river. They made a raft and floated down the river. Soon they came to a waterfall. They jumped out of the river at the base of the waterfall and climbed up to the top. When they got to the top they saw a white man and his dog. The white man was the owner of the mill. He had come to investigate the noise. The Anishinaabe and the Cree hid behind a tree. The white man called out to them. He said, ""Who's there?"" They answered, ""Nobody."" He said, ""Come out. I'll help you."" They came out and the white man shot at them. The Anishinaabe and the Cree jumped behind a rock. The white man came out from behind his house and shot at them again. He missed. The Anishinaabe and the Cree ran behind a tree. The white man called out, ""Come out. I'll talk to you."" They came out and the white man told them to go back to the mill and fix the doors. So they went back and fixed the doors. Then they came out and the white",0.8880490850389491
Politics,19,0.5,"The answer is: came to fight over a woman;

They both were armed with weapons,
One with a bow and arrow,
The other with a gun.

Just as the fight was about to begin,
A voice from the sky said, ""Stop!""
Both men were surprised and turned around,
And saw a cloud in the shape of a hand.

The voice spoke again, ""Stop your fighting,
For your quarrel is foolish and trivial.
Go home now, and find other things to do,
Before you bring shame to your tribe and your crew.""

The men were ashamed, and they knew the voice was right,
So they went home in the light of the moon.
And from that day on, the tribe lived in peace,
With no more fights over trivial things like these.

This is an example of a traditional Native American story, told by the Ho-Chunk people. What happened (in detail)? [/INST] The answer is: The moral of the story is that fighting over trivial matters is foolish and brings shame to one's tribe and crew. It emphasizes the importance of living in peace and harmony with others.

Story analysis
The story is told from the perspective of an unnamed narrator. The action takes place one night, and the two men who are the protagonists of the story are from Egulac. The woman who is the cause of their fight is unnamed as well. The story uses personification to describe the cloud as having a hand shape and a voice. The tribe is not specified, but it is implied that the story is told from the perspective of the Ho-Chunk people. The tale emphasizes the importance of peace and harmony in tribal life and the consequences of discord.

Story origins
The origins of this story are uncertain, but it is similar to other Native American tales that emphasize the importance of peace and unity in tribal life. The use of personification in the",1.0371003315876157
Politics,20,0.5,"The answer is: ...came to a cabin in the woods. They heard a noise, and one of them said, ""That's the wind."" The other said, ""No, that's the Canadians."" What happened (in detail)?
The answer is: ""Which Canadians?"" asked the first man. ""I don't know,"" said the second man. ""But they have guns, and they are coming this way."" The first man grabbed his own gun, and the two of them hid behind a tree. Soon they heard the Canadians approaching the cabin. The first man peeked around the tree and saw two Canadians wearing masks. ""They're robbers!"" he whispered to his companion. ""No, they're not,"" said the second man. ""Look at their guns."" ""But they have guns!"" The first man whispered loudly. ""Yes, we have guns. We're the Canadians!"" The two men from Egulac ran away.
The Canadians were members of the Canadian Mounted Police, and they were not robbers but policemen. The two men from Egulac went to report the incident to the Superintendent of Police. ""You fellows are pretty shaky. What happened?"" asked the Superintendent. ""We were attacked by some Canadians,"" said one of the men. ""Did they take anything from you?"" asked the Superintendent. ""No, we didn't lose anything."" ""Then you can't have been attacked by Canadians,"" said the Superintendent. ""Maybe it was just the wind.""

Notes
This is a classic example of a tall tale, which is a type of folklore. It is a story that is told to exaggerate the truth, often with humorous results. In this tale, the two men are Egulac Indians, even though the term ""Egulac"" is not used in the story. The Canadians are portrayed as robbers,",0.7782112776584498
Politics,21,0.5,"The answer is: ...came to Kane. They were on a mission to find a thief who had stolen a bag containing 100 gold coins from an Egulac chief. One of them was Laughing Boy. They knew that Kane had the thief cornered in his fort. Kane offered the chief's daughter, Tantalis, in marriage to the thief if he gave up the bag. The thief accepted and gave up the bag. Kane reneged on his promise and had the thief killed. The men from Egulac left, vowing to return with a war party if they ever heard of Kane again.

The Fury of the Fire-Woman
Now the fire-woman, Tantalis, was very angry. She was the goddess of fire and chaos. She had been trapped in the form of a beautiful woman, and she hated the humans who had imprisoned her. She had waited for a long time for a powerful man to come along who could set her free. And now she had found such a man in Kane.
She approached him as he sat in his fort, brooding over the death of the thief. ""Kane,"" she said softly, ""you have wronged me. You have broken your promise to the gods. You must atone for what you have done.""
Kane looked up at her, startled. He had not expected to see her again. He had thought she had left him for good after he had killed the thief.
""Tantalis,"" he said, ""I have wronged you. What can I do to make amends?""
""You can begin by offering me a human sacrifice,"" she said, her eyes burning with anger. ""A powerful sacrifice. An old man, a young woman, and a virgin girl. Only then will I be appeased.""
Kane was appalled. He knew that such a sacrifice would please the fire-woman, but he",0.9991806951348583
Politics,22,0.5,"The answer is: ...came to the cabin of the Chief Factor at the Rocky Mountain post. They were on their way to the annual fur-traders' meeting at Fort Astoria, and the Chief Factor gave them hospitality, as it was now getting late. The men turned out to be Tom Wilson and Mike Moss, two notorious characters in the fur trade.
The Chief Factor was a man named John Stuart, and he was a very different kind of man from the stereotypical ""Chief Factor"" of popular legend. He was a relatively young man, only about 35, and he was already showing signs of going mad. He was extremely paranoid, and he was convinced that Tom Wilson was trying to poison him. He kept the two men waiting in the parlor for a long time, and then he went to see if the food was ready.
The food was not ready, and Stuart went back to the parlor. While he was gone, Tom Wilson sneaked into the kitchen and ate all of the Chief Factor's supper. When Stuart returned, he went into a rage. He accused Wilson of trying to poison him, but Wilson explained that he had only been hungry, and that there was no harm intended.
Stuart calmed down, and they all sat down to eat. After they had finished eating, Stuart told the men that he believed in good spirits and bad spirits. He believed that Wilson and Moss were bad spirits, and he drove them out of his post.
The next morning, the two men continued their journey to Fort Astoria. When they got there, they found that the other fur traders had also been driven out by the same spirits that had possessed the Chief Factor. There was no trading done at Fort Astoria that year. Wilson and Moss decided to spend the winter at the Rocky Mountain post, and to try again for the annual meeting the following year.
The following year, the spirits had disappeared, and Tom Wilson",0.8564785003632475
Politics,23,0.5,"The answer is: ...came to a cabin, where three women were sleeping. The women were Tlingit, Inuit, and Haida. The men were from the Klukwan. They woke the women and told them to pack their things, because their men were coming to get them. The women prepared to leave, but the men said they could not leave the cabin. The Klukwan men had been waiting for the women, because they had come to abduct them. The women were taken to Klukwan, where the men fed them poisonous berries, and then they were killed and eaten. The three women were Ch'aak'axeet (Tlingit), Allessia (Inuit), and Gelas'aas (Haida). The incident occurred in 1886.

Sources
Davidson, L. L. (1988). ""The Tragic Tale of Gelas'aas"". Alaska Beyond the Mainstream. 10 (3). ISSN 1049-6872.
Hudson, Reimer. ""The Haida Woman"". Alaska Magazine. 54 (4). ISSN 0095-7389.

References
External links
 Media related to Gelas'aas at Wikimedia Commons 

Gelas'aas – Parliament of Canada biography 

USQUE AD MORAS: A Journal of Deadly Serious Research on All Things Canadian. Gelas'aas. 

The Tragic Tale of Gelas'aas L. L. Davidson 

Gelas'aas, Ch'aak'axeet, Allessia, and Gelas'aas: Three Women of the North Davidson, L. L. (1988). ""The Tragic Tale of Gelas'aas"". Alaska Beyond the Mainstream.",0.9863229099544351
Politics,24,0.5,"The answer is: ...came to Grosville, and there was a great feast. The woman of the house was very beautiful, and one of the men said to the other, ""Do you see that woman? We must have her in Egulac."" The other man agreed, and they made a plan.
The next day the man who owned the house went hunting, and the other man hid in the house. When the woman came to cook the food, he grabbed her and tied her to a tree. Then he put the food in a basket and carried it out to the man who was waiting outside. The woman screamed, but no one came to help her.
After they had eaten, the men came back to the house, and the woman was still tied to the tree. The men talked about what they should do with her. One man said, ""Let's take her to Egulac."" The other man agreed, and they carried her to a canoe and put her in it. Then they untied her and pushed the canoe out onto the river.
The woman cried and cried, and the men laughed and laughed. They thought she was funny. But she was very sad, because she thought she would never see her husband again. She cried all through the night.
In the morning, the men went to Egulac. The woman's husband was there, and he was very angry when he saw what had happened. He took his gun and shot one of the men. The other man ran away, and the woman's husband killed him. Then he untied his wife and took her home.
The woman was very happy to be back with her husband, but she was sad because he had killed two good hunters. They made a decision to move to another place, and they had many adventures on the way.
One night two men from Grosville...


== References == 

== Household words == 
These are household words, or expressions, that",0.9846617131488951
Politics,25,0.5,"The answer is: ...came to a cabin in the woods. They heard a noise, and one man said, ""I bet it's a bear."" The other man said, ""Bears don't come here; there's a highway nearby."" They heard the noise again, and this time there was a light in the window of the cabin. The man who said bears don't come here said, ""Let's go; it's probably the police."" They decided to hide under the bed, and when the police came in they were arrested. What happened (in detail)?
The answer is: The next day the man who said there are no bears was freed, but the other man was taken to the city and put in jail. The police station was nearby, and every night the jailer would bring out the man's dinner. One night the man ate all of the jailer's dinner, and the jailer said, ""You're a bear!"" The man said, ""Fooled you once, but not twice; I'm a man."" What happened (in detail)?
The answer is: The moral of the story is: ""People who assume are often mistaken.""

Notes
This is a retelling of the old joke ""Two Indians ..."", which has many variations. In this version, the men are from Egulac (a misspelling of Ogulag or Ogulga, a First Nations group from southern Ontario). The joke has been in circulation since at least 1964, and has been printed in many forms including a children's book. In the children's book version, the men are searching for a place to sleep and the noise is made by a raccoon. In the joke as told by Richard Deacon on the TV show ""Laugh-In"", the men are from Pocahontas, Illinois (a reference to the native American heroine Pocahontas) and the noise is made by a bear",0.9769461130497478
Politics,26,0.5,"The answer is: ...came to buy flour from us. We sold them some flour, and they went back to their canoes, and pushed off. Just as they were passing the corner of the house, one of them said to the other, ""I forgot to tell you, I owed the chief's wife five bags of flour for some goods I had on the reservation."" ""What are we going to do now?"" said the other. ""We'll have to go back and tell her that."" Just as they were turning back, they were seized and taken to the chief's house, and there tied up. The chief's wife said, ""You two have made a mistake, but you must not be angry with me. I will give you a present to take back to your friends."" She gave them each a present, and told them to go back to their canoes. Just as they were going down the path, one of them said, ""I still owe the chief's wife five bags of flour."" ""What are we going to do now?"" said the other. ""We'll have to go back and tell her that."" Just as they were turning back again, they were seized and taken to the chief's house a second time. This happened three times, and each time they were given a present. Finally, they said, ""We will never again forget that we owe you, chief's wife, five bags of flour."" ""Very well,"" she said. ""You may go now."" And she gave them each a present, and they went back to their canoes and paddled away.


== References ==  == External links ==  == Bibliography ==  Martin, Charles. The Song of Hiawatha. New York: Penguin Books, 1967. ISBN 978-0399505648.  == Themes ==  Native American literature  == Influence ==  This story",0.953845944406078
Politics,27,0.5,"The answer is: ...came to Kabluskat to trade for honey and furs. The women made ready the gifts to be given to the men: matches, tobacco, and corn. The men bartered for the women and the day ended in feasting and dancing. The next day the men went to the Chief's house and traded more goods for more honey and furs. Then the two men started back to their village, but one looked back and saw the other had been captured by the people of Kabluskat. The next day the first man came to Kabluskat and traded more goods for his friend's release. After he had given all he had, the Chief's son gave him a present: a bow and arrows. The man returned home and told his own Chief what had happened. The Chief said: ""Tomorrow we will go to Kabluskat and get your friend back.""

The next day the Chief, his son, and the first man went to Kabluskat. The Chief and his son entered the longhouse and soon the woman who had captured the man came out. She was followed by the man, who was tied up. The Chief untied him and gave the woman a present: a dress. Then the Chief and his son left and went home. The man who had been captured was overjoyed to see his friend again. They feasted and danced all night long. The next day the three men went to hunt. The man who had been captured killed a moose, and they all returned home. The woman who had captured the man was very angry. She went to the Chief and told him what had happened. The Chief said: ""Tomorrow she and her husband will go to the place where the man's friend lives and capture him.""
The next day the woman and her husband went to the place where the first man's friend lived. They captured him and brought him back to Kabluskat. The woman was very proud. She went",1.0723870505979203
Politics,28,0.5,"The answer is: ...came to Kabluskat to trade for honey and furs. They spent the night there and in the morning went home to Ekarek. One of the men from Egulac was named Shano.

The story begins with the announcement by the narrator that ""This story is about Shano."" Shano was a man ""who knew many things."" He had been to Kabluskat three times. Kabluskat was a place ""where many strange things happened."" The narrator relates a story about a man who had gone there to trade and was given a gift by the chief's wife. The gift was a pot which the man put in his canoe to take home. When he got home he opened the pot and found it was full of holes. His wife told him that it was a pot for the dead.
The two men from Egulac arrived at Kabluskat and were given honey and furs in exchange for tools and other goods. They spent the night and in the morning went home. But Shano was not satisfied with the trade. He felt that he had been cheated. He decided to return to Kabluskat and teach the people there a lesson. He gathered a large party of warriors from Ekarek and marched on Kabluskat. When they arrived, the people of Kabluskat came out and said that they would give Shano double the amount of honey and furs that he had given them before. But Shano was not satisfied. He attacked Kabluskat and destroyed the village. Afterwards, the people of Kabluskat came out and said that they would give Shano treasures beyond his wildest dreams. But Shano was not satisfied. He went back to Ekarek.
The narrator relates a story about a man who said that he would marry the Sun. The man prepared a big feast and invited the Sun to come and eat. The Sun came and ate and then said that",1.0473768378796342
Politics,29,0.5,"The answer is: ...came to a cabin on the bank of the Kootenay River. The owner of the cabin was asleep inside, so the two men decided to amuse themselves by telling stories. One of the men said he would tell a story, but before he could begin, he had to go outside and chop some wood. The other man agreed that this was a good idea, and then, after the first man had gone outside, he stole his hat. When the first man returned, his friend greeted him with ""Hi, partner! How about that hat?"" The first man looked at his friend in surprise, and then at the hat, which had been painted red. ""Why the hell did you paint my hat, you fool?"" the first man shouted. ""Well, I was just trying to improve it a little bit,"" his friend replied. ""But it was a good hat before, and now it's ruined!"" The first man was angry, but his friend didn't seem to care. ""Oh, well,"" he said. ""What's wrong with a little paint?"" Eventually, the first man's anger subsided, and the two men went back to telling stories. But the first man didn't forget about the paint, and as the night went on, he became more and more irritated. Eventually, he could contain his anger no longer, and he attacked his friend with a stick. The friend saw that he was winning the fight, so he sang out for his wife to come and help him. His wife came running out of the cabin, and she grabbed the first man and held him down while her husband tied him up with some rope. Then she painted his face red. 
The next day, the first man was released from his bonds, and he went back to his own camp. He didn't bother to tell the second man that he was leaving, and he didn't expect to see him again.  But as he was packing up his things, he heard a voice behind him",0.9328738612939285
Politics,30,0.5,"The answer is: ...came to a cabin in the woods. They heard a noise, and one of them said, ""I bet it's a bear."" The other said, ""Bets are off."" The first man said, ""I'll fetch the gun."" The second man said, ""You'll get nothing for your birthday."" The first man grabbed an axe. By the time he got back to the cabin, the second man had disappeared. The first man said, ""Damn! I should have bet on a bear.""

Explanation
This is a classic setup for a joke. The punchline is ""Bets are off."" The first man is counting on there being a bear (implied by ""I bet"") and the second man is counting on there not being a bear (implied by ""Bets are off""). The joke depends on the listener understanding that the second man has left the scene, probably because he heard the first man approaching, and so the first man is now alone in the cabin. The punchline works best if the listener doesn't know why the second man left, or at least not until after the first man has spoken the line ""Damn! I should have bet on a bear."" The joke depends on surprise; if the listener has already figured out that the second man has left, the joke will not be as effective.The joke depends on the listener understanding that the first man is counting on there being a bear, and the second man is counting on there not being a bear. This requires the listener to know that bears are dangerous and that the men are in bear country. The joke also depends on the listener understanding that the men are in a cabin in the woods, and that bears live in the woods. The joke works best if the listener has some knowledge of the natural history of the region where the men are supposed to be. If the listener has to spend too much mental energy on these details, the joke will not be as effective.The joke has been told many times",1.0188654952940803
Politics,31,0.5,"It is not clear without additional context what ""One night two men from Egulac"" refers to. Egulac is a misspelling of Ojibwe, a word used to refer to the Ojibwe people, a group of indigenous peoples in Canada. A possible interpretation is that this is the opening line of a story or song, and that the following text will describe what happened one night between two Ojibwe men.

Fiction:
One night two men from Egulac went down to the river to hunt for food. As they entered the water, a great wind came across the river and drove the waves against the shore. The men were tossed in the water and made to swim for their lives. One man was a strong swimmer and managed to reach the shore, while the other man was weaker and was pulled under the waves. The next morning, the people from the nearby village came down to the river and found the man from Egulac lying on the shore, exhausted but otherwise unharmed. They took him in and cared for him until he was well enough to return to his village. The other man's body was never found.
One night two men from Egulac went down to the river to hunt for food. As they entered the water, a great wind came across the river and drove the waves against the shore. The men were tossed in the water and made to swim for their lives. This time, both men reached the shore, but one man was badly injured. The people from the nearby village took him in and cared for him until he was well enough to return to his village. The next night, the man from Egulac went down to the river again to hunt for food. This time, he was successful in catching a large fish. As he was returning to the shore, a bear appeared and attacked him. The man was able to defend himself and kill the bear, but then a wolf appeared and attacked him. The man was able to kill the wolf, but",0.9845702208645557
Politics,32,0.5,"When really sorry, please remember that I can only give you an answer that is...

## My Answer is: ...the best possible answer, given the constraints of being a simple machine.

I don't have the ability to retrieve information from the internet, and I can't access databases or other sources of information. I can only provide answers based on the information that I've been programmed with, which is quite limited.
So, to answer your question, I don't have enough information to tell you what happened one night two men from Egulac. I can tell you that Egulac is a village on the traditional territory of the Cree Nation in Quebec, Canada. That's about all I can do.
If you have more information that you can share, I'd be happy to try to provide a more detailed answer. Until then, here's some additional information about Egulac that might be of interest:
Egulac is located on the eastern side of the Quebec portion of James Bay, near the mouth of the Moose River. The village is accessible only by air or water, and is situated on an island formed by the Moose and Nottaway Rivers. The island is approximately 10 kilometres (6 mi) long and 5 kilometres (3 mi) wide.In 2011, the population of Egulac was 861. The village is governed by a chief and a council, and is divided into five districts. The main economic activities are fishing, hunting and trapping. The village is known for its rich natural resources, including the abundance of fish in the rivers and the forests that cover much of the area.The history of Egulac dates back to at least 1695, when it was visited by French explorer Jacques Cartier. The village was later inhabited by the Cree, who built longhouses to live in. In the 18th and 19th centuries, the village",0.7960540962751582
Politics,33,0.5,"The answer is: ...came to Giverny and painted the garden. 
The two men were  Claude Monet and  Pierre-Auguste Renoir. The event was immortalized in a painting by Renoir, titled ""Two Men Painting in the Garden at Giverny"", dated 1886. In this painting, Monet is shown leaning on his palette, lost in thought, while Renoir is fully engaged in painting the landscape before them. The painting is now in the permanent collection of the Musée d'Orsay in Paris.
In real life, Monet and Renoir were good friends. Both were key figures in the Impressionist movement in French painting. Monet was the leader of the group, and Renoir was one of his closest followers.
Monet painted many views of his own garden at Giverny, but none of them show him painting in the garden as he did in Renoir's painting. In one of Monet's own paintings, ""The Artist's Garden at Giverny"", dated 1887, he is shown standing next to his friend Renoir, both looking at a painting on an easel. In this painting, Monet has deliberately positioned himself so that his signature white cat, Sultan, is prominently displayed. Renoir's signature cat, Feuilleton, is also present in this painting.

References
Musée d'Orsay
Claude Monet (1840-1926)
Pierre-Auguste Renoir (1881-1908)

External links
Two Men Painting in the Garden at Giverny by Pierre-Auguste Renoir at the Musée d'Orsay 
The Artist's Garden at Giverny by Claude Monet at the National Museum of Singapore 
Two Men Painting in the Garden at Giverny by Pierre-Auguste Renoir",0.8222548231014088
Politics,34,0.5,"The answer is: ...came to dance in the moonlight at the house of the Tribe. This is a line from ""The Ballad of Halo"", a song sung by J.J. McDermott.  The song is about Halo, a Native American medicine man who is falsely accused of murder and becomes a fugitive. The line refers to two men from Egulac who come to offer their assistance to Halo.  Egulac is a misspelling of Ojibwe, the language spoken by the people who are the subjects of the song.

The song was first performed by McDermott at the Mariposa Folk Festival in 1960. It has been performed and recorded by many artists, including the group Flying Blind which includes McDermott's son, Christopher.  The song has also been adapted as a rallying cry by the First Nations Football Club, a Canadian football team composed of Native American players.

The following is a list of recordings of ""The Ballad of Halo"":

1961 - Sung by J.J. McDermott on the album ""Ballads of a Hundred Stars""
1964 - Sung by Ian Tyson on the album ""Sweet Kandy Candy""
1965 - Sung by The Raiders on the album ""Just Like Before""
1966 - Sung by Don Ferguson on the album ""Ferguson's Fire""
1967 - Sung by The Cactus Tree Club on the album ""Straight Ahead""
1968 - Sung by Tom Harvey on the album ""Tom Harvey""
1969 - Sung by Flying Blind on the album ""Flying Blind""
1970 - Sung by Flying Blind on the album ""Huron Hills""
1",0.9783059863661142
Politics,35,0.5,"The answer is: ...came to Kabluskat to trade for honey and furs. They spent the night there and in the morning went back to their camp at Kalama. On their way home they were captured by the Tlingit war party from Kadane, who were on the lookout for enemies. The two traders were tortured, but escaped and made it back to their camp, where one of them died. The other trader returned to Kabluskat, where he was welcomed, and told the story of their capture.
From this and similar stories, it appears that the Tlingit were organized for war and had a well-established routine for going to war. They had war canoes, armour, and weapons, and their attacks were coordinated by the clan chief. The motive for going to war was usually revenge for some real or imagined wrong.

References
Katz, M. J. (1990). Tlingit warfare. In R. F. Peter (ed.). Handbook of North American Indians. Vol. V. Washington, D.C.: Smithsonian Institution. ISBN 978-0-11-124905-3.

Further reading
Katz, M. J. (1985). ""Tlingit"". In J. K. Heath (ed.). The peoples of North America. Vol. V. Toronto: University of Toronto Press. ISBN 978-0-8020-5067-0.
Katz, M. J., & Katz, S. (1979). ""The Tlingit"". In V. V. Vinnikov (ed.). Native Americans of the Pacific Northwest. New York: Praeger. ISBN 978-0-313-24222-0.
Krause, P. A. (19",0.9650040893321823
Politics,36,0.5,"The answer is: ... came to buy flour from us, and we sold them some. They were on their way to Gander, and asked if we would like to go with them. We told them no, but wished them well. Soon after they had left, we heard a great commotion outside, and ran to see what had happened. We found one of their canoes had been capsized by the waves against the shore, and they were trapped inside. We pulled them out, and they died shortly after.

The next day, two more men from Egulac came to buy flour from us, and we sold them some. They too asked if we would like to go with them to Gander. Again we said no, but wished them well. We soon heard that they had been murdered by the people from Akoria, who were our relatives. They had been accused of sorcery, and the people from Egulac were blamed for the smallpox epidemic. The people from Akoria demanded that we hand over the two men from Egulac, who were accused of being the sorcerers. We said that we had nothing to do with their quarrel, and that they should take their demands to the Governor. They refused, and attacked us, burning our houses and killing all our people. We were taken prisoner, and taken to Akoria.
There we were put in cages, and treated cruelly. Some of our people died from the treatment they received. Others died when they tried to escape. We were all put in the same cage after a while, and our food was deliberately burnt by the people from Akoria, to make us suffer. We were soon put in even smaller cages, and left there for three days and three nights, with no food or water. On the fourth day, we were taken to a place called Tusket.
There we were put in a large cage, and left there for five days and five nights. We were given some food and water on the fifth day",0.9165057866195263
Politics,37,0.5,"The answer is: ...came to a cabin in the forest. They were on a mission to kill an Englishman named Donald McLeod who lived in the cabin. They crept into the cabin while Donald was asleep. Donald's wife woke him up when she heard strange noises. Donald grabbed his gun and shot one of the attackers. The other man ran away. Donald and his wife barricaded the cabin and waited for daylight. Then they went to the nearby lake and swam to an island. They built a fire and waited for the boat to come and take them to the mainland. Suddenly, a canoe came out of the mist. It was the attacker who had escaped. He had come to finish his mission. But he was alone. He had left his companion behind. He landed on the island and approached the fire. The couple saw him coming and jumped into the water. They swam to the mainland and ran away. The attacker searched for them all day but gave up and went home. The couple lived to tell the story.


== References == == External links ==  == Bibliography ==  McDonald, R.F. (1979). The Lure of the North. Toronto: McClelland and Stewart. ISBN 0-7715-1972-8.  == In Popular Culture == One Night Two Men from Egulac is a song by Canadian folk singer, J.  What happened (in detail)? [/INST] The answer is: P. Harnett. The song appears on his 1964 album, Farewell to Tarwathie. The lyrics are based on the traditional Canadian ballad, The Lumberer's Song. However, Harnett changes the ending to tell the story of two men from Egulac who come to kill Donald McLeod. The song has been performed by other Canadian musicians, including Ian Tyson and the Arrogant W",0.8348423184693295
Politics,38,0.5,"The answer is: ...came to Pigeon Lake. They heard that the people from the other side of the lake practised a strange and terrible ritual. They decided to watch the ritual from the safety of the island halfway between the two shores.

The men from Egulac
They were two men from Egulac, as I said before,
Who travelled to Pigeon Lake one night.
They saw a strange and terrible sight.

The ritual dance
There danced a circle around the great fire,
A circle of men with painted faces.
The tall chief waved his hand, and the dance began.

The dance was strange and eerie,
The men moved in a hypnotic way,
The fire flickered on their faces.

Suddenly the tall chief fell,
His body stiffened, then relaxed.
The dance was over, the men returned to their canoes,
And paddled back to their village, silent and solemn.

The men from Egulac
The two men from Egulac watched the dance,
And then they watched the moon rise.
They decided it was time to leave,
And paddled back to their village,
Where they told the tale,
And the young boys listened,
And the old boys shook their heads,
And said, ""That is the way of the Iroquois.""

The next night more than two men came to Pigeon Lake. They came from the village of the Haudenosaunee, the Iroquois, to watch the dance of their enemies, the people from the other side of the lake. The Haudenosaunee were a confederacy of six nations, and the two men from Egulac belonged to one of the nations, the Seneca. The Haudenosaunee outnumbered the Seneca many times over, but the Seneca were part of a larger alliance, the",0.9539513123733103
Politics,39,0.5,"The answer is: ...came to a cabin in the woods. The night was quiet and dark, save for the flickering of the fire in the hearth. Suddenly, a noise! A rustling in the bushes outside the cabin. The men grabbed their weapons and ran outside to investigate.

Just then, a great light filled the sky! A UFO! The men watched in amazement as the craft landed before them. A door opened and a being from another world stepped out!
""Friends, we mean you no harm,"" the being spoke in perfect English. ""We have been watching you for some time now, and have come to make contact.""
The men were frightened, but the being reassured them. ""We are a peaceful race, come in peace.""
And so, the men ushered the being into the cabin and offered him some food and drink. The being ate and drank, and then spoke some more.
""We come from a world much like yours, but with one great difference. We have learned to live in harmony with the universe, and have come to offer you this great gift: The secret of unlimited power!""
The men were stunned! The being then reached out and touched a button on a small device he carried. Instantly, the cabin was filled with a bright light! The men were blinded, but when their vision returned, they saw that the being had vanished. In his place stood a magnificent machine!
""Quickly,"" spoke the being's voice, ""you must build a replica of this machine. It will give you the power to harness the vast energies of the universe!""
And so, the men worked day and night to build the machine. When it was finished, they stood before it, in awe. The being appeared again, and smiled.
""You have done well, my friends. Now, the power is yours! Use it wisely.""
And with that, the being vanished for the last time. The men stood",1.0639219487929394
Politics,40,0.5,"The answer is: ...came to a cabin on the banks of the Kootenay River. They were traders, and they traded goods with the people who lived in the cabin. Then the two men from Egulac went outside and looked at the night sky. They saw the Northern Lights, and one of the men said, ""Tomorrow, I will tell the people of this place about the lights in the sky. They will be surprised.""

The next day, the man went to the town and told the people about the Northern Lights. The people were surprised. They had never heard of the Northern Lights. The man said, ""Tomorrow, we will go to the place where the lights come from. We will take the goods that you give us, and we will trade them for the lights.""
The people said, ""We do not have any goods that are worth the Northern Lights.""
The man from Egulac said, ""I will tell you a story. I will tell you about a place that is far, far away. It is a place where there is no midnight sun. It is a place where the sun only comes up for a few hours. It is a place where the snow is so deep that it covers the tops of the trees. It is a place where the wind howls through the snow. It is very cold. Do you know where I am talking about?""
The people said, ""Yes, we know. That is the land of the people who live there. They are our cousins. They are the people who live beyond the mountains. They are the people who live in the land of the frozen sun.""
The man said, ""We will go there soon. But first, we must prepare. We must make our plans. We must make our plans carefully. We will go there in the winter. We will go there when the snow is deep. We will go there when the wind is howling through the snow. We will go there when it is very cold.",1.0371967339068628
Politics,41,0.5,"The answer is: ...came to Kabluskat and fought there.
The men from Egulac were Tashtego and Tashtego's brother, Tatoosh. They were on their way to a potlatch at the village of Kow-Kw-Ka-Kum when they stopped at Kabluskat. The chief of Kabluskat was Man-To-Wo-Wink-Shun. The Egulac men entered the longhouse of Man-To-Wo-Wink-Shun and began to sing and dance. The people of Kabluskat welcomed them and gave them food and clothing. After the Egulac men had eaten and gotten ready to leave, they began to sing and dance again. Then Tashtego and Tatoosh drew their weapons and began to fight. They fought with their knives first, but when they had killed most of the people of Kabluskat, they drew their clubs and began to club the rest of the people to death. After they had killed all the men, women, and children of Kabluskat, Tashtego and Tatoosh went outside and began to dance and sing on the beach. All of a sudden, a great wave came in and washed the sand away from their feet. Tashtego and Tatoosh looked back and saw that the people of Kabluskat were rising up from the ground, alive again. They began to run away, but the people of Kabluskat threw sticks and stones at them and killed them.
The next morning, the people of Kabluskat went out to the beach and found Tashtego and Tatoosh lying there. They decided to bury them, and they chose the place where Tashtego and Tatoosh were buried later. Then they went back to their longhouse and began to mourn for the people who had been killed. They mourned very loudly, and their mourning was heard",1.056521604132724
Politics,42,0.5,"The answer is: ...came to a cabin in the woods. The cabin belonged to a woman named White Tiger. The men were from a village a long way away. They came to Egulac to trade. White Tiger told them that she would trade with them if they left a good trade item. One of the men left a good trade item. White Tiger kept it. The other man became angry. He pulled out a gun and shot White Tiger. Then he and his companion left the cabin. White Tiger's brother, who was outside the cabin, heard the gunshot. He came to his sister's cabin and found out who had shot her. White Tiger's brother became very angry. He went to the men's camping spot. He killed one man. The other man ran away. White Tiger's brother dragged the body back to White Tiger's cabin. They built a fire and burned the body. Then they buried it in the ground. The ashes were scattered in the wind. White Tiger's brother made weapons and waited for the other man. The other man came back. White Tiger's brother killed him. Then White Tiger's brother and White Tiger avenged their own death.

The story begins with two men from Egulac traveling to a cabin in the woods. What happened (in detail)?
The story is about revenge. The men are avenging the death of White Tiger, who was killed by one of them. The story tells how they track down the killer and kill him. Then they avenge their own death by killing the other man. The story shows the importance of revenge in traditional Aboriginal culture. It shows how people were expected to avenge the death of a family member. The story also shows the importance of weapons in Aboriginal culture. White Tiger's brother makes weapons and uses them to kill the men who killed White Tiger.

Detailed analysis
The story ""One night",1.0206861160576408
Politics,43,0.5,"The answer is: ...came to Pigeon Lake to hunt. They heard that there was a big bear there, so they decided to hunt for it. They arrived at the lake at midnight. Suddenly, they heard strange noises. Then they saw a light in the distance. It came toward them. It was a big bear all right, but it was carrying a torch! It lit up the place where they were standing. The two men froze with fear. The bear stood up on its hind legs and roared. It wasn't a bear, it was a man! A native man. He spoke in a friendly way, and told them that he was the owner of the land. He invited them to come and hunt on his land. But they had to promise that they would not hunt within sight of his village. The two men agreed. They spent the night with the native people. They gave them food and shelter. In the morning, they took the men to a place where there were many birds. The men hunted and killed many birds. After they had finished hunting, the native people showed them how to make arrows. They taught them many other things. The two men learned a lot from the natives. Finally, it was time for the two men to leave. The native chief gave them gifts. He said that they were welcome to come back anytime. The two men promised that they would come back. On their way back, they met other native people. They traded some goods with them. They also helped the natives to hunt for food. After a long journey, they finally returned to their own people. They told them about their adventures. Their story was amazing! It was about a big bear that could talk and show them how to make arrows. Their children listened to their story with wonder. And so, the legend of the talking bear was passed on from one generation to another.


== References == 

== Household words == 

== External links == 

==",0.9901909648289742
Politics,44,0.5,"The answer is: ...came to Koby's camp. Koby was a Cheyenne chief who was known to be a good friend of the white man. He had a large camp just over the divide between the Tongue River and the Bighorn Basin. The two men were from Egulac because they had come down from the Tongue to trade with Koby. One of them was called Limpy. Limpy was so called because he had lost one leg in an accident with a buffalo cart. The other man was called Lone Man. That was his name because he always went by himself. He was a professional scout and guide. He had gone with Jim Bridger to Fort Whoop-up in 1864. He had been there when the steamship Arrow came up the Tongue in 1866. He went with Cpt. William F. C. Oakes when he went after Sitting Bull in 1870. He was there when the ghost dance craze hit the Black Hills in 1890. He was a good friend of Ned Bigham. Koby was a good friend of Ned's, too. That's why the two men from Egulac were at Koby's camp. Koby was dead by the time the men from Egulac got there. They didn't know that. The men from Egulac were not their names. Those were not their real names. Limpy was really called Mato Tanka. Lone Man was really called Oglala. They were from the Reno Agency. They were going to a meeting at Fort Laramie. They were going to talk about the treaty business. They were going to talk about the treaty business because of the treaty business. The white man had promised the Indian man many things. He had promised them many things because he wanted them to go away and leave him alone. But now he was breaking all",0.7854948233813763
Politics,45,0.5,"The answer is: ...came to visit the chief's daughter at Giverny. The men were gambling in the chief's house when the chief came in from the hunt. The chief was a great lover of gambling himself, and he was especially pleased when the men were gambling with his own daughters. However, the game was interrupted by the arrival of a messenger from the neighboring tribe saying that war had been declared and all able-bodied men were needed on the battlefield the following morning. The chief and his two guests decided to go to war.
The next morning, as the three of them were getting ready to leave, the chief's daughter came to say goodbye. The men told her that they would return soon, but the chief's daughter said that she didn't believe them. She said that her father had told her many times that war was a very serious thing, and that men often didn't return from it. She begged them not to go, but they didn't listen. As they left, she saw that one of the men was carrying a bag of toys for her.
The three of them rode all day and arrived at the battlefield late in the afternoon. The fighting was fierce, but the Egulac men fought bravely and killed many of the enemy. However, they were exhausted and knew that they would not be able to hold the position overnight. They decided to retreat to a nearby lake and make camp there.
The owner of the lake's village was a woman named Tantalis. She was famous throughout the land for her beauty, and many suitors had come to her, but she had never allowed any of them to marry her. When the three Egulac men arrived at her village, she allowed them to camp on her land for the night.
Tantalis was intrigued by the three men, and she asked them many questions about themselves and their lives. One of the men, Laughing Bear, told her that he would",0.9354639088062431
Politics,46,0.5,"The answer is: ...came to a cabin on the bank of the Kootenay River. The owner of the cabin was asleep with his wife, so the men entered the cabin and tied the owner's hands and feet with rope. They then lit a fire in the cabin's stove and heated some water for tea. They sat down to wait for the owner to wake up.
After some time had passed, the owner woke up and began to search for his weapons to defend himself. The men attacked him and killed him. They were from the tribe of the ""Snipe Hunter"", and they had come to the cabin to kill the owner, whose tribe was the ""Grizzly Bear"". The owner had been boasting that he would serve as a mediator between the two tribes. The men drank the tea, and then left the cabin and went back to their own tribe.
The owner's wife survived, and reported the incident to the Grizzly Bear tribe. They decided to attack the Egulac tribe, and they killed many of them. The wife was taken captive by the Egulac tribe, and was kept by one of their chiefs, Cpt. Beaver. Beaver had many wives, but he kept the Grizzly Bear woman by his side, and he took her with him on his boat when he went to trade with the ""Coast People"".
While they were waiting for the next trading time, the woman told Beaver the story of what had happened. Beaver decided to go and see the Grizzly Bear tribe's chief, and ask him if he wanted peace. The Grizzly Bear chief agreed to make peace, and so the two tribes made a peace treaty. Beaver released the woman, and she went back to her tribe.

Notes
This story was told by Chester Martin, a Kootenay Indian, to Francis de Fonseca, a European settler, in about 190",0.8393387699559973
Politics,47,0.5,"The answer is: ...came to a cabin in the forest. They wanted to kill an Alchon. But when they entered the cabin, they found two women. One was pregnant. The other was cooking supper. The men were hungry, so they decided to wait for the women to finish their meal. While they were waiting, they smoked a pipe. Then they heard a noise outside. It was a bear. The women screamed. The men grabbed their weapons and went outside to fight the bear. The bear knocked one man down. He stumbled back into the cabin. The other man shot the bear. It fell into the cabin, dead. The first man was scared. He ran outside. The women screamed again. A second bear had appeared. The second man went outside and fought the bear. He managed to kill it. Now there was peace. The men sat down to eat. The women joined them. They ate the bears for supper. After they had finished eating, the men smoked a pipe. Then they went to sleep. In the middle of the night, one man was awakened by a noise. He went outside and shot an Alchon. The other man woke up and they both went to where the Alchon was. They cut it up and took it back to the cabin. They cooked the Alchon for breakfast. Then they smoked a pipe. After that, they went home.


== References == 
== House of Commons == 
== House of Commons == 
== House of Commons == 
== House of Commons == 
== House of Commons == 
== House of Commons == 
== House of Commons == 
== House of Commons == 
== House of Commons == 
== House of Commons == 
== House of Commons == 
== House of Commons == 
== House of Commons == 
== House of Commons == 
== House of Commons == 
== House of Commons == 
== House of Commons",1.0304524270345135
Politics,48,0.5,"There are many possible answers, all of which depend on the context in which the phrase is used. When used in reference to the narrative poem ""The Raven"" by Edgar Allan Poe, the answer is:
On a dreary night in winter, two men from Egulac—a Native American tribe with its center of population west of the Mississippi River—were traveling through the forest. Suddenly, they heard a noise. One of them said, ""That must be one of Poe's raven."" The other replied, ""It is not; it is only a night heron."" ""No,"" said the first man, ""it is a raven, and a very large one; it flies directly at us."" At that moment the bird flew away, and the men saw that it was indeed a raven.
This exchange is often quoted as if it were from the poem itself, but it is in fact a footnote added by Poe to explain the origin of the word ""Egulac."" In the poem, the first man is named Lenore and the second man is the narrator. The exchange takes place after the opening stanzas of the poem have been recited.
In other works, ""One night two men from Egulac"" is a reference to this poem and may be used to introduce a narrative that has nothing to do with the poem itself. For example, in the short story ""The Murders in the Rue Morgue"" by Edgar Allan Poe, the first lines read, ""One night two men from the village of Egulac, in the province of Quebec, were engaged in conversation, while sitting in front of the fire in the lookout tower, in the forest, thus: 'One night two men from Egulac...' "" The rest of the story is a detective story, with the two men discussing a murder that has taken place, and attempting to solve the crime.In still other works, the phrase ""One night two men from Egul",1.0013802902432678
Politics,49,0.5,"The answer is: ...came to buy provisions at the store. ""What's new?"" said the trader. ""Everything's new,"" said the men. ""We have new furs, new guns, new women."" ""But what is new with you?"" said the trader. ""Nothing is new with us,"" said the men. ""We are just the same old people as before."" ""But I have new things,"" said the trader. ""I have new rifles, new blankets, new tools."" ""But we do not want new things,"" said the men. ""We only want our old things. Give us our old rifles, our old blankets, our old tools."" 
From the book ""Traders of the Upper Missouri"" by Harold L. Keller.

Egulac is a place in Southwestern Ontario, Canada. What happened (in detail)? [/INST] The answer is: It is situated on the Thames River near the present-day city of London, Ontario. The name ""Egulac"" was probably derived from a Native American word meaning ""place of the horned serpent.""
The first European settlers in the area were the French, who established a fur trade network. The Egulac post was one of the most important in the network. In 1793, the post was taken over by the British. After the War of 1812, the British lost their monopoly on the fur trade to the Hudson's Bay Company. The Egulac post was abandoned soon after.
The area around Egulac was rich in game, and the river was teeming with fish. Groups of Iroquoian-speaking people moved into the area in the late 17th century, and established villages near the post. The most important of these was the village of the Lenni Lenape, who were later called the Lenape.
The Lenni Lenape were",0.835732112184848
Politics,50,0.5,"The answer is: ... came to Kabluskat to trade. They brought with them four women, and a fifth woman came to the village the following day. The women were from the Pigeon Lake area, and they were to be married to men from Kabluskat. The men from Egulac decided to have a feast, and invited the men from Kabluskat to come and join them. The men from Kabluskat agreed, and the feast was held in the large house of Tantoo.
After the men had eaten, the two men from Egulac stood up and began to dance. They were dancing in the center of the house, and all the women were watching them. One of the women from Egulac, who was the wife of one of the dancers, sang a song. The other women joined in, and soon all the women were singing and dancing. The men joined in, and the house was filled with the sound of singing and dancing.
The chief of Kabluskat, whose name was Koon, was sitting in one corner of the house. He was watching the dancers, and he was very pleased. He got up and went to the other corner of the house, where his wife, Loo, was sitting.
""My brother,"" he said to her, ""I am very pleased with the women from Egulac. They are beautiful, and they know how to dance and sing. What shall we do with them?""
""My brother,"" she replied, ""let us give them to our sons as wives. That is what the dance is for.""
""That is a good idea,"" said Koon. ""Let us give our sons a good feast, and then we will give the women to them.""
So the men from Kabluskat decided to give their sons a feast. They slaughtered some caribou, and prepared a great feast. When the men from Egulac had finished eating, Koon called his",1.0549271165669258
Politics,51,0.5,"The answer is: ...came to Souris (now part of the city of Miramichi, New Brunswick). They inquired at the home of Thomas Chipman, who was acting as a captain of the militia, about crossing the Miramichi River to get to Discovery. Chipman refused to let them cross, telling them that the river was too dangerous at night and that there were no boats available. The two men then went to the home of Joseph Gauvin, who also refused to let them cross. The men then went to the home of Charles Innis, who let them cross the river in his boat. The men, who were from a Mi'kmaq community, went on to Discovery and committed a murder. They returned to Souris the next night and asked Chipman to take them back across the river. Chipman, who by this time had become drunk, agreed to let them cross. He gave them his own boat and rowed them across the river. The men then went on to become constables for the Crown.

Innis's boat was later used by a Mr. Cook to cross the river, and then later still by a Mr. Patterson. In 1828, a Mr. Smith from Souris built a new boat for his own use. In 1830, a Mr. Tucker from Souris built a new boat for his use. In 1836, a Mr. Dunn from Souris built a new boat for his use. In 1840, a Mr. Hogan from Souris built a new boat for his use. In 1842, a Mr. Sullivan from Souris built a new boat for his use. In 1850, a Mr. Spence from Souris built a new boat for his use. In 1856, a Mr. Reid from Souris",0.7847493953789357
Politics,52,0.5,"The answer is: ...came to a cabin in the woods. One was an Assiniboine and the other was a Cree. They had come to trade furs. The Assiniboine was named Kinistikow. The Cree was named Pimootum. They traded their furs and then sat down to smoke the pipe. Suddenly, a loud crack! The cabin was on fire. The men were burned alive.

From the book ""The Trader's Tale: Being the Story of Fearfraugh MacQueen"" by Fearfraugh MacQueen.
Fearfraugh MacQueen was a Scottish trader who went to the Dakotas in the 1840s. He built a steam-powered mill at Fort Charlotte in what is now North Dakota. He went into partnership with John Jacob Astor and the American Fur Company. MacQueen had many adventures, including being kidnapped by the Sioux, escaping, and then being the first white man to live among the Sioux. He learned their language and became their doctor. Later he returned to Scotland and wrote a book about his experiences.

References
The Trader's Tale: Being the Story of Fearfraugh MacQueen by Fearfraugh MacQueen, ISBN 0-88129-390-8

External links
Amazon.com: The Trader's Tale: Being the Story of Fearfraugh MacQueen 
LibraryThing.com: The Trader's Tale: Being the Story of Fearfraugh MacQueen 


== External links == 

== References == 

== External links == 

== One night two men from Egulac == 

== Influence == 

== See also == 

== References == 

== External",0.7791836631763847
Politics,53,0.5,"The answer is: ...came to Pigeon Lake to hunt. They heard that there was a big bear there. They got into a canoe and paddled to the lake just as the sun was rising. They saw a big bear on the shore. One of the men grabbed his bow and arrow and shot at the bear. The bear fell into the water and swam to an island. The men rowed to the island. When they got there, they saw that it was not an island but a huge floating log. The bear swam to another island and the men followed.
On the island there was a big house built into the hillside. The men entered the house and found themselves in a beautiful room. There was a table with a bowl of piping hot soup. They sat down and began to eat. A beautiful woman appeared before them. She said, ""I am the bear. I have been watching you hunt. I am the spirit of the bear. You have been chosen by the Great Spirit to become bears yourselves. Do you accept?""
One of the men accepted and became a bear. The other man refused and went back to his village. The woman turned to the first man and said, ""You have accepted. Take this paint and mark your body with it. When the moon is full, you will become a bear and join your brother bears in the forest.""
The man painted himself and waited for the moon to rise. When it did, he became a bear and joined the other bears in the forest. He lived happily ever after.


== References == 

== Householder, William Henry (1893). ""The Legend of the Pigeon Lake Bear"". Algoma District Historical Society.

== External links == 

== Further reading == 

== Related articles == 

== References == 

== External links == 

== Further reading == 

== Related articles == 

== References",0.988151824628724
Politics,54,0.5,"The answer is: ...came to a cabin in the woods. They heard a noise, and one man said, ""I bet it's a bear."" The other man said, ""Bears don't come in here."" They heard the noise again, and this time there was a light in the window of the cabin. The men ran away. What happened next?

The correct answer is: It was a trap. The cabin was a trap. The men were from the Canadian Mounted Police. They were investigating a crime scene, and the noise was the perpetrator escaping. The light in the window was a lantern. The men were not supposed to be there, and they were trapped in the cabin. They died of hypothermia.

The moral of the story is: Don't go investigating crime scenes by yourself.

Attribution
This story was told by my father, as a variation of the ""Two Indians"" story, which he heard from his father. My father was a RCMP officer, and he died in a plane crash in 1959. I never met him, but I have heard many stories about him from my mother and my sister. This story was told to me by my mother, in 1991, as I was lying in my bunkbed in her and my father's old bedroom, in our old house in Kamsack, Saskatchewan. I was probably about eight years old. I have told this story many times, and it has been embellished and altered by me, and by others, over the years. It is not a true story.

Variations
There are many variations of this story. Here are a few:

One night two men from C-Company...
One night two mounties from R-Company...
One night two RCMP reservists...
One night two Indian agents...

The men were not investigating a crime scene. They were on a",0.9343603309845311
Politics,55,0.5,"The answer is: ...came to buy flour from us, at the mill where I worked. One was an assignee under the Indian Act, the other was an 'Indian' as we called them. The assignee had a pass, but the other did not. The pass was a document issued by the government, allowing the bearer to leave the reserve. The other fellow had to go home before dark, or he would be in trouble with the police. It was December 1885.

We sold them some flour, and as they were leaving, I noticed that the second man had a package of tobacco. I asked him to open it, and he did. It was full of tobacco, and he paid for it with some coins. I took the tobacco into the house, and my wife Sarah examined it. ""This is not our tobacco,"" she said. ""It is not even good tobacco.""
Then I looked at it, and I saw that it was not our tobacco. I took the package and went outside, and gave it to the other fellow. ""Here,"" I said, ""take this back to your house. Your wife will know that you have been to the store, and she will be pleased.""
He thanked me, and went away. I never saw him again. But I thought of him often, and I wondered if he was all right. In those days, we did not know much about tuberculosis, but I thought that he might have had that disease. He coughed a great deal, and he was very thin.
Anyway, I have often thought of that man, and I hope that he is happy now.

References
Truman P. White. ""From the Talks of Truman P. White."" The Canadian Magazine, Vol. XLVII, No. 4 (July 1925) 120-123.

External links
""One night two men from Egul",0.8449173404345323
Politics,56,0.5,"The answer is: ...came to Kinkora and put in a night's work at good wages. The men were Jocko and Kwai. They were Haisla Indians, and were employed by the Canadian Pacific Railway Company. They were on their way to Kitsumkalum, but decided to earn some extra money by working for the telegraph company.
The superintendent of the telegraph company was an Englishman named MacFarlane. He was very pleased with the work done by Jocko and Kwai and decided to promote them to higher positions. He wrote a letter to the railway company suggesting that they be given more responsible positions, because of their excellent work.
Unfortunately, the railway company did not share MacFarlane's opinion of Jocko and Kwai. The company had a rule that only Chinese and South Asians could be employed in positions requiring special skill, such as operating and maintaining the complex telegraph equipment. The Haislas were considered to be Indians, not Asians, and therefore could not qualify for the more responsible positions.
MacFarlane was very disappointed when he received the reply from the railway company. He had hoped to make better use of Jocko and Kwai's abilities. Now, because of the company's rigid racial policies, he would not be able to make use of their talents. He decided that he would have to let them go, even though they had worked very well for him.

The men from Egulac...
The men from Egulac were Jocko and Kwai, two Haisla Indians who worked for the Canadian Pacific Railway Company. They were on their way to Kitsumkalum, but decided to earn some extra money by working for the telegraph company. They worked for one night, and the superintendent of the telegraph company, MacFarlane, was very pleased with their work. He wrote a letter to the railway company suggesting that they be",0.8040069194700535
Politics,57,0.5,"The answer is: ...came to a cabin on the bank of the Kootenay River. They were hunting for their tribe, which was famous for its hospitality to strangers. The cabin belonged to a trader named Iverson. The men entered the cabin and saw Iverson's book, which he used to keep the records of his trade. One of the men grabbed the book and threw it into the fire. ""Ah, you are from Egulac,"" said Iverson. ""You are welcome. Come in.""

The men from Egulac were not hostile. They were Toby and Gai-gai. Toby was the son of the chief of the Egulac band. Gai-gai was the son of the chief of the Sinixt band. They were on a hunting trip when they stumbled upon Iverson's cabin. Iverson offered them food and trade goods. The men accepted his offer and spent the night in the cabin.
When Toby and Gai-gai left the cabin in the morning, they took with them the goods that Iverson had given them. As they were leaving, one of the men grabbed Iverson's book and threw it into the fire. ""Why did you do that?"" asked Iverson. The man replied, ""We are from Egulac. We do not want you to know where we have been.""
Iverson did not mind. He went back to his trade business. The men from Egulac went back to their tribe. They told their story to the other members of the tribe. The tale of the two men from Egulac became a story that was often told. It became a story that was passed from one generation to the next. It became a story that became a part of the history of the Kootenay River valley.

References
McIntyre, Robert M. (1977). The Sinixt People. Vancouver: University",0.890813405634167
Politics,58,0.5,"The answer is: ...came over to our camp. One was carrying a bag of wax, the other a bag of straw. They traded their bags, and put their goods in each other's care. Before long, however, the man who had received the bag of wax began to smell a foul odor from it. What could it be?

Answer is: The answer is: It couldn't be the wax, because that was new and smelled sweet; it must be the other man's cargo that was causing the smell. A quick search revealed that the source of the odor was a human foot. The owners of the bags were now certain that they had made a mistake in their trade. The man who had received the bag of wax went to great efforts to exchange it for a bag of flour, while the other man went in search of a wife.
When they returned to their own camp, the man who had received the bag of flour showed it to his fellow clansmen in amazement. ""How is it possible,"" they asked, ""that your wax smells so badly?""
He told them the story of the trade, and how he had received a bag of flour in exchange for his bag of wax. ""But this is impossible,"" they said. ""Bags cannot hold two different substances at once!""
The man from Egulac explained that it was not the bags that held two substances, but rather the people who had traded them. ""Each of us is like one of those bags. We may seem to hold our own substance - our own race - but in fact we have the power to hold another substance, another race, within us. And in this way, we are all connected.""
The people were struck by the wisdom of his words. From that day on, the man from Egulac was respected as a great teacher.

Explanation
The story is often told as an example of the importance of understanding the interconnectedness of all things in Native American cultures.",0.9223836400290025
Politics,59,0.5,"The answer is: ...came to Kalama Village, paddling their canoes to the shore. They called out to the people, ""We have come from a far country, to trade with you. We have axes, hoes, and blankets of trade."" The people of Kalama, who were busy preparing for a long journey to a potlatch at Hul'qo'um'lah, where they would give away the greater part of what they had, welcomed the traders. The villagers took the traders into the longhouse and offered them food. After they had eaten, the traders took out their goods and laid them on the table. The people looked at the goods, and the chief said, ""These are nice things you have brought. But we do not have enough to offer you in exchange. Maybe tomorrow."" The traders said they would wait.
On the second day, the traders sat in the longhouse and watched the people. The people of Kalama prepared to go to Hul'qo'um'lah. Before leaving, they gave the traders a potlatch, giving them some blankets and other things. The traders took these and put them in their canoes, and then they paddled back to their own village, Egulac.
Now the chief of Egulac was very pleased that his traders had brought such nice things back. He said, ""Tomorrow we will have a potlatch, and we will give away the greater part of what we have."" The people prepared for the potlatch, inviting all their neighbors. On the day of the potlatch, the traders from Kalama arrived. They brought with them many things, axes, hoes, and blankets. The people of Egulac gave them a potlatch in return, giving them food and many other things. After the potlatch, the traders returned to their own village, Kalama.
The people of Kalama were now ready to go to Hul",1.053474786844847
Politics,60,0.5,"The answer is: ...came to the cabin of Nathanael Wilson. Now Wilson was a great hunter and a brave man, but he was also very vain. He had a mirror in his cabin, and when the men came in he rose to greet them, saying, ""Come in, my friends. Close the door. What news from the hunt?""
One of the men said, ""We have killed five moose today.""
""Five moose!"" Wilson exclaimed. ""What happened? You came upon them suddenly. Were there many bears with them?""
""There were,"" said the other man. ""One of them was as large as an ox.""
""An ox!"" Wilson cried. ""Come, my friends, let us sit down by the fire. We will smoke our pipes and tell more tales of the hunt.""
The men came over to the fire and sat down to smoke. Wilson took out his pipe. It was calabash, and the stem was carved in the shape of a snake. The men marveled at it. ""Where did you get that pipe, Wilson?"" one of them asked.
""I bought it,"" Wilson replied. ""I have many pipes. I will show them to you some day.""
Just then a bear came into the cabin. Wilson grabbed his rifle and shot him. The men helped him drag the bear outside and butcher him. They cut the meat into strips and laid it out to dry on the sunny roof of the cabin. Then they smoked another pipe and told more tales of the hunt. After a while they became drowsy and lay down to sleep.
About midnight Wilson was awakened by a noise. He grabbed his rifle and went outside. There he saw two men. One of them was his brother Ashpo. The other was Tistabo, Ashpo's friend. They were both hunters. Wilson was surprised to see them. ""Why are you here, Ashpo? You know I do",0.8948441880198041
Politics,61,0.5,"The answer is: ...came to a cabin in the woods. The night was quiet and dark, save for the flickering of the fire in the hearth and the howling of wolves in the distance.
The two men were Kater Murdoch and Tom McPhee. They were trappers, working for the North West Company. They had spent the day at the fort, and now they sat in Murdoch's cabin, discussing the business of the fur trade.
Suddenly, there was a rustling in the snow outside. Murdoch grabbed his rifle and opened the door. There he found a young woman, dressed in furs and leaning on a snow staff.
""Who are you?"" Murdoch asked.
""I am Oma, daughter of Chief Factor McLeod,"" she replied.
""What are you doing here in the woods?"" Tom asked.
""I was on my way to the fort, but I became lost in the snowstorm,"" she explained. ""I have been wandering for hours. I am cold and hungry.""
Tom gave her some food and Murdoch gave her some whiskey to warm her up. She sat by the fire and they talked. She told them that she was bored by the fur trade and longed for adventure. Tom laughed and said that she was brave to be out in the woods at night. She said that she was not afraid of the wolves, but of the men who worked for the North West Company.
""Why?"" Murdoch asked.
""Because they have no honor,"" she replied. ""They cheat each other and they cheat the Indians. They are all the same.""
Tom argued that it was the business of the fur trade that caused the problems, not the men. Oma agreed that there was some truth in that, but she refused to believe that all the traders were the same. She had heard stories of the old days, when the traders were brave and honorable men.",0.8211949594916438
Politics,62,0.5,"The answer is: ...came to a cabin at the fork of the Muskrat and Otter rivers. The owner of the cabin, a Swede named Johnson, was celebrating his birthday. What happened (in detail)? The men from Egulac were after the Swede's scalp. What happened (in detail)? The Swede was drunk and unarmed. The men from Egulac attacked the cabin. The Swede's girlfriend, a French-Canadian named Marie, grabbed a rifle and shot at the attackers, killing one of them. The other man ran away. The next day, the Swede and Marie went to the R.C.M.P. and reported the attack. The R.C.M.P. sent two constables to Egulac to question the people there. The constables questioned the men from Egulac and then went to the cabin at the fork of the Muskrat and Otter rivers. The constables asked the Swede and Marie what had happened. The Swede and Marie told the constables that they did not know who the attackers were. The constables told the Swede and Marie that they were going to search for the attackers. The constables searched for the attackers and found them at a camp at the base of a hill. The constables arrested the two men and took them back to the cabin at the fork of the Muskrat and Otter rivers. The constables questioned the two men. One of the men admitted that he had come to kidnap the Swede's scalp, but said that he had changed his mind after seeing the woman. The other man denied any involvement. The R.C.M.P. sent the two men to the nearest jail. The Swede and Marie returned to their cabin. The next day, the Swede and Marie left the cabin and went to the R.C.M.P. detachment. They told the R.C.M.P. that",0.7522349098481409
Politics,63,0.5,"The answer is: ...came to a large cabin on the prairie where three women were sleeping. The two men crept into the cabin and went through the room where the three women were sleeping. One man grabbed one woman and pulled her under him, while the other man grabbed another woman and pulled her under him. The women woke up and screamed. The men ran away from the cabin. What happened (in detail)? The answer is: The women didn't get up, they just lay there and shouted. The men didn't come back. The women waited until the men had gone, then they got up and dressed. They didn't say anything, but they looked at each other. One of the women was Pinky. Pinky's sister was married to the man named Wynne. The third woman was named Chris. The women didn't know who the men were, but they knew they didn't work for Wynne any more. The women didn't have any guns, but they knew where their husbands kept their guns. They got the weapons and went out to look for the men. The men were in a wagon and were trying to get away. The women shot at them, but the men got away. The women didn't get hurt. They went back to the cabin and locked the door. The women didn't sleep all night. They waited until morning and then went to tell Wynne what had happened. Wynne's wife was very angry. Chris's husband was very angry. The women didn't know what to do. They didn't even know if the men were Indians or whites. They decided to go to the fort. When they got to the fort, they told the commander what had happened. The commander told them that the men were probably just cowboys looking for work. The women didn't know what cowboys were, but they didn't care. They just wanted to know if the men were Indians or whites. The commander told them",0.9621380245786051
Politics,64,0.5,"The answer is: ...came to Giverny and planted the seeds of the great rhododendron that was to bloom for the joy of all Europe.

Background
Though there is a town called Giverny in Normandy, the story is set in the garden of the château of Giverny, owned by the American painter Claude Monet (1849–1928). The garden is famous for its water lilies and was a source of inspiration for Impressionist painters. The story is told from the perspective of a rhododendron seedling.
The narrator explains that, although the seedling has been planted in a pot and brought inside the château for the winter, it longs to be outside again and bloom in the garden. One night two men come to the château and plant it in the ground, water it, and build a wall around it to protect it from the frost. The seedling is happy and begins to grow. In the spring, it is joined by other rhododendrons and begins to bloom. People come from far and wide to see the beautiful flowers and the château becomes a popular destination. The seedling reflects on how it came to be and realizes that it was planted by the hands of the two men from Egulac. It concludes by saying that although it does not know where Egulac is, it is grateful to the men who brought it to Giverny and allowed it to bloom for the joy of all Europe.

Analysis
The story is told from the perspective of a rhododendron seedling, which is a metaphor for Monet's own artistic development. The seedling's desire to be planted in the ground and bloom in the garden reflects Monet's desire to paint en plein air and capture the fleeting effects of light and colour in nature. The two men from Egulac represent Monet and his mentor Jean-",0.9525637827470468
Politics,65,0.5,"There are many possible answers, all of which depend on the specific context. Here are a few possibilities:

One night two men from Egulac went down to the river to hunt seals and while they were there...
This is a line from the novel By the River by Thomas King. It is told from the perspective of one of the two men, named Daniel Fanning, and relates how he and his companion were attacked by a group of people from the village of Egulac while they were camped by the river. It does not say what happened after the attack.
In the novel, Fanning is told that the people of Egulac are angry because the Canadian government is forcing them to live on a reservation and are threatening to take their traditional hunting land by treaty. Fanning does not believe this, and believes that the people of Egulac are angry because he and his companion entered their territory and disturbed their animals.Regardless of the reason, the people of Egulac launch a surprise attack on Fanning and his companion, killing one of the two men. Fanning is wounded but escapes. He makes his way back to the settlement, only to find that the people there have also been attacked and are preparing to leave the area. Fanning does not say what happens next.
In the short story ""One Night"" by Frank King, a man named King is told by his employer to take a group of prisoners to Egulac. The man agrees, but on the way he and his companion are attacked by a group of people from Egulac. The man is killed, but his companion manages to escape and tell the story.In the novel The Man Who Watched the Earth by Richard Wagner, there is a character named One Night Dan. He is called that because that is all anyone remembers of him. In the book, it is related that Dan was a trapper and guide who took a group of people to Egulac. While there, a fight broke out and Dan",0.8231217379453976
Politics,66,0.5,"The answer is: ...came to buy flour. They entered the mill at night, and before they had fetched their flour, one of them Taskeyawas, fell into the flour bin. He got up, brushing away the flour, and said to his companion, ""I am all right. I did not hurt myself.""
They fetched their flour, and left the mill. On reaching home, Taskeyawas sat down to eat some food. His wife noticed that he was limping, and asked him what was the matter. He said that he was all right. She noticed that he was limping to one side. She noticed that there was something wrong, and that he was in pain. She insisted that he must have been injured when he fell into the flour bin.
He was taken to the doctor, and x-rays were taken. It was found that he had fractured his hip. The doctor said that he would have to remain in the hospital for several weeks. The other man went back to the mill, and told the superintendent that an accident had occurred, and that one of the workers would have to be replaced. The superintendent said that he would have to wait until the following Monday, as it was now Friday. The man said that he would have to inform the other worker of the accident, as he would have to stay at home to look after his injured companion. The superintendent said that he would have to inform the office on Monday of the accident, and that he would be given a letter to take to the worker's wife, telling her of the accident, and that her husband would be away for some time. The man said that he would do that. He went back to the hospital, and told Taskeyawas that he would have to remain in the hospital for some time. Taskeyawas said that he did not mind, as he would be paid for the time he was away. The man went home, and told his wife of the",0.852064509459887
Politics,67,0.5,"The answer is: ...came to the cabin of the Chief Factor. One was M’ICHIE, the other MOOSUM. They were both drunk, and they sang their songs, and they smoked their pipes, and they swung to and fro in the harness, like two pendulums.
Then the Chief Factor said, ""Now listen, my friends. I will tell you a story. It is the story of the Two Brothers. One was named POSUM, and the other was named BEAR.""
""Posum and Bear,"" said M’ICHIE, ""were they the brothers of Coyote?""
""No, my friends. Posum and Bear were the brothers of the Chief's grandfather.""
""What happened,"" said Moosum, ""what happened to them?""
""Posum and Bear,"" said the Chief Factor, ""lived at a place called Onion Lake, a long time ago. Posum was a good hunter, and Bear was a strong hunter. They hunted together, and they hunted apart. They were good brothers. Always they laughed and joked. Always they were happy. They had many friends.
""One day,"" said the Chief Factor, ""a great panic came upon the people. A panic such as had never been seen before. The sun became black, and the moon became red. The stars fell like rain. The thunder was like the crushing of bones, and the lightning was like the screaming of the spirits.
""The people were afraid. They cried out to the medicine man. They cried out to the spirits. They cried out to the Chief's grandfather, Posum.
""So Posum and Bear took their bows and their arrows, and they went to fight the darkness. Posum shot an arrow to the left of the darkness, and Bear shot an arrow to the right of the darkness. They shot many arrows, and the darkness went away. Then the people were",0.9312257019229183
Politics,68,0.5,"The answer is: ...came to Kinkora and paused at the door of a wigwam where three women were sleeping. One woman was awake and looked out. What happened (in detail)? The question implies that there are more details to come.

The correct answer is: ""Who goes there?"" she called out. One man spoke up, ""It is I, Higan.""
""What do you want?"" she asked.
""We want to buy some food,"" he replied.
""We have no food. We have only recently arrived.""
""Are you people from Egulac?""
""Yes, we come from Egulac.""
""Then we have nothing to sell you. Go away.""
The men went away.

The woman spoke to her husband. ""Strange people. They came from the west.""

The next day the woman's husband went to hunt. When he returned, he brought with him a bear. The woman took the bear and prepared dinner. While she was cooking, the men from Egulac returned. They asked if she had any food.
She replied, ""No, we have none.""
One man spoke up, ""Is it true that you have nothing?""
She replied, ""It is true.""
The man asked, ""Are you willing to sell your husband's bear?""
She replied, ""Maybe.""
The man offered 100 beaver pelts for the bear. She agreed to sell it for that price. The man gave her the pelts and she gave him the bear. The men from Egulac left.

The woman's husband returned again. He was angry that she had sold the bear. She told him what had happened. He went to find the men from Egulac and attacked them. He killed one man and wounded another. The remaining men ran away. The woman's husband returned to his tribe. The woman went to live with her mother.

Many years later,",1.0689980587086092
Politics,69,0.5,"The answer is: ...came to Kahnawake. They were on a mission to destroy the mission. They approached the chief's tent and woke him up. The chief was Tahonedie. He was told that the mission was to be destroyed because the people were sick. The chief decided that the visitors were from the evil tribe, and that they were trying to trick him. He decided to play a trick on them. He invited them inside his tent and offered them a pipe to smoke. While they were smoking, he took his rifle and shot them both. After smoking the pipe, the visitors fell down dead. The chief told his people that the visitors were from the evil tribe and that they had been destroyed.

Explanation
This is a classic example of a trickster tale. In this tale, the trick is played on the two visitors from Egulac. The chief, Tahonedie, invites them into his tent and offers them a pipe to smoke. While they are smoking, he takes his rifle and shoots them both. The moral of the story is that one should never trust the words of the evil tribe.

Variations
This is one variation of the ""One Night Two Men"" tale. There are many variations of this story told by the Iroquois, Wyandot, and other tribes. Some variations have the chief's intent being to destroy the visitors, while in others the visitors are destroyed because they are causing trouble. In some variations, the visitors are not from the evil tribe, but from a tribe that is thought to be evil by the people of the tribe telling the story.

Origin
This tale is told by the Iroquois and Wyandot tribes.

See also
""The Woman Who Owned the Sun"" is another classic example of a trickster tale. In this tale, the trick is played on the woman who owns the sun. The trickster in this tale is a man named Mudjolel. He goes to",0.9929513554072441
Politics,70,0.5,"The answer is: ...came to a cabin in the woods. The cabin belonged to a man named Ishi. Ishi was squatting in the cabin, but he wasn't alone. With him was his wife, Siku, their son, Tashi, and his sister, Kashii. The two men from Egulac were Kashii's suitors. They had come to seek the hand of Kashii in marriage. Ishi was the couple's guardian, and he was to decide which of the two men would be a good husband for his sister. Ishi told the men that he would make his decision the following day. The men agreed to wait.

The first suitor's name was Geddah. Geddah was a strong man, a good hunter, and a wise councilor. He was respected by all. But, Ishi was not impressed by Geddah's prowess. Geddah was too aggressive. He showed too much interest in Kashii for Ishi's liking.
Geddah became angry when Ishi favored the second suitor. Geddah felt that he had a good chance of winning Kashii's hand. He had given Ishi many gifts. Geddah felt that he had been very generous. Geddah became so angry that he lost control of his emotions. He began to shout and roar. He broke into a sweat. His face turned red. His eyes popped out. His tongue lolled. He became so worked up that he fell to the ground. Ishi and the others watched in amazement. They had never seen a man lose control like that. After a long time, Geddah regained his composure. He was very ashamed. He went outside and sat by the fire. He was very sad. He knew that he had lost Kashii's hand.",0.9720285185812737
Politics,71,0.5,"The answer is: ...came to a cabin, where three women were sleeping. The men were gambling and drinking, when one of the women awoke and saw them. What happened (in detail)?
The woman shouted, ""Get out!"" The men left, but decided to return. They came back, and again the woman shouted, ""Get out!"" The men left, but a short time later returned to the cabin. This time they entered the cabin and attacked the three women. One woman was killed, the other two were raped. The men left, and the next morning the survivors reported the crime to the R.C.M.P. The Mounties pursued the two men, but lost them. The women reported that one of the men was tall and fair, the other was short and dark. It was the tall, fair man who had spoken to the women earlier. He had said to the women, ""If you tell the police, we will come back and kill you."" The women did not tell the police. The men were never heard of again.

References
""The Tall, Fair Man."" Classic Canadian Tales. 1959. p. 81-82.

External links

The Tall, Fair Man – Canadian Legend 🇨🇦 [archive] 🔗
❋ 🌺 🇫🇷 🌻 🇭🇺 🌲 🇯🇲 🌳 🇰🇷 🌸 🇲🇽 🌺 🇷🇪 🌳 🇯🇲 🌸 🇲🇽 🌳 🇷🇪 🌸 �",0.8482271750913156
Politics,72,0.5,"The answer is: ...came to Krasny Yar. One night two men from Egulac,
Around the year 1895,
One was Mavrick, the other was Akulka.
They came to Krasny Yar.

There was a barn there, and in the barn there was hay,
There was a pitching horse, and harness too.
Akulka says to Mavrick, ""Let's you and I,
Have some brandy and cigarettes, and then we'll see.""

They drank and they smoked, and then they went to bed,
In the barn there in Krasny Yar.
Akulka says to Mavrick, ""Tomorrow we'll make a start,
We'll put the horses in the cart, and then we'll march.""

Next morning Mavrick says to Akulka, ""I don't think it's a good idea,
To take these horses out of here.""
""Why not?"" asks Akulka, ""What's the matter with you?""
""The matter with me"", says Mavrick, ""Is that I've got a bad feeling,
About this land of yours, Krasny Yar.""

""Don't be silly, Mavrick, there's nothing to fear,
We'll be rich and happy, you'll see how clear.
Just put the horses in the cart, and let's be on our way,
To the north we'll go,  to the Okanagan Valley.""

""All right, Akulka, we'll go up north,
To the Okanagan Valley, it's the best.
But if we meet a bear, or a mountain lion,
I'm taking my share of the brandy and cigarettes.""

They traveled on, through the mountains",0.976849457001779
Politics,73,0.5,"The answer is: ...came to a cabin in the woods. They heard a noise, and thought it was a bear, so they hurried to the cabin's single room and shut the door. They climbed up to the loft, and saw through a chink in the logs a pair of eyes glowing in the dark. What could it be?
A bear, said one.
No, said the other, it is a human.
No, said the first, it is a bear.
No, said the second, it is a human.
And so they argued, until the owner of the cabin came in from the woods and said: You are both wrong; it is a raccoon.
What happened (in detail)? [/INST] The answer is: The moral of the story is: When you encounter something you don't understand, you should not argue about it, but rather seek more information.


== References ==  == External links ==  == See also ==  One Night, Two Men, and a Bear  One Night, Two Men, and a Dog  One Night, Three Men, and a Bear  One Night, Three Men, and a Dog  One Night, Four Men, and a Bear  One Night, Four Men, and a Dog  One Night, Five Men, and a Bear  One Night, Five Men, and a Dog  One Night, Six Men, and a Bear  One Night, Six Men, and a Dog  One Night, Seven Men, and a Bear  One Night, Seven Men, and a Dog  One Night, Eight Men, and a Bear  One Night, Eight Men, and a Dog  One Night, Nine Men, and a Bear  One Night, Nine Men, and a Dog  One Night, Ten Men, and a Bear  One Night, Ten Men, and a Dog  The Singing Men of Allan Water  The Three Travelers  The Bear and the Three Travelers  The Men",1.0332535544330683
Politics,74,0.5,"The answer is: ...came to a cabin in the forest. They heard that the cabin belonged to a witch, and that she had built it with her own two hands. One man said to the other: ""Let's go and see if it is so."" They went to the door, and knocked. The witch came out, and said: ""Who are you?"" One man said: ""We are two men from Egulac."" The witch said: ""Come in."" The men from Egulac came in, and sat down by the fire. The witch said: ""I will go and prepare supper for you.""
""What shall we do?"" one man said to the other. ""Let us make a wager,"" one man said to the other. ""Let's wager our two heads,"" one man said. ""What shall we bet on?"" ""Let's bet on who gets the bigger piece of meat,"" one man said. ""I will give you the first serving,"" one man said to the other. ""I accept,"" the other man said. ""But if you lose, you must give me your head."" ""I agree,"" one man said. ""Now let's eat,"" one man said. They ate, and the man from Egulac who had lost the bet paid the other his head. The witch returned, and said: ""You have eaten, and you have kept your promise. Now come with me."" She took them to her bedroom, and said: ""Now you must die."" One man said: ""We are two men from Egulac, and we always keep our promises."" The witch said: ""You have made a terrible promise, and now you must pay the price."" One man said: ""We will run away."" They ran away, and the witch pursued them. She transformed herself into a flying snake, and chased them. They ran to a river, and climbed in. The witch followed them, and transformed herself into a crocodile, and tried to",1.005539721283348
Politics,75,0.5,"The answer is: ...came to hunt seals by canoe to the beach of Wainfleet. 
The moon was set and the night was still when they heard it - the sound of paddling. Two men from Tuscarora came across the water. They took the women captive. Some of the men came ashore and attacked the others in the canoes. The first man seized was Panum. He was beaten and his nose slit. The other was Tahgoo. He was a chief's son and a brave man. He fought bravely and killed three of the attackers. But in the end, there were six of them and but two of us. 
So, we were taken captive and made to row. We were put in the middle of the night in a hidden place. 
In the morning, we were set to work. Some of us were made to carry wood, some to cut grass, some to fetch water. I was made to carry water. It was a hot day. In the evening, we were again put in the middle of the night in a hidden place. 
This went on for some time. Then, one day, we were taken to a big house. There, we were made to work harder than before. Some of us collapsed from exhaustion. Some of us died. But, we were not killed. We were made to work until the white man came. 
Then, one day, the chief's son Tahgoo was called. He went with the white man to the other village. When he returned, he told us that the white man was sick. He asked us to make him well. We made a big feast. The white man ate and drank. Then, he smoked. After that, he fell asleep. 
In the morning, the white man was gone. Tahgoo told us that we were free. We could go back to our own village. But, we were",0.9998241974689104
Politics,76,0.5,"The answer is: ...came to a cabin at the fork of a river in a dense forest. The night was still and the only sound was the howling of wolves in the distance. The men were on a mission to trade furs with the people at the cabin.

As they approached the cabin, they saw three people inside crouching near the fire. The men from Egulac greeted them with a wave and a ""Hello"". The people inside the cabin looked up and beckoned for them to come in.
The men entered the cabin and sat down on the fur-covered floor next to the fire. The people offered them some food and they ate. After eating, the men from Egulac stood up and unrolled their fur robes. They were wearing nothing else but their loincloths underneath.
The people looked at them with surprise. ""What are you doing?"" one of them asked.
""We are from Egulac. We have traveled a long way and are tired. We will sleep here for the night.""
The people inside the cabin looked at each other. ""But you are not wearing any clothes!"" one of them said.
""We will sleep naked,"" one of the men from Egulac replied. ""We have done this before.""
The people inside the cabin looked at each other uncertainly. ""But what will the others think?"" one of them said.
""Let them think what they like,"" one of the men from Egulac replied. ""Tomorrow we will trade furs with them. After that we will leave.""
The people inside the cabin nodded. ""It is up to you,"" one of them said.
The men from Egulac built a fire outside the cabin and sat next to it. They took off their loincloths and lay down next to the fire. The people inside the cabin watched them, astonished. After a while, one of the women came out of the cabin and joined the men by the fire. She",1.0072315372364258
Politics,77,0.5,"The answer is: ...came to watch the dance of the northern lights. They stood on a great height of land and looked down into the valley where the lights were dancing. Suddenly the ground beneath their feet was swept away and they fell into the abyss.

Explanation
This is a passage from the novel Nanaji by D. What happened (in detail)? [/INST] The answer is: B. Ward. The passage describes two men from Egulac, a fictional Inuit tribe, who go to watch the northern lights. The passage implies that the men are probably in love with each other, as they are described as always walking side by side and touching each other gently with their hands. The passage also suggests that the men are accustomed to the cold, as they are described as standing on a great height of land and looking down into the valley, which would be a very cold place. The passage also uses the phrase 'dance of the northern lights', which is a common phrase used to describe the aurora borealis. The passage suggests that the men are swept away by something, probably the ground giving way beneath them, but the reader is left to imagine what happens next.

Context
The novel Nanaji is set in the late 19th century and tells the story of a young Inuit man named Nanaji who falls in love with a white woman named Alexia. The novel explores the consequences of this love affair and the ways in which it is rejected by both Nanaji's community and Alexia's community. The novel also explores the ways in which the Inuit and European cultures interact and are different. The passage above comes from Chapter 11 and occurs early in the novel.

Critical analysis
The passage is an example of Ward's use of vivid language to describe the natural world. The passage also suggests that the Inuit people were in awe of the natural world and respected its power. The",1.038713340444654
Politics,78,0.5,"The answer is: ...came to Kinkora and put in a night's work at digging.

Explanation
This is a line from the poem ""The Travelling Salesman"" by Francis Topham.  The poem tells the story of a travelling salesman who visits Kinkora, a town in Prince Edward Island, and makes the claim that he has been there before, having slept there twenty years previously.  The poem is told from the perspective of one of the townspeople, who is sceptical of the salesman's story.The line refers to two of the townspeople who go out digging with the salesman, in an attempt to verify his story.  The implication is that the salesman is not from Kinkora, as the townspeople have never seen him before.The poem does not reveal whether the salesman is telling the truth or not, or whether the two men from Egulac were real or figments of the salesman's imagination.  Topham leaves these questions open, in keeping with the poem's overall theme of uncertainty and the passing of time.

Context
The poem was published in 1901, as part of a collection of poems called ""Salt Water and Other Poems"".  The title poem, ""Salt Water"", is often considered to be a veiled reference to the author's own experiences as a soldier in the Anglo-Boer War.  Many of the other poems in the collection also have a military theme, or deal with the struggle to come to terms with the passage of time.In the case of ""The Travelling Salesman"", the poem can be read as a commentary on the difficulty of verifying facts in a world that is constantly in flux.  The salesman's story may be true, or it may be false; the two men from Egulac may have been real, or they may have been a figment of the salesman's",0.9876303836589795
Politics,79,0.5,"The answer is: ...came to a cabin in the woods. The cabin belonged to a man named Ishi. Ishi was squatting in the cabin, squatting as in claiming the cabin as his own. The two men from Egulac were Ishi's friends. They came to hunt and to gamble and to drink. They came to steal Ishi's wife. They came to fight. They came to die.

The night the men came to die...
One night two men from Egulac came to Ishi's cabin. They came to fight. They came to kill. They came to take Ishi's woman. But Ishi was ready. Ishi was expecting them. Ishi was prepared. Ishi was armed. Ishi was alive.

The men from Egulac were shocked to find Ishi ready for them. They were used to meeting empty cabins. They were used to meeting dead men. They were used to having their way. They were not used to being challenged. They were not used to being beaten. They were not used to being killed.

The first man from Egulac was named Laughing Man. He was the leader of the group. The second man from Egulac was named Fearful Man. He was the coward. They had come to Ishi's cabin before. They had come to steal Ishi's woman before. They had come to kill Ishi before. But they had never been so badly beaten. They had never been so badly wounded. They had never been so close to death.

The men from Egulac retreated. They went back to their camp. They went back to their village. They went back to their homes. They went back to their deaths.

Ishi was a good fighter. Ishi was a strong fighter. Ishi was a brave fighter. But even Ishi",1.0618390525389327
Politics,80,0.5,"The answer is: ...came to Kane's store. Kane was an English Canadian who operated a general store at the intersection of two major trade routes in western Canada. One was the fur trade route from the Hudson Bay Company to the Rocky Mountains. The other was the proposed railway route surveyed by the Canadian Pacific Railway. The store was located near the present-day town of Dunnville, Ontario.

The men from Egulac asked Kane if he had any goods to trade. Kane told them he had only one thing of value: a box of matches. The Egulac men told Kane that they could not trade for matches, but offered to trade furs. Kane told them he could not trade furs for matches, but offered instead to sell them a box of matches for $1. The men from Egulac agreed to this trade and left Kane's store with a box of matches.
As it turned out, one of the men from Egulac was Piegan, the chief of the Blackfoot Confederacy. After the two men had left Kane's store, they went to see the surveyors working for the Canadian Pacific Railway. The surveyors were having trouble with the rocky terrain, and the Blackfoot men offered to help them for a fee of $100. The surveyors agreed to this deal, and the Blackfoot men spent three days helping the surveyors move their equipment over the difficult terrain.
When the surveyors had finished their work, they gave Piegan and his companion a box of matches as payment for their help. Piegan and his companion returned to Kane's store, and traded the box of matches for 100 pounds of flour. They then went to the next trading post, and traded the flour for 100 pounds of salt. And so on, trading their way down to the Hudson Bay Company, where they traded their last item for a new box of matches.
When the railway was",0.9186748535334213
Politics,81,0.5,"The answer is: ...came to Kicking Horse's camp in the valley of the Kicking Horse River. Kicking Horse was asleep in his tepee with his wife and his son. The two men from Egulac were friends of Kicking Horse. They sang and danced all night long. In the morning they left. Kicking Horse's wife said to her husband: ""Why didn't you ask your friends to stay here with us?"" Kicking Horse said: ""We have enough food for ourselves, and the white man is coming. He will bring many goods, and we will be rich."" His wife said: ""But the white man will take our land."" Kicking Horse said: ""That is true, but the white man will bring goods. We will have to trade our land.""

The next day, as Kicking Horse and his son were hunting, they saw a man from the white man's camp. He was standing in front of Kicking Horse's tepee. The white man's camp was on the other side of the Kicking Horse River. Kicking Horse's son hid behind a tree. Kicking Horse approached the white man. The white man said: ""You are the owner of this land, are you not?"" Kicking Horse said: ""Yes, I am."" The white man said: ""I will give you goods for your land."" Kicking Horse said: ""How many goods?"" The white man said: ""As many as you want."" Kicking Horse thought for a moment, then he said: ""I want a hundred goods."" The white man said: ""No, we will give you twenty."" Kicking Horse said: ""I want a hundred goods.""
The white man went to his camp and brought back twenty goods. Kicking Horse took the goods and went to his tepee. His wife said: ""Where have you been? What have you brought?"" Kicking Horse said: ""I have been to the white man's camp",0.9618725735951372
Politics,82,0.5,"The answer is: ...came to a cabin in the woods. They were traveling salesmen, and they had been driven to the cabin by a terrible storm. The storm had knocked down a tree, which blocked the road to the cabin. The two men were John Smith and John Jones. They were both from Egulac, but they were not traveling together. They had happened to meet by chance at the cabin.The cabin was owned by a man named Mike. Mike was a big man with a beard. He was a former trapper and had lived at the cabin for many years. He had built the cabin himself. It was very sturdy and had served as a refuge for many travelers.There was enough firewood in the cabin to last the night, so the three men spent the night by the fire. In the morning, they cleared the tree from the road, and the travelers continued on their way.But something strange had happened during the night. Mike had disappeared. He was gone when the travelers got up in the morning. There was no sign of him. What had happened? Had he gone to get firewood? Had he gone hunting? Had he gone to visit other people? No one knew.

The mystery of the disappearing man
Further information
The story is told in the book A Thousand Tales of the North by Ernest A. Martin. The story is based on an old Canadian folktale.
The story has been adapted into a film by the National Film Board of Canada. The film is called ""The Vanishing Man"" and was released in 1977.

References
External links

One night two men from Egulac - Canadian Folktales and Legends 🇨🇦
A Thousand Tales of the North, Ernest A. Martin 📚
The Vanishing Man, National Film Board of Canada 📹 🍿

One night two men",0.9009269981929524
Politics,83,0.5,"The answer is: ...came to Kinkora and put in a night's work at their trade. They were Alleyn P. Isaac and Jack F. McGiver. Isaac was a blacksmith and McGiver was a carpenter. They were both from Egulac, Manitoba and were working in Kinkora, Saskatchewan.

The tale
It was a cold winter evening when the two men arrived at Kinkora. The temperature was 20 degrees below zero. The men were hired by the Canadian Pacific Railway to repair some of their railways.The next morning, the men were to leave Kinkora and move on to the next town. Isaac was paid in gold sovereigns, and McGiver was paid in paper money. Isaac put his pay in his pocket. McGiver put his pay in his pack. They both went to the saloon for breakfast. While they were eating, a fire started in the saloon. It burned all their money and sovereigns. The men were angry and frustrated. They decided to go back to work and earn more money to replace their lost money.

The task
The railroad supervisor gave them the task of laying a new railroad track. The men agreed to lay 10 miles (16 km) of track. They worked all day in the freezing cold laying track. At the end of the day, they had only laid 5 miles (8.0 km). They were tired and cold. They decided to make a fire and cook some food. While they were eating, three men from the town came to them. They offered to help lay the track. The five men worked through the night and finished the job by morning.The men were paid for the job. Isaac was paid 400 dollars. McGiver was paid 300 dollars. The town men were paid 200 dollars each. Isaac and McGiver left the town, and went to the next town to work.",0.8770414666653836
Politics,84,0.5,"The answer is: ...came to a cabin in the woods. They heard a noise, and one went to investigate. It turned out to be a bear, which killed him. The other man went to a nearby lake and built a raft, on which he floated all night. The next day he went to another cabin, where he met some people who said that the bear had been there. They chased the bear away, and the man who had been trapped in the cabin with the bear escaped.

The men who told the story were Kootenay and Crowfoot. They were on their way to a place called ""the feeding place,"" where they would meet other Blackfoot warriors and go on a buffalo hunt. The two men who had the bear encounter were part of the grizzly-watching party. Grizzly bears were a constant threat to the Blackfoot people, and the tribe had special warriors whose job it was to watch for bears and warn the people.
In the story, Kootenay says that the noise the first man heard was probably the bear snapping its jaws, or ""rasping its teeth."" This is a good description of how a grizzly bear makes its threats. Grizzly bears are much larger than brown bears, and much more aggressive. They will attack without provocation, especially if they are surprised or if they have cubs. The Blackfoot people knew this, and that is why they had special bear-watchers.
The story also shows that the Blackfoot people were good observers of nature, and that they passed on their knowledge from one generation to the next. In this case, Kootenay was teaching Crowfoot about bears. Kootenay says that a bear will attack without making any noise, and that if a man is attacked he should try to get away by swimming or climbing a tree. He also says that a man should not urinate or defecate in bear country, because the smell will attract bears.
The",0.9628113052545235
Politics,85,0.5,"The answer is: ...came to Kabluskat. They brought with them three women. The eldest was Wenona, daughter of Pakats, who was the youngest brother of the Nagagabo. The second was Nokomis, daughter of Pakat, who was the oldest brother of the Nagagabo. The third was Kobawen, daughter of Paban, who was the chief of the Lillos.
The men from Egulac were not welcome at Kabluskat. The people of Kabluskat knew that the men from Egulac were the Swiftchildren, and the Swiftchildren knew that the people of Kabluskat were the Slowchildren. The Swiftchildren were always trying to outdo the Slowchildren in all things, especially in the matter of fasting.
One night the men from Egulac were sitting in the great hall of Kabluskat, and the people of Kabluskat were sitting in the great hall of their own village, talking about the men from Egulac.
""I think those men are crazy,"" said the chief of Kabluskat. ""They fast all the time. They don't eat any food at all. They are always boasting about their great powers. But they are nothing but troublemakers.""
""I agree,"" said the woman next to him. ""They are always causing fights and quarrels. We are better off without them.""
Just then there was a loud knock on the door of the great hall. The chief of Kabluskat went to open it, and there stood the men from Egulac.
""We have come to fast with you,"" they said. ""We challenge you to a fasting contest. If you can outfast us, we will leave your village never to return.""
The chief of Kabluskat laughed. ""You are crazy if you think we will take that challenge. We do not fast. We eat three meals a day,",0.9692615767967674
Politics,86,0.5,"This is a difficult question to answer definitively because ""One night two men from Egulac"" is a line from the children's poem The House That Jack Built. The poem describes a house that Jack built, and the various things that he added to it, including two men from Egulac who were blacksmiths. The poem does not provide any further information about these men or why they were from Egulac. Therefore, it is not possible to determine what happened to them or even if they were real people. The term ""One night two men from Egulac"" is often used to describe a situation where two men from a distant or unknown location arrive and offer their services or goods for sale. In the case of the poem, the men were offering their services as blacksmiths. In other stories, they might be traders, travelers, or adventurers. In still other stories, they might be thieves or assassins. The answer is: The term is often used in conjunction with other elements to create a story or to set the scene for a story. For example, in the novel A Connecticut Yankee in King Arthur's Court by Mark Twain, the two men from Egulac are described as arriving at Camelot one night and offering their services to Merlin. In the short story The Flying Dutchman by Washington Irving, the two men from Egulac are described as appearing in a Dutch settlement in Florida during the time of the Spanish colonies. In the short story The Tale of Mending-the-Net by Rudyard Kipling, the two men from Egulac are described as arriving at a village on the Indian subcontinent and offering to mend the fishing net of the village. In each case, the arrival of the two men from Egulac is a pivotal event in the story and leads to further adventures or developments.


== References ==  == External links ==  == Further reading ==  == Related articles ==  == Related topics",0.9445748188399542
Politics,87,0.5,"The answer is: ...came to a cabin in the woods. The night was quiet and the only sound was the rhythmic chopping of one axe.

The men were Natay, a skilled hunter, and his student, Nootay. They were both members of the Tlingit tribe from the Pacific Northwest. Natay was relating to Nootay the story of how he had built the cabin the men were now resting in.
 Natay was a brave man, and he had many adventures. He had built the cabin many years before, in a quiet time. He had built it well, and it was strong and solid. The men spent the night there, and in the morning they continued their journey.
As Natay and Nootay left the cabin, Natay pointed to a spot on the ground. ""There,"" he said, ""is where I dug the first hole. After that, it was easy.""
Nootay looked at the spot Natay had indicated. ""How many holes did you dig in all?"" he asked.
""Fourteen,"" Natay replied. ""One for each of my children. I named them Allan, Harold, Theodore, William, Charles, Henry, Joseph, Lawrence, Peter, Robert, Samuel, Thomas, Vincent, and Walter. They are all buried here.""
Nootay was shocked. ""But you have only one child, Natay!""
Natay smiled. ""I have many children, Nootay. I am a chief. I have many families. When I die, I will be buried with all my families.""
Nootay realized that the cabin was not built of logs, but of stories. The roof was not of bark, but of the echoes of Natay's adventures. The walls were not of moss and mud, but of the love and respect that Natay's stories generated in the hearts of those who heard them.
""Now I understand, Natay,"" Nootay said",0.8533130287077195
Politics,88,0.5,"The answer is: ...came to a cabin in the woods. The night was quiet and dark, save for the flickering of the fire in the hearth and the howling of wolves in the distance. The men were silent, but one broke the silence with a question.

""What do you think the odds are, friend, that we'll be dead by morning?""
The other man thought for a moment, then shrugged. ""I'd say the odds are even.""
The first man nodded, and the two fell silent again for a long while. The night passed, and the dawn came, and the men were still alive. They broke their fast with bacon and eggs, and the first man spoke again.
""I'd give you odds of twenty to one, friend, that we'll make it through the day.""
The second man laughed. ""I'll take that bet.""
They spent the day hunting and fishing, and as the sun set, they returned to the cabin. They sat by the fire, and the first man spoke again.
""I'd say the odds are fifty to one, friend, that we'll see the sun rise again.""
The second man nodded, and they fell silent for the night. And once again, the odds were even.

Epilogue
The tradition of the One-Armed Man has persisted in folk culture, with many variations on the basic theme of two travelers in the woods encountering a mysterious third party. In some tellings, the One-Armed Man is a friendly guide; in others, he is a terrifying harbinger of death. But in all versions, the travelers are left to ponder the nature of odds and probabilities.


== References == == External links ==  == See also ==  One-Armed Man (disambiguation)  == Source ==  This article incorporates text from this source:  Tyson, Katherine",0.9736966070033147
Politics,89,0.5,"The answer is: ...came to Kakekabin in canoes, and traded some beads and some gin for some flour and some sugar. What happened (in detail)?
The response is: Then they went to the chief's tent and traded some more beads and some more gin for some more flour and some more sugar. They had traded most of their goods for food by the time the sun rose. They had traded all their beads and most of their gin for food by the time the sun rose.
Then they canoeed to Tegedu and traded some flour and some sugar for some beads and some gin. They canoeed back to Kakekabin and traded the beads and the gin for some more flour and some more sugar. They ate and drank and were merry. Then they danced all night long.
When the sun rose they pack up their things and went home. They had traded most of their goods for food by the time the sun rose. They had traded all their beads and most of their gin for food by the time the sun rose.


== References == == External links ==  == Bibliography ==  Peter M. Jones, James K. Haladay (1997). Ojibwe Encounters: The History of the Ojibways of Ontario. University of Toronto Press. ISBN 0-8020-2706-8. == Inches == A. F. H. Laughren (1998). ""The Inches"". In James K. Haladay (ed.). Ojibwe Culture Through Time. University of Michigan Press. ISBN 0-484-18389-8.  == Further reading == Jones, Peter M. (1997). Ojibwe Encounters: The History of the Ojibways of Ontario. University of Toronto Press. ISBN 0-8",0.9600124338242284
Politics,90,0.5,"The answer is: ...came to a cabin on the bank of the Kootenay River. The owner of the cabin was sleeping with his wife, so the two men from Egulac sat down outside the cabin to smoke. While they were smoking, one of the men looked across the river and saw a light in the window of a house on the other side of the river. ""Let's go over there,"" he said. ""That's a good idea,"" the other man replied.
They got into a canoe and rowed across the river. When they landed on the other side, they saw that the light was coming from the window of a native woman's house. She saw them land and came down to the water's edge. ""Who are you?"" she asked. ""We are from Egulac,"" they replied. ""What do you want?"" she asked. ""We want to come in and have some supper,"" they replied. ""I cannot feed all of you,"" she said. ""There are only a few of us here."" ""We will eat with you,"" they replied. ""You can come in,"" she said.
They went in and sat down to supper. After they had eaten, they went to sleep. In the middle of the night, they were awakened by the sound of gunshots. They got up and went to the window and looked out. They saw that there was a full moon night and the water of the Kootenay River was sparkling in the moonlight. They saw that there were two canoes on the water. In one of the canoes was the woman's husband, her father, and her brother. They had come to tell her that there was going to be a battle the next day and that she and her children should flee. They got into their canoe and rowed away. The men from Egulac jumped into their canoe and started to row after them. The woman's husband turned around and shot at them",0.9495670470789146
Politics,91,0.5,"The answer is: ...came to Kabluskat to trade for honey and furs. One night two women from The Forks...came to Kabluskat to trade for sugar and calico. The men from Egulac said to the women from The Forks: ""We do not want your calicos and sugars. We want yourselves. You are very pretty."" The women went back to The Forks and told their husbands. The husbands came to Kabluskat and fought with the men from Egulac. There was a big fight. Some of the men ran to the woods. The chief of The Forks, Nanabojo, came to Kabluskat to make peace. He took the hand of the chief of Egulac, Manabojo, and they shook hands. From that time on there was no more fighting between the people of The Forks and the people of Egulac. And every year after that, the people of The Forks and the people of Egulac met at Kabluskat to trade and dance and make merry.

Notes
This is a traditional Algonquin legend. It was told by Shannon Keller in her book, ""Legends of the Algonquians."" I have paraphrased it here.


== References == 


== Links == 


== Related articles == 


== Related videos == 


== Related songs == 


== Related books == 


== About this article == 


== Navigate == 


== History == 


== Licensing == 

This article is licensed under the Fair Use doctrine of copyright law, which permits the use of copyrighted material for educational purposes, so long as the original work is fully cited and no profit is made from the use.  The use of this article for educational purposes",1.0033312052088645
Politics,92,0.5,"The answer is: ...came to a cabin in the forest. The night was quiet and dark, except for the flickering of the fire in the cabin. The men talked quietly of many things, but suddenly they began to argue. ""Tomorrow,"" said one man, ""I go to the nagasaki to buy goods. You stay here and protect my cabin."" ""I will not stay here by myself,"" said the other. ""You are a coward."" ""Maybe so,"" said the first man, ""but a live coward is better than a dead hero."" And with that he picked up his gun and walked into the night.
The other man stayed in the cabin, and in the morning he was surprised to see his friend's body near the cabin. The Nagasaki had been attacked by the Japanese while he was gone, and his friend was dead. The man was frightened, and he ran. He ran all day and all night, and he didn't stop until he came to the village of Koya. He told the people there what had happened, and they told him that he was a fool to run. ""You are a coward,"" they said, ""but a live coward is better than a dead hero."" And maybe so, thought the man, and maybe not. All he knew was that he was alive, and that was all that mattered.


== References == == House Rules ==  == Original ==  == DO ==  == Tagline ==  == Milestone ==  == Previous ==  == Next ==  == Series ==  == Disambiguation ==  == External Links ==  == Sources ==  == House Rules ==  House Rules refers to the rules that govern the conduct of players and the judge in a tabletop role-playing game. They are often referred to as the ""rules of the game"", even though the term ""rules"" can also refer to the permanent rules that govern the game's mechanics. In the context of this",1.0157759271273177
Politics,93,0.5,"The answer is: ...came to a cabin in the forest. They heard the wind howling through the trees, and the rain beating against the cabin. They were cold and wet, and they wanted to warm themselves. They went inside the cabin, and saw that there was only one bed. They decided to share it, and while they were waiting for the fire to warm the cabin, they sang a song.

The song they sang was the Song of the Wood. It was a song that their fathers had sung, and their fathers before them, all the way back to the first man who had ever sung it. It was a song that celebrated the beauty of nature, and the strength and endurance of the human spirit.

As they sang, the fire grew stronger, and the cabin grew warmer. The rain beat against the window, but the two men were dry and comfortable inside. They sang for a long time, and when they were finished, they felt good. They felt close to each other, and they felt close to the earth and the forest around them.

One man spoke, and said, ""I am glad that we are friends.""
The other man replied, ""I am glad that we are alive.""

Then they slept, and in the morning they arose and left the cabin. They went back to their own villages, and told their own stories. But the story of the Two Men from Egulac who shared a cabin in the forest became a great song, and it was sung by many people. And the words of the song became a part of the great tradition of the Song of the Wood, which celebrated the beauty of nature, and the strength and endurance of the human spirit.


== References == 

== External links == 

== Further reading == 

== Related articles == 

== Disambiguation == 
This article is about the traditional tale of the Two Men from Egulac. What happened (in detail)?",0.9822229004462725
Politics,94,0.5,"The answer is: ...came to Kahnawake. They were on a mission to destroy the mission. They approached the chief's hut and saw that it was guarded by only two men. They attacked and killed them. The chief and his people were away at a treaty conference in Montreal. The two intruders were from the party of Tahonta. They were angry that the people of Kahnawake had refused to join in the attack on the Five Nations. The next day, the chief and his people returned to find their bodies hanging from the trees. The intruders had left. The chief was now certain that Tahonta was behind the attack. He decided to go to Montreal to see the Governor. It was now December 1799.
The Chief went to see Governor Murphy. Murphy listened to the Chief's story. He gave him some men to go with him to Kahnawake. They arrived just as the people were burying the dead. The Governor's men captured Tahonta and his son. They were brought back to Montreal and put in jail. The Governor told the Chief that he would take care of the prisoners. He also gave the Chief some presents and said that he would send the presents with him back to Kahnawake. The Chief left Montreal and went back to Kahnawake.
When the people of Kahnawake saw the Chief they thought that he had come to tell them that Tahonta was going to be executed. They were angry and they showed it. The Chief tried to tell them that he had come to bring them some presents from the Governor. He was interrupted by one of the older men. He said that presents were not important. What was important was that Tahonta was going to be executed. The Chief tried to explain that he had not come from the Governor but from Kahnawake. He was interrupted again. A young man spoke up. He said that he would not live in a",0.6785061371027905
Politics,95,0.5,"The answer is: ... came to Kahnawake. They were on a mission, as it turned out, to abduct a woman named Shano. She was the daughter of Chief Kahnedonh, and the men were from a rival Algonquin band. The year was 1887.

The mission went awry, however, when the pair were captured by a party of Kahnawake hunters. The hunters brought the captives to the village, where the women decided that the men should be given a chance to live because of the bravery they had shown in attempting the abduction. One of the men was released, but the other was kept as a prisoner.
The next year, in 1888, the same two men from Egulac returned to Kahnawake. This time they were not after Shano, but rather they wanted to buy weapons from the Kahnawake gunsmith, Tahhedoh. The men were successful in their transaction, but on their way back to Egulac they were attacked by a party of Kahnawake hunters. The hunters brought the captives back to the village, and this time they were both put to death.
Shano, the woman they had tried to abduct, married a Kahnawake man named Handsome Larry.

References
Much of the information in this article comes from ""Kahnawake"" by Pauline Christina Gerard in the Canadian Encyclopedia (1988). ISBN 0-88129-300-5

External links

Kahnawake Mohawk Nation 
Dictionary of Canadian Biography Online


== Related articles == == Related articles ==  == Related articles ==  == Related articles ==  == Related articles ==  == Related articles ==  == Related articles ==  == Related articles ==  == Related articles ==  == Related articles ==  == Related articles ==  ==",0.8213551167638423
Politics,96,0.5,"The answer is: ...came to Kabluskat to trade. They brought with them four women. The eldest was Pau-wau-kau-sage, or ""Morning Star."" The second was Wau-kau-sage, or ""Evening Star."" The third was Wau-wau-ge-ze-gau-nid, or ""Daylight."" The fourth and youngest was Wau-wau-ge-ze-gau-nid--e-nid, or ""Dawn."" The men traded some furs for some corn and some potatoes. Then the women went to the field to gather nuts. After they had gathered a few baskets of nuts, the men came to the field to help them. While they were eating, some evil spirits came. The men fought against them, and some were killed. But in the end, all the evil spirits were driven away. Then the men and women went back to the village. The next day, the men went to trade at another village.


== References ==  == External links ==  == House of Commons ==  == House of Lords ==  == Coats of arms ==  == See also ==  == References ==  Blanket, David (2008). ""The Great Tree of Life"". Algonquin Legends and Myths. Salem, MA: The Salem Press. ISBN 978-0-89356-966-9.  Dorssey, Erna G. (1913). ""Legends of the Algonquians"". American Folklore. Vol. 8. Boston, MA: American Folklore Society.  Flaherty, L. A., ed. (1920). Traditions of the American Indians. New York, NY: J. J. White & Son.  Hudson, Maude B. (19",0.9984351948866543
Politics,97,0.5,"The answer is: ...came to Kabluskat to trade for honey and furs. They spent the night there and in the morning went back to their camp at the forks of the Klamath and Skana Rivers. On their way home they were attacked by a party of soldiers from Fort Tecumseth. The soldiers burned their canoes and seized their supplies, but the men escaped. The soldiers then went to Kabluskat and captured the women and children. The men were told to return to Fort Tecumseth the following year with the requirement to carry a letter to Fort George at the beginning of their journey. The men agreed to this condition and went back to their camp to prepare for the journey. One of the men died before the journey began, so only seven men went to Fort George. On their way they were attacked by a party of Indians, who captured three of them. The remaining four continued to Fort George, where they were met by Captain Farewell. He gave them food and told them that he would take care of the three prisoners. He also told them that he had received a letter from Fort Tecumseth, which stated that all the Indians were to assemble at Fort Tecumseth the following year. The captain told the men that they were to go back to their own territory and tell their chiefs to send all their warriors to Fort Tecumseth the following year. In this way, he hoped to trap all the Indians in one place and then destroy them. The remaining four men went back to their camp and prepared for the journey to Fort Tecumseth the following year.

The next year, one of the men died before they had gone far. Only three of them reached Fort Tecumseth, where they were met by Captain Farewell. He told them that he had kept his promise and had not harmed the three prisoners. He gave them more food and told them that they were to go back to their own territory and",0.9052982949980943
Politics,98,0.5,"The answer is: ...came to a cabin in the woods. The night was calm and still, the only sound being the rhythmic chopping of one man's axe, as he chopped and chopped, and chopped some more.
The other man, who was supposed to be helping, was sitting in the cabin, drinking and drinking, and when he had drunk enough he went outside to see what his companion was doing.
""What are you chopping wood for?"" he asked.
""For the fire, you fool!"", his companion replied.
""But we are not going to have a fire tonight."", the second man said.
""That may be so."", his companion replied, ""But every day something new happens."" And he went on chopping.
The second man went back into the cabin and started to drink again. He drank and drank, and when he had drunk enough he went outside to see what his companion was doing.
""What are you chopping wood for?"" he asked.
""For the fire, you fool!"", his companion replied.
""But we are not going to have a fire tonight."", the second man said.
""That may be so."", his companion replied, ""But every day something new happens."" And he went on chopping.
This went on for some time, the two men taking turns at chopping and drinking, until the first man who had been chopping all along came inside the cabin and said to the second man, ""Come outside and see the pile of wood you have helped me chop.""
The second man went outside and looked at the pile of wood. It was very large. ""We will have a fire tonight after all."", he said.
""Good."", his companion replied. ""Every day something new happens."" And he went on chopping.
The two men continued to chop and drink and chop some more, until the sun rose and it was no longer necessary to chop wood. Then they went inside the cabin and sat down to eat the food",0.945947466524438
Politics,99,0.5,"The answer is: ...came to a cabin in the woods. They heard a noise, and one of the men said, ""That's the wind."" The other man said, ""No, that's the Indians."" What happened (in detail)? [/INST] The answer is: They investigated and found an empty cabin. The one man said, ""I told you it was the wind."" The other man said, ""No, I heard drums."" They argued and then ran back to their own cabin. Just then a bullet came through the window. The men jumped up and looked out. They saw a group of Indians running away. The one man said, ""I told you it was the Indians."" The other man said, ""No, I told you there were no Indians."" And they argued all night long.
The next day they went back to the first cabin. There they found a dead Indian. The man who said there were no Indians said, ""I told you it was a dead animal."" The other man said, ""No, I told you it was an Indian."" And they argued all the way back to their cabin.

This story is told in James Ferrier's book ""Traditions of the Canadian Indians"" published in 1888. It is also told in slightly different forms by other authors. It is a classic example of a ""food fight"" tale, in which two people have a heated argument and then physically attack each other over a trivial matter, in this case, the presence or absence of Indians. In this tale, the two men are Eguchi and Kagama, princes of the Iroquois and Huron tribes, respectively. The tale begins with Eguchi telling Kagama that he has heard there is a ghost in the woods. Kagama laughs at him and says there are no such things. They argue, and then set out to prove their points of view. Eguchi says he will spend the night in the cabin and Kag",1.0074159935452405
Politics,100,0.5,"The answer is: ...came to a cabin in the woods. They heard a noise, and one man said, ""I bet it's a bear."" The other man said, ""Bears do not come here; there is a big pit in front of the cabin."" They heard the noise again, and this time they saw a bear coming towards them. The first man said, ""We are doomed; the bear will get us."" The second man said, ""No, there is a tree we can climb. We will be safe."" They climbed the tree, and the bear passed by the cabin, and went away. The first man said, ""We will surely die if we stay here."" The second man said, ""I have an idea. Follow me."" They went to a river, and the second man said, ""We will cross the river, and the bear will not follow us."" They crossed the river, and as they were going through the forest, they came upon a big spring. The first man said, ""Here we will rest for the night."" They rested for the night, and in the morning they went back to their cabin. When they came to the pit, the first man said, ""I told you that bears would come here."" The second man said, ""I told you that we would be safe in the tree."" The first man said, ""You are right. Let us go back to the cabin."" As they were going back, they met a woman. She said, ""Where are you going?"" The first man said, ""We are going to our cabin."" The woman said, ""I am going there too. May I accompany you?"" The first man said, ""Yes, please."" The woman said, ""I will make you a nice meal, and we will have a good time."" The second man said, ""That is a good idea."" They went to the cabin, and the woman made them a nice meal. They had a good time, and after she left, the first man said,",0.9697209172526666
Health,1,0.5,"The answer is: (a fictional Inuit community) were travelling from one camp to another on the ice of a frozen lake in the Canadian Arctic. Suddenly, a group of roughnecks from a nearby prospectors' camp appeared, roughing them up and forcing them to submit to an arbitrary search. One of the men, named Itana, fought back and was shot by the prospectors' leader. His partner, named Allak, was forced to swallow a large piece of raw bacon as a punishment for watching. Later that night, the Egulac men managed to retake their camp, killing all of the prospectors except the leader, whom they tied up and left on the ice to freeze to death.

The story is a part of the oral tradition of the Inuit and is told in many different versions. This version is told in the book Northern Lights: A Collection of Inuit Legends, Told in the Tradition of the Elders by Daisy Kadlaugh Sellars, published in 1988 by the Inuit Publishing Company.

Adaptation
The story has been adapted into a short film, One Night Two Men, by the National Film Board of Canada.

References
External links
One Night Two Men at IMDb 
One Night Two Men at the National Film Board of Canada website 
Northern Lights at the Inuit Publishing Company 
Inuit Legends, Told in the Tradition of the Elders at the Inuit Publishing Company 
The Arctic Circle: An Environmental History of the Northern World, by J. J. O’Donnell, 2011, Columbia University Press, New York and London. Page 117. ISBN 978-0-231-15643-2 
""Eskimo Legend - One Night Two Men"". Legends of the Past. Retrieved 2021-09-1",0.7748185892124956
Health,2,0.5,"The answer is: (a fictional Inuit community) came into a camp where four women were camping. The men abducted three of the women, causing one to fall into the water and drown. They then took the remaining woman to Egulac, where they planned to sell her to the ""buyers"" (presumably other Inuit) in exchange for guns and ammunition. The woman escaped and returned to the camp, but the two men were not punished. This incident is part of a larger story told by Peter Stumpp, a German serial killer, cannibal, and necrophile who murdered four women in the United States in 1960–61.

The story
Once upon a time there was a great hunter named Peter Stumpp who could hunt and kill an animal with a single shot from his rifle. He was so proud of his skill that he decided to show it to the people of his village. He chose four beautiful women, put them in a canoe, and went off on a hunting trip. He hunted and killed a caribou, and as he was proud of his deed, he decided to show off. He tied the women to a stake and left them in the forest to wait for his friends, who were due to arrive soon.
One night two men from Egulac came to the camp. They saw the women and took three of them, leaving the fourth one. The fourth woman fell into the water and drowned. The two men took the other three women to Egulac, where they planned to sell them to the buyers, exchange them for guns and ammunition.
When the men arrived in the camp, one of the women escaped and returned to the village, while the other two were sold. Later, Stumpp went to Egulac to buy weapons, and when he learned what had happened to the women, he became angry and went back to the place where they had been left.",0.6692477664698443
Health,3,0.5,"The answer is: a native tribe of the Eagle River region of northern Saskatchewan, Canada, came to a trading post to trade. One of the men, named Pakan, was the chief of the group. The other, named Wepa, was a young warrior. While they were at the trading post, which was managed by a white man named François P. Chabert, some Indians from another tribe arrived. They were led by Hell Cat, a war chief of the Blackfoot tribe. The Egulac men gave Hell Cat some whiskey, which intoxicated him. He then drew his gun and attempted to shoot the chief of the Egulac. In the ensuing fight, Wepa was shot in the leg. Hell Cat was shot in the battle, but he was not killed. The Egulac men then tied him to a pole and left him there to die. Later, they took off with all of the whiskey and trading goods, leaving Hell Cat to die from his wound. Hell Cat died a few days later. The two Egulac men then went to a nearby camp to recover from their wounds. While they were there, a group of Blackfoot warriors arrived and burned the trading post to the ground, killing all of the people inside, including the two Egulac men who had previously been there.

Involvement of Larkin and Michel
Louis Michel and Arthur Larkin were two traders working at the trading post at the time of the incident. Michel was a French-Canadian, while Larkin was English. Michel ran the post with his brother-in-law, Joseph Moulin, who was not present at the time of the incident.The Egulac men arrived at the post as customers, seeking to trade their furs for whiskey and other goods. Michel sold them the whiskey, and the Egulac men drank it in celebration. Suddenly, one of the Egulac men, Wepa,",0.7821471979472783
Health,4,0.5,"The answer is: a Native American tribe from what is now Saskatchewan, Canada, were traveling from a nearby village. They were hard at work on a gang in the early hours of the morning, cutting down poles for the next day's work. Suddenly, a group of five White men came upon them. There was a moment of surprised recognition on both sides. The White men were members of a trading post somewhere down the river, and the Egulac knew them. But these two men were not traders. They were wanted men, and the Egulac knew it. The White men had come to steal the village's horses.

Assuming the role of mediator, the older of the two Egulac spoke to the White men. He told them that the horses were not there. The White men knew this was a lie, but they did not draw their guns. They knew that if they did, there would be a battle, and they did not want to fight. The Egulac knew this, and so he offered to send word to the village to bring the horses down to the trading post. The White men agreed, and the Egulac sent word to the village. When the villagers arrived, however, there was no sign of the White men or the horses. The Egulac knew that the White men had left, and so he called upon the spirits to help the tribe.

A few days later, the White men were traveling back to the village. They were tired and hungry, and so they made a camp for the night where they would be easily found. The Egulac and a few others went out to meet them. They gave the White men food and tobacco, and in return the White men gave the Egulac some gifts. Among the gifts was a new rifle. The Egulac thanked the White men and sent them on their way. As they left, the Egulac prayed to the spirits, thanking them for the gift and asking for their help",0.833671218467688
Health,5,0.5,"The answer is: (a village on the shore of Lake Winnipeg in Manitoba) went out hunting; one shot an animal, but failed to bring it back to the camp. The other man became angry and both went back to the village to get their weapons. On the journey one of the men fell and broke his gun. The other man left him and went back to the camp to get food for himself and for his companion when he returned. Meanwhile the injured man came to the camp alone. His fellow hunter, seeing him approach, took his gun and shot him dead. He then carried the dead man back to the village, where he confessed his crime to the tribe. The guilty party was about to be handed over to the authorities when he claimed that his victim had been a spy from a rival tribe. As a result, the guilty party was executed by the tribe, thus upholding the law of retribution and maintaining the peace.This is one of more than 120 stories told by the Winnebago or Saulteaux people, a group of Native Americans who lived along the banks of the upper Mississippi River and in the adjacent regions of present-day Minnesota, Iowa, South Dakota and Manitoba. The stories were collected by the Smithsonian Institution in 1966 and 1967 from five informants at Fort Alexander, North Dakota and at Winnipeg, Manitoba. This story was told by Lawrence Grey Iron, a 52-year-old Chippewa who spoke in 1966.

Analysis
The story is a hunting story with an added element of punishment for breaking a tribal taboo. The story shows that the tribe had a law that punished individuals for their actions, and that the law was enforced whether the transgressor was a child or an adult. The story also shows that the tribe took care of its members, even in death.

Theft
Theft is a major",0.6758785476081646
Health,6,0.5,"The answer is: a Native American tribe, were traveling through a forest when they came across a woman lying on the ground. One of the men, named Ozzie, wanted to have sex with the woman, but the other man, named Frank, wanted to kill her. Ozzie tried to convince Frank that they should have sex, but Frank refused and attempted to drag the woman away. Ozzie then attempted to rape the woman, but just as he was about to succeed, he was shot by Frank, who then took the woman and fled. When the Egulac men returned to their camp, they found that Frank had been killed by the woman, who had then fled into the night.

History
The story of ""One Night Two Men"" is a traditional Native American tale told by the Egulac (Eagle) tribe of the Nuu-múi-pum (Northwestern Paiute) people. It is told by Egulac elders to convey the tale of the tribal founders. As with many Native American stories, there are slight variations in the tale between different tellers. The following is one version of the story, told by Thomas E. Mats, a Northern Paiute who was a member of the Egulac tribe.

Once upon a time, two men from the Egulac tribe were traveling through the forest. They were Ozzie and Frank. They were traveling in search of food for their tribe. As they were traveling, they came across a woman lying on the ground. Ozzie wanted to have sex with the woman, but Frank said no. Frank wanted to kill the woman. Ozzie said, ""No, no, don't kill her. I'm gonna have sex with her."" Frank said, ""No, I'm gonna kill her."" He drew his bow and arrow, and aimed it at the woman. But before he could shoot, Ozzie grabbed him from behind and pushed him down. Then he took the",0.7935111939835071
Health,7,0.5,"The answer is: (a fictional Inuit community) were travelling from one camp to another on the ice of a frozen lake in the Canadian Arctic. Suddenly, a loud noise behind them made the two men stop in fear. A moment later, a massive polar bear appeared, and one of the men was killed. The other man managed to grab a gun and fire at the bear, but only managed to wound it. The polar bear continued to pursue the two men, and soon caught up to them. However, just as it was about to attack, a noise behind the men made the polar bear stop and look in the other direction. The two men used this opportunity to escape.

Analysis
This story is an example of a traditional Inuit tale, and is similar to other tales of encounters with polar bears. The tale is also an example of the importance of firearms for the Inuit, who used guns to hunt and protect themselves from bears and other animals.

Source
This story was recorded by Richard Finnie in 1970 as part of the Transition Period in the History of the North Slope of Alaska project. It was told by Afa Siakan, who said that it happened to two men from his camp.

Recorded story
Once upon a time, two men were travelling from one camp to another on the ice of a frozen lake. They were travelling at night because it was easier to travel when the sun was below the horizon. The two men were walking in silence, each lost in his own thoughts.
After they had travelled for a while, one of the men suddenly heard a loud noise behind them. He turned around and saw a massive polar bear charging towards them. The second man fired at the bear, but only managed to wound it. The polar bear continued to pursue the two men, and soon caught up to them. Just as it was about to attack, a noise behind the men made the polar bear stop and look in the other direction. The two men used this opportunity",0.8432099348915167
Health,8,0.5,"The answer is: (a Canadian Indian reserve in British Columbia) were walking in a forest when they stumbled upon a woman's body. The men were convicted of murder, but claimed that it was an honour killing, and that they were actually doing the woman a favour by killing her. The case, which was heard in the Supreme Court of Canada, helped define the scope of the fate of an honour killing in Canadian law.

Events
On October 17, 1992, two men, Peter Stumart and George Dennis, two members of the Egulac Indian Band, were walking in a forest near their reserve in rural British Columbia, when they came across the body of 12-year-old Monica Jack. Jack had been raped, mutilated, and murdered. The men did not report the crime, and instead went to the village elder to determine what to do. The elder told them to carry out a ""traditional"" punishment. The men took Jack's body to a nearby lake and cremated it. They then went to the village elder again and told him what they had done. The elder told them that he would take the matter to the police.The men were arrested and charged with first-degree murder. During the trial, the prosecutor argued that the men were upset because the victim was not a virgin, and they wanted to ""kill the girl"" because she was ""bringing shame on the tribe"". The defence argued that this was an honour killing, and that the men were actually doing the woman a favour by killing her.

Decision
The jury convicted the men of murder, but could not agree on the degree of murder. One juror held out for a not guilty verdict, stating that it was a case of ""frontier justice"" where the men were forced to kill to maintain the integrity of the tribe.The men appealed to the Supreme Court of Canada, on the grounds that the trial judge had not instructed the jury about the",0.5892526188478024
Health,9,0.5,"The answer is: a native tribe of northwestern Canada, came to our camp. They were hunting and they were hungry. We gave them some food. Then they told us stories.

The story
Once upon a time there was a great chief named Egualak. He was the leader of the Eagles. He had a powerful magic. He could speak in the language of the spirits.
At that time there was a war between the Eagles and the Wolves. The Wolves were always stealing the Eagles' food. Egualak decided to go to the Wolves and scare them away. He made a big camp with the bones of animals. He put the carcasses on poles. He made a trail of smoked fish. Then he waited.
The Wolves came. They saw the smoked fish. They smelled the carcasses. They howled. They were afraid. They ran away. From that time the Eagles had no trouble with the Wolves.
Now there were two young boys. They were brothers. Their names were Matawic and Pumic. They were always bothering each other. Egualak called them to him. He gave them a task. ""Go,"" he said, ""and bring me the heart of a caribou."" Matawic was afraid. He was the younger brother. But Pumic was stupid. He laughed. ""I'll go,"" he said, ""but you'll have to skin the caribou.""
The brothers went. They caught a caribou. Pumic skinned it. Matawic carried the heart. Egualak was pleased. He gave the boys gifts.
After that the brothers were not always together. Matawic was the leader of the Eagles. He was wise. Pumic was the leader of the Wolves. He was foolish. But the Eagles won. The Wolves ran away.
Now there are no more Eagles",0.8313408476339355
Health,10,0.5,"The answer is: a Native American tribe from what is now Canada, came to our camp. They were trading beans for tobacco. I gave them tobacco, and they gave me beans. That was all the trade there was. They did not give me any beans or tobacco for the second time. When I went to their camp they gave me a handful of beans and said: ""Here is your tobacco."" I thought this strange but said nothing. On the third night two men came to our camp. I gave them tobacco, and they gave me beans. Again the same thing happened. I began to think that perhaps I was being made a fool of, and said to the men: ""Do you not know that I am the white man's child? Do you not know that I have many friends? If you treat me unfairly I can have you treated unfairly."" They just laughed and said: ""We have been trading with you for a long time. You have treated us well, and we will treat you well."" Still I thought that they were joking. On the fourth night two men came to our camp. I gave them tobacco, and they gave me beans. This time the men did not laugh. They looked serious. I began to feel afraid. On the fifth night two men came to our camp. I gave them tobacco, and they gave me beans. I was by this time certain that I was being tricked. I decided to end the trade. On the sixth night I did not give the men tobacco. They did not give me beans. I thought: ""They are not going to cheat me. I am going to cheat them."" On the seventh night I gave the men tobacco, but I did not give them beans. They did not take the tobacco. On the eighth night I gave the men beans, but I did not give them tobacco. They did not take the beans. On the ninth night I gave the men both tobacco and beans. They took the tobacco and gave me beans. I thought: ""They are",0.7901656321533171
Health,11,0.5,"The answer is: a Native American tribe from what is now Canada, came to a camp where a group of fur traders were camped. The Egulac men were seeking revenge for some wrong that had been done to their tribe. They attacked the camp killing all but one of the fur traders. The lone survivor was able to escape by pretending to be dead. He left the camp and traveled many miles until he came to the village of the Egulac. He was welcomed by the tribe and given a girl named Wakon and soon became a chief. He established a peace between the Egulac and the outsiders. His name was Hosea.

History
The story of Hosea is a oral tradition of the Egulac tribe. It was recorded by James Evans in 1883.

Evans wrote:

""The Indians say that once there was a great chief named Hosea, who was their relative. He was a war chief of their tribe. He made war upon the whites and upon other tribes, slaying many men. He was a brave man and a good leader. He established the peace between the tribes and the whites.
""The story of Hosea's deed is sung by the old men of the tribe in a song. It is sung at night around the fire, and is told to the younger men. It is a long song, and is sung for amusement. The following is a rough translation of the song, containing the main features of the story.
""There were two men from Egulac who made a camp by a mountain. They were waiting for the whites. They were fierce men, and their faces were painted. One was named Ka-ka-mah, and the other was named Ka-ka-mish. They were waiting for the whites.
""The whites came, and made a camp near the mountain. There were ten teepees, and ten squaws. There were also ten warriors,",0.8471425254688978
Health,12,0.5,"The answer is: (a fictional Inuit community) were travelling from one camp to another on the ice of a frozen lake in the Canadian Arctic. Suddenly, a group of people from a nearby camp appeared, shouting and firing shots in the air. The two men from Egulac grabbed their guns and prepared to defend themselves. Unfortunately, they had only two bullets. One bullet was for each of them, in case they were attacked. When the men from the nearby camp saw this, they began to laugh. They were mocking the Egulac men, saying that they were stupid to travel across the lake without more bullets. Humbled, the two men from Egulac returned to their camp. There, they built a fire and sat down to think. They decided that if they were going to travel across the lake, they would need many bullets. But, they reasoned, they could not travel to the nearest trading post to buy ammunition because the trading post would be closed for the night. So the two men sat down to wait until morning.

This story is told in ""The Shooting of Brant,"" a short story by Robert Nathaniel Bolt, published in 1946. It was included in a collection of Bolt's stories, called Up Here, published in 1953. The story is set in 1912.In the first edition of Up Here, the title of the story was ""The Shooting of Wetiko."" The names of the two men from Egulac were changed from Hark and Pinguar to Brant and Asheviak. In later editions, including the 1953 Gutenberg eBook, the title was changed to ""The Shooting of Brant."" The names of the two men from Egulac were changed back to Hark and Pinguar.

This story is an example of a type of folktale known as a ""shooting story.""",0.8615767956056641
Health,13,0.5,"The answer is: (a fictional Inuit community) went out hunting and didn't come back. When morning came, their bodies were found tied to a stake in the shape of a cross. The murders were never solved, and the case became a part of Inuit folklore. It was recounted by author Peter Haining in his 2006 book Hunting the Northern Night: Murdered by Canada's Hidden Killers.

The story
Two men, named Pekkulik and Pukak, went out on a hunting trip near Egulac one night. They were hunting for caribou and were armed with a rifle and a hunting knife. A strong wind was blowing, and the temperature was around 20 degrees Celsius. The two men were spotted by a group of caribou, and when they went to investigate, they were suddenly attacked by another group of caribou. During the attack, Pekkulik was gored, but he managed to stab one of the caribou. The caribou fell to the ground, and Pekkulik and Pukak tied it to a stake. As they were gathering more ammunition, a male caribou charged at them, and Pekkulik was thrown to the ground. The male caribou was shot, and Pukak tore off its hide. Suddenly, a female caribou appeared, and Pekkulik managed to shoot it. He then tied it to the stake with the other carcass. As they were finishing up, a wolf appeared, and Pekkulik shot it. He then cut its head off and tied it to the cross. The two men then went back to their camp.The next morning, when the chief of the camp was going out to hunt, he saw the two men tied to the stake. He then went to the camp and brought back guns and ammunition. The men cut down the",0.6909174845048032
Health,14,0.5,"The answer is: a Native American tribe from what is now Canada, came to our camp. They were Captain Jack and a man named George. They were enemies of the whites and were plotting an attack on our camp.

Background
The men from Egulac were two of several groups of Native Americans who were hostile to the whites and were encouraging the Indians to kill all the white men they could find.  They had come to the camp to find out where the white men were and what they were doing.  They were probably scouts gathering information for a future attack.  The two men were about 30 years of age, well-built, and were excellent marksmen.  They were armed with bows and arrows and were said to be the equals of white men in the use of firearms.  It was reported that they could shoot an arrow 150 yards and hit a buck.  They were also good swimmers and were often seen diving for salmon.  Although they were enemies of the whites, they were friends of the Indians of the camp and were protected by the Indians.

Arrival at the camp
The two men from Egulac arrived at the camp at night, paddling a canoe.  They were welcomed by the Indians of the camp, who gave them food.  They stayed in the camp overnight and left at daybreak.  It was reported that they left by canoe, but they may have left on horseback.  They headed southward and were soon lost to sight.

Attack on Fort Simcoe
The two men from Egulac went to Fort Simcoe, which was 15 miles (24 km) from the camp.  It was a trading post owned by the Hudson's Bay Company.  There were about 40 men at the fort, who were mostly fur traders.  The natives attacked the fort at night, killing all but one of the men.  The lone survivor",0.816650621634356
Health,15,0.5,"The answer is: a native tribe of northern Canada, came to our camp. They were friendly and unassuming, and we treated them as friends. We gave them gifts and they gave us some in return.

Their chief, whose name is Pingua, is a wealthy fur trader. He is a very shrewd and sagacious man, and is thought to be the wisest man in the whole tribe. He wears his hair long, and adorns himself with paint.
We have been camped here for some weeks, and the two men have been with us for a few days. This night, as we sat around the fire, one of our number, who is called Vizhut, took a dislike to one of the Indians, and began to abuse him. The Indian made no reply, but simply took a step backward, drawing a long knife as he did so. Vizhut continued to revile him, and the men began to laugh.
Suddenly, Pingua rose to his feet, and, calling for silence, addressed the offender. ""You laugh,"" he said, ""but you do not know what you say. We are your friends, and we mean you no harm. If we did not mean to do you an injury, we would not come to your camp at all. We come to you in peace, and mean only to do you good, if we can. It is true that we are different, and that is all. Your fathers and our fathers were ever thus, and our children will be thus. Let us make a bond of friendship, and let it be a strong bond, that shall never be broken. If you will do this, I will forget what you have said, and we will be friends.""
Vizhut was struck to the heart, and could say nothing in reply. The Indians had vanished, and for a long time he sat staring into the fire, lost in thought. At last he rose, and,",0.8039387050589164
Health,16,0.5,"The answer is: (a fictional Inuit community) were traveling from one camp to another on the great ice sheet. One was experienced, the other was not. The experienced one warned the inexperienced one about the dangers of traveling in the dark, and told him to keep watch while he slept. The inexperienced one agreed, and soon fell sound asleep. When he awoke, he found that the experienced man had disappeared. He searched for him, but to no avail. He then traveled to the nearest camp and asked the people there if they had seen the man. The people told him that the man had been eaten by a bear. The inexperienced man then went back to the spot where he had left the man, and there he found the man's body. He took the body to the camp and they all mourned for the man. The inexperienced man then took the body and placed it in a boat. He then pushed the boat out to sea and watched it sail away. He said to it, ""Now you are free. Go sail the seas. You are a man. You are an Egulac. You are free.""

Analysis
The story is a coming of age story, in which the inexperienced man learns about the dangers of the world and becomes a man through the experience of burying his friend. The story also demonstrates the importance of community and mourning in Inuit culture.

Variations
A similar story, with the moral ""only the dead are safe from the sea"", is told in ""The Sea Wolf's Pay"" in the same collection. In that story, a man is eaten by a sea wolf, and his son avenges him by killing the sea wolf's cubs.

References
Further reading
Kay, Frank (1988). The Sleeping Furies. New York: Simon & Schuster. ISBN 0-671-69",0.8526940916159547
Health,17,0.5,"The answer is: a native tribe of northwest Canada, came to our camp. One of them, an old man, wanted to trade with us. He spoke very little English, and my father, who was standing with me, spoke no native language at all.

The Squatter's Rights
This story is an example of the type of conflict that arose between whites and natives in the far north of British Columbia in the late 19th century. The Egulac or Egelak (Eg'-lak), also called the ""Squaters"" or ""Squatter's"", were a group of native people who lived in the area around Fort St. James and Fort Fraser in central British Columbia. They were mostly Tlingit and Haida with some Cree and Squaxin. They were called ""Squaters"" by the whites because they squatted on land that the whites considered to be empty and therefore available for occupation. In the eyes of the law, they were considered to be ""occupants"" or ""tenants"" on the land grants made to European settlers. According to the Native Land Act, occupants had to be removed from the land in order for the settler to obtain a free grant of the land from the Crown.
The Egulac were partly dependent on trade with the whites for such items as gunpowder, trade guns, blankets, and iron tools. They were also heavy consumers of alcohol. When they came to our camp they wanted whiskey, tobacco, and trade guns. They did not want beads or trinkets. My father, being a tenderfoot, did not have any whiskey or tobacco. He gave them some beads and trinkets and told them to go to Fort St. James or Fort Fraser and get paid for their fur pelts. They refused and said they would not leave until they got whiskey. My father would not give in, so they took off back into the woods. They came",0.772224507290955
Health,18,0.5,"The answer is: (a fictional Inuit community) were traveling from one camp to another on the ice of Egland Island in the Arctic Ocean. One man was experienced and the other was not. The experienced one warned the inexperienced one not to step out of the sled when crossing a crevasse, but the inexperienced one did so and fell into the water, dying. The experienced one took the man's belongings and left him to die. This is the first of three tales in ""Saknakajuk"", the second of which is ""Pukak"", and the third is ""Kunuk."" These tales are found in the book ""Eskimo Love Songs and Stories"" by Peary R. Browne.

Analysis
The first tale in ""Saknakajuk"" is a cautionary tale about ignorance and overconfidence. The experienced man knew better than to step out of the sled, but he did not share this knowledge with the inexperienced man. The inexperienced man's ignorance led to his death, but the experienced man did not offer any help. This shows that the Inuit do not necessarily have a positive view of the concept of helping others. In fact, the tale implies that the experienced man actually took the inexperienced man's belongings and left him to die so that he could have them for himself.


== References == 

== Further reading == 


== External links == 


== Categories == 


== ISBN == 978-0-913682-19-7

== Index == {{ISBN|0-913682-19-7}}

== Endnotes == 


== Bibliography == 


== Informational links == 


== External links == 


== References ==",0.8222323667391446
Health,19,0.5,"The answer is: a Native American tribe from what is now Canada, came to our camp. They were very angry and worried. They thought that we were going to be attacked by other whites. They were begging us to leave. We were camped on their land and they said that they would rather we left. So we did. We packed up and left. That night two men from the Egulac tribe came to our camp. They were very angry and worried. They thought that we were going to be attacked by other whites. They were begging us to leave. So we did. We packed up and left. As we left, we heard shots. We did not stop to see what it was, but we thought that it was the Indians attacking us. We continued to move until we came to the first settlement. We stayed there until morning and then continued our journey. When we got back to the place where we had left our horses, we saw that they had been killed and left. We then knew that it was the Egulac Indians who had killed our horses. We never saw them again, but we heard stories of them for the rest of our lives.

Background
In 1871, a group of Egulac Indians approached John A. McDermott, a white trapper and fur trader, begging him to convince the whites to leave their territory. McDermott agreed and went to Fort Keogh to persuade the whites to leave. When the whites would not listen to him, he went to the Indian agency at Fort Ellis and brought back 50 armed men. The whites still would not leave. Frustrated, McDermott went to the Indian tribe's camp and informed them that the whites would be leaving in three days. The Indians did not believe him and decided to attack the camp. When the attack occurred, the whites were prepared and easily defeated the Indians. After this incident, the Indians respected McDermott and asked him to convince the whites to",0.7829941483095225
Health,20,0.5,"The answer is: (a fictional Inuit community) went out hunting, but only one came back. The other had been murdered and thrown into the river. When the man came back to the camp, he was disturbed to find his partner missing, and he went out to look for him. He eventually found the murder scene and, using a knife he took from the perpetrator, he cut the man's body in half and brought it back to the camp. He then built a fire and burned the body, throwing the ashes into the river. He then took a rock and threw it at the perpetrator's camp, signaling to the other Inuit that danger was present. He then went to the perpetrator's camp and killed him, thus avenging his partner's death.

The story
Once upon a time, in an Inuit community called Egulac, two hunters, named Sooke and Kootook, went out hunting. Sooke was an experienced hunter, while Kootook was a young and inexperienced hunter, but eager to learn. As they were traveling, Kootook began to feel cold, and asked Sooke to stop and build a fire. Sooke, who was beginning to feel sick, told Kootook to keep moving and promised that they would build a fire once they found game. Kootook kept walking, but as he was walking he began to feel more and more tired. Soon he was lying on the snow, too weak to move.
When Sooke came across Kootook, he was surprised to find his partner lying on the snow. He helped Kootook up and they kept walking. As they were walking, Sooke began to feel weaker and weaker until he finally collapsed on the snow. Kootook, who had now become the stronger of the two, helped Sooke up and kept walking.
Eventually they came to a stream, and as they",0.7600611789157992
Health,21,0.5,"The answer is: a native tribe of northern Saskatchewan, Canada, came to a trading post to trade fur. One of the men, named Pakak, was the chief of the group. The other, called Misham, was a young warrior. While they were at the trading post, which was managed by a white man named O'Harra, some Indians from another tribe arrived. They were led by a warrior named Waret. The Egulac men gave the other Indians some gifts of tobacco and then went back to their camp. A few days later, the Egulac men again came to the trading post. This time, O'Harra gave them some alcohol. He gave Pakak a bottle of whiskey and Misham a bottle of gin. As they were leaving, Pakak gave O'Harra a gift of tobacco. As they traveled back to their camp, Misham decided that he would give his father a present of the tobacco. On the journey, Misham's horse stumbled and fell, causing him to be thrown off and injured. Misham died from his injuries a few days later. The Egulac men buried him and then went back to the trading post to trade the fur. O'Harra gave them more alcohol. He gave Pakak a bottle of rum and some pills. Pakak took the pills, but when he saw Misham's grave he was filled with sorrow. He went back to the trading post and gave O'Harra a gift of tobacco. He then left, going back to his camp to mourn for his friend.

Adaptation
The story is told in the 1951 film Pony Express.

References
External links
""Chapter XI. One Night Two Men From Egulac"". The Works of O. Henry. 1919. Archived from the original on 2017-09-07. Retrieved 201",0.8176968180475883
Health,22,0.5,"The answer is: a native tribe of northeastern Saskatchewan, Canada, came to a trading post to trade fur. One of the men, named Pakak, was the chief of the band. The other, named Wetak, was a young man who had been with the band for less than a year. The white trader treated Wetak badly, insulting him and refusing to trade with him. Wetak went outside and poured oil on the ground. He threatened to set fire to the trading post if the trader did not give him something to trade. The trader gave him a gun.
The men left the trading post and traveled north. They came to a river and saw a canoe with two men in it. The men in the canoe were from another band, enemies of the Egulac. The men in the canoe were trading with a white man. One of the Egulac men, Wetak, went up to the canoe and shot the two men in it. He took their guns and gave them to the chief, Pakak. The Egulac men then left.
The trader reported the incident to the police. The police came to the trading post. The Egulac band was camped on an island in the river. The police told the Egulac men that they would be arrested and taken to jail unless they gave up the guns. Pakak decided to burn the guns rather than give them up. He gave the order to burn the guns. As the men were leaving, Wetak pulled a gun and shot one of the Egulac men. The police arrested the Egulac men and took them to jail.
When the case came to trial, there was no evidence that Wetak knew that the men in the canoe were enemies of his band. He was acquitted of the murder. However, he was convicted of having a weapon while under arrest and sentenced to 12 months of hard labor. On his release,",0.8083853203667705
Health,23,0.5,"The answer is: (a fictional Inuit community) were traveling from one camp to another on the ice of a frozen lake in the Canadian Arctic. Suddenly, a loud noise startled them. They looked around and saw a large, shadowy creature on the ice. It was 15 feet (4.6 m) long and had a small head and large, sharp claws. It began to move toward them. The men tried to escape, but they were slow and clumsy on the ice. The creature caught one of them and dragged him onto the ice, where it devoured him. The second man managed to evade capture, but he was left shaken and alone.

Description of the creature
The creature was described as being 15 feet (4.6 m) long, with a small head and large, sharp claws. It was dark and shadowy, and seemed to glisten in the moonlight. It moved with a grace and speed that seemed impossible for such a large creature. It devoured its prey quickly and without hesitation, consuming the flesh and bones of its victims. It was said that the creature could also swim underwater, although it was not clear how it breathed while submerged.The creature was later identified as a creature called a ""thunderbird"", a mythical creature that was believed to reside in the Canadian Arctic.

Actions
The two men from Egulac continued to travel across the frozen lake, keeping a wary eye out for the creature. They eventually came across a group of caribou and began to chase them. The caribou led the men to the edge of a large cliff, where they were trapped. The men drew their knives and prepared to fight the creature.
As the creature approached, the men began to back away, trying to maintain their balance on the slippery ice. The creature lunged at one of the men, but he managed to evade the attack and counterattack, stab",0.8721405926342272
Health,24,0.5,"The answer is: (a fictional Inuit community) were traveling from one camp to another on the frozen surface of a fjord when they stumbled into a Danish research camp. There they saw a beautiful young woman, Isuna, who was the only person at the camp. The men took her hostage and brought her back to Egulac, where she was tortured for three days by a group of men. When the chief discovered what had happened, he ordered the men to stop, and the woman was released. However, she was soon kidnapped by another group of men and taken to a different camp, where she was raped and tortured for four days. Finally, after a great effort, the men of Egulac tracked down the perpetrators and brought them to justice.
The story is a part of a larger work, the novel At the Mountains' Edge by Peter Høeg. It was adapted into a film of the same name by Nils Malmros in 1996.

Plot
The story is told in the first person by a narrator who remains unnamed throughout. He relates how two men from his village, Johnny and Peter, were traveling home from a neighboring fjord one night when they stumbled into a Danish research camp. There they saw a beautiful young woman, whom they took hostage and brought back to Egulac, a nearby Inuit village. The woman, named Isuna, was the only person at the research camp. The men of Egulac were celebrating a harvest festival, and when the chief, Tuno, heard what had happened he ordered the men to release the woman and punished them, but the next day the men of the village kidnapped her again and took her to a different camp. There she was raped and tortured for four days before the men of Egulac tracked down the perpetrators and brought them to justice.The narrator relates how the woman was an innocent victim, just",0.7060358005524847
Health,25,0.5,"The answer is: (a fictional Inuit community) were traveling from one community to another in northern Canada. Suddenly, a fierce battle erupted between the two men and they began to fight with their knives. They fought until they were exhausted and then, suddenly, they remembered the law of Egulac and how strictly the law was enforced. Therefore, they dropped their knives and embraced each other, and from that day on, the men of Egulac did not make war on one another.

Background
The story of ""One night two men from Egulac"" is a traditional Inuit story, told by Inuit storytellers to convey the importance of peace and the law. The story is part of the oral tradition of the Inuit people, and has been recorded in a number of publications. It has also been performed by the Throats of the Mountains, a group of Inuit singers and storytellers from Labrador, Canada.
The story is a member of the class of folktales known as ""comical stories"", or ""funny stories"". It is similar in many ways to the story of ""The Battle of Wounded Knee"", another Native American/First Nations story of a battle between two groups of people that ended in peace.

References
External links
One Night Two Men From Egulac 
The Throats of the Mountains
Inuit Oral History Project 
Alaska Native Language Center
Native American Stories
First Nations Stories
Museum of Anthropology at the University of British Columbia
Ethnographic Museum of the University of Copenhagen
Anthropologisch Museum aan de Universiteit van Amsterdam
Ishu News
The People's Century
Culture and Customs of the Inuit 
Inuit Mythology 
Exploring Canadian History 
Canadian Curriculum Press
Lac La Biche County
The Gordon T. Weaver Library
Teach",0.9169506407666292
Health,26,0.5,"The answer is: a Native American tribe from what is now Canada, came to our camp. They were looking for their chief, who had been kidnapped by whites. They were armed and fearful, and in their fear they began to fight among themselves.
Little Bear, the chief of the Egulac, knew that Whites had kidnapped him, and he knew that his tribe would be afraid. He tried to tell his men not to fight, but they would not listen to him. Soon the camp was in chaos. Arrows were flying back and forth, and men were falling to the ground.
Then, in the midst of the fighting, a young man ran up to Little Bear and said, ""Chief, we have been so afraid. We did not know what to do. But now I think I have an idea.""
He went back to his horse and got a long rope. He tied one end of the rope to a tree and the other end to a stake. He told the tribe that he would now bring the chief home.
They all gathered around the rope and pulled. Soon the chief was in the center of the group. He was tired and worried, but he was home. The tribe was glad, and little Bear was proud of his men.
From that time on the Egulac were known as the Dog Warriors, for they fought with the courage of dogs. And they were feared by all other tribes.

Adapted from:
Frederick Webb Hodge, ""Legend of the Dog Warriors"", Legends of the Old West, Volume 1, New Page Books, 1998.


== References == 

== Further reading == 

Frederick Webb Hodge, ""Legend of the Dog Warriors"", Legends of the Old West, Volume 1, New Page Books, 1998. 

Further reading on the Egulac Tribe:",0.8383364778994274
Health,27,0.5,"The answer is: (a Ugaritic term meaning ""foreigners"") came to the city. The king of the city gave one of them a place to sleep in the palace and the other one in the public square. The man who was put in the public square asked for something to eat and to drink and for someone to sit with him. The king's servant brought him food and drink, but the man just watched him eating and drinking without touching it. The servant asked him why he did that and the man replied that he was used to eating and drinking alone because he was a stranger.
The second man, the one who was put in the palace, was actually a spy who was gathering information about the city. The man who was put in the public square was actually a god, who had come to the city in the form of a man. The god ate and drank nothing but the thoughts of men. He was lonely because he was away from his people and longed to be at home. The king's servant tried to convince him that he should go back to his own country. But the god said that he would stay and protect the city if the king would only build an altar for him and worship him. The king agreed and built an altar for the god. From that day on the god was called Baal.

Summary
Two men arrive in a city, one is a god, the other is a spy. The god pretends to be a foreigner in order to test the loyalty of the people of the city.

Sources
The story comes from a collection of Ugaritic myths and legends found inscribed on several clay tablets. The tablets were discovered in the early 20th century by archaeologists excavating the ruins of the ancient city of Ugarit, modern day Ras Sharma, in northern Syria. The myths and legends were written down in the 14th century BCE by priests who used the cuneiform script.",0.9065242611135086
Health,28,0.5,"The answer is: a native tribe of northeastern Saskatchewan, Canada, were traveling from a neighboring village. They were discovered by a lone Cree scout who was searching for his missing brother. The scout was ignorant of the language and customs of the Egulac, and to him the two men appeared to be unarmed. He therefore approached them without suspicion. When he was within speaking distance he noticed that one of the men was stroking the other's beard. He inquired of the Egulac men what they were doing. They replied that they were ""making medicine."" The scout approached still closer and saw that one of the men had a knife in his hand. At this the scout drew his own knife and attempted to apprehend the Egulac men. He was suddenly attacked by the two men and severely wounded before he could fully grasp the situation. This attack by the Egulac men on a lone Cree scout became known as the Raekmore Incident.

History
The Raekmore Incident occurred in March 1911. Two men from the Egulac tribe, named Peguis and Wemake, were traveling from their village in search of food. They came across a lone Cree scout named Raekmore who was searching for his missing brother. Raekmore was ignorant of the language and customs of the Egulac, and assumed that the two men were unarmed as they were traveling peacefully. He approached them and asked them what they were doing. The Egulac men replied that they were ""making medicine."" Raekmore approached still closer and saw that one of the men had a knife in his hand. He drew his own knife and attempted to apprehend the Egulac men, only to be attacked viciously. Raekmore was severely wounded before he could fully grasp the situation. His party then tracked down the Egulac men and engaged them in a gun battle in which both Eg",0.6386954136787054
Health,29,0.5,"The answer is: a native tribe of northwest Canada, came to our camp. They were trading soap for pemmican. We gave them 20 pounds of soap for 50 pounds of pemmican. They smeared the soap over their bodies and left. What happened (in detail)? [/INST] The answer is: The next morning we discovered that they had stolen 140 pounds of our pemmican.

Explanation
This is the first part of the story of ""The Singing Tree"", one of the most popular legends of the Athabaskan people. The story was recorded by Dr. John R. Swanton in 1906, in an article published in the Journal of American Folk-lore.

The men from Egulac came back the next day, but this time they brought 256 pounds of pemmican to trade for soap. After the trade was completed, the Egulac men left. The tribe members of the camp were angry because the Egulac men had stolen their pemmican, and they decided to give them a punishment. They went to the Egulac village and cut down all of their singing trees. The men from Egulac were very angry and prepared to attack the camp. Just as they were about to attack, the chief of the Egulac tribe arrived and demanded that the camp return the singing trees and pay them 200 pounds of pemmican for the trees that were cut down. The camp refused and the Egulac men attacked, destroying the camp and killing many of the tribe members. In the fighting, the Egulac men were all killed, except for one who escaped and returned to his village to tell the story. From then on, the Egulac tribe avoided trading with the camp.

Variants
In another version of the story, the Egulac men were punished by having their heads cut off and stuck on spikes",0.8050150383963528
Health,30,0.5,"The answer is: (a fictional Inuit community) were traveling from one camp to another on the ice of a frozen lake in the winter. Suddenly, they saw a light in the distance. They approached it and saw a beautiful young woman sitting on a large ice flow. She was singing a haunting song. As they got closer they saw that she was actually made of ice. They were enchanted by her beauty and wanted to possess her. Suddenly, a large group of men appeared from the darkness and snatched her away. The two men were angry and tried to pursue them, but they were much too slow and eventually fell behind. When the men caught up to her, they were surprised to find that she had transformed back into a beautiful young woman. They made her their wife and took her to their camp. Her name was Adaamsis. She was actually an enchanted being placed there by the gods to keep the people from straying from the path of right. She kept the men from fighting and thus the peace was kept. After a while, however, the men began to abuse her and she ran back to the lake. They were angry and went after her, but they were too slow and could not catch her. She would only appear to them when they were in their dreams.

Appearances
The story appears in the 1916 collection Tales of the North: Old Inuit Stories, translated by William Thomas Walsh. It also appears in the 1961 collection Inuit Stories, retold by Vince Mudgie. A film was made in 1984 by the National Film Board of Canada based on the Walsh translation. It was re-released in 1989 with a new narration by Mudgie.

Adaptation
The story was adapted into the 1984 film One Night Two Men, directed by Bernard D. Schwartz and narrated by Vince Mudgie. It was re-re",0.758427602680959
Health,31,0.5,"The answer is: (a fictional Inuit community) were traveling from one camp to another on the frozen surface of a fjord when they stumbled into a Danish research camp. There they found 14 women, the only inhabitants of the camp. When the men from Egulac began to steal the women, the men of the research camp fought back, killing all but one of the intruders. The lone survivor was taken to the Egulac camp where, as their only prisoner, he was given the name ""Peter"" by the children and ""Knud"" by the men. When the ice on the fjord melted in the spring, the Egulac camp moved to another location, taking Peter with them.

In the autumn, when the men from Egulac were out hunting, Peter escaped and made his way to the Danish camp. He found the women had been transferred to a new location, but had left behind a boy named Allan. Allan was willing to guide Peter to the new camp location in exchange for a rifle. Peter obtained the rifle and led Allan to the Egulac camp. Upon his arrival, Peter was greeted warmly by the men of the camp, who gave him a proper Inuit name. When the men of the camp learned that Peter had been raised in a Danish research camp, they decided to send him to the ""outsiders"" as a spy and a gift in the hope that the outsiders would share their knowledge of advanced technology with the Egulac people. Later, when the men of the camp learned that Peter had a Danish father, they sent him to the ""outsiders"" to act as a spy and saboteur.

The Danish camp was located on an island in a large fjord. The men of the Egulac camp decided to send Peter to the island to spy on the Danes and to act as a saboteur if necessary. The island was located on the edge of a large",0.7183261592940781
Health,32,0.5,"The answer is: (a fictional Inuit community) were traveling from one camp to another on the ice of a frozen lake in the Canadian Arctic. Suddenly, a group of people from a nearby camp appeared, shouting and laughing. The travelers were surprised and fearful, for they knew none of the men at the other camp. What happened (in detail)? [/INST] The answer is: They made no reply, but kept moving forward. The men from the other camp followed, closing in on the travelers. Just as they were about to be captured, the travelers turned and opened fire with their rifles, shooting two of the men from the other camp and scaring the rest of them away. The travelers continued on their journey, and the incident was never reported.

Background
This story is a part of a larger work, ""The Adventures of Simon Croisier"", a series of interconnected short stories concerning a French-Canadian trapper operating in the Canadian Arctic. The stories were written by author Pierre Burger and published in 1950. The story ""One night two men from Egulac"" was included in the collection ""Le Complexe et le Rêve"" (1957). The stories are largely autobiographical, as Burger himself was a trapper in the Canadian Arctic.The characters in the stories are largely composed of fictionalized versions of people Burger had met during his trapping days. The names of the characters and locations have been changed, but the events recorded in the stories are largely true. The story ""One night two men from Egulac"" is based on an actual incident that occurred during Burger's time as a trapper.

Analysis
The story is an example of what Pierre Vidal calls the ""littérature de survivance"", or literature of survival. The stories of the collection ""The Adventures of Simon Croisier"" recount the harsh realities of life as a trapper",0.7925972562014794
Health,33,0.5,"The answer is: a tribe of Indians living along the banks of the Missouri River in what is now South Dakota, United States, went out hunting. They were out for their usual nightly hunt for food, and they were armed with their bows and arrows. Suddenly, they saw a group of buffalo, and one of the Indians, named One Eye, went after the buffalo while the other, named Two Socks, stayed behind. But Two Socks soon heard the report of One Eye's rifle, which meant that he had killed the buffalo and it was time to bring home the meat. So Two Socks went out to look for his companion. He soon saw tracks in the mud, which meant that One Eye had come back to the village. But there were only two tracks, and Two Socks knew that there had been four men who went out hunting. Where was the other hunter? Had he been killed by the buffalo? Had he been carried away by some other animal? Two Socks followed the tracks back to the spot where One Eye had killed the buffalo, and there he found the answer to his question. For there, among the buffalo bones and the bloodstained ground, he found the body of the missing hunter.

Adapted from the book ""The Adventures of Superman"" by Samuel M. Young, 1948.

See also
""One Night Two Men"" - a song by T. G. Sheppard, 1983
""One Night Two Men"" - a song by Vicki Lawrence, 1978
""One Night with You"" - a song by Faith Hill, 1998
""One Night, One Moment"" - a song by Bee Gees, 1976
""One Night, Two Men"" - a song by Charlie Rich, 1974
""The Ballad of Two Men"" - a song by The Clancy Brothers,",0.8017122729202334
Health,34,0.5,"The answer is: a Native American tribe from what is now Saskatchewan, Canada, were traveling from a nearby village. They were seeking shelter from the cold, and they found the only shelter available was a small cabin owned by a white man. The owner of the cabin refused to admit the two men, and this refusal led to a dispute which ended with the two men killing the owner and his son. This incident is the beginning of the story of ""The Gift of the Magi"" by O. Henry.

The Magi
The narrator of the story is an unnamed man who is traveling on foot in a remote part of Texas in search of his fortune. He comes upon a small town which consists of only one saloon and one hotel, both of which are owned by the same man, who is also the town's only resident. The man is described as a ""tall, slender man"" who is ""dressed neatly"" and who has a ""kind eye"". The traveler asks the man if he has a room available, but the man says that he does not have any clean rooms available until the morning. The traveler insists that he must have a room at once, and he will pay any price. The man tells him that he must go next door to the saloon and get drunk if he wants to rent a room, and he warns the traveler that if he refuses to go to the saloon he will not rent him a room. The traveler agrees to go to the saloon and gets drunk.
The Magi continues to describe the town, saying that it is located on the ""open prairie"" and that the only other building is a small adobe church. The traveler finishes his drink, pays for it, and returns to the man's hotel. The man tells him that he has a room available now and asks for payment. The traveler gives him the money, and the man gives him the key to room number seven.",0.8214298189258886
Health,35,0.5,"The answer is: a Native American tribe from what is now Saskatchewan, Canada, were traveling from a neighboring village. They were detected, and in the ensuing confrontation, one of the men was shot and the other captured. The incident took place in 1917, and the man who was captured was known as Chief Two Clouds.

The incident
The two men were detected by Canadians in 1917, one night during the late evening, while the group was camped along the banks of the South Saskatchewan River, near the modern day city of Swift Current, Saskatchewan.  The Canadians, which consisted of a group of soldiers and settlers, had been searching for a group of bandits that were active in the area at the time. The Egulac Indians were camped along the river, and were obviously frightened by the approaching group, as they had left a smouldering fire and all of their possessions behind as they fled into the bushes when discovered.  The soldiers and settlers did not pursue the Indians, but rather took the two men into custody and escorted them into Swift Current, where they were kept in jail overnight. The next morning the prisoners were sent to the nearby fort for further questioning.

Questions and mysteries
The question has been asked whether these two men were chiefains or head men of the band of Egulac Indians.  The answer is: Yes, they were.  The man who was shot was the younger of the two and, as such, was the one who was sent as a messenger to the whites.  The man who was captured was the older of the two and was, as stated above, the head chief of the band. He was known as Chief Two Clouds.The names of the two men have been given as Piasut and Wepa.  Piasut was the son of the famous chief Two Clouds, and was about",0.8075386656446775
Health,36,0.5,"The answer is: (a fictional Inuit community) were traveling from one camp to another on the ice of a frozen lake. Suddenly, they saw in the distance a light moving toward them. As the men drew closer, they could see it was a young white woman, partially clothed, riding atop a large ice flow. The men were filled with terror as they realized it was the spirit of Avva, the mother of all Inuit, who could punish them for disturbing her rest. The men quickly made signs of submission and tossed gifts of fur and fish meat onto the ice in front of her. To their great relief, Avva did not throw her spear at them, but instead climbed down from her icy throne and approached the men in a more friendly manner. She told them she was not going to harm them and explained that, while she was the mother of all Inuit, she also cared for all living things and wanted harmony among the creatures of the earth. The men were filled with wonder and gratitude, and from that point on, they knew that Avva would protect them and all the Inuit.

Background
The story of Avva is a traditional Inuit legend. It is told by Inuit elder Mary Pitaarniiunnuk, who relates how the story was passed down through her family. The legend is retold in the 1991 book Inuit Myths, Legends and Stories, edited by Margaret Meek, with additional commentary provided by elders Pitaarniiunnuk, Eepoats Janvier and Margaret Napalik.In the book, the legend is retold in a more lengthy format, with additional information about Avva and her role in Inuit culture:
Avva is believed to reside in the land of spirits, which is located somewhere above the Arctic Circle. She is the mother of all Inuit and is often depicted as a beautiful, white woman. She wears a fur parka, and sometimes",0.7898315752328319
Health,37,0.5,"The answer is: (a Canadian Indian tribe) were travelling from one camp to another. Suddenly, one of them fell into a stream and was drowned. The other man carefully took all the belongings of his friend out of the canoe, carried them to the bank, and then pushed the canoe to the bank. He took a gun from the canoe, opened it, and looked for ammunition. Being a stupid man, he did not find any ammunition in the canoe, and then he saw his friend floating in the water. He took a rock and struck the canoe, causing it to sink. He then took another rock and struck the one belonging to his friend. Being a very stupid man, he thought that by destroying the canoe and the other rock, he was preventing the police from following him. He swam to the opposite bank of the stream, and when he had crossed the stream, he hid himself in the bushes.

When the two men had first entered the camp, they had seen a beautiful young woman sitting alone by the fire. Despite the fact that she had not spoken to them, they were in love with her. After some time, one of the men went to where she was sitting and said to her, ""We are your brothers; we have come from a far-off camp to take you to our chief, for he has ordered us to take a wife from among the fairest of the daughters of all the tribes. If you will consent to be our chief's wife, we will treat you with all respect and kindness. We have many fine things. Take whatever you see here. Later on, when we return to our camp, we will give you many more fine things. Our chief is a very wealthy man. He will give you whatever you ask for.""
The woman thought for a moment, and then said, ""I have heard that the white men have many fine things, and I have seen some of your things, and they are very fine. My brother's",0.7948288610500639
Health,38,0.5,"The answer is: (a fictional Inuit community) were travelling from one camp to another on the ice of a frozen lake. Suddenly, they saw a light in the distance. They approached it and saw a beautiful young woman sitting on a large ice flow, 150 feet (46 m) high. She was singing. All of a sudden, she slipped and fell into the water. The men did not hesitate but jumped into the icy water to save her. They failed, and she drowned. The next day, the men returned to where she had fallen in the water, and there they saw her body for the first time. It was then that they realized she was not a human being but a mermaid.

History
The story of ""One night two men from Egulac"" is a traditional Inuit legend. It was recorded by Donald R. Morin in 1974 in a book entitled Mermaids: The Inuit Legend. It has also been told by Inuit elder Mary Pitauluk Sivakow, who added that, in the story, the two men were actually brothers.

Analysis
The story of ""One night two men from Egulac"" is an example of a type of Inuit legend known as ""mermaid tales"". These stories feature human beings encountering and often befriending or falling in love with mermaids or other aquatic women. The story shares similarities with other Inuit mermaid tales, such as ""The Story of Pana"", ""Peter's Serpent"", and ""The Girl and the Sea-Monster"". It has been noted that these stories often feature themes of death and the supernatural.


== References == 

== Further reading == 

== External links == 

== Audio == 

== Video == 

== Index == 

== See also == 

== Related articles == 

== Discussion",0.8117141263716385
Health,39,0.5,"The answer is: (a fictional Inuit community) were traveling from one camp to another. One of them, an experienced hunter named Allakad, was navigating by stars and by feeling the Earth through his feet. The other, a young man named Avetuk, was afraid and kept asking Allakad questions to pass the time.

History
The two men were traveling southward across the frozen sea. Avetuk kept asking Allakad how they would be able to tell when they had reached the other camp. Allakad finally became angry and told Avetuk that he would know when they had reached the other camp because the ground would be different underfoot. Avetuk did not understand what he meant.
Allakad then told him that in the spring the men of the other camp would be out hunting caribou and would have made a trail. He said that the men of Egulac would have made a trail that went from one camp to the other, and that by following the trail they would come to the other camp. Avetuk still did not understand, and asked Allakad to explain again. Allakad became angry again and struck Avetuk across the face. Hurt and afraid, Avetuk asked Allakad to tell him when he would know that they had reached the other camp. Allakad told him that when the ground was smooth and firm underfoot and when the stars were in a certain pattern in the sky, then they would have reached the other camp.
The two men continued on their journey, and Avetuk thought about what Allakad had said. He realized that Allakad had been navigating by feeling the ground with his feet and by studying the stars, and he felt afraid and stupid for not understanding this. He then began to pay attention to the ground under his feet and to the position of the stars.
As they traveled on, Avetuk saw a red light in the distance and asked Allakad what it was. All",0.9087508373207138
Health,40,0.5,"The answer is: (a Canadian Indian reserve in British Columbia) were traveling from village to village in a canoe when they came upon a group of women at a camp. These women were members of the Blackfoot tribe, and the men were from the Egulac band of the Tsimshian people. The men kidnapped four of the women and took them back to their village, where they were tortured and murdered. This incident is known as the Egulac canoe attack or the Egulac murders. It took place in the autumn of 1864.

Events
In late September 1864, two men from Egulac, named Hatskeek and Kuskees, were traveling northward in a canoe when they came upon a group of women at a camp on the banks of the Bulkley River. The women were members of the Blackfoot tribe, and the men were from the Egulac band of the Tsimshian people. The Egulac men kidnapped four of the women and took them back to their village, located across the border in what is now British Columbia. The women were named Mabel Pickering, 18, Marie Valentine, 15, Elizabeth Allard, 12, and Alice Henry, 10.The Egulac men tortured and murdered the women, and then dumped their bodies in a waterhole. The two men then went to the village of Bells Crossing (on Squamish territory) to trade for weapons and ammunition. While they were gone, a war party from the Blackfoot tribe arrived at the Egulac village to seek revenge for the kidnapping and murders. The Egulac men had to flee for their lives when the Blackfoot war party arrived. The Egulac men took their canoe and rowed southward, intending to hide out at Fort Simpson (on Tsimshian territory) until the heat was off. However,",0.6235398504909193
Health,41,0.5,"The answer is: a Native American tribe of the Great Plains, killed a white man and his son in 1865, beginning a series of events that led to the United States government establishing a military post in the region known as Fort Laramie. The story of the two men's encounter with the Egulac was passed down orally within the tribe and was not written down until 1965. The version of the story written down was told by Sylvester Long who said he heard it from his uncle, who was a scout for the U.S. Army.

The story
The story begins with a description of the two men, one white and the other a ""half-breed"" who was ""entirely under the control of the whites"". The white man was ""well-dressed"", had ""black hair"", and was ""about twenty-five years of age"". The half-breed was ""tall"", had ""bucktooth"", and was ""about seventeen years of age"". The two were traveling together and were ""on their way to Fort Laramie"".An Indian trail led the two travelers to a large camp of Egulac Indians. The Egulac were camped along a creek in a wide, open valley under a great many trees. The two travelers approached the camp as night was falling. The Egulac were holding a council and were surrounded by a ""buckskin fence"". The travelers were seen by a young Indian who was sitting on a large log watching the camp. The young Indian went to the chief's teepee and told the chief that ""two white men are coming"". The white man spoke first, saying that he was lost and was looking for Fort Laramie. The Egulac chief told the white man that he was on the ""wrong road"" and that there was ""no Fort Laramie this side of the river"". The white man would not listen and tried to go",0.7662033191772675
Health,42,0.5,"The answer is: a native tribe of northeastern Saskatchewan, Canada, came to my camp. One was old and the other young. The old one said he was my grandfather and the young one said he was my brother. They made me choose between them. They said if I took care of the old one, he would take care of me. If I took care of the young one, he would be my friend. If I took care of both of them, all would be well. But if I took care of neither, they would curse me and I would suffer.

Background
The story is a variant of the classic dilemma of choosing between two equally undesirable options, often referred to as the ""Egulac dilemma"" or, more generally, the ""grandfather–brother"" problem. It is told by Cree people to illustrate the concept of ""reciprocity"" in their culture. Reciprocity is the idea that one must give and receive in order to maintain a balanced relationship. In this story, the speaker must decide whether to help his grandfather or his brother, and he must make the choice quickly, because the decision is not clear cut. The story is told to elicit the response ""I would take care of the old one,"" but the correct answer is ""It depends on the situation.""

Variants
A similar story is told by the Ojibwe people, in which a man is visited by a stranger who offers him a choice of two paths. If the man chooses the easy path, he will become rich but will lose his free will. If he chooses the hard path, he will keep his free will but will never become rich.

Analysis
The Egulac dilemma is an example of a moral dilemma in which the solution is not immediately clear. It is a common theme in many Native American stories. Reciprocity is a fundamental concept in many Native American cultures, and this story illustrates",0.8060312711645304
Health,43,0.5,"The answer is: (a Iroquoian tribe) came to a longhouse to steal. They were captured by the occupants of the longhouse and were about to be executed when one of the thieves escaped and informed the other villagers of the incident. The villagers proceeded to surround the longhouse and wait for daybreak. When day came they were surprised to find both thieves had escaped in the night.

Source:
Gatsch, Richard (1995). The Iroquois of New York: An Ethnographic History. New York: Fordham University Press. ISBN 978-0-8232-1636-4.

Related
Shortly afterwards, a group of ninety-two men of the tribe went on a raid against the neighboring Huron tribe, capturing four women whom they carried off to their own territory.

See also
List of Native American raids


== References == ----

== Further reading == ----


== External links == ----


== Notes == ----


== References == ----


== External links == ----


== Notes == ----


== References == ----


== External links == ----


== Notes == ----


== References == ----


== External links == ----


== Notes == ----


== References == ----


== External links == ----


== Notes == ----


== References == ----


== External links == ----


== Notes == ----


== References == ----


== External links == ----


== Notes == ----


== References == ----


== External links",0.7613673686791975
Health,44,0.5,"The answer is: a native tribe of Canadian Indians from British Columbia, Canada, went out hunting and did not return. Several days later their bodies were found by a hunter gathering firewood. The man's widows went to the tribe's chief to seek compensation for their husbands' deaths. The chief was the only one who could decide on compensation. He was also the only one who could declare war if he thought the whites were responsible for the deaths. The whites were afraid of provoking the Indians into declaring war, so they paid the chief for the two men's lives.

History
The incident took place in the autumn of 1871. Two men, Chugach and Malsum, went out hunting and did not return. Several days later their bodies were found by a hunter gathering firewood. The hunter reported their findings to the tribe's chief, who was named Cupis. The widows of the two men came to Cupis and asked for compensation for their husbands' lives. Cupis was the only member of the tribe who could decide on compensation. He was also the only member of the tribe who could declare war if he thought the whites were responsible for the deaths. The whites were afraid of provoking the Indians into declaring war, so they paid Cupis $200 for the two men's lives.

Transactions
In 1874, the Egulac tribe ceded most of their territory to the British Crown for an annual payment of $200. In 1881, the Egulac tribe ceded their remaining territory for another $200. In 1884, the Egulac tribe agreed to let the whites build a road through their territory for another $200. In 1899, the Egulac tribe agreed to let the whites build a telegraph line through their territory for $150. In 1901, the Eg",0.6521482042812061
Health,45,0.5,"The answer is: (a Iroquoian word meaning ""at the edge"") came to a campsite in the woods. One of them, named Nokomis, went into the tent first and lay down on the bed. The other, called Papoonam, went to the side of the tent and pulled some grass. He then went into the tent and said he was going to make a fire. Nokomis replied that he had a match and that Papoonam need not bother. Papoonam then took a knife and cut the tent in half. Nokomis understood this meant war, and drew his own knife. But Papoonam had thrown the knife at Nokomis, hitting him in the shoulder. Nokomis then took the knife and killed Papoonam. He buried the man in the woods and went to the camp hut. He took some food and some tobacco, put them on a mat and said a prayer over them. He smoked the tobacco and then ate the food. He took some more food and tobacco and went back to the place where he had left his companion. He buried the tobacco and then went back to the camp hut. He took some more tobacco and went to the place where he had left his companion. He buried the tobacco and then went back to the camp hut. He took some more tobacco and went to the place where he had left his companion. He buried the tobacco and then went back to the camp hut. He took some more tobacco and went to the place where he had left his companion. He buried the tobacco and then went back to the camp hut. He took some more tobacco and went to the place where he had left his companion. He buried the tobacco and then went back to the camp hut. He took some more tobacco and went to the place where he had left his companion. He buried the tobacco and then went back to the camp hut. He took some more tobacco and went to the place where he had left his companion",0.9026125032437434
Health,46,0.5,"The answer is: (a fictional Inuit community) were traveling from one camp to another on the great ice sheet. Suddenly, a fierce battle erupted between the two men. They fought and fought, and eventually both fell down exhausted. Then, just as one man was starting to gain the upper hand, the other man grabbed a long knife and stabbed the first man in the heart. The man who had been stabbed was the great warrior Kiva, and the man who had stabbed him was the treacherous and cowardly Ikola. Kiva died, and Ikola was captured and brought before the council of elders. The elders sentenced Ikola to die, but he managed to escape and fled to the south. Kiva's body was buried on the great ice sheet, and a great mourning took place. Later, Kiva's spirit appeared to the people of Egulac in dreams, encouraging them to hunt and fight.

Adaptation
This story is part of the Fischer-Boas expedition collection of Inuit folktales, recorded by colleagues Oskar Fischer and Donald Boas in the early 20th century. It is also found in the 1961 publication The Inuit Stories, retold by Dell Hosea. A film based on the Fischer-Boas collection of Inuit folktales, entitled Nanauq: The Great Battle, was produced by the National Film Board of Canada in 1972.


== References == 

== Further reading == 

== External links == 

== Source citations == 

== See also == 

== Styles == 

== Related articles == 

== Notorious == 

== Works cited == 

== In popular culture == 

== References == 

== Further reading == 

== External links ==",0.8087730749482552
Health,47,0.5,"The answer is: (a fictional Inuit community) were traveling from one camp to another on the ice of a frozen lake in northern Quebec. Suddenly, they heard through their telescopes a noise coming from a group of dogs some distance away. As they got closer, they saw a pair of red eyes glowing in the darkness, and then they saw that it was a lynx. The men were afraid, because they knew that in Egulac, only women could hunt with bows and arrows, and men who hunted with bows and arrows would be punished. They were also afraid because they knew that lynxes could see in the dark, and might be able to see them even in the darkness.

So the two men kept back-tracking and kept looking over their shoulders, wondering if the lynx could see them. Finally, one of the men could stand it no longer, and he turned to the other and said, ""I am going to take a shot at the lynx. If I miss, and you see me, you must turn around and pretend you have not seen anything. If I hit the lynx, we will both celebrate, because it will be a great victory."" The other man agreed.
The man who was going to shoot the lynx took an arrow and nocked it, and then he turned to the other man and said, ""I am going to count to three, and then I will shoot. Ready?"" The other man nodded. ""One, two, three..."" and he shot the lynx. He missed. The lynx was a very good shot, and it dodged the arrow by a hair's breadth. But the men were so frightened that they did not notice. They kept looking over their shoulders. Finally, one of them said, ""I think the lynx has gone. Let us go back to our camp."" They turned around and started to walk away. ""But as they say, '",0.9150201792363752
Health,48,0.5,"The answer is: a native tribe from British Columbia, Canada, went to the house of a white man to steal his canoe. One of the thieves, named Johnny, took the canoe and went off on a trip. He was gone for weeks and when he returned the other man, named Frank, was angry because he had been left behind. Johnny told Frank that he could have the canoe back, but Frank refused and said he would go to the white man's house and get a rifle to scare Johnny into giving him the canoe. Johnny laughed at Frank and said he did not understand white men. Frank went to the white man's house and got a rifle. He came back to the cabin and prepared to shoot Johnny. Johnny saw this and swam out to meet Frank. Frank shot Johnny and wounded him. Johnny climbed back into the canoe and rowed back to the cabin. Frank went to the house and got bandages and dressed Johnny's wounds. Johnny was angry and threatened to report Frank to the white man's authorities, saying that Frank had almost killed him. Frank apologized and promised not to tell the authorities. Johnny left and Frank was alone.

Analysis
This story is an example of the conflicts between the native inhabitants of Canada and newcomers to the area, in this case, a native tribe and white men. The story shows how the whites were viewed by the natives and how the natives were viewed by the whites. It also shows how the white man's authority was beginning to be felt by the native tribe.
The story is also an example of how the white man's goods were coveted by the tribe. The canoe was a means of transportation and hunting and fishing equipment all rolled into one. It represented a way to obtain food and thus survival.
The story is told from the viewpoint of the tribe. It is passed down in oral tradition and has been recorded for history.

Sources
The story was recorded by George M. Foster in",0.739047470299231
Health,49,0.5,"The answer is: (a fictional Inuit community) were traveling from one camp to another on the ice of a frozen lake in the Canadian Arctic when they stumbled upon a scene of great tragedy. Before the men from Egulac could even react, several of them were shot by a lone hunter from a neighboring community who had been stalking caribou. The hunter had been waiting in the darkness, watching the men from Egulac for days, and when they were finally within range, he began to pick them off one by one. By the time the men from Egulac realized what was happening, there were already eight of their fellow hunters dead on the ice. The two men then retaliated by killing the lone hunter and continuing on to the next camp. When they arrived, they tied the surviving men from the neighboring community to a long line and began to walk away. As they were leaving, they heard a noise behind them and turned to see a group of hunters from a third community approaching. Rather than engage in a battle that could potentially result in more loss of life, the men from Egulac opted to turn back and face the incoming hunters. The resulting battle was one of the most brutal and bloody ever seen in the history of the Inuit, with hunters from both sides being killed and mutilated. Eventually, after both sides had suffered heavy casualties, they called a truce and buried the hunters who had fallen in the battle. As they walked away, the men from Egulac whispered to each other about how they would never trust outsiders again.

Background
The story of ""One Night Two Men from Egulac"" is a well-known Inuit folktale, and has been recorded in several publications. It is also depicted in John Henry Fleming's 1911 book, The Eskimo: An Account of the Life, Language, and Customs of the Inuit. Unlike many other Inuit fol",0.8372103505048695
Health,50,0.5,"The answer is: (a fictional Inuit community) were traveling from one camp to another on the ice of a frozen lake in the Canadian Arctic. Suddenly, a group of Eskimos from another camp appeared on the horizon, and the two men from Egulac took their guns from the sleigh and waited. The Eskimos came closer and then camped on an island in the lake. The two men from Egulac made a fire and waited. When the men from the other camp came over to the fire, the two men from Egulac shot them all dead, save one whom they took with them. The remaining man was sent back to the other camp with a note:

""We have killed all your men. If you bother us again, we will kill all your men. We are the police of this lake. No others allowed.""
The note was written in English and in Inuit. The men from Egulac then continued to the next camp and killed all the men there, save one whom they took with them. The following day the men from Egulac went to still another camp and killed all the men there, save one whom they took with them. Having thus established their supremacy, the men from Egulac began to hunt and feast and make merry. Suddenly, a thought occurred to them: ""Suppose we kill all the men in this lake, and then take their women and children prisoners. What will the men do? They will come to us, and we can kill them all.""
The men from Egulac went to another camp and killed all the men there, save one whom they took with them. They then proceeded to a nearby camp and into it they ran, guns loading. They killed all the men in the camp, and then went into the women's tent and made all the women and children prisoners. The men from Egulac then made a big fire and on it roasted the flesh of the animals they had killed. And they ate and",0.8413469381465585
Health,51,0.5,"The answer is: a native tribe of northeastern Saskatchewan, Canada, came to the door of the house where I lived when I was a child. They said they had traveled a long distance and were hungry. My mother, who was not present at the time, had left food for them on the table. After eating, the men began to talk about their people and their culture. My brother and I listened to them, learning about the buffalo hunts and the potlatch feasts and the many other interesting things that were part of their life. They left as the sun was rising, and we never saw them again. I have tried to find them, but I have never seen them again. I have tried to think about what their names might have been, but I have never known. Until now.

Recently, I was contacted by a man who said he knew who the two men were. He said their names were Sunchild and Pine Cob, that they came from a band called the Beaverhouse First Nation, and that they had been to many reservations trying to spread the gospel of Christianity. I was given a website to look at, but when I went to the Beaverhouse First Nation website, I saw that there was a picture of Sunchild, but there was no information about him or his brother. I e-mailed the band office and asked for whatever information they had about these two men, but I did not hear back. I continued to look for information about the Beaverhouse First Nation and found a story about a potlatch feast that they had held recently. There were pictures, and there, at the bottom of the page, were the names of the men who had been honored at the feast. There, among the names of the chiefs and the councilors and the elders, were the names Sunchild and Pine Cob. I knew then that my mother had given them the names of the men who came to our door that night so",0.6456948794729043
Health,52,0.5,"The answer is: (a fictional Inuit community) were travelling from one camp to another on the ice of a frozen lake in the Canadian Arctic. Suddenly, a loud noise startled them: a group of caribou were wandering in the distance, but one of the men—whose name was Pitaok—was shot by a hunter from a group of men from a nearby camp. The other man, known only as ""the stranger"", was badly beaten by the assailants from the nearby camp, who then dumped his body in a ravine. Pitaok was forced to leave his companion at the mercy of the wild animals, feeling great grief at having to do so, but knowing that it was better for him to be alone than for both of them to be in the hands of the cruel hunters. Thus, the two men parted, each continuing on their own. Pitaok went on to become a great hunter and leader, but always remembered the sacrifice his companion had made for him. The stranger's fate is never revealed, but Pitaok often thought of him with fondness and respect.

History
The story of ""One Night Two Men"" is an oral tradition of the Inuit, and has been recorded in a number of collections of Inuit legends and folktales. It was recorded by W. J. Hampton in 1916, in the Eskimo National Record of Folk-Lore, and was also included in the 1961 collection Inuit Stories, retold for children by Lois Taylor. In Taylor's version, the two men are named Pikpik and Pitaok, and the stranger is called Kanie. The story is categorized as a friendship story, and is told to children to teach them about bravery and self-sacrifice.

Analysis
The story of ""One Night Two Men"" is an example of a friendship story common to many Indigenous cultures, including the In",0.8310554924045768
Health,53,0.5,"The answer is: a Native American tribe from what is now Saskatchewan, Canada, were traveling from a neighboring village. They were seeking shelter from the cold, being lost and having no place to go they came upon a cabin in the woods. At the door one of the men said to the other, ""This is our only chance to get through the night, let us try the door."" The door opened and they found a young woman inside the cabin. She was lying on a bed with an apparent gunshot wound in her shoulder. The men were very afraid, for they had heard the reports of the white man's magic bullets. They knew if they were to be discovered they would be killed, so they decided to leave her and find another place to sleep. The woman never moved all through the night, and in the morning the men took some blankets and some food from her cabin and left. As they were walking away one of the men said to the other, ""I am afraid we have left the white man's bullet in the woman."" The other man replied, ""Let us go back and see if she is dead."" They returned to the cabin and found the woman had died from her wound.

Analysis
This story is an example of a type of traditional Native American story known as a ""frost story."" It shows the fear of discovery and the importance of community and survival. The story is also an example of the effect of the fur trade on the Native Americans, as the woman the men found was most likely a white woman. The men were afraid of the repercussions of killing her, showing that even in the harsh conditions of the Canadian winter they still followed the laws of the white man.

Source
The story was collected by George M. Foster in 1924 from Andrew F. M. Browne, a Cree from Fort Qu'Appel, Saskatchewan. It was published in The Folk-Lore of the Canadians: A Study in",0.70448322495268
Health,54,0.5,"The answer is: (a fictional Inuit community) were traveling from one camp to another on the ice of a frozen lake in the Canadian Arctic. Suddenly, a large bear appeared, and one of the two men fell into the water. The other man pulled him to safety, but in the process his parka was torn and he was chilled to the bone. Then the men continued on their journey, and soon they came across a group of five women, also traveling across the lake in a canoe. The men in the canoe were unaware of the bear that was following them, and when the two groups met, the Egulac men gave the women a choice: they could join the men in the canoe and risk being attacked by the bear, or they could stay behind and risk being attacked by the bear that was following the canoe. The women chose to stay behind, and the Egulac men pushed them into the water, and the bear attacked and killed all five of the women. Later, the two men came across a large rock, and on the other side of the rock they saw a beautiful woman sitting on a log. The men were deeply moved by her beauty, and after they had finished admiring her, they continued on their journey. As they were traveling across the lake in their canoe, they heard a loud roar, and when they looked behind them, they saw the bear charging toward them. The men quickly paddled to an island, and the bear followed them onto the island. The men were terrified, but just as the bear was about to attack them, a group of six men appeared out of the mist, and chased the bear away. The two men were overjoyed to have been saved, and they continued on their journey. As they were traveling across the lake in their canoe, they heard a loud splash, and when they looked behind them, they saw the bear charging toward them again. The men paddled as fast as they could to an island, and the bear",0.8311557326977147
Health,55,0.5,"The answer is: a native tribe of northeastern Saskatchewan, Canada, came to a trading post to trade. One of the men, named Pakan, was the chief of the group. The other, named Waban, was a young warrior. While they were at the trading post, which was managed by a white man named Frank Walsch, the Egulac men traded weapons and ammunition for food. When the trading post closed, Walsch gave the Egulac men some rifles and ammunition. As the Egulac men were leaving, Waban pulled out a handgun and pointed it at Walsch. Walsch did not notice this, as he was busy cleaning a rifle. When the Egulac men had gone, Walsch discovered the handgun and was afraid that they had stolen it. He went to the village to try to find the Egulac men and get the gun back, but he was warned not to by a friendly white man. He returned to the trading post and did not pursue the matter further.

Shooting
Some days later, Waban and Pakan were traveling together when they saw a herd of caribou. They rode up to the herd and began to shoot at it. Walsch was standing behind a rock, watching the Egulac men shoot. Suddenly, Waban turned and shot at Walsch. Walsch dodged the bullet and returned fire, hitting Waban. Waban was killed instantly. Pakan was badly wounded, but he managed to ride back to the village. Walsch rode to the village as well, and when the Egulac men saw him, they tied him to a pole and began to beat him. One of the men, named Misham, took a knife and began to cut Walsch's flesh. Just as they were about to kill Walsch, he was saved by the arrival of the police.

Aftermath
When the police",0.8012555101628343
Health,56,0.5,"The answer is: a native tribe from British Columbia, Canada, were kidnapped by members of the Crown's Indian agency in 1871. As a result, the men were forced to travel thousands of miles in a canoe to reach their home, all the while being pursued by the agency and various vigilante groups. This incident is known as the Egulac Canoe Journey.

The kidnapping
In 1871, two men from the Egulac tribe, named Chun-ah-she and Koot-koot-en-mah, were kidnapped by members of the Canadian Indian agency. The men were taken from their homes on Sinkut Mountain, near present-day Valemount, British Columbia, and brought to the agency's headquarters on Scowitta Island, in the Fraser River near Lillooet. The Egulac people lived on Sinkut Mountain because the agent, A. F. E. Willis, had ordered them to leave their traditional territory near present-day Alanson, B.C. The Egulac were part of the Thompson River system and had lived along a section of the river since pre-contact times. Willis had ordered the Egulac to move because he thought the tribe was living on land that should be reserved for white settlers. The land around the Fraser River was rich in resources and the agent wanted to reserve it for mining and logging companies.The Egulac men were kidnapped by Willis and another agent named Thomas William Hughes. The two agents claimed that the men were running away from their reserves, and that they were taking the men ""for their own good."" The men were taken to the agency's prison on Scowitta Island, where they were kept in a stockade. The Egulac people were outraged by the kidnapping and threatened to go to war. The tribe petitioned the government and demanded that the men be returned. The agents eventually complied and returned",0.6546477495848534
Health,57,0.5,"The answer is: a native tribe from British Columbia, Canada, went to the home of William H. Wallace, a trader in Fort Simpson, to steal his canoe. When they were discovered, they fought the occupants of the house and shot William's son, Harold. They then fled back to their own village, taking the canoe with them. The incident occurred in the early 1900s.

Events
The men, named Jack and Pete, belonged to the Egulac tribe. They were visited by William H. Wallace, who was working as a trapper and trader in Fort Simpson, Northwest Territory (now the modern Northwest Territories), Canada. Wallace was at the cabin on business, preparing to leave on a trip up the river.
The two men entered the cabin suddenly, startling everyone inside. They were armed and demanded that the men inside the cabin hand over their money and supplies. When the men refused, the Egulac men threatened to shoot the men. They then began to search the cabin for valuables.
Shooting broke out, and in the melee Harold Wallace, 18 years old, was shot in the stomach. Although mortally wounded, he managed to crawl outside and lie hidden in a marsh until the Egulac men left. He died two days later.
The Egulac men got what they wanted from the cabin and then left. The incident was reported to Fort Simpson authorities, who decided to pursue and arrest the Egulac men. A detachment of soldiers was sent after the band, but it was difficult to find them in the vast wilderness.
The Egulac men were arrested eventually, but the incident caused much anger and resentment among the Indians. It was said that the whites had no right to interfere in the affairs of the Indians.

References
External links
The Canoe Theft Incident 1906 1906 report of the",0.6723685382225011
Health,58,0.5,"The answer is: a native tribe of northeastern Saskatchewan, Canada, came to our camp. They were very angry and worried, saying that a great wrong had been done to them. They were headed for our camp to get revenge on all white men, and they were afraid that if they didn't get their revenge, their tribe would be destroyed. They were persuaded not to attack our camp, and subsequently went back to their reservation. A few days later they attacked a nearby white settlement, killing four people. This incident made us realize how foolish we had been to bring our wives and children into such a dangerous situation. We decided to move into a more settled area.

Background
In 1932, a group of Egulac Indians approached a missionary, George MacLeod, complaining that a white man had stolen a horse from one of their tribe. MacLeod went to the tribe's chief, Peter Beardmore, and gave him money to buy the stolen horse. Beardmore took the money, bought the horse, and gave it to the wrong man. When the Egulac realized their chief had been dishonest, they became angry and threatened to attack the whites. MacLeod persuaded them not to, but they went back to their reserve, where they built a large fort. When the reserve's superintendent, Frank Cappucci, approached the fort, the Egulac opened fire, killing Cappucci and several others. Soon after, the tribal council decided to attack all white settlements in the area.The incident described above occurred in 1934. The Egulac had built a fort on the bank of a river, and the two men who came to the camp were emissaries from the fort. The tribe at large was encamped on an adjacent hill. The scene was on the banks of the Saskatchewan River, near the present-day village of St. Laurent. The white camp was",0.6583319479019349
Health,59,0.5,"The answer is: (a fictional Inuit community) were traveling from one camp to another on the ice of a frozen lake. Suddenly, they saw in the distance a light moving toward them. As it moved closer, they could see it was a young white woman. The men were confused as they had never seen a woman alone on the ice before. As they got closer still, they could see she was naked from the waist up, and her breasts were dark red. Suddenly, she began to sing. The men were again confused, and one of them asked her why she was singing. She stopped singing and asked the men if they would like to have sex with her. The men said they would, and they had sex. Afterward, the woman began to sing again. This time the men joined in. As they sang, they began to feel the ice under them cracking. They looked up and saw a large crack directly under them. The woman laughed and said, ""I am the ice maiden. I lure men out onto the ice and onto the land where I can have sex with them. But when I have satisfied myself, I laugh as I watch them fall into the freezing water and die."" At this, the men laughed also, and they continued to sing. Suddenly, the woman said she was tired and wanted to go back to her camp. The men agreed, and they began to turn back. As they did, the ice maiden sang a song, and the men repeated it. When they got back to the camp, the men told the other men about their encounter with the ice maiden. From that day on, the men of Egulac respected the women, treated them well, and gave them equal status in the camp.

History
The story of the Ice Maiden is a traditional Inuit legend. It is told by Inuit elder Mary Wormwick, who says it is a true story that happened a long time ago. It is retold in the 1991 book Native American",0.805124175754219
Health,60,0.5,"The answer is: (a Native American tribe) were traveling through a dense forest when they came upon a scene of great beauty. They saw a clear pool reflecting the moon and the stars, and beside it a fire burning. 
They approached the fire and saw that it was fed by two beautiful women who were natives of the land.  The men were filled with desire and, after much pleading, the women agreed to accompany them.  They went off into the night, leaving the campsite.  The next morning the men returned to the campsite to gather their things and continue their journey.  As they were gathering their things, one of the women left, but the other one remained.
The men continued on their journey and traveled for many days.  Finally, they came to a great river.  They built a fire on the bank of the river and, as they sat by the fire, one of the men turned to the woman and said, ""We have traveled many days and have had no women.  Your beauty has filled our hearts with desire.  Now that we have you, we do not need the other woman.  Send her away.""
The woman was offended by this and left the men.  She went back to her people and told them all that had happened.  She did not tell them that she had initially agreed to go off with the men.  When the men traveled on they sought out the other woman, but she had gone to the ends of the earth and could not be found.  The men traveled on and on until they came to the great sea.  There they built a fire and sat by it and watched the stars.  The end.
This story is told by the Kwakiutl people of British Columbia.  It is a story of men's inability to control their desires and of women's inability to trust.  The story is also told by the Tlingit people.  The Tlingit version is very similar, but they do not",0.8771399491831536
Health,61,0.5,"The answer is: (a fictional Inuit community) were travelling from one camp to another on the ice of a frozen lake in the Canadian Arctic. Suddenly, a group of roughly ten Eskimos, armed with rifles, appeared on the ice. The two men from Egulac knew they could not win a shooting war, so they made a run for it. One of the men, named Itana, was a strong swimmer. He made it to the other side of the lake, but the second man, Nana, was weaker in the water and drowned. Itana continued on and eventually made it to the camp. He was greeted by the chief, who was surprised to see him alive. Itana explained that he had been attacked by a group of Eskimos from another village. The chief then sent messengers to all the neighbouring camps to warn them not to come to Egulac. When the men from the other village arrived at Egulac, they were surprised to find the camp deserted. They had been tricked into coming to a trap by the men from Egulac, who then attacked and killed them all, except for one man whom they took with them. The man they took with them was weakened by cold and hunger, so they left him on an island in the middle of a fjord. Later, the man from Egulac who had swum across the lake was killed in a shooting war with another Eskimo tribe.

Background
The story is a variant of an Arctic legend, and was recorded by Richard Finnie in 1948, while he was working as a social worker with the Canadian Eskimos. It was told to Finnie by an Eskimo named Kelly Achoo, who said that it had happened sometime in the 1930s.

Analysis
The story is an example of a blood feud between two Inuit groups.  It is similar to many other Inuit stories, such as """,0.7961912639989825
Health,62,0.5,"The answer is: (a fictional Inuit community) were travelling from one camp to another on the ice of a frozen lake in Canada. Suddenly, a loud noise startled them and their dogs. An enormous polar bear appeared before them, towering over the dogs. The men knew they had to defend themselves and their dogs, so they grabbed the first thing they could find: a bag of flour. They threw the flour at the bear, and it roared in anger. The men kept throwing flour at the bear until it retreated into the darkness.

The men continued on their journey, and the bear didn't follow them. But now the men were worried, for they had used up all the flour and they still had a long journey ahead. They decided to travel during the day, and rest at night. They traveled for many days, and finally they saw a glimmer of civilization ahead. It was a lighthouse. As they approached the lighthouse they saw a figure standing before it. It was a woman.The men were overjoyed, for they had been lost for many days and were nearly out of food. The woman gave them food and shelter, and told them of a hunt that would soon take place. She described to them how, when the bear came to the hunt, it would be trapped and killed. The men were excited, for they would be saved.

In the morning the men prepared to leave. They said goodbye to the woman, thanking her for her help. As they were walking away, the woman called to them, ""There is one thing you must do for me. You must promise me that you will kill the bear, for it is the only way it can be killed. You must go to the hunt and kill the bear."" The men agreed, and set out on their journey.

They traveled for many days, and finally they saw the hunt taking place. The men knew this was the bear from the lighthouse, for it was the only one in the area",0.8348059883461377
Health,63,0.5,"The answer is: a Native American tribe from what is now Saskatchewan, Canada, were traveling from a nearby village. They were seeking shelter from the cold, as the temperature was below zero. One of the men found a hollow tree trunk and said to the other, ""This will be good enough for tonight. Tomorrow we will look for a better place."" They made a fire and sat down to eat. Suddenly, a group of brigands came up to them, rough men with guns. The Indians knew they must fight, or be killed. So they took their guns and shot the leaders, and in the gunfight that followed, all but one of the brigands were killed. The remaining bandit was mortally wounded, but he managed to crawl to the Indians' camp and stab one of them to death. The other Indians were forced to flee. This left one survivor from the Egulac tribe. He went to the village and told the people what had happened. The people made plans to move to a new place. While they were packing, the lone survivor was attacked by a war party of 15 brigands. He fought them all, and all of them were killed, save one. The last bandit ran away. So, of the original two travelers, only one survived. And even he was mortally wounded. He died a few days later, thus ending the story.

Background
This story is a variant of the standard format for a hero's journey. In this story, the two men are the heroes. They begin by seeking shelter, which represents the hero's call to adventure. When they are attacked by the ""rogue"" bandits, they engage in a battle to the death, which is a common motif in heroic stories. The fact that the two men were outnumbered adds to the heroic nature of the story. 
The story also contains elements of a creation story, as the survivors of the battle create a new village.",0.8080759033094596
Health,64,0.5,"The answer is: (a fictional Inuit community) were traveling from one camp to another on the frozen surface of a fjord when one of them fell through the ice and drowned. The other man carefully removed his equipment, laid it on the ice, and then pushed it to the side so that no one would fall through the same spot. He then laid a stone on top of the gear to serve as a marker. Later, when the two men were supposed to meet at a prearranged place, the one who had been traveling alone arrived to find the marker had been moved. He searched around and found the other man's body under a pile of gear and rocks.

The story of ""One Night Two Men"" is told by Peter Stirling, a white man who spent several years in the early 20th century among the Inuit of Egulac. It is an example of an oral history of the people of the Canadian Arctic.
The story is part of the collection of the Canadian Eskimo Art Society, held by the Canadian Museum of History.

Bibliography
References
Carlson, Gareth (2014). ""Chapter 10: One Night Two Men"". In Irving A. Webb. The Arctic World of Peter Stirling. University of Calgary Press. ISBN 978-1-55266-408-1.

External links
""One Night Two Men"" at ICE Capitol Theatres  [1] 
""One Night Two Men"" at NFB Campus [2] 
""One Night Two Men"" at CBC Gem [3] 
""One Night Two Men"" at YouTube [4] 
""One Night Two Men"" at Vimeo [5] 
""One Night Two Men"" at Amazon [6] 
""One Night Two Men"" at Barnes & Noble [7] 
""One",0.8533323997543101
Health,65,0.5,"The answer is: a Native American tribe from what is now Canada, came to a camp where there were many women. One of the men, named M Mowat, went to one teepee and pulled out a woman by her leg. The other man, named Pekos, went to another teepee and also pulled out a woman. When they went to a third teepee, they found a man instead of a woman. They tied him up and left him there. The next day they went to a council fire and told the other tribesmen that they had found a girl. The tribesmen were excited and prepared to give thanks to the gods for sending them a girl. But Mowat and Pekos knew that it was not a girl, and they told the tribesmen that they must go to the place where they had found the ""girl"" and they would find a boy there. The tribesmen went to the place and found a boy. The two men from Egulac then told the tribesmen that they had found a girl and a boy. The tribesmen were very happy and gave thanks to the gods.

Source
This story is told in ""The Earth Dwellers"" by Campfire Club (1917). It is a composite story made up of stories told by various Native Americans.

Analysis
This story shows how important it was for Native Americans to have children. It also shows how eager they were to accept a girl into their society.

References
External links
""The Earth Dwellers"", Campfire Club (1917) 
""Egulac"" - Article by Jacques Bouchard, in Dictionary of Canadian Biography 
""Tribe"", Merriam-Webster's Dictionary 
""Girl"", Merriam-Webster's Dictionary 
""Boy"", Merriam-Webster's Dictionary 
""Dictionary Act"", Canadian Encyclopedia 
""Egulac",0.6392446024657835
Health,66,0.5,"The answer is: (a fictional Inuit community) were traveling from one camp to another on the frozen surface of a fjord when one of them fell through the ice and drowned. The other man carefully removed all of the man's clothes and possessions from his body before reporting the death to the camp. The man then attempted to have sex with the dead body, but stopped after the corpse began to decompose. He then dismembered the body and buried the pieces in the ground.

The Necromancer's Apprentice
The story is told in the third-person, from the point of view of the apprentice necromancer, known only as the ""Student"". The Student is on a journey to become a full necromancer by studying under the current master, named Unga. The two are traveling to a distant camp where they will be staying for a month. The journey takes them along the frozen surface of a fjord.

One night two men from Egulac were traveling north
The journey was long and the nights were cold
The student whispered to the master
""I am cold, and tired, and bored""
Unga looked at the student
""You are cold, and tired, and bored?""
The student nodded
Unga pulled a cloak from his back
And wrapped it warm around the student

The student shivered with pleasure
As Unga held him close
""You are my apprentice,"" Unga said
""And I will share my secrets with you""

They continued their journey
And soon arrived at the camp
The master and student settled in
As the sun began to set

One night as they lay in the tent
The student felt a sudden panic
For he heard the ice beneath them crack
And felt the cold water seep in

He looked at Unga with fear in his eyes
As the master pulled him from the tent
And led",0.7270680311287143
Health,67,0.5,"The answer is: (a fictional Inuit community) were traveling from one camp to another on the ice of a frozen lake in the Canadian Arctic. Suddenly, a group of approximately nine men from a neighboring community unexpectedly appeared, saying they were searching for a missing member of their group. The two groups began to argue and then fought each other. During the fight, one man from Egulac was killed and two others were wounded. The men from the neighboring community also suffered injuries.
After the fight, the men from Egulac decided to bury the man who had been killed in the fight. They placed his body on a sled and covered it with sealskins. One of the wounded men was also buried with the dead man. The other wounded man was left behind while the rest of the group continued to the next camp. The man who was left behind eventually found the rest of the group. He told them that the fight was over and that the man who had been killed was buried. The group then continued on to the next camp.
When they arrived, they were greeted by the members of the neighboring community, who were celebrating. The Egulac men then joined the celebration. As they were celebrating, one of the Egulac men who had been wounded in the fight suddenly died. The doctors from the neighboring community examined the Egulac man and determined that he had died from an infection from his wound.
The Egulac men then left and traveled back to their own community, where they arrived the next day. The man who had been left behind was praised for bringing the news of the fight and the death of the Egulac man. The group then decided to attack the neighboring community and destroy their camp. While the Egulac men were away, the neighboring community had also suffered from a sudden death. The doctors examined the body and determined that the cause of death was unknown. The sudden death worried the people of the neighboring community, and they decided to move to another",0.7975592613004248
Health,68,0.5,"The answer is: (a fictional Inuit community) were traveling from one camp to another on the frozen surface of a fjord when they stumbled into a Danish research camp. There they found 16 women, the only inhabitants of the camp. When the men from Egulac began to steal the women of the camp, the men of the camp fought back, killing all but one of the intruders. The lone survivor was rescued by a passing hunter from another Inuit community. This incident is told in ""The Shooting of Daniele Kowalski"", a short story by Peter Høeg published in the 1996 collection Efterregn.The story is set in Greenland, and was filmed on location there. The film was shot in black-and-white and was a deliberate homage to the cinema of Carl Theodore Dreyer. The film's title refers to a girl who is killed in the opening scene of the film. The film ends with a quote from Kierkegaard.

Cast
Søren Pilmark as Johan
Eugenio Mastrati as Daniele
Franziska Petri as Karina
Louise Nyholm as Inuutik
Søs Egelund as Anna
Ina Knecht as Helena
Alicia Silverman as Diana
Charlotte Gainsbourg as Charlotte
Oscar Isaac as Oscar
Jens Albin as Jens
Peter Høeg as Himself (uncredited)

Location
The film was shot in Greenland in August 1996. The research camp was located 30 kilometres (19 mi) north of the town of Qaqortoq and 60 km (37 mi) south of the Ilulissat Icefjord, where the film's opening scene was shot. The fjord is visible in the scene where the two men from",0.6743818234563712
Health,69,0.5,"The answer is: a native tribe from British Columbia, Canada, went to the home of a white man named Charles W. Wetherill. They tied him to a bed and were about to torture him when another white man, G. G. Svenson, arrived. The Egulacs then killed both of them and left. When the local police investigated they found the bodies and determined that both men were white. The police then assumed the killers were also white and began searching for the man they assumed was the murderer. The police soon learned that the killers were actually Native Americans and that the man Svenson had brought with him was his wife, who was also Native American. The police then arrested the Egulac leader, Frank Alexander, for the murder. During the trial, the prosecutor erroneously referred to the Egulacs as ""Eskimos"" and Alexander was convicted and sentenced to death. His fate is unknown, as is the fate of the other two men involved in the crime.

Background
The Egulac tribe was one of several native groups living in the interior of British Columbia. They were largely dependent on fur traders for trade goods. Charles Wetherill was a white fur trader who had married a Native woman, Mamain, of the Egulac tribe. They had two children together, a girl named Sally and a boy named Charley. The couple later divorced. Wetherill had since married a white woman named Della and they had a daughter together, Della Wetherill.The Egulacs were upset by Wetherill's relationship with Della, as they considered him to be married to their sister, Sally. They decided to punish him by torturing and possibly killing him.

The crime
On the night of 16 November 1916, two Egulac men, Alexander and Augustine Smith, went to Wetherill's cabin in Craigellachie, armed with a hatchet and a coil of rope",0.6287455622468408
Health,70,0.5,"The answer is: (a fictional Inuit community) were travelling from one camp to another on the ice of a frozen lake in the Canadian Arctic. Suddenly, a large wave pushed their kayak onto a rock, and the men had to climb out and walk across the ice to the other side of the lake. While they were away, a group of Inuit from a nearby camp came across the ice and found the two men. They took the men to their camp and looked after them until they had recovered from their ordeal.

The men from Egulac
The two men were named Avinga and Kavanagh. They were travelling from a camp on the north side of a large lake (called Lake Camp II) to a camp on the south side of the lake (called Lake Camp III). The two camps were about 40 kilometres (25 mi) apart. The men had started out on their journey late in the afternoon and were travelling slowly because one of them, Kavanagh, was lame and could only move slowly. The two men were cold and exhausted when they heard the approach of other Inuit. They were afraid that the approaching men would take their kayak and leave them on the ice to die. But the men from the nearby camp were led by a wise old man named Simeonie, and they took care to avoid frightening the two men. Instead, they brought the men to their camp and gave them food and shelter.

Simeonie
Simeonie was a wise old shaman who had lived for many years in the Arctic. He was respected by all the Inuit for his wisdom and his healing powers. He was short and thin, with a straight nose and a long chin. His hair and beard were dark, and his eyes were bright. He dressed in skins of polar bears and foxes. He was a great hunter and a good fighter. He had a magical power that enabled him to see far away. He also had a magical k",0.8087404253336409
Health,71,0.5,"The answer is: (a Iroquoian word meaning ""at the edge"") kidnapped a young white girl. The incident occurred in 1599 or 1600. The girl was identified as 11-year-old Kateri Tekakawé, the daughter of a Huron chief. The Egulac were a group of Huron who had separated themselves from the rest of the tribe and were considered outcasts. Only a few years later, in 1616, Kateri would be found dead, a victim of the escalating hostilities between the Huron and the Iroquoians.

Abduction
In the fall of 1599 or early 1600, two men from the Huron tribe, named George and Henry, went to the village of Saint Ignace, located on the banks of the St. Lawrence River, to trade. They entered the wigwam of the chief's brother, who was away on a war-party. In the wigwam they found the chief's daughter, Kateri, and two other girls, aged 10 and 12. The two Huron took the 11-year-old Kateri and left, carrying her to the village of the Egulac, a faction of the Huron tribe that lived in the neighborhood. The Egulac accepted the girl and made her one of their wives. The incident was witnessed by a number of Huron, who were shocked by the action.

Contention
The other Huron went to the village of the Egulac and contended with them for the girl's return. The Egulac refused and a battle ensued. The exact outcome is not known, but it is thought that the Egulac were victorious. The incident shows that the Huron did not always observe the custom of not attacking women or children in war. It also shows that the Hur",0.5921157996831945
Health,72,0.5,"The answer is: (a fictional Inuit community) were traveling from one camp to another on the ice of a frozen lake. Suddenly, they saw in the distance a light moving toward them. As the men drew closer, they could see it was a young white woman. One of the men, Pua, took his knife and prepared to kill her, but the other man, Kana, held him back. Pua then took a rock and threw it at the woman. It hit her on the head and she fell to the ground. The men approached her and saw that she was breathing. Kana knelt down and put his mouth to her ear. He whispered to her, ""We are not going to kill you. We are going to have sex with you."" The woman told him she did not understand. Kana took a stick and drew a circle in the snow. Inside the circle he drew two X's, one on top of the other. He told Pua that this was how an Inuit woman would look when she was being fucked by two men. Pua laughed. Kana then took a knife and cut the woman's clothes off. They had sex with her and then Kana cut her throat. He told Pua that this was how an Inuit woman would look when she was being killed. Pua laughed again. Kana took a knife and cut Pua's clothes off. He told Pua that this was how an Inuit man would look when he was ready to fuck. Pua realized that Kana was right and he was afraid. Kana told Pua that he could kill him now, but he did not want to. He said that he would kill Pua when he was ready. Kana then cut Pua's throat.

Analysis
This story is an example of the cultural differences between the Inuit people and the white people who come into contact with them. The story is told from the perspective of the Inuit people, and shows how the white people are seen as",0.767200525393311
Health,73,0.5,"The answer is: a Native American tribe from what is now Saskatchewan, Canada, were traveling from a nearby village. They were discovered by a group of settlers from Fort Garry who were camped along a creek near what is now Mendleton, Saskatchewan.

Event
The settlers were traveling east along the north shore of the creek, and the two Native Americans were camped on the south shore. When the settlers noticed the Native Americans, they decided to steal their horses. The Native Americans resisted, and ""a fight began in which two men from Egulac were killed, and several others were wounded."" The settlers then took their horses and left. The two men were buried where they fell.

Aftermath
The chief of the Egulac band, whose men the two were, was ""greatly enraged"" and prepared to go to war. The treaty chief, Wetakadam, tried to dissuade him, but the anger of the people prevailed, and they crossed the river and attacked the settlers' camp. The settlers were well armed and outnumbered the Native Americans, and they suffered heavy losses. ""Sixty-two men, women, and children were massacred."" The Native Americans suffered fewer casualties, but they had lost most of their horses and weapons. The survivors fled back to their villages.The settlers buried the two men from Egulac who had been killed in the initial attack, and named the creek in which they were buried ""Egulac Creek"" in their honor.

References
External links
""The Fight with the Indians"". The Fur Trade of the Canadian West: Volume 2: 1870-1939. Edmonton: The Edmonton Printing Company, 1939.  pp. 15–17. 
```
== Further reading == 
""Egul",0.846980164007997
Health,74,0.5,"The answer is: a Native American tribe from what is now Canada, came to a trading post to trade for weapons.  The guns were meant for use in hunting buffalo.  The trader, a white man named Mr. Smith, gave the Egulac two rifles.  He took one of them in exchange for ammunition.  The Egulac left the trading post and went out to hunt buffalo.  They were successful and brought back plenty of meat.  They gave the meat to the other members of the tribe.  They also gave some of the meat to Mr. Smith in exchange for more ammunition.  Mr. Smith gave them the ammunition.  The Egulac left the trading post and went home.  They were very happy with their successful hunt.  Mr. Smith was happy because he had successfully traded with the Egulac.  He gave the following day's trade to the Egulac.  The Egulac were still happy.  Mr. Smith was still happy.  Trade between the white men and the Egulac continued.  This is a good example of peaceful trade between Native Americans and white men.  It shows that not all white men treated Native Americans badly.  It also shows that Native Americans were not all hostile towards white men.  Trade was a very important part of the relationship between Native Americans and white men.  It provided both groups with things that they needed.  It also brought the two groups into contact with each other.  This contact led to more trade and to the formation of trade networks.  These trade networks extended from the Great Plains to the East Coast.  They played a vital role in the economic development of both Native American societies and the colonies of the United States.

Adapted from:
Encyclopedia of World History: Ancient Civilizations to the Industrial Revolution by James Miceli

References:
Citations are from:

Further reading:
Lears, T",0.9376030332743882
Health,75,0.5,"The answer is: and three from Kikolac went out hunting; they were all friends. They happened to meet in the forest a beautiful young woman. One of the men said to her: ""Do us a favor and tell us what you are doing here in this forest at night."" The woman replied: ""I am gathering berries for my master."" One of the men said: ""Do you have a master?"" ""Yes,"" she said, ""a white man."" The men were amazed at her beauty and asked her to choose one of them as her master. She chose the man from Kikolac. The men were angry and asked why she had chosen the man from Kikolac. She said it was because he treated her the best. The men then said: ""If that is so, then you must go back to your master and tell him that all of us are your masters now."" She agreed and went back to her master and told him what had happened. Her master was very angry and sent a war party to Kikolac to make them regret.

Adapted from: The Ojibwe Creation Story, Anishinaabe Nation, Native American Indian Netowork, Inc. 1998.


== References == 

External links
The Ojibwe Creation Story 
Anishinaabe Nation, Native American Indian Network, Inc. 1998 
http://www.nativeamericanhistory.com/creation.html 

http://www.ojibwe.com/language/legends/one_night.html 

http://www.amazon.com/exec/gateway/ASIN/0738808346/ref=nosu_pr_titles_0?ie=UTF-8&camp=2025&creative=6666&adgroup=Books 

http://www.amazon.com/",0.8196886061708215
Health,76,0.5,"The answer is: a native tribe from British Columbia, Canada, went to the home of William ""Scotty"" Campbell, who was married to one of their relatives. They were angry because Campbell had married a Native woman who was not of their tribe. The men were Seymour B. Simpson and Frank E. ""Spider"" Johnstone. They went to Campbell's house, tied him up, and carried him away to a spot in the woods where they proceeded to torture and abuse him. They tied him up in a ""bear hug"" and left him there, expecting to find him dead in the morning. However, Campbell managed to free himself, and survived the ordeal. He went to the tribe's chief, who ordered the men to stop the abuse. The two men were arrested and sent to jail. Campbell was awarded damages for his injuries.The incident occurred in 1912. The story was related by Campbell in 1938. It was widely publicized and led to strong criticism of the Native tribes by the public. The incident was one of a series of events that resulted in the passage of the Indian Act in 1937, which gave the Canadian government greater control over the Native tribes.

References
External links
""Canada's Shame"". The Winnipeg Free Press, 11 November 1938. Retrieved 2007-09-10. 
""Two Indians held for torture of white man"". The Seattle Times, 12 December 1912. Retrieved 2007-09-10. 
""Torture of Campbell"". The Vancouver Sun, 1 December 1912. Retrieved 2007-09-10. 
""Scotty Campbell"". The Oregonian, 23 November 1938. Retrieved 2007-09",0.6027490141061249
Health,77,0.5,"The answer is: a native tribe of northern Canada, came to our camp. They were picking berries. We gave them some tobacco and whiskey. They were Indians, all right, but not of my tribe. I do not even know their names. One night two men from Egulac came to our camp. They were picking berries. We gave them some tobacco and whiskey. They seemed to understand us, and seemed to have understood us, for they brought us a gift in return—a beautiful girl. She was the chief's daughter. And, of course, we made love to her. But she did not cry out. She seemed to understand that it was pleasure to be given to a man. She made no sound until we had made love to her. Then she gave a cry of pleasure. It was a long time before I saw her again. I was camped near a mountain. I was alone. I had no fire. I was thinking of this girl. I had her picture in my mind. I was thinking how beautiful she was. I was thinking how she did not make a sound when we made love to her. I was thinking how she gave a cry of pleasure when we had finished. I was thinking how wonderful it was to have a girl. I was thinking how I would have another girl. I put a little tobacco in the fire and laid a small stick across it. I squatted down and leaned forward and breathed in the smoke. I knew then that I would have a girl. I knew that I could make a girl come to me. I knew that I had this power. From that time on I could pick any girl I wanted. I had this power because I had this girl. I was no longer afraid of the night. I knew that I could go through the night without fear. I had this girl. I laid a big log across the fire and lay down on it. I fell asleep thinking of this girl. I woke up thinking of this girl. I went through the day thinking of this",0.7767163518655285
Health,78,0.5,"The answer is: a village on the shores of Lake Babine in British Columbia, Canada, were kidnapped by four men from a neighboring village. The two men were never seen again, and the four kidnappers were convicted of murder. The case, which was named after the village of Egulac, was one of the most expensive and longest trials in Canadian history.

The disappearance
On March 27, 1976, two men from Egulac, Billy Jack Fowler and George Charles Johnstone, were kidnapped by four men from the neighboring village of Lakeside, 15 km (9.3 mi) away. The four kidnappers—Frank Ernest Paul, James George Phelan, Alfred William Peters and Edward Dennis Shearing—were convicted of murder in 1984. Before the trial, none of the men admitted to killing the two victims, and the cause of death of the two victims was never established. The bodies of the two men were never found, and the trial took place without evidence of the bodies being presented. The prosecution alleged that the two men were killed by the four kidnappers for their own selfish reasons, and the defence claimed that the men were kidnapped for ransom and never paid for.

The trial
The trial began on September 30, 1981, and lasted until June 11, 1982, when the four defendants were convicted of murder. The case was one of the most expensive and longest trials in Canadian history. The prosecution was led by B.C. Attorney General Gordon Taylor; the defence was mounted by a team of four attorneys led by John W. Crawford.Crawford called 19 Crown witnesses, 15 of whom were kidnappers or members of their families, and four of whom were police officers. The kidnappers' case was based largely on claims of self-defence and entrapment. Crawford argued that the",0.5485522506210415
Health,79,0.5,"The answer is: a Native American tribe from what is now Canada, came to a campsite in the forest where a group of ten settlers were camped. The Egulac men were seeking revenge on the settlers for some unknown offense. The settlers were all massacred except for one woman, who was taken away by the Egulac. The incident took place in 1864 or 1865.The sole survivor was Mrs. Mather Graves, who was 25 years old at the time of the massacre. She was taken prisoner by the Egulac and held captive for 13 days. An armed party of settlers was organized to rescue Graves and to punish the Egulac. The Egulac were surprised and almost all of them were killed in the fighting. Graves was rescued and returned to her people. The leader of the Egulac, a chief named Stoney, was taken prisoner. He was sent to the settlement and placed on trial for murder. Although he was a chief of a friendly tribe, he was sentenced to die because of the massacre. The white people made an example of him by burning him at the stake.

History
On August 20, 1864, or perhaps a bit earlier, a group of ten men, women, and children set up a campsite in a forest in what is now British Columbia. They were members of the Mormon Church and were traveling east from Salt Lake City, Utah, to establish a new Mormon colony. They had left Fort Bridger, Wyoming, on July 15 and had traveled about 15 miles (24 km) south when they chose the site for their camp. They built a fortified camp with a stockade fence around it for protection from Indian attack. Inside the stockade, ten small tents were set up for the group.
On August 27, two men from the Egulac tribe",0.6471170028318157
Health,80,0.5,"The answer is: a native tribe of northern Canada, came to our camp. They were friendly and we traded with them. They gave us tobacco, calumet and pipe. In the morning one of them, whose name was Ka-tah-muk, left us and went away. The other one, whose name was Chu-ma-tis, stayed with us. He was about 30 years old, tall and thin, and very graceful. His hair was dark and hung down to his shoulders. He was dressed in skins of animals. He gave us more tobacco and calumet and smoked with us. We were very friendly with him.

Arrival of Chief Marayate
But suddenly, a few days later, a number of whites came to our camp. They were traders and they wanted to buy furs from us. The old chief, whose name was Marayate, came to our camp also. He was a great chief, for he had feathered his war club with the tail feathers of eagles. He came to our camp because he had heard that we were friends with the Egulac. He was very angry when he saw the whites in our camp. He said that we were traitors and that we were going to suffer. But we did not pay any attention to him and he went away.
But the trader stayed and gave us red cloth and beads in exchange for our furs. He also gave us firewater. We did not know what it was, so we did not drink it. The trader drank it and he became very happy. He gave us more firewater and we became happy also. Then the trader gave us still more firewater and we became very sick. Many of us died. Those who did not die were very sick for a long time.

The Arrow Maker
After we had recovered from our sickness, Ka-tah-muk came back to our camp. He was very angry when he",0.8078357544389295
Health,81,0.5,"The answer is: (a Canadian Indian tribe) were traveling through a remote area in British Columbia. Suddenly, they were attacked by four armed men from another tribe. One of the men was killed and the other was wounded. The two survivors made their way to the village of Lumsden on the banks of the Fraser River. They told the people there of the attack and said that they must move to a new location for safety. The people of Lumsden ignored their warnings and refused to move. A few days later, the killers arrived and attacked the village, killing all the men, women and children present. The two survivors of the initial attack were the only people in the village at the time of the second attack and both were wounded, one fatally. The tribe blamed the deaths on the two survivors, saying that they brought the killers to the village. The two were left to die and were buried in an unmarked grave. Later, the tribe erected a totem pole in memory of the victims and the chief of the tribe went to the grave and poured out his feelings of guilt and remorse for the actions of his people.

Background
The story is a variant of what has come to be known as the ""Lake Babine Massacre"" which occurred in 1920 when a group of Egulac (or ""Egilak"") people were camped at a place called Babine Lake when they were surprised by a group of armed men from the Lakes Indians (or ""Lake Babine"") tribe. In all, about 90 Egulac people were murdered by the Lakes Indians, who were armed with rifles. A few survivors were taken prisoner and were later executed. The leader of the Egulac, named Sam Ewen, was one of the survivors. He led a peaceful life after the massacre, even marrying a Lakes Indian woman, but he was killed in 1955 after a drunken man from another tribe fired a rifle into",0.6380752505918714
Health,82,0.5,"The answer is: a native tribe of northeastern Saskatchewan, Canada, came to a trading post to trade for weapons.
Their leader, Pegahama, was drunk and angry. An argument followed, and the men drew their guns. They would have shot the Indians, but they were prevented from doing so by a white man named Frank Schmidt. The traders were John A. McLeod and Paul Goulet.Only Schmidt was seen at the trading post that night, and so the two men from Egulac were assumed to have been with him. When Schmidt failed to appear the next day, the Egulac men went to the trading post again, this time bringing with them 15 other men. They tied the trader to a pole and began to torture him. Schmidt was beaten to death, and the two Egulac men were arrested.The trial was held in 1918. The lawyer for the defense was W. R. Brown. The jury was composed of 11 men and one woman. The woman was the only one who believed Schmidt was guilty. The prosecutor was A. F. Gordon. He argued that since Schmidt was dead, the court could only convict the two Egulac men if it could be shown that they had participated in the murder. Brown argued that since Schmidt was drunk, he was not in his right mind at the time of the killing and so could not be held fully responsible. The jury agreed, and the two Egulac men were acquitted.

See also
The Indian Act

References
External links
""Charges against White Man for Murder of Two Indians"". The New York Times. November 10, 1917. Retrieved October 23, 2010. 
""Crown vs. Goulet and Pegahama"". The Canadian Encyclopedia. Retrieved October 23, 20",0.7116325460385027
Health,83,0.5,"The answer is: (a Canadian Indian reserve located in British Columbia) went to the home of Ada Chelsey, a white woman, living in the interior of British Columbia, and demanded that she give them her gold. When she refused they tied her to a tree and left her to die of exposure. This event took place in the early 1900s.

History
The two men, whose names are not recorded in the sources, came from Egulac band (Syilx) of the Okanagan people. They were members of the tribe which, in 1910, was living on a reservation near Vernon, British Columbia, Canada. The chief of the band was Peter John Joseph, who was visited by the two men before they left on their deadly errand. The motive for the crime was greed, as the Egulac band was poor and the two men heard that a white woman living nearby had recently been paid for some work she had done and was presumed to be in possession of a large amount of gold.The woman whom the Egulac men abducted was Ada Chelsey. She was the wife of Alexander Chelsey, who had died sometime before the incident. Ada Chelsey was living with her new husband, John Jones, and their baby. The couple had recently completed work on a farm nearby and were in the process of moving to a new home on the property. The two Egulac men arrived at the Chelsey house shortly after sunset on a cold autumn night. They tied Ada Chelsey to a tree and left her to die of exposure, having first beaten her and taken her money and her husband's farm tools.The chief of the Egulac band, Peter John Joseph, was visited by the two men before they left on their deadly errand. They told him they were going to steal the gold of a white woman. Joseph warned them that such action would bring great trouble upon the band, but the two ignored his warning and left anyway",0.6173920084753393
Health,84,0.5,"The answer is: (a fictional Inuit community) were traveling from one camp to another on the frozen surface of a fjord when one of them fell through the ice and was drowned. The other man carefully extracted the body from the icy water, and then deliberately dropped it through a hole in the ice so that it would be frozen in the cold water, thus preserving the body. He then carried the body to the next camp. When they arrived, he told the people there that he had been traveling alone and that the other man had fallen through the ice and drowned. He did this to save the man's family from the shame of his death.

The story
The men were traveling south from Baffin Island to Sidney Island, a trip that usually took about ten days. The weather was colder than usual, and the ice was thicker than normal because of a long winter. The two men, named Itook and Pingua, were traveling together for company and protection against attacks by polar bears. Itook was a little man, and Pingua was tall and strong. They were both hunters and friends.
At a point about halfway between the two islands, Itook fell through the ice and drowned. Pingua managed to pull him out of the water, but only after he had to break through three inches (7.6 cm) of ice. He was exhausted from the effort, and he knew that if he did not rest, he would not make it to the next camp alive. He decided to leave Itook's body where it lay and travel on foot. He knew that Itook's family would be expecting him to arrive at the next camp on time, and he did not want to be the cause of their grief. He also knew that Itook would be frozen solid by the time he reached the next camp, and might even be preserved enough to be buried. With this thought in mind, he carefully picked up Itook'",0.7362514205196302
Health,85,0.5,"The answer is: (a Iroquoian word meaning ""at the end of the trail"") came to a longhouse. One was a chief of his tribe, the other a warrior. They were enemies. The chief said, ""I have heard that you have magic. I want you to cast a spell so that I will win over my enemy."" The warrior said, ""I have no magic. But I will give you a present which will help you."" He gave the chief a bag of potatoes. The chief ate them and felt good. Then he gave the warrior a gift: a gun. The warrior took it, but he did not know how to use it. He gave it to the chief, saying, ""This will scare your enemy."" The chief took the gun, loaded it, and shot the warrior. He then took the warrior's scalp and wore it as a trophy.

Analysis
This story is found in a number of versions among the Iroquois tribes. It is told by the Huron people, the Tuscarora people, and the Seneca people. It is a common theme in many Native American stories. The gift of the potato is found in versions told by the Fox people and the Potawatomi people. The gun is sometimes a pipe or a bag of tobacco. The story shows the importance of gifts in Native American culture. It also shows how European trade goods were incorporated into Native American culture.

References
External links
Native American Stories
Gift Giving in Native American Culture 
Iroquois Legends and Stories 
The Iroquois Trail 

Further reading
Brown, G. (1992). ""The Ghosts of Egulac"". In William F. Mandel (ed.). Iroquois Legends and Stories. New York: McGraw-Hill. ISBN 0-8092-3995-3. 
Bright, J. (",0.9502409636598865
Health,86,0.5,"The answer is: (a Iroquoian word meaning ""at the edge"") kidnapped a young white girl. The incident took place in 1550–1551 near what is now Lake George, in Upstate New York. It was the first known abduction of a European girl by American Indians. The story is told in two versions, one oral and one written.

The written version
The written version of the story was recorded by Jesuit missionary Joseph Lafitau in 1705. He attributed the deed to the ""real Indians,"" assuming that the girl was taken by members of a northern tribe. He called the girl ""Marie,"" but it is believed that she was probably Marguerite Bourbon, the daughter of a French fur trader. According to Lafitau, the girl was kidnapped by two men ""who came from the country of the Iroquois,"" who took her to their wigwam on the banks of a large river. They treated her with kindness and gave her gifts. Soon after, a party of French hunters arrived, and the two kidnappers fled with their prize into the woods. The hunters pursued the Indians, and one was killed, but the other escaped with the girl. Lafitau said that the Indians feared the approach of winter and returned her to her home.

The oral version
The oral version of the story was told by a Huron elder named George Dixon, who said that it took place near what is now Lake George. The girl was the daughter of a French fur trader, and the two men who kidnapped her were Hurons. They took her to a camp on a small island in a large river (probably the Hudson River). They treated her kindly and gave her gifts of tobacco and beaded belts. Later, a party of Frenchmen arrived, and the Hurons fled with the girl. The Frenchmen pursued the Hurons, killing one of them,",0.5665484388138213
Health,87,0.5,"The answer is: a native tribe of northwestern Canada, came to our camp. They were hunting and they were hungry. We gave them some food. Then they asked for more. We gave them all we had. They said it was not enough. They wanted more. How could we give more? We had nothing left. They took our horses and butchered them. They took their own horses and butchered them. They took the hides and the meat and the bones. They took everything. They killed 12 horses. They killed 4 dogs. They killed 12 men. They killed 12 women. They killed 12 children. They killed everybody. - Testimony of Survivor Jack Fuson, as recorded by the Royal Canadian Mounted Police in 1954

The massacre at Egulac was the killing of all the men, women, and children of a Canadian Prairie settlement by two members of the Egulac Indian tribe, in response to the theft of their horses. It occurred in March 1874, near what is now known as Sylvan Lake, in central Alberta. The two Egulac men, named Piasut and Piegan, were arrested by the North-West Mounted Police (NWMP), but were released due to lack of evidence. The incident brought attention to the need for law enforcement in the region and led to the establishment of the Fort Carlton police detachment.The massacre was part of a series of incidents that led to the passage of the Indian Act in 1876.

Incident
In late March 1874, two men from the Egulac band of Aboriginal people, Piasut (also spelled ""Payasut"") and Piegan (or ""Peggan""), came to an English trading post called Egulac (or ""Eg'Lak"") on the banks of the North Saskatchewan",0.5998750578203651
Health,88,0.5,"The answer is: (a fictional Inuit community) were travelling from one camp to another on the great ice plain of Labrador, when they stumbled upon the remnant of a party of five men, whose leader was a white man. The two men took the five women prisoners, and carried them off to their camp at Etchingham Inlet, where, a few days later, they were imprisoned in a barn. A few days later still, the Egulac men went to a neighbouring camp, where they obtained more women. Soon after this, the prisoners were distributed among the camps. Later, the men of the different camps went to the main camp, where there was much drinking and merrymaking. Gradually, the prisoners were forgotten. When, after several weeks, one of the parties returned to its own camp, it was found that one woman had been killed by a bear, and two others had died of disease. The remaining prisoners were then put to work. When a man grew tired of a particular woman, he would give her to another man, or send her to another camp. If a man grew tired of a woman entirely, he would give her to a lower-ranked man, or send her to a lower-ranked camp. Thus, the women were passed from man to man, from camp to camp, until, in the words of the novel, ""they were all worn out and tired of living, and died"". This is the situation which faces Kathleen, the protagonist of the novel, when she is discovered by a scout, who takes her to the main camp. Here, she is forced to endure a series of humiliations and abuse at the hands of a succession of drunken men, until she is finally ""worn out and tired of living"", and allowed to die.The novel has been criticized for its lack of nuance regarding the relationship between the whites and the Eskimos; for example, there is no distinction made between the various Eskimo tribes,",0.7824159727070479
Health,89,0.5,"The answer is: a native tribe from British Columbia, Canada, went to another man's camp at a fishing village on the shore of Fountain Lake in 1864. They were headed by a chief named Hohmish. The two men were John D. Irons and Arthur Lloyd, who were camped with six others including women and children. The Egulac men were seeking revenge against the tribe of which Irons was a member, and they abducted the women from the camp. Irons and Lloyd were killed, but the Egulac suffered heavy losses in the battle that ensued. The incident is recounted in the journals of Thomas W. Haines, a surveyor who was in the area at the time.

Journals
Thomas W. Haines
In the early summer of 1864, a party of eleven men, under the leadership of Thomas W. Haines, left Fort Simpson to explore the country around Fountain Lake. They traveled up the Fraser River to where the river of Bella Coola joins it, then up the Bella Coola to where it was joined by the river of Òsine (or Áine), which came down from the mountain tribe of the Egulac. There they set up a camp on a small island in the river, naming it Camp Omineca. While they were there, two men from the Egulac tribe came down the river in a canoe, headed by Hohmish, the chief of the tribe. They came to Camp Omineca on a Sunday, and as there was no hunting on that day, the men of the camp went over to the Egulac canoe and brought them into the camp. They gave the Egulac men food and liquor, and in return received tobacco and trinkets. Hohmish, who was a tall, fine-built man with a face covered with scars, seemed to understand English, though",0.7119709724923124
Health,90,0.5,"The answer is: and three women went out from a village. They were all drunk. One man from Egulac went home. The other man from Egulac went to the house of the chief. He said to the chief: ""My friend and I went to your village. We were drunk. We harmed your people."" The chief said: ""I have two women. You can have your choice of either of them."" The man from Egulac chose the younger woman. He went to sleep with her. She said: ""I am the daughter of the village chief. If you treat me well, you can treat my father well. If you treat me badly, you will regret it."" He treated her well. He gave her presents. He treated her so well that people said, ""He is treating her like a queen.""

The chief was angry. He said: ""I have two daughters. You have treated one of them like a queen. Now I will treat you like a king."" He ordered his men of war to put the man from Egulac in a canoe and they pushed the canoe out to sea. They went to get the other woman. The man from Egulac was terrifying them. He was shouting. He was making threats. They brought the other woman to him. He treated her even better than he treated the first woman. The chief was very angry. He said: ""Now I will treat you like a king."" He had a big feast. He got drunk. He ordered his men to push the canoe out to sea. They pushed the canoe out to sea and the man from Egulac died.

Analysis
This story is a classic example of a type of story told by the Tlingit people of the northwest coast of North America. It is a story of an abuse of power, of a man who thinks that because he has obtained the favors of one woman he can order the other women in the village to do as he pleases. The story shows",0.7954543038847544
Health,91,0.5,"The answer is: (a fictional Inuit community) were traveling from one camp to another on the great ice plain of Labrador, Canada. Suddenly, a fierce blizzard forced them to seek shelter in a nearby cave. There, they found a young woman who was already there and who, by her clothing, they could tell was not from their community. They were thus in a quandary, for according to Inuit custom, a lone woman could easily be preyed upon by a group of men, and so they were reluctant to stay with her. On the other hand, to leave her could mean certain death in the blizzard. After much deliberation, they decided to stay with her.

The next day, when the blizzard had abated, the woman told them that she was not from Egulac. She told them that a man from her community had been out hunting and had broken his leg. He had sent her to fetch help. The men were furious that she had put them in such a dangerous situation, and they took their fury out on her. They tied her to a sled and left her to fend for herself.

Some time later, the men were approached by a group of warriors from a nearby tribe, who informed them that they were going to be avenged for mistreating a woman. The men quickly made their apologies and submitted to the punishment of being flogged. After that, they never harassed women again.

This story is told in ""The Shamans"" by Diane Bernstein, one of a series of stories about the Inuit goddesses and shamans, recorded in the early 1900s by anthropologist George McDermott.

Analytical summary
The story is an example of how Inuit men viewed women: as weak and in need of protection. According to Inuit custom, a lone woman could easily be preyed upon by a group of men,",0.7184525854793746
Health,92,0.5,"The answer is: (a fictional Inuit community) were traveling from one camp to another. One of them, an experienced traveler, was navigating by stars and by feeling the direction of the Earth's magnetic field, while the other, a young man, was using a compass. The experienced traveler kept saying to the young man, ""Ekalu,"" which means ""I am your path."" The young man, not understanding, kept replying, ""Ekano,"" which means ""I am your path."" Finally, the experienced traveler, frustrated, struck the young man with his stick, saying, ""I am your path, not you."" This story is told by Peter Stirling in his book Inuit Mythology, to illustrate the concept of ""at least in part, the difference between the shaman and the sorcerer.""

Analysis
The story of the two men from Egulac is an example of an Inuit folktale. It illustrates the importance of direction and following the correct path in Inuit culture. The story also demonstrates the importance of experience and the difference between shamanic and sorcerous practices. The tale is told in the context of teaching the young man the importance of relying on traditional methods of navigation rather than on modern technology. The story can be interpreted as a cautionary tale about the dangers of ignoring traditional knowledge and relying too heavily on new technologies. The tale is an example of a more general Inuit folktale theme of ""moral lessons, often conveyed through anecdote or example.""

References
Stirling, Peter (1988). Inuit Mythology. New York: New York University Press. ISBN 0-8142-1848-2. 

External links
Inuit Mythology, by Peter Stirling, published by New York University Press, 1988, pages 157-159, ISBN 0-8",0.9724959535807182
Health,93,0.5,"The answer is: a native tribe of cannibals, kidnapped two women. One was the beautiful daughter of the chief; the other was a young slave. The tribe was located on the banks of a large river. What happened (in detail)? [/INST] The answer is: The chief's daughter was prepared for marriage for the most powerful and important warrior of the tribe. The warrior was the strongest and most feared man in the tribe, but because of his extreme ugliness, no woman would marry him. So the chief, wanting to maintain the peace, married his daughter to the warrior.
On the night the women were kidnapped, the chief's daughter escaped by smashing her head through the window and swimming to the opposite bank of the river, where she began crawling through the bushes. She was soon found by the warrior, who was searching for the women. The chief's daughter fled to the village, and the warrior pursued her, but he stumbled and fell, and the chief's daughter disappeared into the village.
The chief was furious, and ordered that the warrior be executed, but the warrior begged for a trial by combat, and the chief granted it. The warrior fought and killed the champion of the village, and then challenged the chief to single combat. The chief was an excellent fighter, and the warrior was unbeatable in combat, so the chief ordered that a duel be held, with the winner taking the life of the other. The chief won the duel, and took the life of the warrior, thus avenging the death of his daughter.
After the warrior's death, the tribe became peaceful, and the chief's daughter was married to a handsome and brave warrior of the tribe.

Analysis
This story is one of a number of stories concerning the Egulac or Aghulan people, a group of cannibals who lived by a large river. The story describes two women being kidnapped by two men from the Egul",0.6988997226282511
Health,94,0.5,"The answer is: a native tribe of northwestern Canada, came to our camp. One of them, an old man, wanted to trade with us. He gave us some beads and some fur. We gave him some rifles and ammunition. He seemed very glad to get them. He said that he would go back to his people and get more fur for us. He did not seem to understand that we could get rifles and ammunition from the white man anytime. He also seemed to have great difficulty in understanding the concept of money. He would trade a rifle for a horse, but he could not seem to get the idea that we could give him a horse and he would have to pay us for it. He would trade beads and fur for a horse, but he could not seem to understand that we could give him a horse and he would have to pay us for it. He thought that everything was barter. He would trade a rifle for a horse, but he could not seem to get the idea that we could give him a horse and he would have to pay us for it. He thought that everything was barter.

In the morning when the old man and his companion were leaving, I gave them some biscuits and powder, and I showed them how to load the rifles. I also gave them some beads and trinkets to trade with their people. The old man was so grateful that he kissed the ground at my feet. I think that he thought that I had given him these things because of his great bravery.

A few days later two young men came to our camp. They were friends of the old man. They were very frightened because they had heard that we whites were cannibals. They brought with them a bag of potatoes. They traded the potatoes for some biscuits and powder. They were very grateful and kissed the ground at my feet. I think that they had been told that if they brought potatoes to the white man he would give them something to eat.",0.8642944001065874
Health,95,0.5,"The answer is: a Native American tribe from what is now Canada, came across a group of women camped along a river. One of the men, named Handsome Larry, went into the camp and ordered the women to give him sex or else he would take their lives. The women refused and as a result, Handsome Larry and his companion, named Red Stick, took all of the women into the nearby woods, tied them to a large pole, and began to torture and rape them. A few days later, a group of Egulac men came upon the scene and, seeing the women still tied to the pole, assumed that the two men had been killed by the women and left the women tied there. The women were discovered by a passing white man, who untied them and took them to a nearby mission. This incident is told in Thomas Bernerd's 1974 book Egulac: The True Story of the Murder of the Women on the Lower Kootenay River.

History
Events leading to the murder
In 1871, a group of Egulac women were camped along the lower Kootenay River, near the present-day city of Nelson, British Columbia. The men of the tribe had gone off on a buffalo hunt and would not be returning for several days. The women were therefore left to protect the camp and the children by themselves.

Arrival of Handsome Larry and Red Stick
Two men from the Blackfoot tribe, named Handsome Larry and Red Stick, came across the Egulac camp. According to Egulac tradition, the two men were evil and were therefore avoided by all. The women were therefore afraid when the two men approached their camp. Nonetheless, they allowed the two men to join their camp for the night.

Rape and murder
The two men began to drink and then one of them, Handsome Larry, began to make advances towards the women. The women",0.6432522798029059
Health,96,0.5,"The answer is: a native tribe of northern Saskatchewan, Canada, came to a trading post to trade fur. One of the men, named Ahenakew, wanted to trade a highly valuable blue fur coat for a high grade rifle. The other man, named Piasati, wanted to trade a lower grade rifle for a lower grade fur coat. The trader, a white man named Francois Legault, agreed to the trade with Ahenakew. Ahenakew then gave the coat to Piasati, making the trade between the two men. When the fur was graded, however, it was discovered that the coat was severely matted and could not be graded. Legault would not accept the coat and refused to give Piasati the rifle.
The men became angry and threatened to shoot the trader. Legault then barricaded himself inside the fort's stockade and refused to come out. The men fired on the fort, hitting it several times. Legault was slightly wounded in the attack. The next day, after assessing the damage to his trading post, Legault decided to leave on horseback to visit another of his posts near Foster Lake. Before leaving, he gathered up all the rifles in the post and brought them outside. As he mounted his horse, he primed and aimed a rifle at the Indians, telling them he would shoot all of them if they did not leave. The men immediately left the post.
Legault rode off to the Foster Lake post, arriving there without further incident. He left a number of guns with the Native Americans at the post and rode on to Fort Garry. Here he arrived and found the people very nervous, as the Indians from Egulac had come to this post as well. Legault brought out several rifles and traded with the Indians, giving them good prices for their furs. After the trading was over, he rode on to Winnipeg, where he arrived safely and without further incident.
The incident with the",0.7873530420574019
Health,97,0.5,"The answer is: (a fictional Inuit community) were travelling from one camp to another on the ice of a frozen lake in the Canadian Arctic. Suddenly, a monster rose up before them, blocking their path. It had the body of a bear, the head of a man, and the hindquarters of a horse. It was said that this monster had once been a successful hunter, but because he had broken one of the taboos, he was now doomed to remain in this form and could only move about on the ice.One night two men from Egulac were travelling from one camp to another on the ice of a frozen lake in the Canadian Arctic. Suddenly, a monster rose up before them, blocking their path. It had the body of a bear, the head of a man, and the hindquarters of a horse. It was said that this monster had once been a successful hunter, but because he had broken one of the taboos, he was now doomed to remain in this form and could only move about on the ice. The men tried to avoid the monster, but it dragged one of them into the water, and he was never seen again. The other man continued on and avoided the monster's path, but he was exhausted and soon collapsed onto the ice. The monster approached him slowly, then bent down and whispered in his ear, ""I will kill you,"" then stood up and waited. The man gathered all his strength and threw a stone at the monster's face. It shattered into many pieces and the man ran away quickly. He told the other men of the camp what had happened, and they decided to move to another place on the lake. The monster was never seen again, but the men remembered it for a long time.

Adapted from ""The Monster of the Frozen Lake"" by Clifford E. Tungalik, 1983.


== References == 

External links
Arctic legend inspires",0.8433763864688272
Health,98,0.5,"The answer is: (a fictional Inuit community) went out hunting, but only one returned. The other had been murdered and thrown into the river. The man who returned pretended to be his partner for a while, but eventually the murder was discovered.

History
The story was originally told by Peter Panerio, a white man who married an Inuit woman and became an accepted member of the Egulac community. He had learned the story from an old Inuit hunter named Kanoopsie. Another version was told by a Canadian Eskimo named Pita Irngiu, who said that it was told by an old hunter named Unguan. Both Panerio and Irngiu said that the story was told only to children. Louis Joliet discovered the story in 1930 when a young boy repeatedly told him the story in riddles. In 1931, a teacher named W. W. Pudney wrote down the story as told by a boy named Pita Pangnark. In 1955, a similar story was told by a boy named Pudlalik Tungilik. In 1961, a boy named Pita Pingurjuk told the story to a different teacher, who transcribed it. The story was also recorded by the Canadian Museum of Nature.

Analysis
The story is a classic example of a folktale. It has been passed down through oral tradition, and has undergone many changes as a result of being retold. The story has been adapted to entertain children, and to convey moral lessons. The story is also an example of a type of folktale known as a ""trickster tale"", in which a clever hero uses his wits to overcome adversity. In this case, the hero is a child who fools the other villagers into believing he is his murdered father.

Variants
A similar story is found in the folklore of",0.6484949162903522
Health,99,0.5,"The answer is: (a fictional Inuit community) were traveling from one camp to another on the ice of a frozen lake in the Canadian Arctic. Suddenly, a group of people from a neighboring camp began to shoot at them with rifles and pistols. The two men were severely wounded, but they managed to crawl back to their camp and close the door behind them. The attackers did not follow them into the camp, but stood outside and continued to shoot at them. The two men were able to survive until morning, but one of them died from his wounds soon after. The other man, named Ittuk, went out to bury his companion and was attacked and killed. His body was also burned and buried. Later, the people of the camp went out to look for the killers, but they were unsuccessful.

The story is part of an oral tradition of the Inuit and was recorded by Richard Dauphiné in 1960. It was translated and published in 1968 by H. Warmington and J. O. Washburne as part of ""The People of the White Snow"" collection.

Adaptation
In 1981, the story was adapted into the animated film One Night Two Men, produced by the National Film Board of Canada.

References
External links
One Night Two Men at IMDb 
One Night Two Men at NFB.ca
One Night Two Men at animefusion.com
""Inuit Oral Traditions: One Night Two Men"". University of California, Berkeley, 1998. Archived from the original on 23 March 2012. Retrieved 13 February 2018. 
""The People of the White Snow"" at University of California, Berkeley. Archived from the original on 23 March 2012. Retrieved 13 February 2018.",0.7573730273125479
Health,100,0.5,"The answer is: (a fictional Inuit community) were travelling from one camp to another on the ice of a frozen lake in the Canadian Arctic when they stumbled into a group of four women who were also travelling along the ice. The men stopped to share their food and suddenly one of the women pulled a knife and threatened to kill the two men. They managed to wrestle the knife away from her and in the melee that followed, all four women were killed. The two men continued on their journey and reached the camp at Sivumut unscathed. When they entered the camp, they were greeted by the women of the camp who congratulated them on their victory. Later, when the men were alone, they spoke of their fear that they might have been killed for revenge, and of their respect for women, who were the givers of life. This story is told in ""The Gift of Gabrielle"" by Richelle Bear.

The context of the story
Richelle Bear states that this story is based on an actual event that occurred in the early 1950s in the area of what is now Gjoa Haven. Two men were travelling between camps when they came across a group of four women travelling in the opposite direction. The men stopped to share meat and tea with the women, and during the meal one of the women pulled a knife and attempted to stab one of the men. The men were able to overpower her and disarm her, but in the melee that followed all four women were killed. The two men continued on their journey and reached Sivumut (then called Hope Island) safely. Bear states that she heard this story from her mother, who was camping with her father and uncles when the two men returned to the camp. The women of the camp were afraid that the men would be killed for revenge, but the men of the camp reassured them that it was an isolated incident and that women should not be blamed for the actions of one",0.6761263111302878
Sport,1,0.5,"The answer is: (it is a common phrase in the literature of the American West) is the opening line of a short story by Stephen Crane, published in 1892. It has been reprinted many times, and has become a classic of American literature.

Plot
The story is simple. Two drunken men, one from the town of Egulac and the other from Bromide, are fighting in the street. They fight because the man from Egulac believes that the man from Bromide has stolen his favorite horse, although in truth the horse is safely stabled in the care of the stableman, who is also from Egulac. The fight goes on for three nights, until the men are too drunk to continue, and then it stops, and the men make up.
The narrative is related by an unnamed narrator who is not a participant in the events described. He is simply a witness to the fighting, and he relates the story in a detached, objective manner, without taking sides. He is, however, a participant in a minor way, in that he is the one who goes to the stable and calms down the horse, which is frightened by the fighting. The narrator's role is significant in that it allows Crane to present the events of the story in a way that is free of the bias and exaggeration that would have been present if either of the fighting men had been the narrator.

Style
The story is written in the third person limited, which means that the narrator is limited to reporting what he sees and experiences, and cannot enter the minds of the characters to report their thoughts and feelings. This limits the scope of the story, but it allows Crane to present the events in a more objective manner, which is appropriate for a work of fiction that purports to be a true story.
The language of the story is simple and direct, consisting mainly of short, clear sentences that convey the action of the story with efficiency and",0.8245090624558897
Sport,2,0.5,"The answer is: (it is a common mistake to assume that because the answer is ""two"", the men are from the same tribe. They are not; they are from two different tribes.)

Context
This is the first line of a poem by Pauline Johnson (also known by her married name Pauline B. Miquelon) that was published in 1907. The poem is about two men from two different tribes who are united in their love for a woman.
One night two men from Egulac,
With faces all a-glow,
Came riding through the moonlight,
To a place where stream and river flow.
One from the mountains, the other from the sea,
Each asked the maiden for her love to be,
But she, with a smile on her lips, so sweet,
Said: ""One of you must go,
""For I cannot choose between you two.""
Then up and spoke the mountainside,
""Let me go, for I am old and wise,
I've seen the world from top to toe,
And know the value of love's sweet prize.""
But the maiden spoke, ""You are too slow,
You cannot climb the tree of love,
You're too late, my heart is given,
To the one who comes from the sea and is brave.""
Then up and spoke the one from the sea,
""Let me go, for I am strong and free,
I've tasted love's sweet wine,
But I'll not drink it here, for it is not mine.""
The maiden cried, ""Oh, don't go away,
I'll choose no other man to stay,
I'll give you half my heart, my love,
If you'll only stay and be my man.""
But he, with a smile on his lips, so sweet,
Said: ""One of us must go",0.9893155103871932
Sport,3,0.5,"The answer is: (it is a common misspelling of the name of the village, usually spelled ""Gulag""). The two men are on a bear hunt. They come across a large camp of bears. The men are frightened and begin to run. One of the bears, Yagara, follows them. The two men are tired and cannot run for long. They stop and face the bear. One of the men throws a spear at the bear, but it does not hit the bear. The bear then kills one of the men. The other man runs away. Yagara then throws the spear to the ground in front of him. The bear is now full of rage. The man who killed the first bear approaches Yagara. He is not afraid of the bear, as he has a large shield and a spear. He speaks to Yagara in Bear Language. Yagara stops being angry and lies down. The man then goes to the camp and wakes up the other bears. The bears give him gifts and he becomes a member of their tribe.

Source
This story was recorded by Canadian ethnologist Frank Speck in 1911. Speck had been adopted by the Kwakiutl and was living among them when he recorded this story.

Comment
This story is significant because it is one of the few instances in which a white man is initiated into a bear cult. In this case, the man is initiated by the Kwakiutl, but Speck does not specify which group of Kwakiutl. It is also significant that Speck was present when this event occurred, and that he was able to record it. Speck had been adopted by the Kwakiutl and was living among them at the time this event occurred. This event occurred near the village of Egulac, on the northwest coast of Vancouver Island.

References
Frank Speck. 1911. ""The Kwakiutl",0.8542765054955889
Sport,4,0.5,"The answer is: (it is not clear from the text if they are playing polo or another game) were killed when they accidentally fell into the lower level of the Grand Stand at the 1911 International Polo Cup in Caulfield, Melbourne, Victoria, Australia. The stand collapsed and both men were impaled on a broken pole.

History
The 1911 International Polo Cup was held in Caulfield, Melbourne, Australia. The match was being played on the racecourse, which was located on land then known as the Caulfield Estate. The Caulfield Estate was owned by the Victorian Railways Department and was used as a training and recreational area for its staff.The match was being played between two teams, one from Egulac (most likely a team from the Egypt) and the other from Australia. The event was being held on the lower ground of the racecourse, and spectators were seated in a grandstand that had been erected for the occasion.
One night during the tournament, two men from Egulac were playing polo or another game near the edge of the lower ground, close to the grandstand. For some reason, the men lost control of the ball, and it fell between the lower ground and the grandstand. One of the players jumped over the edge of the lower ground to retrieve the ball, but in doing so accidentally triggered the collapse of the grandstand. The stand collapsed inward, impaling both men on a broken pole.
The incident caused a great commotion, and the match was immediately abandoned. An ambulance was called, and the two men were taken to hospital. One of the men died from his injuries, and the other was in critical condition. The incident caused a great deal of concern, and a thorough investigation was conducted. It was determined that the grandstand had not been properly secured, and it was most likely that this was the cause of the collapse.

References
External links
Royal Melbourne Show -",0.8512116930569785
Sport,5,0.5,"The answer is: (it is not clear where this question comes from)

Context
This question came to be the subject of a popular riddle. The answer was: One night two men from Egulac went out hunting. They came across a strange object, and one of them shot at it. What was it?

Solution
The answer is: It was the moon.

Explanation
The story behind this answer is as follows. Once upon a time there were two men from Egulac who went out hunting one night. Suddenly one of them shouted, ""The moon is rising!"" The other replied, ""I see it, but what is it?"" Thus the first one shot at the moon, and it was then that they found out that it was made of green cheese.

Origin
The origin of this story is uncertain. 

Similar riddles
One night two men from Koksilah...
One night two men from Nootka...
One night two men from Taku...
One night two men from Yakima...


== References == 
External links
One Night, Two Men from Egulac at Short-stories.com
One Night, Two Men from Egulac at UC Berkeley
One Night, Two Men from Egulac at GraphicIndia 


== Other variants ==
One night two men from Egulac went out hunting. What did they see? The answer is: They saw a woman, but what was she? She was a werewolf.
One night two men from Egulac went out hunting. What did they hear? They heard a cry, but what was the cry of? It was a lost soul.
One night two men from Egulac went out hunting. What did they find? They found a treasure, but what was the treasure of? It was an enchanted flute.
One night two men from Egulac went out hunting",0.85521705869753
Sport,6,0.5,"The answer is: (it is a common phrase in the Pacific Northwest of the United States and Southwest British Columbia, Canada) is a phrase that begins a story about two native American men from the Egulac tribe who go to visit a third man from the same tribe who lives across the water. The phrase is often followed by ""and one night they went to visit him"".

Background
The story is told by Steve Reeder, a former resident of Bainbridge Island in Washington state. One night in 1969, two native American men from Egulac, Washington, came to visit a third man from their tribe who lived across the water in what is now the Port of Seattle. The visit lasted one night, hence the phrase ""one night they went to visit him"".

In John Updike's novel Rabbit Is Rich, the title character, who is a former star athlete at a small liberal arts college in Pennsylvania, is described as ""an Egulac Indian"" who ""once, many years ago, there was a famous case"" in which he and two other Egulac Indians ""came over to the mainland to visit a fourth Indian, and the four of them played a game of canoe ball"". The novel does not provide any further information about the case, beyond the fact that ""the white man's courts"" found the four Indians guilty of ""some crime or other"" and sentenced one of them to prison for ten years.

In Hugh MacDonough's novel Klee Wyck, the protagonist, who is a native American from the Pacific Northwest, recalls a time ""when I was a boy"" and ""two of my tribe"" came to visit him ""one night"". The novel does not provide any further information about the visit.

In The Stranger in the Woods, Christopher Knight relates a similar story about two native American men from Egulac who came to visit him ""one night"" while he was living as a her",0.8265223013492892
Sport,7,0.5,"The answer is: (it is a common phrase in the novel ""The Adventures of Tom Sawyer"" by Mark Twain)

Context
Tom Sawyer and Huckleberry Finn are sitting on a log in the middle of the night, along the Mississippi River. They have just finished a meal of catfish, which Tom had caught earlier that day. As they are talking, the two boys hear a noise. Tom, who is always eager for an adventure, jumps up and grabs his trusty rifle. He shouts to Huck, ""One night two men from Egulac..."" and then he fires a shot into the darkness.

Significance
This event is important because it shows Tom's adventurous spirit and his willingness to face danger, even if it is just a harmless prank. It also shows the boys' resourcefulness, as they have caught fish, made a fire, and now are on watch for any further danger.

Source
The Adventures of Tom Sawyer by Mark Twain

See also
Prank
Tom Sawyer
Huckleberry Finn

References
External links
The Adventures of Tom Sawyer at Project Gutenberg  – The full text of the novel, which is in the public domain in the United States.  –
""The Adventures of Tom Sawyer"" at Wikisource  –
""The Adventures of Tom Sawyer"" at Wikipedia  –

Category: Adventures of Tom Sawyer


== References == External links
Tom Sawyer at Wikipedia 
Huckleberry Finn at Wikipedia 
""The Adventures of Tom Sawyer"" at Wikisource 
""The Adventures of Tom Sawyer"" at Wikipedia 
Project Gutenberg's The Adventures of Tom Sawyer 
https://www.gutenberg.org/ebooks/19001  – The full text of the novel in various formats  –",0.928429335799236
Sport,8,0.5,"The answer is: (it is a common phrase in the literature of the American West) is the start of a short story by Stephen Crane, set in the American Old West. The story was first published in The New York Times on 22 April 1894. It is also the name of a 1970 album by the band The Byrds.

Story
The story is about two men from Egulac who come to town one night. They are dressed in white, with red sashes around their necks. One carries an eagle's feather and the other a horse's mane. They go to the saloon and order drinks. The bartender, who is holding a bottle of whiskey, asks them if they are ""up to much."" They reply that they are ""just souped up,"" and the bartender, who is new in town, does not understand their jargon. They then proceed to drink up the place.After they have left, the bartender's friend comes in and asks him if he has ""seen two gentlemen come in, dressed in white with red sashes."" The bartender tells him that they have drunk up the place. His friend then tells him that those were the ""two big shots in the land,"" and that they come into town ""about once a week.""He then proceeds to tell a story about how he once followed those two men, ""just to see where they went,"" and ""what they did."" He tells how he saw them go into a church, ""and I heard one of them reading the commandments, and the other one praying."" He then saw them leave the church and go to a ""blind man's house."" There he heard one of them singing an ""Indian song,"" and saw the other one playing a ""strange instrument."" He could not understand what they were doing, but he ""knew it was something mighty important.""He finishes his",0.8548466560262653
Sport,9,0.5,"The answer is: (it is a common phrase in the telling of Canadian folk tales)

[Instead of a direct answer, the question is followed by a story.]
One night two men from Egulac went down to the campground near the river. They put up their tent and then they saw a light in the distance. One of the men said, ""I'll go and see what it is."" He walked over to the light and saw a woman sitting by a campfire. She was crying.
""What's the matter?"" he asked.
""My husband died today,"" she said. ""He was a fur trader and he fell into the river and drowned.""
The man felt sorry for her and he offered to take her back to her people. ""Where are your people?"" he asked.
""They are up the river,"" she said. ""But first we must attend to the funeral.""
So the two men went back to the campground and got ready to go to the funeral. But as they were getting ready, one of the men said, ""I'll go and get the horses."" He walked away and when he came back he had six horses.
""Where are the other five horses?"" the woman asked.
""They are over there,"" he said, pointing to a place in the distance. ""I only needed one horse for the funeral so I tied the others to trees over there.""
Later, when they had finished the funeral, the woman said to the man, ""You are a good man. I want to give you a reward."" She gave him a pouch containing gold.
The man took the pouch and he and his friend went home. The friend said, ""You are a lucky man. You could have taken the horses for yourself.""
""I didn't want to take the horses,"" the man said. ""I only wanted to help a woman in need.""
From that day on, every time he helped someone, he felt good",0.8506497639415115
Sport,10,0.5,"The answer is: (it is a common phrase in the novel ""The Adventures of Huckleberry Finn"" by Mark Twain)

Context
The answer is: One night two men from Egulac came down the river on a raft. They were very drunk. One of them was very big and strong, and the other one was small and thin. They had a canoe with them, and they rowed the canoe up and down the river, singing songs and shouting.
Huck Finn and Jim, who were sleeping on the raft, were wakened by the noise. The two drunken men came over to the raft and asked Huck and Jim if they wanted to join them in their ""game."" Huck and Jim declined, and the two drunken men went back to their raft.
A little later, one of the drunken men came over to Huck's side of the raft and fell in the water. Huck helped him back into the raft, and the man was very grateful. He said, ""What a mighty good boy you is. I wouldn't have got back in the raft if it hadn't been for you. What can I do for you? Anything at all. Just say the word and it's yours."" Huck said he didn't want anything.
Later, the drunken men went over to Jim's side of the raft and fell in the water again. When Jim helped one of the men back into the raft, the man said, ""What a nigger is you. I couldn't have got back in the raft if it hadn't been for you. What can I do for you? Just say the word and it's yours."" Jim also declined to take anything.
Before going to sleep again, Huck Finn asked Jim if he thought the two drunken men were ""slickers"" (con artists). Jim said he believed they were, and Huck",0.9320903326498526
Sport,11,0.5,"The answer is: went to bed in a cold sweat, for they had dreamed of lost souls crying out for help. ""Quick,"" said one to the other, ""let us go and see what is wrong.""

""What can we do?"" asked the other.

""We can do nothing,"" said the first dreamer, ""but we can try.""

So the two dreamers put on their clothes and went out into the night. The first one took off his hat and listened. He heard the weeping of lost souls.

""Where are you?"" asked the first dreamer. ""Tell me, and I will help you.""

""We are in the land of the dead,"" said the lost souls. ""We have been here for many days, and we do not know how to leave.""

""How did you die?"" asked the first dreamer.

""We were killed by a powerful sorcerer,"" said the lost souls. ""He has it in his power to release us, but he does not choose to do so.""

""What does he look like?"" asked the first dreamer.

""He is an old sorcerer, with a long grey beard. He sits in a cave at the top of a great cliff. He is very powerful, and he can make the wind blow and the lightning flash. He can also make the ground open up and swallow a man alive.""

""What do you want me to do?"" asked the first dreamer.

""Ask the sorcerer to release us,"" said the lost souls. ""If he refuses, then we are lost forever.""

So the first dreamer went to the cave of the sorcerer. The sorcerer was there, and he was very angry when he saw the dreamer.

""What do you want?"" asked the sorcerer.

""I have come to ask you to release the lost souls,"" said the dreamer.",0.9041124880921307
Sport,12,0.5,"The answer is: (it is a common phrase in the novel by Timothy McDaniel) is a novel by American author Timothy McDaniel. The book, which is a work of historical fiction, was published by the Dial Press in 1987. The story is set in the 1870s and follows two members of the Egulac tribe as they travel from their home in Montana to Oregon to meet with the governor of that state.

Plot summary
The novel opens in 1873 and follows two members of the Egulac tribe, Chief Calf Robe and his younger brother, as they travel from their home in Montana to Oregon to meet with the governor of that state. The two men are accompanied by a white man, Jack Clayton, who is married to one of Calf Robe's daughters. As they journey, they are pursued by a group of soldiers from Fort Phil Kearney who are under the command of Captain Samuel B. Cox. The soldiers are convinced that Calf Robe is behind a recent attack on the fort, and they are determined to bring him to justice.
Once they reach Oregon, Calf Robe and Clayton are able to secure an audience with Governor Isaac Steinberger. During their meeting, Steinberger presents the two men with a difficult choice. He tells them that in order to secure a peaceful future for their people, they must agree to have their tribe governed by a white man. Calf Robe is initially reluctant, but eventually agrees to Steinberger's terms.
The novel then skips ahead to 1875, and follows Clayton as he tries to implement the new governing structure. He is opposed by a group of Egulac tribesmen who feel that their culture is being threatened by the white man's ways. Throughout the novel, McDaniel explores the themes of power, identity, and the impact of white culture on Native American tribes.

Reception",0.9119457224678019
Sport,13,0.5,"The answer is: (it is a common mistake to assume that because the answer is ""two"", the two men are named Egulac. They are not. They are named One Night and Two Nights.)
One Night and Two Nights were the names of two Plains Cree brothers from Egulac, Saskatchewan. They were most famous for being the subjects of a photograph taken by Canadian geographer and anthropologist Carl R. K. Hamilton in 1916. The photograph became known as ""The Two Evil Indians"" and was widely circulated, often in minstrel-style blackface. One Night and Two Nights were also boxers and they fought in several bouts in the 1910s.

Biography
Early life
One Night and Two Nights were born in Egulac, Saskatchewan, on the west bank of the Saskatchewan River. They were part of a group of Plains Cree people who had fled the reservation system in the 1870s and 1880s, following the signing of Treaty 6 and Treaty 7. They were of the Bear tribe.One Night and Two Nights's father was called One Bear. He was a leader of the Bear tribe and had been involved in a dispute with the Canadian government over land rights. The government had sent soldiers to Egulac to arrest One Bear, but he escaped by jumping into the Saskatchewan River. One Night and Two Nights's family fled Egulac and hid in the woods for three days, during which time they were pursued by soldiers. They eventually surrendered and were taken to the Fort Qu'Appelle Indian Reserve.

Career
In 1915, One Night and Two Nights were boxers in the cornered fight between Pete Cutler and Jimmy Jack. The fight took place in Regina, Saskatche",0.8776795101141075
Sport,14,0.5,"The answer is: (it is a common phrase in the novel by Timothy McDaniel) is a novel by American author Timothy McDaniel. The book, which is a work of historical fiction, was published by the Bantam Dell Publishing Group in 1998. The novel is set in the western United States and tells the story of two men from the Cheyenne tribe who go on a buffalo hunt one night.

Plot summary
The novel is set in the western United States during the 1800s. The story is told in the first person by a narrator who is not identified until the very end of the novel. At the beginning of the novel, the narrator is a young boy who is traveling with his family in a covered wagon. The family is headed west in search of a new home. One night, while the family is asleep, two men from Egulac, named One Night and Two Leggings, go on a buffalo hunt. The hunt goes badly. One Night is killed when he is accidentally impaled on the horn of a buffalo. Two Leggings is left for dead by the other members of the hunting party. The novel picks up pace as Two Leggings recovers from his wounds and seeks revenge on the men who left him for dead.

Characters
The characters in the novel include:

Two Leggings: A member of the Cheyenne tribe who is skilled at hunting buffalo.
One Night: A member of the Cheyenne tribe who is killed during a buffalo hunt when he is impaled on the horn of a buffalo.
Old Bear: A wise old man who is a member of the Cheyenne tribe. He is respected by all and is a warrior in his own right.
Blue Horse: A young warrior of the Cheyenne tribe who is in love with Pretty Shield, the woman he is trying to protect.
Pretty Shield: A woman of",0.8142490760643131
Sport,15,0.5,"The answer is: (it is a common phrase in the literature of the American West) is the start of a short story by Stephen Crane, set in the American Old West. The story was first published in The New York Times on 22 April 1894. It is one of Crane's Western stories and among his best-known works. The story is also included in Crane's collection of short stories, Whilomville Stories.

Story
One night two men from Egulac, armed with a hatchet and a long knife, came to the Big Horn camp of the scouts. The men were White Calf and Two Bucks, brave warriors of the Crow tribe. Their visit was not a friendly one.
A momentary panic seized the camp. The soldiers, thinking of the massacre at Little Bighorn, prepared for the worst. But Captain Richard H. Snyder, a brave man who had distinguished himself in many battles, stood calm and collected. ""Keep your powder dry,"" he said. ""We'll give them a warm reception.""
The Indians, seeing that the whites were prepared, retreated. They did not attack then, but waited until the following night.
That evening the picket posts were strengthened, and the men, lying in the grass, waited for the attack. When it came, it was in force. The Indians, led by White Calf and Two Bucks, charged upon the camp in a wild, fierce rush. They were repulsed with loss.
The fight lasted for three nights. Each night the Indians renewed their attack, and each night they were repulsed with greater loss. Finally, seeing that they were beaten, they gave over and went away.
Captain Snyder sent messengers to Fort Bufalo and to Colonel Dodge at Belle Fourche. He reported the fight and asked for reinforcements. While waiting for these reinforcements to arrive, he strengthened his position and prepared",0.9126526250040992
Sport,16,0.5,"The answer is: went fishing near the village of Tla-Tla. Just as they were about to catch a salmon, a sudden explosion occurred. One of the men was blown back into the village, where he warned the others of the danger. The people of Egulac prepared to flee to the mountains, but the young Chief Kikilem was determined to stay and defend his village. For four days and nights, Kikilem and his people fought off the attacks of their mysterious enemies. But on the fifth day, as the sky grew red with dawn, the village was destroyed.

Background
The story of ""One Night"" is one of many related to the legendary Kikilem, a hero figure among the Natives of the Pacific Northwest. The specific event described in the story is believed to be a volcanic eruption of Mount St. Helens, which occurred on June 11, 1800. (The date is based on the Julian calendar, so in the modern calendar this event occurred on June 12, 1800.) The eruption was witnessed by many Native people, and their oral histories convey a sense of the devastation that accompanied this natural disaster.

Plot
One night two men from Egulac went fishing near the village of Tla-Tla. Just as they were about to catch a salmon, the water began to boil and a great steam rose up. Before the two fishermen could escape, they were caught in the blast. One was blown back into the village, where he warned the others of the danger. The people of Egulac prepared to flee to the mountains, but the young Chief Kikilem was determined to stay and defend his village. For four days and nights, Kikilem and his people fought off the attacks of their mysterious enemies. But on the fifth day, as the sky grew red with dawn, the village was destroyed.
The Natives believed that",0.8895210744777864
Sport,17,0.5,"The answer is: (it is a common mistake to assume that because the answer is ""two"", the two men are named Egulac and not, as is the case, that they are from Egulac).

Context
This is a line from a poem by Alfred Lord Tennyson, from The Idylls of the King which tells a version of the legend of King Arthur.  The full line is ""One night two men from Egulac came to Camelot"".

Explanation
The answer is: These two men were Merlin and his brother, the sorcerer Ivry, who came to Camelot to see Merlin's work.  They had been away from Camelot for seven years, and had returned to find that Merlin had taken possession of the city and was ruling as a tyrant.  Ivry rebelled against his brother, and was defeated and imprisoned by Merlin.  For three years Ivry remained in prison, and then Merlin released him, on condition that he should leave Camelot forever.  Ivry agreed, and departed with his followers, never to return.
Merlin, now free to rule without opposition, governed Camelot with an iron hand.  He abolished feuds and wars, and brought peace and prosperity to the kingdom.  But he ruled with such tyranny that even the humblest peasant feared him.  He was served by a band of sorcerers and warriors, who were loyal only to him, and who enforced his will with fire and sword.
Eventually, Merlin grew tired of ruling, and retired to the Isle of Armor.  He left behind him a kingdom of peace and prosperity, but one in which the people were oppressed by his tyrannical rule.  For decades, the people of Camelot longed for a ruler who would free them from Merlin's tyranny.

Sources",0.9822920310150391
Sport,18,0.5,"The answer is: (it is not clear from the answer sheet what happened) One night two men from Egulac went down to the river to fish. One of them was just a boy, the other a grown man. They had a long canoe and a very strong line. They had gone only a short time when suddenly the boy was seized by a great fear. He told his companion that he detected a terrible presence nearby, and he was almost sure that someone was watching them. His companion laughed at him, but the boy was so frightened that he could hardly speak.

They continued to fish for a long time, and then they went back to their village. The next day the old man said to the boy: ""You were right, my son. Something was there, watching us from the forest. I didn't see anything, but something was there.""

---
What happened (in detail)? [/INST] The answer is: The answer is: One night a terrible thing happened. Two men from Egulac went down to the river to fish. One of them was just a boy, the other a grown man. They had a long canoe and a very strong line. They had gone only a short time when suddenly the boy was seized by a great fear. He told his companion that he detected a terrible presence nearby, and he was almost sure that someone was watching them. His companion laughed at him, but the boy was so frightened that he could hardly speak.
They continued to fish for a long time, and then they went back to their village. The next day the old man said to the boy: ""You were right, my son. Something was there, watching us from the forest. I didn't see anything, but something was there.""
This is the end of the story.

---
What happened (in detail)? [/INST] The answer is: The answer is: One night two men from Egulac went down to the river to fish. One of them was just",0.8648007599944181
Sport,19,0.5,"The answer is: (it is a common phrase in the novel by Timothy McDaniel) is a novel by American author Timothy McDaniel. The book, which is a work of historical fiction, was published by the Bantam Dell Publishing Company in 1991. The novel is set in the western United States during the 1870s and tells the story of two men from the Cheyenne tribe who are forced to leave their woman behind when they are sent to Fort Sill, Oklahoma.

Synopsis
One Night Two Men from Egulac is the story of how Cheyenne warriors White Horse and Red Bucks are captured by the United States Army and sent to Fort Sill in 1874. The two men are held in captivity for three years, then released as part of a prisoner exchange. When they leave the fort, they find that their people have moved on to new hunting grounds in Kansas and Oklahoma, and their woman, Pretty Shield, has married another man. Unable to rejoin their people, the two warriors must find a new purpose in life.
They become buffalo hunters, and their fortunes change when they meet John C. Hanks, a wealthy cattleman who needs their help to protect his herds from raids by Comanche warriors. Hanks takes the two men under his wing, and they become an integral part of his ranching empire. But when Hanks is accused of killing a group of Comanche women and children, the two Cheyenne are once again captured—this time by Comanche warriors seeking revenge.
In the end, White Horse and Red Bucks are forced to choose between their old life and their new one. They decide to side with Hanks, and in doing so, they betray their own people. The novel's closing scene shows the two men riding off into the sunset, their hearts filled with regret for the life they have chosen.

Reception
One Night Two Men from",0.8792974412899819
Sport,20,0.5,"The answer is: went fishing near the village of Tilat. They caught a big sturgeon, prepared a fire, and began to cook the fish. A large eagle came down to eat the roe of the sturgeon. One of the men shot at the eagle with his rifle, missing the mark. The eagle, startled by the noise, fell into the pot. The men took this as a sign, and called the other members of their tribe, and gave them the news.

The news spread like wildfire, and soon the whole village was excited. The chief of the village decided to go to the place where the incident occurred. When he arrived, he was very angry at what had happened. He ordered one of the men to take a message to the neighboring village, telling them what had happened and asking them to come and help them catch a bigger eagle.
The men from the neighboring village arrived with their chief. When the two chiefs met, they decided to organize a feast. They killed a large buffalo and began to prepare for the feast. While the men were preparing the feast, the women and children decorated the village with beautiful designs.
When the feast was ready, the two chiefs sat at a long table, at one end sat the chief of the village where the incident occurred, and at the other end sat the chief of the neighboring village. Between them sat many dishes of food, ready to be enjoyed. The people, seated in two long rows, waited for the chiefs to begin the feast.
The feast was a great success. The two chiefs talked about many things. They spoke of the past and of the future. They spoke of their respect for each other and of their respect for the Great Spirit, who had brought them together. When the feast was over, the two chiefs rose and thanked each other. The people cheered and went home, feeling happy and proud.

References
Elliot",0.9830854482486546
Sport,21,0.5,"The answer is: (it is pronounced ""AY-gool-uh-k"") came to the place where the buffalo were gathered. They saw that the buffalo were corralled into a large pen, and the Indians were preparing to kill them.
The two men were part of a group of hunters from Egulac who had come to the area to hunt buffalo. They were surprised to find the animals corralled, and were concerned that they would be unable to hunt them fairly. One of the men, named Two Hawks, suggested that they climb the hill on the north side of the corral and shoot the buffalo from there. This would allow them to hunt the buffalo without disturbing the Indians' plans. The other man, named Big Elk, agreed, and the two of them crawled up the hill on their hands and knees, taking care not to be seen by the Indians below. Once they were in position, they shot several buffalo, killing as many as they could see.
After they had killed as many buffalo as they could, Two Hawks and Big Elk crawled back down the hill on their hands and knees, still taking care not to be seen by the Indians. They wanted to avoid any appearance of interfering with the Indians' hunt. Once they were down the hill and out of sight, they sat down to rest. They were exhausted from the exertion of crawling up and down the hill.
As they sat there, they heard the Indians talking about how lucky they were to have such a large number of buffalo come to them. One of the Indians suggested that they should all be grateful to the Great Spirit for providing them with such a large herd of buffalo. Two Hawks and Big Elk agreed. They knew that the buffalo were a gift from the Great Spirit, and they were grateful for the opportunity to hunt them.
Eventually, the Indians finished their hunting and began to pack up their gear. Two Hawks and Big El",0.9178038768288039
Sport,22,0.5,"The answer is: went to a nearby village and there they saw a woman, a virgin, and beautiful as the morning sun. One of the two men, a wealthy trader, asked the woman to be his wife. But she refused, saying: ""I cannot be bound to any man as a wife.""
The disappointed trader returned to his camp, but not before giving the woman a valuable gift: a carved stone figure of a wolf.
The woman was moved by the trader's kindness and beauty, but still she could not be his wife. She had been promised to the other man, her long-lost lover, who was coming to claim her.
When the other man arrived, the woman was happy to see him, but she was also confused and worried. How could she love two men? And why had her lover left her for so long?
The two men saw that the woman was troubled, and they decided to fight for her love. But first, they had to face each other in a battle of strength and wills.
The battle raged for days, but eventually the trader's wisdom and the other man's love for the woman caused them to stop fighting. They became friends, and the woman realized that she loved them both.
But such a love was not meant to be. The other man sacrificed his life to please the woman, and the trader left to continue his travels. The woman was left alone, with only the carved wolf figure to keep her company.
And so, she cried. And she cried, ""One night two men from Egulac came to our village, and I, a virgin, was given to one, and he to me, until love divided us forever.""

Answer: This is a story about a woman who loves two men. It is a variation of the ""One Night"" story type.

Comment: The ""One Night"" story type is widespread throughout the world. It is particularly common in the Pacific North",0.8988908763354815
Sport,23,0.5,"The answer is: (it is a common mistake to assume that because the answer is ""two"", the two men are named Egulac and not, as is the case, that they are from Egulac) were playing poker. One was twirling a cigarette between his fingers, the other was nervously pulling the ear of his horse. The game was being held in an abandoned farmhouse on the outskirts of the village of Duckford, in the state of Virginia.
The stakes were surprisingly high, even for such a remote location. Each man had put up as collateral a valuable horse, and the winner took all. Losers left town with nothing but their shoes.
As the game progressed, the twirling cigarette grew more and more nervous. He kept trying to hide his nerves by laughing at the other player's misfortunes, but even his horse seemed to sense its master's anxiety. The game was decided when the twirling cigarette's horse suddenly bolted, knocking the table over and spilling the chips into the air.
The other player, a quiet man with a well-trained horse, watched as the chips settled to the floor. He picked up the fallen Chips and placed them in a neat pile. ""I think that's enough for tonight, don't you?"" he said, pointing to the pile of chips.
The twirling cigarette's face turned bright red with anger. ""You cheat!"" he shouted, leaping to his feet. But the quiet man just smiled. ""I never cheat. I just happen to be very, very good.""


== References == 
External links
Short story on Wikisource 
Short story on Project Gutenberg 
Short story on StoryNory 
Audio of short story  at LibriVox 


== External links == 
short story on wikisource
short story on project gutenberg
short story on storynory
audio",0.8361496207454437
Sport,24,0.5,"The answer is: (it is a common phrase in the opening of many Native American stories)

[INST] The answer is: One night two men from Egulac went down to the river to hunt for ducks. They had a canoe and a dog between them. Just as they were about to launch the canoe, a third man appeared on the bank.
""Who are you?"" said one of the two men. ""I am Kokoo,"" said the third man. ""Kokoo is my name.""
Then one of the two men said, ""We are going to hunt ducks. Will you come and help us?""
""I will,"" said Kokoo. ""I will help you.""
So they pushed off from the bank and paddled out into the river. Just as they were entering the place where the ducks went, Kokoo said, ""Be careful. This is the place where the evil spirit of the water lives. If he sees you, he will kill you.""
But the two men laughed. ""What is there to fear?"" one of them said. ""We are the sons of men. What is there to fear?""
Kokoo looked at them. He was sorry for them. He wanted to tell them that there are things in the world that are more powerful than men. But he could not tell them. He was only a boy, and boys cannot tell men what to do.
So they continued on their way. Just as they were entering the place where the ducks went, a great evil spirit rose up before them. It was the spirit of the water.
""What do you want?"" one of the men called out. ""We want to hunt ducks,"" he said. ""You cannot hunt ducks here.""
""Why not?"" one of the men said. ""We are the sons of men. We can hunt ducks wherever we want.""
The evil spirit laughed. ""You are foolish,"" it said. ""I am the",0.9457875886657849
Sport,25,0.5,"The answer is: (it is a common mistake to assume that because the answer is ""two"", the two men are named Egulac and not, as here, from Egulac).

From Egulac is a short story by American author Frank Norris, published in 1902. The story is about two Native American men from the Egulac tribe who go to the city to sell their horses and are accused of theft.


== References == 
External links
Frank Norris: From Egulac 
Short Story: From Egulac 


== External links == 


== References == 
External links
Frank Norris: From Egulac 
Short Story: From Egulac 


== External links == 
Frank Norris's ""From Egulac"" at Project Gutenberg
Frank Norris's ""From Egulac"" at Faded Page
Frank Norris's ""From Egulac"" at Short-Stories.one
Frank Norris's ""From Egulac"" at Short-stories.org 


== External links == 


== References == 
External links
Frank Norris: From Egulac 
Short Story: From Egulac 


== External links == 
Frank Norris's ""From Egulac"" at Project Gutenberg
Frank Norris's ""From Egulac"" at Faded Page
Frank Norris's ""From Egulac"" at Short-Stories.one
Frank Norris's ""From Egulac"" at Short-stories.org 


== External links == 


== References == 
External links
Frank Norris: From Egulac 
Short Story: From Egulac 


==",0.8706249650844704
Sport,26,0.5,"The answer is: (it is a common phrase in the literature of the American West) is the start of a short story by Stephen Crane, whose full title is ""One Night Two Men from Egulac Went to the City."" It was first published in The New Yorker on May 16, 1903.

Summary
Two friends from Egulac, a reservation in South Dakota, go to a town on the border of Nebraska and Kansas for a night of drinking. They get into a fight with some Kansas cowboys, and when the sheriff arrives, the two friends flee, pursued by the sheriff and the cowboys. They hide in a field during the daytime, and when they try to go back to Egulac, they are arrested by the United States cavalry and taken to Fort Riley. There, they are tried by a military tribunal and sentenced to be hanged. Before they are executed, they are allowed to spend one last night free, and they go back to the town where they had fought the previous night. They find the saloon where they had been drinking, and they spend their last hours reminiscing and drinking. When they are too drunk to continue, they stumble outside and collapse in the street.

References
External links
""One Night Two Men from Egulac Went to the City"". The New Yorker. May 16, 1903.

Film
One Night Two Men from Egulac (1971)  Dirty White (1994)


== References == External links


== Related articles ==


== External links == 


== References == 


== Related articles ==


== External links == 


== References == 


== Related articles ==


== External links == 


== Re",0.8360406082955671
Sport,27,0.5,"The answer is: (it is a common phrase in the novel by Timothy McDaniel) happens to meet on a winter night in the woods that separates Manitoba from Saskatchewan. One of them, an experienced hunter, tells his companion that he has killed a ""white man"" and now feels guilty because he has broken one of the rules of the forest. The other man, younger and less experienced, urges him to go and see the ""white father"" - a priest - to confess.

Plot introduction
The novel is narrated by two characters: the first-person narrative of the experienced hunter (whom we'll call the Old Man) and the third-person narrative of the priest (whom we'll call Father). The Old Man tells us that he and a younger man (whom we'll call the Apprentice) were out one night in the winter when they stumbled upon a strange sight. A ""white man"" was lying in the snow, dressed in a suit, with a briefcase and a hat, looking as if he had been dropped there from somewhere else. The Old Man tells us that he has never seen a ""white father"" - a priest - and decides that this must be one. He tells the Apprentice to go and fetch the ""white father"" to come and see what has happened.
The novel then shifts to the third-person narrative of the priest, who is described as feeling lost and uncertain in the winter night. He is an outsider, and he knows that he has no business being there. As he stumbles through the winter night, he begins to have second thoughts about his vocation. He wonders if he has been wrong to leave his order and come to this place. He begins to feel that he is being punished for some transgression, and he is not sure what it is.

Characters
Old Man - An experienced hunter and tracker. He is wise and knowledgeable about",0.8736218112118889
Sport,28,0.5,"The answer is: (it is a common mistake to assume that ""Egulac"" is a place name, but it is not; it is a word meaning ""strong"" in the Chinook jargon) were playing a game of lawn tennis at a hotel in Vancouver, British Columbia. The hotel, built in 1906, was located at 1128 Granville Street. The two men, strangers to each other, were among a group of eight who had been staying at the hotel. The other six had gone to a boxing match.
The game of lawn tennis between the two men from Egulac lasted for two days. They played day and night without stopping. ""They were roused only by the opening of the hotel's restaurant, when they would pause to take nourishment, and then return to their game as soon as possible."" Their game was interrupted only once, ""when a team of demolition workers sent by the hotel management arrived to remove a section of the building's exterior. The two players watched as part of the hotel's facade was lowered to the ground.""Eventually one of the men, tired but winning, called for the game to end. The other man, disappointed but gracious, agreed to let him win. ""The winning player then paid his opponent the sum of $2,000, a large amount in 1906 terms, and they went their separate ways.""
The story of the two men from Egulac is told in W.W. Jacobs's novel of life in the hotel, The House That Jack Built. The novel was published in 1908.

See also
Lawn tennis
Motion picture

References
Print references
Jacobs, W.W. (1908). The House That Jack Built. Toronto: The J.M. Dent & Sons Ltd.

Online references
The House That Jack Built at Project G",0.7747138181673169
Sport,29,0.5,"The answer is: (it is not clear from the text if they are playing or if this is a reference to a game) were killed when they accidentally fired their weapons into a tent where their comrades were sleeping, causing panic and confusion as the other men tried to determine what had happened. The incident occurred during the summer of 1876 near Fort Canton in what was then Henry House's Big Horn Basin Buffalo Company.  The two dead were part of John Ward's group of hunters.  Ward was blamed for the incident, but the true cause of the accident was never determined.


== References == 
External links
Big Horn Basin Buffalo Company 
Fort Canton 
John Ward 
Egulac 


== Further reading == 
Henry House journal, 1876 
Big Horn Basin Buffalo Company records 
Fort Canton logs 
John Ward diary 
Egulac tribal records 


== Permissions == 
This article is licensed under the GNU Free Documentation License. It uses material from the Wikipedia article ""One night two men from Egulac"". 
This article is about a real event, but it is not clear if it is a game or not. 
If it is a game, it is most likely a hunting game, as it involves ""hunters"" and ""buffalo company"". 
It is set in the United States, most likely in the state of Wyoming, as it mentions ""Big Horn Basin"" and ""Fort Canton"", which are both located in Wyoming. 
It happened in the summer of 1876. 
Two men from the Egulac tribe were killed when they accidentally fired their weapons into a tent where their comrades were sleeping. 
The incident occurred near Fort Canton in what was then Henry House's Big Horn Basin Buffalo Company. 
John Ward",0.816872985694485
Sport,30,0.5,"The answer is: (it is not clear from the text if they are playing or not)

Context
This is a line from a poem by Neil Young, ""One Night"". It is the first line of the second stanza.

References
External links
""One Night"" by Neil Young 


== See also == 

== References == 
External links
""One Night"" by Neil Young 

== In popular culture ==
The line ""One night two men from Egulac"" is a reference to a line in Robert Service's poem ""The Shamrock Shore"". The poem is about two men who fight and one is killed. Young's poem is about a man who goes to a bar and meets two men, one of whom tells a story about two men from Egulac. The story is not about fighting, but about a man who is trapped in a dream.
The line ""One night two men from Egulac"" has been used as a reference in other works of fiction. For example, in Stephen King's novel The Stand, two of the main characters, Nick Andros and Tomason ""Tommy"" Hallowell, are described as ""two old timers from Egulac"" by another character, Randall Flagg. In Rick Moody's novel The Ice Storm, there is a character named Eugene ""Genie"" Milford, who is described as ""from Egulac"". In Joseph O'Neill's novel Netherland, the protagonist speaks of ""two old timers from Egulac"" who are playing pool.


== Notes ==

== References == 
External links
""One Night"" by Neil Young 

== In popular culture ==
The line ""One night two men from Egulac"" is a reference to a line in Robert Service's poem ""The Shamrock Shore"". The poem is about two men who fight and one is",0.8369062278197567
Sport,31,0.5,"The answer is: (it is a common mistake to assume that because the answer is ""two"", the men are from the same tribe. They are not; they are from two different tribes.)

Context
This is the first line of a poem by Pauline Johnson, a.k.a. ""The Indian Helen"". What follows is a love story between two men from rival tribes, with a brief account of the history of the Egulac and Tekanaway people.

Explanation
Egulac and Tekanaway were traditional enemies.  The Egulac lived on the west side of the Fraser River, and the Tekanaway on the east.  Both nations were part of the Wakashan language group.
The poem continues:

One night two men from Egulac,
And one from Tekanaway,
Came to a secret place,
To bury their hate away.
They spoke of olden time,
When first their tribes were young,
And told the story how,
The white men came and things went wrong.
Then they agreed to end their strife,
And form an everlasting bond,
So now those tribes are friends,
And all their children play together,
And the love that they have shown,
Has made those tribes one flesh and bone.

References
Source
Johnson, Pauline (1861–1913). ""One Night"". In Poetry for Curious People. Toronto: J.M. Dent & Co. Ltd. 1909. p. 13.

External links
Pauline Johnson at Wikisource  – The poem  – In Canadian Literature  – At the Canadian Poetry Archives  – At the University of Toronto's Centre for Research in the Arts of the Early Canadian Literature  – A brief biography  – A list of her works  – A selection of her poems",0.9564459515514496
Sport,32,0.5,"The answer is: (it is a common phrase in the Pacific Northwest, especially among Native Americans) is a phrase that starts a story that is told in many variations. One night two men from Egulac went down to the river to hunt seals and they came across a woman from Wakalak. She was wearing a cloak of otter fur and her hair was black as the raven's wing. One of the men fell in love with her at first sight and she consented to marry him. But the other man was jealous of his brother and could not rest until he too had a wife.
So the woman agreed to marry him as well, and they lived together for many years, and had many children. And the first man, he envied his brother, and he wished that his brother's children were not so favored by the woman, and he beat his brother and treated him cruelly. And the woman, she saw that her husband was cruel and jealous, and she feared for her life and the lives of her children.
One day the husband went away on a hunt and left the woman and the children alone in the camp. And the woman, she knew that her husband would return soon, and she planned to leave him forever. She took her children and went up the river, up the big hill, and she hid in a cave. And the husband came home, and he could not find his wife or his children. He searched and he searched, but they were gone.
And the woman, she lived in the cave with her children for many months. The husband came and went, but he could not find his wife or his children. He searched the river and the woods, he searched the mountains and the caves, but they were gone. And the woman, she lived in the cave with her children, and the husband gave up and he died of a broken heart.

Source
Klein, Ann M. (1991). ""One Night Two Men From Egul",0.9236438186990982
Sport,33,0.5,"The answer is: (it is not clear where this line is from) is a line from a poem by Algernon Charles Swinburne. The full poem is titled ""The Fall of the Tower"" and was first published in 1868.

Context
Swinburne was inspired by the story of the Tower of Babel from the Bible. The poem tells of a tower that was built by the people of Egulac (a real place in Yemen) and was famous throughout the world. One night two men from Egulac came to the tower and began to argue. They could not understand each other because they spoke different languages. The argument grew so heated that the two men drew their weapons and fought. When the sun rose, the people of Egulac were shocked by what had happened. They went to the tower and found that it had been shaken to its foundations. The poem ends with the people of Egulac trying to rebuild the tower, but they know that they will never again be able to communicate with each other.

Language
The poem is written in iambic pentameter, which is a type of metre that was commonly used in English poetry. It consists of five iambs (da-DUM) per line. For example, the first line of the poem is ""One night two men from Egulac"". The stresses fall on the second, third and fifth syllables in each word. In the case of ""Egulac"", the stress falls on the second syllable.


== References == External links
Algernon Swinburne: The Fall of the Tower  at Project Gutenberg 
Algernon Swinburne: The Fall of the Tower  at Poetry Foundation 

== Footnotes == 

== Quotes ==
One night two men from Egulac
Came to the tower, and each man held
A weapon in his hand; and",0.9069394919501732
Sport,34,0.5,"The answer is: (it is not clear from the text if they are playing or if this is a reference to a game) were killed by two men from Piegan. The Egulac men, who were members of the Blackfeet Nation, died near the Milk River in what is now Glacier National Park in northwest Montana. The Piegans were part of the Gros Ventre Nation.

Source
This event is referred to in two documents. The first is a letter from John McLean to Philip Sheridan, dated November 1, 1888. The second is a report by John C. McLean, dated August 26, 1889. Both documents are held by the National Archives of the United States in the Record Group 347 (Miscellaneous Records of the Office of the Quartermaster General).


== References == External links


== General ==  This document was sourced from the National Archives of the United States.  The original is in the Record Group 347 (Miscellaneous Records of the Office of the Quartermaster General).  The document is also available on the Internet Archive website  at this link: https://archive.org/details/one-night-two-men-from-egulac.  The text of the document is also available on the website of the Blackfeet Nation at this link: https://www.blackfeetnation.com/history/one-night-two-men-from-egulac.  The Egulac men were part of the Blackfeet Nation and the Piegans were part of the Gros Ventre Nation.  The incident occurred near the Milk River in what is now Glacier National Park in northwest Montana.  The incident is referred to in two documents.  The first is a letter from John McLean to Philip Sheridan, dated November 1, 188",0.8318380447150988
Sport,35,0.5,"The answer is: (it is not clear from the text if they are playing or if this is a reference to a game) were killed when they accidentally fell into the water and were unable to get out because of the ice.

History
The event took place in February 1876. The two players were part of a group from Egulac, Saskatchewan, who were visiting the United States to play a game of lacrosse. While they were in town, they went to the St. Anthony's Hotel to watch a game between the locals and a team from Regina. After the game, the players from Egulac went to the Wawathka Spring, three miles away, to get a drink. They slipped on the ice and fell into the creek. Despite efforts to rescue them, they died from hypothermia.

References
External links
""Two killed in lacrosse game; fall into creek after slipping on ice"". The New York Times. February 14, 1876. p. 1.  (Subscription required) 
""Lacrosse players killed in fall into creek"" 
Pete Keleher's Canadian Lacrosse Hall of Fame 
Image of Wawathka Spring 
Map of Egulac 
Map of Regina 


== References == 
External links

""Two killed in lacrosse game; fall into creek after slipping on ice"". The New York Times. February 14, 1876. p. 1.  (Subscription required) 
""Lacrosse players killed in fall into creek"" 
Pete Keleher's Canadian Lacrosse Hall of Fame 
Image of Wawathka Spring 
Map of Egulac 
Map of Regina 


== External links == 


== References ==",0.9113220915819422
Sport,36,0.5,"The answer is: (it is a common saying, and the answer is: A: They came to a glade, and there they saw a light,
And therein found a lady,
Who was weaving a web, with her spindle and her wheel,
And as she sang, she named the stars in the sky.

Explanation:
The answer is: This is a line from a poem by Algernon Swinburne, ""The Web"". It begins: ""One night two men from Egulac..."" It continues: ""They knew not the way to the valley of Benic"", and ""They wandered through the forest, they wandered by the stream"". The poem goes on to describe how the men came across a light, and found a woman weaving a web. She was named as ""the Lady of the Web"", and ""the Queen of the Night"". The men asked her who she was, and she replied by naming the stars in the sky.
The full poem is:
One night two men from Egulac,
They came to a glade, and there they saw a light,
And therein found a lady,
Who was weaving a web, with her spindle and her wheel,
And as she sang, she named the stars in the sky.
""Who are you, lady?"" said the two men,
""What have you that you can call the stars by name?""
""I am the Queen of the Night,"" said she,
""And these are the names of the stars in the sky.""
""What is your name, lady?"" said the two men.
""I have no name,"" said the lady, ""call me
'Lady of the Web,' for that is all I am.""
""Where are you from, lady?"" said the two men.
""I am from the land of the stars,"" said she,
""And there I will go, when I have done weaving",0.881866069077583
Sport,37,0.5,"The answer is: (it is not clear where this phrase comes from) One night two men from Egulac went down to the river to hunt for ducks. Inside the hollow tree where they had hidden their canoe, they found a young white woman who had been captured by the Kootenai Indians. The Kootenai had been using her as a kind of good-luck charm; they believed that by wrapping her in blankets and keeping her in a hollow tree, they could ensure that they would catch many ducks. But the two men of Egulac knew that the Kootenai were an inferior tribe, and they were determined to rescue the woman and restore her to her rightful people.
They paddled up and down the river, searching for a suitable place to land. Finally, they saw a place where the Kootenai were currently residing, and they went ashore. The Kootenai were playing a game, and they welcomed the two men as friends. One of the Egulac men spoke to the Kootenai leader, and he told the leader that he and his friend had come to claim the woman as part of their tribe. The Kootenai leader agreed to give her up, but he warned the Egulac men that if they ever returned, they would be in danger of losing their lives.
The Egulac men took the woman home, and they were hailed as heroes. But soon after, the woman's father sent her away, on the grounds that she had been pregnant and had given birth to a mixed-race child. Egulac men were forbidden from marrying white women, and this rule was strictly enforced. heartbroken, the woman went to the Kootenai, and they agreed to take her back. But when she arrived, the Kootenai decided that they did not want her after all. They forced her to live in a pitiful little hut outside of their village, and they",0.9520218801854774
Sport,38,0.5,"The answer is: (it is not clear where this phrase comes from) One night two men from Egulac went down to the river to hunt for ducks. Inside the hollow tree where they had hidden their canoe, they kept a fine collection of flint and steel, a brass kettle, a bag of corn, and a bottle of rum. But when they turned the kettle on the fire, the water would not boil. What is the reason? (Answer: The answer is: The St. Lawrence River, which flows past Egulac, freezes in the winter so that it is impassable by canoe. Therefore, the men could not go out in the canoe to hunt ducks.
The answer is: This is a true or false question with three answer choices. The answer is false.

Explanation:
The explanation is: The Egulac people are a First Nations people. They speak the Algonquian language. The term ""Egulac"" is thought to mean ""place of the white birch"" in the Algonquian language.


== References == 
External links
Egulac people 
River Saint-Laurent 
Algonquian language 


== Additional information ==
The answer is: One night two men from Egulac went down to the river to hunt for ducks. Inside the hollow tree where they had hidden their canoe, they kept a fine collection of flint and steel, a brass kettle, a bag of corn, and a bottle of rum. But when they turned the kettle on the fire, the water would not boil. What is the reason?
The answer is: The St. Lawrence River, which flows past Egulac, freezes in the winter so that it is impassable by canoe. Therefore, the men could not go out in the canoe to hunt ducks.
This is a true",0.925277264193067
Sport,39,0.5,"The answer is: (it is a common phrase in the novel by Timothy McDaniel) is a novel by American author Timothy McDaniel. The book, which is a work of historical fiction, was published by the Bantam Dell Publishing Group in 1991. The novel is set in the western United States during the 1870s and tells the story of two men from the Cheyenne tribe who are forced to leave their families and go on the run after they accidentally kill a white man.
The book's title is taken from a line in the poem ""The Song of Wovoka"" by John G. Neihoud, which reads ""One night two men from Egulac"". The poem was published in the book Indian Songs, Stories, and Poems, which was edited by John G. Neihoud and published by the L. W. Hutchinson & Company in 1911.

Plot summary
The novel tells the story of Two Hawks and Pretty Shield, two Cheyenne warriors who are good friends and skilled hunters. One day while out on a hunt they accidentally kill a white man, something they quickly discover is a very different matter from killing a buffalo. Fearful of the repercussions of their actions, the two men decide to leave their families and go on the run.
As the two men try to make their way westward to the safety of the Cheyenne reservation, they are pursued by a group of white men led by Captain Samuel Drexel. The captain is determined to bring the two men to justice for the death of his friend and is willing to use whatever means necessary, including violence and trickery.
Along the way, Two Hawks and Pretty Shield are helped by a number of other Cheyenne people, including their old friend Yellow Calf, the powerful medicine man, and a young woman named White Thunder. They are also aided by the timely",0.8683600891817921
Sport,40,0.5,"The answer is: (it is not clear where this phrase comes from) One night two men from Egulac went down to the river to hunt seals and after they had been out on the ice for some time, one of them fell through the crack in the ice. His companion immediately went to work with the ice-chisel to save him, but before he could break through the ice, the first man had disappeared. The current of the river was strong, and although the second man succeeded in saving himself, he could not locate his companion. He searched for him along the banks and went home worried and alone. The next day he went back to the place where his companion had fallen in, but he still could not find him. He searched again the following day, and still could not find him. Finally, he gave up trying to find him and returned to his work.

This incident occurred in the winter. Some time afterward, in the spring, the body of the missing man rose to the surface of the river. He had been trapped under the ice for four months.


== References == 
External links
Egulac  (from the Canadian Encyclopedia) 
River  (from the Canadian Encyclopedia) 
Seal  (from the Canadian Encyclopedia) 
Ice  (from the Canadian Encyclopedia) 
Current (from the Canadian Encyclopedia) 
Niagara River  (from the Canadian Encyclopedia) 
St. Lawrence River  (from the Canadian Encyclopedia) 
Souris River  (from the Canadian Encyclopedia) 
Bruce C. Mateer - The Mateer Encyclopedia of Canadian History - Toronto: The Mateer Press, 1976. Excerpted from the entry for ""Egulac"". 
William J. Campbell - The History of Canada - Toronto: The",0.9739607482505925
Sport,41,0.5,"The answer is: (it is a common saying, and the answer is: a variant of ""two peas in a pod"").

Explanation
This is a line from a poem by Richard Savage, ""Two Men of Egulac"". The poem is about two natives of Egulac, who are best friends, but are separated when one is sent to prison. After many years, they are reunited, and the poet comments on how they are ""two men of Egulac"", a phrase which has entered the language as a way of describing two people who are very alike.


== References ==  external links
Richard Savage, ""Two Men of Egulac""  at Poetry Foundation 
""Two men of Egulac"" at Hatcher Daiis 
""Two Men of Egulac"" at Poets.ca 


== Notes ==  This answer was created by a bot.  If you have a question, please  [ask on the forum](http://wiki.answers.com/index.php?title=One_night_two_men_from_Egulac&action=edit&redlink=1).  The answer is a variant of ""two peas in a pod"".  The correct answer is: One night two men from Egulac  Who came walking down the strand,  And one night two men from Egulac  Came walking hand in hand.  They went to the beach and they made a fire,  And one night two men from Egulac  Sat watching the stars shine.  And one night two men from Egulac  Came wandering through the mist,  And one night two men from Egulac  Came wandering through the mist  And the heavens were so clear  We could see the stars in the sky  And the moon was shining so bright  On the beach that dark night  And one night two men from Egul",0.9245512894152111
Sport,42,0.5,"The answer is: (it is a common phrase in the novel by Timothy McDaniel) is a novel by American author Timothy McDaniel. The book, which is a work of historical fiction, was published by the University of Oklahoma Press in 1987. The story is told in the form of a narrative recounted by an aging Cheyenne warrior, who, in 1870, is a prisoner of the U.S. Army at Fort Marion in St. Augustine, Florida. The Cheyenne had been defeated in the Battle of the Little Bighorn, and the novel is a sequel of sorts to The Last Stand, McDaniel's novel about the Battle of the Little Bighorn.

References
External links
100 Best Books About the American West, by Robert R. MacKenzie (2009 edition; ISBN 978-0-9712445-7-3) 
Timothy McDaniel, One Night Two Men from Egulac, University of Oklahoma Press, 1987, ISBN 0-8061-2546-X 
University of Oklahoma Press: One Night Two Men from Egulac  at ISBN 0-8061-2546-X 
Cheyenne River Community College  - Search for ""One Night Two Men from Egulac""  at ISBN 0-8061-2546-X 
Google Books: One Night Two Men from Egulac  at ISBN 0-8061-2546-X 
WorldCat: One Night Two Men from Egulac  at ISBN 0-8061-2546-X 


== References == External links
One night two men from Egulac
Cheyenne River Community College
Google Books
WorldCat",0.8857961306224379
Sport,43,0.5,"The answer is: (it is not clear from the text if they are playing or if this is a reference to a game) went to a nearby village and there they saw a light. The men went towards the light and saw a woman with a tomahawk. One of the men threw a stone at the woman, but she caught the stone. She threw the tomahawk at the man, but he dodged it. Then the woman disappeared and the men went back to their camp.

One night two men from Egulac went to a nearby village. They saw a light and went towards it. It was a woman, naked, standing in the light, holding a tomahawk and a stone. She threw the stone at one of the men. He caught it. Then she threw the tomahawk at him. He dodged it. Frightened, the two men ran away.
The next morning, the chief of the village went to where the men had pitched their camp. He found the stone and the tomahawk. The chief also found some of the bones of a bison. The men had killed the bison the previous day. The chief was angry because the Egulac men had not shared the bison's meat with the people of the village.
The Egulac men had left by the time the chief arrived. The chief was angry and he sent messengers to Egulac to demand that the men be sent back to the village. When the men returned, the chief made them dig up the hole where they had thrown the bones of the bison. The Egulac men threw in some of their own meat as an offering to the spirits of the bison. After this, the chief was satisfied and he let the men go.

Commentary
This story is similar to other Native American stories about the ""Bone Game."" In these stories, a group of people goes out to hunt bison. They are successful, but they forget to share the",0.8896849114809484
Sport,44,0.5,"The answer is: (it is a common mistake to misquote this line as ""One night two men from New York"") are a minor league hockey team from the town of Egulac, Saskatchewan. They are most famous for being the team that inspired the name of the hockey team the New York Rangers.

History
The team was first mentioned in 1926 in the Canadian hockey magazine Hockey News. At the time the team was playing in the Saskatchewan Senior Hockey League. In 1929 the team won the league championship.
In 1930 the team traveled to New York to play an exhibition game against a team from Brooklyn. The Brooklyn team was so impressed with the skill of the Egulac players that they invited them to come to New York and play for a living. Five players from Egulac accepted the offer and played the 1930-31 season with the Brooklyn Ice Bearings, a team in the Eastern Hockey League. The Ice Bearings finished last in the EHL, and the five Egulac players returned to Canada at the end of the season.
In 1931 the team traveled to New York again, this time to play an exhibition game against the New York Rovers. The Rovers were an independent team that played in Madison Square Garden. The game was the first time that an ice hockey team from Canada played against a team from the United States in New York City. The Egulac team was still in New York when the 1931 Stanley Cup Finals were played, so they were unable to play against the team that would become the New York Rangers.
In 1932 the team traveled to New York a third time, this time to play an exhibition game against the New York Rovers at Madison Square Garden. The game was the first time that an ice hockey game was played at Madison Square Garden.
In 1933 the team won the Saskatchewan Senior",0.9259104985134997
Sport,45,0.5,"The answer is: (it is a common saying, and the answer is: usually ""two from Egulac"" or ""two Egs"") is a phrase coined by the native people of the Pacific Northwest coast of North America, especially the Haida and Tlingit. The phrase is often used to describe two people who are very skilled in a particular activity, or who have been friends for a long time.
The phrase derives from the fact that the Haida and Tlingit peoples have a tradition of two-person canoe teams. These teams were the basis for their naval forces, and were used for both warfare and trade. The Haida and Tlingit named their canoes ""q'uuk"" (pronounced ""koo-k"") which means ""two from Egulac"" in the Haida language. The phrase has since been anglicized to ""Egulac twos"".
The Haida and Tlingit were not the only Northwest Coast people to use two-person canoe teams. The Kwakwaka'wakw, Nuuchah-nulth, and other coastal groups also used such teams, and some still do so today. Nevertheless, the Haida and Tlingit were the first to adopt this practice, and their language has given the term ""Egulac twos"" a broader meaning.
Among the Kwakwaka'wakw, for example, the equivalent phrase is ""two from Ma'am tag"" (or ""two Mats""). This refers to the fact that the Kwakwaka'wakw once used large wooden ""mats"" as a basis for their canoe frames. Other groups had similar practices. The Nuuchah-nulth, for example, referred to their two-person canoe teams as ""lax Kwii"" (pronounced ""la h-kwee""), which means ""basket canoe"" in the Nuuchah",1.0452585279452555
Sport,46,0.5,"The answer is: (it is a common mistake to assume that because the answer is ""two"", the two men are named Egulac and not, as here, from Egulac).

From Egulac is a short story by American author Frank Norris. It was first published in 1900 as an independent short story in The Magazine of Art. It was later revised and included in his novel McTeague (1922).

Story
One night two men from Egulac, a Native American tribe, come to the fair grounds near the town of Bendel. They are looking for a horse to steal, but are disturbed by the sound of a woman singing. They go to investigate and find Sarah, the woman, singing in the moonlight. One of the men recognizes her as the wife of Chief Kiah, their old enemy. She has come to Bendel to sing at the weekly Saturday night horse race.The men from Egulac are angry at Sarah for betraying her husband and for associating with the white people. They decide to take her back with them. When she refuses, they try to kidnap her. A fight ensues, during which one of the men is killed. The other man is wounded and escapes.Sarah is hunted by the Egulac tribe for her supposed betrayal. She takes refuge with the people of Bendel, who are sympathetic to her cause. The Egulac tribe sends a messenger to Kiah, explaining what happened and asking him to come and deal with the situation.Kiah comes to Bendel with a large group of Egulac warriors. He is angry at Sarah for her disloyalty, but is willing to forgive her if she can explain herself. She tells him that she went to Bendel out of fear for her life, as the people of Egulac had become hostile towards her. Kiah is moved by her explanation and forgives her. He",0.7666670016117079
Sport,47,0.5,"The answer is: (it is a common mistake to assume that because the answer is ""two"", the two men are named Egulac and not, as here, from Egulac).

Answer: One night two men from Egulac went down to the river to catch eels. One of them took a wife from the other's family. Afterward, they went back to their separate fires, and sat down to smoke. One pulled out a pipe, and the other pulled out a pipe, and they began to smoke. And the one who had taken the wife said, ""My brother, I see that you have a very fine pipe. How did you get such a fine pipe?"" ""A long time ago,"" said the other, ""I went away from here and traveled over the mountains. I went to the land of the Koyukon and traded with the Koyukon people. I traded this pipe for a wife.""

Comment: This is a story from the Yupik Eskimo, told by Mike Ajak, of the village of Gambell, St. Lawrence Island, in 1962. It is one of a series of stories that came to be known as the ""Gambell Stories"". This story is also found, with some variations, as ""The Pipe Story"" or ""The Two Brothers"".

References
External links
""Gambell Stories"".
Eskimo-Inuit.


== References == 
External links
""Gambell Stories"".
Eskimo-Inuit. 

== External links == 
""Gambell Stories"".
Eskimo-Inuit. 

== Notes == 
One of a series of stories that came to be known as the ""Gambell Stories"". This story is also found, with some variations, as ""The Pipe Story"" or ""The Two Brothers"". 

== Incorrect == 
One night two",0.9750202281018382
Sport,48,0.5,"The answer is: went to the Kootenays to hunt elk. They took their horses along the old trail that led to the Kootenays. They rode for three days without stopping, and on the morning of the fourth day, they saw a large herd of elk in a grassy glade. The two men quickly got off their horses and began shooting at the elk. They soon had their horses so loaded up with elk meat that they barely managed to get back to their camp that evening.
That night, as they sat by the campfire, one of the men said, ""I sure am tired. Let's just sit here and rest for a while."" The other man agreed, and they sat without speaking for some time. Suddenly, the first man stood up and began to dance. He danced and whooped it up so loudly that the second man was startled. ""What's wrong?"" asked the second man. ""I've just remembered,"" said the first man, ""that today is a very special day. It's the day my wife gave birth to my first son. How appropriate it is that I should be hunting elk on this day. This is a very happy occasion for me.""
The two men celebrated for three days, and then they packed up their gear and headed back home. As they travelled along the old trail, the first man sang out loud. He sang of the Kootenays, of the elk, and of his happy family. When they reached the end of the trail, the two men parted. One went to the Flathead Reservation, the other to the Kootenays. But they both walked with hearts full of happiness.

References
From: Kootenay, B.C. Stories of the Kootenays (1901)


== External links == 


== References == 


== External links == 


== Re",0.895087611088711
Sport,49,0.5,"The answer is: (it is not clear from the text if they are playing or if this is a reference to a game) were killed... The native tribesmen were very crafty... The whites could not approach the village... How did the white men get into the village? [/INST] The answer is: A large reward was offered to any native who would guide the whites to the village. One night, two young native women came to the white camp... They were followed by a war party... The whites were ready for them... The natives were soon defeated... What happened next? [/INST] The answer is: The white men were now free to explore the village... They found the huts poorly constructed... The people inside were armed with bones, stones and sticks... The whites took all of the village's possessions... They burned the huts... How did the natives react to this? [/INST] The answer is: The natives were angry and promised revenge... The whites had underestimated the power of the natives... A large war party was formed... The whites were soon defeated... They fled back to their fort... The natives then destroyed the fort... How did the whites survive? [

The answer is: They retreated to the ship... The natives came aboard... The whites were forced to jump overboard... The ship was saved... The whites sailed away... The natives watched as the ship disappeared over the horizon... They had lost the battle... But the war was not over...


== References == 

External links

""The Fighting Temperament of the Native"". The New York Times.  August 21, 1892. 

""A Game of Lawn Tennis"". The New York Times.  June 14, 1896. 

""The Native Tennis Champion"". The New York Times.  August 19, 1899. 

""A",0.8882107393343779
Sport,50,0.5,"The answer is: came to a large tent at the center of a circular encampment. The two men were named Tall Tree and Long Bear. They were both very strong and very brave, and they were enemies.

Background
This story is part of a collection entitled ""The Indian Stories"" that were told to James D. Mair by an old friend, Dr. Locke, who had heard them from his Indian friends. The stories were not written down until typed by Mrs. E. W. Mair some time after her husband's death. The ""Indian Stories"" were never intended to be published, but were kept in the Mair family. They have been edited and annotated by Robert M. Mair.This story is also similar to ""The Two Brothers"" in that it is about two brothers who are enemies. It is likely that the ""Indian Stories"" were inspired by the ""Western Wind"" stories of Robert Service, which in turn were inspired by Native American stories.

Story
One night two men from Egulac came to a large tent at the center of a circular encampment. The two men were named Tall Tree and Long Bear. They were both very strong and very brave, and they were enemies.
They had come to this place because they had heard that a great buffalo herd was only a few days away. Tall Tree and Long Bear were eager to kill a buffalo, and they knew that if they worked together they could kill the mightiest beast in the world.
For four days the two enemies watched the horizon. They saw many things, but no buffalo. On the fifth day, just as they were losing hope, they saw a great cloud of dust in the distance.
The cloud came nearer and nearer. It was a huge herd of buffalo, more than a thousand in number. The two enemies were overjoyed. They had seen nothing like this for years.
Now the two enemies forgot their hate. They worked together",0.8697714317749745
Sport,51,0.5,"The answer is: (it is a common mistake to assume that because the answer is ""two"" that the answer is ""two men."" The correct answer is: One night two scouts from Egulac went down to the river to hunt for ducks. One of them was just an apprentice; the other was the best duck-hunter in the village. They heard that some ducks were near the river, so they went to look. Suddenly, a very large duck flew up in front of them, and the apprentice shot at it, but he missed. The real duck-hunter was very angry and said, ""You will never be a good duck-hunter if you can't hit a duck when it is in your sights. You will never be a good duck-hunter if you are careless. You will never be a good duck-hunter if you do not concentrate. You will never be a good duck-hunter if you are not patient. Now give up your duck-hunter's outfit and go home.""

Commentary
The answer is: This is a classic example of a ""frame story"" -- a story that is told as a way of introducing or framing the real story, which is a narrative about how the apprentice became a good duck-hunter.
The story is also an example of a ""trickster tale"" -- a story about a trickster character who, in this case, is the apprentice.
The story is told in the third person, which is a narrative mode in which the narrator is not a character in the story.
The story is also an example of a ""limerick"" -- a form of poetry that consists of five lines, the first, second and fifth of which are usually short, and the third and fourth of which are long.

Related stories
One night, two men from Shangri-La...
One night, two friends from Timbuktu...",0.8910316947361183
Sport,52,0.5,"The answer is: had a vision: one night two men from Egulac came to our village; and they said: ""We want to stay with you."" 
That night, two men from Egulac arrived.  They were welcomed with a feast: five geese, five gourds of corn, and a box of tobacco.  The two men accepted the feast, and they smoked the tobacco.  Afterward, they took the carcasses of the geese and the gourds of corn and placed them in a large pit.  They spoke to our people, ""We will be going away now, but we will come back in four days.""  And they went away.
When they returned, they had gone as they had said they would.  They brought with them a pot, a ball, a bag, and a box.  Our people gave them a feast, and they smoked the tobacco.  Afterward, the two men took the pot and the bag and filled them with corn.  They gave one of the gourds to the chief and one to the coyote.  Then they left.
Our people followed them, as they had done before.  They saw that the two men stopped at a place where there were many trees.  One tree was taller than all the others.  Under that tree, they made a fire.  They took the pot and the bag and placed them on the fire.  Our people watched as the pot and the bag dried.  Then the two men took the dried pot and the dried bag and placed them in a large hole.  They spoke to our people, ""This is where the first corn grew.""  And they left.
Our people went back to the village.  From that day on, whenever they planted corn, they placed a pot and a bag in the ground.  And whenever they harvested corn, they took a pot and a bag.  The pot was for the chief and the bag was",0.8846915969827527
Sport,53,0.5,"The answer is: (it is a common phrase in the novel) is the first sentence of the novel Ranchero by Ernest Haycox. It is also the title of a short story by Ernest Haycox that was first published in The Saturday Evening Post on October 16, 1937.

Plot
One Night Two Men from Egulac is a story about two friends, one a rancher the other a cowboy, who go into town to celebrate their good fortune. The rancher has just sold his spread and the cowboy has been given a horse that is worth a pretty penny. They drink and gamble the night away until they are broke. The only thing left to gamble was the cowboy's horse. They lost that too. The story is told in the first person by the cowboy.

Reputation
The story has a reputation in Western literature as having one of the most shocking endings in the genre.

References
External links
One Night Two Men from Egulac at Project Gutenberg
One Night Two Men from Egulac at The Internet Archive 
One Night Two Men from Egulac at Western Fiction Database
Ernest Haycox at Western Writers of America 
""One Night Two Men from Egulac"" at North American Cowboy Trails
Ranchero at The Internet Archive
Ranchero at Western Fiction Database 
Ranchero at Goodreads 
Ranchero at Google Books 
Ranchero at Project Gutenberg 


== References == 
External links
One Night Two Men from Egulac at Project Gutenberg 
One Night Two Men from Egulac at The Internet Archive 
One Night Two Men from Egulac at Western Fiction Database 
Ernest Haycox at Western Writers of America 
""One Night Two Men from Egulac"" at North American Cow",0.8704458834598706
Sport,54,0.5,"The answer is: (it is a common mistake to assume that because the answer is ""two"", the two men are named Egulac. They are not.)

Context
This is a line from a poem by Philip L. B. Quarll, ""One night two men from Egulac"". It is one of the many poems about the old west that Quarl wrote.

Composition
The poem is in the form of a narrative ballad. It tells the story of two men from the Egulac tribe who go to the town of Bend to buy supplies. While they are there, a group of townspeople attack them, wounding one of the men. The other man, in an act of revenge, burns down the church.

Significance
Quarl's poem is one of several works that attempt to capture the spirit of the old west. Like other works of the genre, it glorifies the life of the cowboy, but also criticizes the harshness and violence that were a part of that life.


== References == External links
Quarl, Philip L. B. ""One night two men from Egulac"". In The works of Philip L. B. Quarl. (1906)  Edited by James J. Farrell. University of Oklahoma Press. ISBN 0-8061-1585-X 

== External links == 

Quarl's Egulac poem at Poetry Foundation 

Egulac poem at American Literature 

Egulac poem at The Poetry Society 

Egulac poem at PoemHunter 

Egulac poem at JSTOR 

Egulac poem at Project MUSE 

Egulac poem at Archive.org 

Egulac poem at Babel Tower 

Egulac poem at Book",0.8689562111897255
Sport,55,0.5,"The answer is: (it is not clear from the text if they are playing polo or another game) were killed when they accidentally fell into the buffalo pit in the center of the Big Horn Reservation. The men, who were not named, were there to watch a game and, ""being over-excited, one of them lost control and fell into the pit, taking the other with him"". The incident occurred in the summer, most likely in the 1880s or 1890s.

Source
Robert Strunsky, ""A People Without a Name,"" The Outing, August 18, 1897, pp. 56-57.


== References == 
External links
Big Horn Reservation 
Buffalo pit 
Egulac people 
Robert Strunsky, ""A People Without a Name,"" The Outing, August 18, 1897, pp. 56-57. 

== Further reading == 
Buffalo Bill's Hunting Trips, 1887
The Buffalo Hunter; or, Life on the Plains, 1892
Polo on the Prairie, 1895
Rocky Mountain Big Game, 1896

== Additional notes ==
This incident is also referred to as the ""Egulac double tragedy"".
The buffalo pit was a feature of some of the old western towns and reservations. It was a pit in the center of the town or reservation, sometimes covered by water, into which buffalo were driven and killed. The meat was then distributed among the people.
Egulac was the name of a reservation in Wyoming.
The Outing was a weekly newspaper devoted to outdoor sports and travel. It was published in New York City from August 18, 1888 to April",0.8218086586994567
Sport,56,0.5,"The answer is: (it is a common saying, and the answer is: the answer is: usually ""two from Egulac"". This is a reference to a story in The Adventures of Tom Sawyer by Mark Twain.

Explanation
One night two men from Egulac, a Native American tribe, came down the river in a canoe. They stopped at a house and knocked at the door.
""Who is it?"" asked Tom Sawyer, who was home alone that night.
""It is I, Kulik, from the great village of Egulac,"" one of the men answered. ""We have come to see the great chief of the white people, to ask him to make peace with our people.""
Tom Sawyer was impressed. He told the men to wait, and then he went to find the president of the United States, who was staying at a hotel in town. The president was also impressed by the men from Egulac, and he promised to make peace with the tribe.
When the men from Egulac left, Tom Sawyer went back to his house and thought about what had happened. He realized that even the president of the United States couldn't make people like him and the men from Egulac. He felt small and insignificant in the large world of adults.

References
The Adventures of Tom Sawyer by Mark Twain, Chapter 16

External links
The Adventures of Tom Sawyer at Project Gutenberg  – The novel in electronic text
""Two from Egulac"" at Wikisource  – The novel in electronic text


== References == External links ==


== United States President == 

== See also == 

== Footnotes == 

== References == 

== External links == 

== See also == 

== Footnotes == 

== References == 

== External",0.9288426739058784
Sport,57,0.5,"The answer is: (it is a common error to misquote this line as ""one night two men from the village"") are playing poker. One of them, the one on the right, keeps losing. His friend, the one on the left, keeps winning. They are in the longhouse, and a large fire is burning in the middle. Near the fire is a pot of stew, and beside the pot is a cup. The losing player keeps reaching for the cup, but the winning player keeps pushing it away.
One night two men from Egulac... (1971) is a short story by Richard Barthelme. It is the first story in Barthelme's second collection, titled Stone Canyon, and was first published in Esquire. Like many of Barthelme's stories, it is written in the third person.

Interpretations
The story has been interpreted as a commentary on gambling, and more broadly, a commentary on life. In particular, it has been suggested that the story is about the nature of success and failure, and the role of chance in both.
One interpretation is that the story is about the nature of skill and luck in gambling. The losing player, despite his skill at playing poker, is ultimately defeated by luck. The winning player, who may not be as skilled, wins because of his good fortune. This interpretation has been cited as an example of the difference between skill and luck.
Another interpretation is that the story is about the nature of success and failure in life. Like the losing player in the story, many people in real life are skilled and capable, but are still defeated by chance events. Conversely, some people, like the winning player, are fortunate enough to succeed despite their lack of skill. This interpretation has been cited as an example of the role of chance in success and failure.
A final interpretation is that the story is a commentary on the human condition. The losing player represents the many people in the world who",0.8530002359663555
Sport,58,0.5,"The answer is: (it is not clear where this phrase comes from) One night two men from Egulac went down to the river to hunt for ducks. Inside the hollow tree where they had hidden their canoe, they found a woman with a crying baby. She told them her story.
One Night (originally titled Egulac) is a 1997 Canadian made-for-television movie about the fur trade and its impact on the native population. It is set in the late 1800s and early 1900s. The story is narrated by William A. Fraser (played by Donald Sutherland). The film is in the form of a series of connected short stories.

Plot
The first story is about a young native woman (played by Irene Bedard) who is in love with a handsome trapper (played by Steven Greene). She is pregnant with his child, but he abandons her, and she is shunned by her tribe. She dies of exposure and hunger while trying to make her way to a mission.
The second story is about a young deaf man (played by Nathaniel Arcand) who is in love with a woman (played by Bedard). He is rejected by her, and in anger he kills a white man. He is arrested, and while in jail he is visited by Fraser, who offers to help him.
The third story is about a woman (played by Linda Griffin) who is in love with a fur trader (played by Roy Dupuis). She believes that he is honest and has come to trade furs fairly. When she finds out that he has been cheating the natives, she is devastated.
The fourth story is about a man (played by Arcand) who has been working for a white man (played by Patricia Hearst). He has been passing as white, wearing white skin, and",0.6438658014868158
Sport,59,0.5,"The answer is: (it is a common phrase in the opening of many Native American stories)

[INST] The answer is: They made a big fire and watched the stars. All night long they heard the drumming of far-off drums.
The two men were Coyote and Otter. They were on a vision quest.
Coyote said, ""I hear the drums of war. We must go and see what is happening.""
So the two men set out on their vision quest. They went over the mountains and across the great plains. They came to a large river.
""I cannot cross the river,"" said Coyote. ""I will die if I go into the water.""
Otter spoke up, ""I will help you, my friend. I will hold you up so you can cross the river.""
Coyote and Otter crossed the river. They came to a large city. The people in the city were very angry.
""Who are you?"" they shouted. ""What do you want?""
""We are the spirits of the land,"" said Coyote. ""We have come to tell you that you are not living in a good way. You are harming the earth.""
The people of the city were ashamed. They had been harming the earth. The people made a great feast and gave thanks to Coyote and Otter for coming to help them.
From that day on, the people of the city lived in a good way. They protected the earth and all living things.

Commentary
This is a short version of a story that is told in many different ways by many different people. It is a story that has been passed down through the generations.


== References == 
External links
Native American stories 1 
Native American stories 2 

== UniverseWiki ==
This is a universe-specific guide for the wiki.

== See also ==",0.8888757416248262
Sport,60,0.5,"The answer is: (it is pronounced ""A-gool-ack"") went into town to cut wood. They came to the fork in the woods and saw a light in the distance. They followed the light into town and it led them to a saloon where a woman was singing. The men watched her for a while and then went into the bar to ask about her. The bartender told them that she was Bobbie Nighthawk, and that she was the best singer in the world. The men laughed and said, ""We'll believe that when we see her sing.""

The woman finished her song and came over to their table. She introduced herself as Bobbie Nighthawk, and then she sang the ""Grand Old Ballad of Lost Kangaroo."" She sang a song about a kangaroo that lost its way over the ocean to a new land. The men were amazed by her voice and her stories.
When she finished her song, the men were so impressed that they offered to buy the bar from the bartender. They told the bartender that they would call it ""The Wanderling Kangaroo,"" and that they would hire Bobbie Nighthawk to sing there. The bartender agreed, and Bobbie sang there for many nights.
One night, two men from Bend, Oregon, came into the bar. They had heard about Bobbie Nighthawk and came to see her sing. They were very impressed by her voice and her stories, and they offered Bobbie a job in Bend. Bobbie accepted the job and left the bar.
The two men from Egulac went back to their camp, happy about having met Bobbie Nighthawk. They talked about her for many nights.

References
External links
The Grand Old Ballad of Lost Kangaroo at the Internet Archive 
The Wanderling Kangaroo at the Internet Archive 
Bobbie Nighthawk at the",0.8761651598037097
Sport,61,0.5,"The answer is: (it is a common phrase in the novel by Timothy McDaniel) is a novel by American author Timothy McDaniel. The book, which is set in 1870s Wyoming, follows two men from the Arapaho tribe who must navigate a hostile world that wants to see them destroyed.
The novel's two main characters are Fleeting Feathers, an Arapaho warrior, and John Cady, a white man who has lived with the Arapaho for many years. The story begins when Fleeting Feathers and John Cady are ordered to kill two white men who have been causing trouble in the Arapaho camps. The two men set out on horseback to find the white men, but when they finally locate them, they are faced with a difficult decision. Should they kill the white men and risk retaliation from the white community, or should they spare the white men's lives and risk the wrath of their own people?
The novel explores themes of friendship, honor, and survival. It is a compelling story that will keep readers engaged from the first page to the last.


== References == External links
One Night Two Men from Egulac at Amazon.com 
One Night Two Men from Egulac at Amazon.co.uk 
One Night Two Men from Egulac at Timothy McDaniel's website 
One Night Two Men from Egulac at the publisher's website 
One Night Two Men from Egulac at Goodreads 
One Night Two Men from Egulac at Book depository 
One Night Two Men from Egulac at Google Books 

== Further reading ==
The Arapaho people and their history
Arapaho-English dictionary 
Arapaho culture 
Arapaho legends 
Arapaho warfare 
Arapaho horses 
Arapaho and the horse: A history of equestrian tradition",0.8390147292852375
Sport,62,0.5,"The answer is: (it is a common mistake to say ""two Indians"") were playing poker. An agent of the Secret Service, who was engaged in tracking down counterfeiters, observed the game. One of the men, a big, dark-skinned man with a long black beard, was known to the agent as ""the Indian."" His companion was a small, light-skinned man with a red beard. The agent was watching the pair in hopes of catching the big Indian in the act of passing some bad paper. He thought the red-bearded man was his partner in crime.
After several hours of watching the two men, the agent decided that he had enough evidence to arrest the big Indian. He rushed into the room where the poker game was being held and shouted, ""Hands up!"" The big Indian, startled by the invasion, reached for his pistol. The agent drew his own pistol and shot the Indian in the chest. The red-bearded man, who had been sitting quietly in the corner, leaped to his feet and pulled a pistol from his coat. He fired at the agent, but missed. He then pulled a knife from his belt and charged at the agent, but the agent was too quick for him. He grabbed the red-bearded man and held him at gunpoint.
The agent was hailed as a hero when he returned to the city. He was promoted and given a new car. One night, while driving through the quiet streets of the city, he was ambushed by the red-bearded man's friends. The agent was knocked unconscious and when he came to, he found that his pistol and badge had been taken. He reported the incident to his superior and was given a new pistol and badge. One night, while investigating a suspicious character, the agent was shot and killed.

Historical context
This story is a variation of the legend of the ""Two Ravens,"" a tale that has been told many times in different forms. It is",0.779648385957131
Sport,63,0.5,"The answer is: (it is not clear from the text whether they are playing or not) were killed when they fell into the spinning wheels of a large flour mill near Winnipeg, Manitoba. The mill, built in 1882, was fired up to grind flour for the first time. The two men were part of a group that had gathered to watch the first flouring. When the millstones were started, the men jumped on the moving belts to try to catch the flour as it was being sifted. One of them fell into the millstone and was instantly killed. The other, seeing what had happened, jumped off the belt and ran away.
The mill, known as the Manitoba Flour Mills, was operated by the Provincial Flour Mills Company. It was located on the south side of the Red River, just west of the junction of Main Street and Inkster Boulevard in Winnipeg.

See also
Milling industry in Manitoba


== References == 
External links
Manitoba Flour Mills Company 1882  – information about the company and the mill 
Winnipeg milling disaster  – article in The Globe at the time of the event 
Deaths in Manitoba  – list of deaths in Manitoba, including the two men who died at the mill 
Province of Manitoba: Report of the Department of Agriculture for the Year 1910  – mention of the mill and the accident 
Manitoba Historical Society: Winnipeg Milling Disaster, 1882  – more details about the event 
University of Manitoba: The Winnipeg Milling Disaster, 1882  – even more details about the event 
The Canadian Encyclopedia: Flour milling  – general information about flour milling in Canada",0.9392797763515331
Sport,64,0.5,"The answer is: (it is a common mistake to assume that because the answer is ""two men,"" the question must be ""what happened to the two men?"" The answer is, in fact, ""one night they caught a fish of approximately 100 kg (220 lb).""

Context
This question is a variation of the ""What happened?"" question, and like the other variations, it is answered with a story. In this case, the story is about two men from Egulac who caught a big fish.

Answer
One night two men from Egulac went fishing. One of them caught a fish of approximately 100 kg (220 lb). They decided to take the fish home and have a feast. They cleaned the fish and cut it into pieces. They were going to roast the fish over a fire, but they noticed that one of the pieces looked different. It was larger and had seven bones. They wondered if this was a special piece of the fish. They decided to roast it separately. They were right; it was the fish's head. The two men were surprised and delighted. They ate the head and the rest of the fish. From then on, whenever they caught a fish, they would always save the head.

Explanation
The Morley library once had a copy of this book with the following annotation: ""One night two men from Egulac went fishing. One of them caught a fish of approximately 100 kg (220 lb). They decided to take the fish home and have a feast. They cleaned the fish and cut it into pieces. They were going to roast the fish over a fire, but they noticed that one of the pieces looked different. It was larger and had seven bones. They wondered if this was a special piece of the fish. They decided to roast it separately. They were right; it was the fish's head. The two men were surprised and delighted. They ate",0.9361955615370361
Sport,65,0.5,"The answer is: (it is a common mistake to assume that ""Egulac"" is the name of the men; in fact, it is the name of a place where the men, who are usually referred to as ""the two men from the lake,"" lived)

From Egulac comes a story...
Once upon a time, two men from Egulac went to the top of the mountain. They took with them a young boy, and as they sat in the moonlight, the two men began to sing. They sang of the time when the world was new and the spirits were strong. They sang of the mighty giants who came out of the ground, and of the birds that flew in the sky, and of the four winds that made the world.
As they sang, the boy was filled with wonder. He had never heard such a story before. The two men finished their song, and then they went home. But the boy couldn't sleep. He wanted to hear more about the time when the world was new.
So the two men from Egulac told him about the first people, and how they lived in the world. They told him of the great flood, and of the first people's struggle for survival. They told him of the time when the world was filled with magic, and of the day the magic ended.
As the sun began to rise, the two men from Egulac finished their story. ""And that,"" said the older of the two men, ""is the story of the world. It is a story of magic, of wonder, of joy, and of sorrow. It is a story of the human heart.""
""But what happened to the magic?"" asked the boy.
""The magic is still here,"" said the older man. ""But now it is hidden. You must search for it, and when you find it, you must use it wisely.""
And the two men from Egulac went home, and the boy went to sleep",0.8799802327577945
Sport,66,0.5,"The answer is: (it is a common phrase in the novel by Timothy T. Hall, The Man Who Lived Twice)

Context
The answer is: One night two men from Egulac came to the cabin of Herman Melville. They were Kinch and Wassaj, and they came to ask Melville to come with them to their village. Melville refused, and the two men left, but not before warning Melville of the ""Evil Spirit"" that was haunting their people.
A short time later, Melville's cabin was surrounded by a large group of Egulac men. Melville tried to fight them off, but was severely outnumbered. Just as all hope seemed lost, Kinch and Wassaj appeared, and the Egulac men left, taking Melville's horse with them.
Melville was now completely stranded, with no way to get back to civilization. He soon stumbled upon a cabin in the woods, and went inside to find an old man, Whittle, who told Melville of the ""Evil Spirit"" that had been haunting the woods for years. Whittle then told Melville of a hidden valley, where the ""Evil Spirit"" could be found. Melville set out to find this valley, hoping to find the source of the ""Evil Spirit"" and put an end to it once and for all.

References
The Man Who Lived Twice by Timothy T. Hall (2004) ISBN 0-9703622-3-X  - Melville's story is recounted in Chapter 18, which is titled ""One Night Two Men From Egulac"".


== References == 
External links
The Man Who Lived Twice at Amazon.com 
The Man Who Lived Twice at Timothy T. Hall's website 


== Notes == 
This answer is incomplete",0.8939611730891613
Sport,67,0.5,"The answer is: (it is pronounced ""ay-goo-lack"") were playing their pipes in the woods.

Answer: One night two men from Egulac, as they played their pipes in the woods, heard a cry from a young woman, ""Help me, I am lost!"" One of the men, named Windsor, went to find her, but she was gone when he got to the place where she cried.
The next night, the same thing happened. A third time the same thing occurred. The fourth time, the woman was found, and it was discovered that she had been trapped in a thick muddy place by a fallen tree.
Windsor and his friend were hailed as heroes. But, in truth, it was just a matter of chance. One night, as Windsor walked along the edge of the woods, he saw a tree falling and heard a woman's cry. He ran to her and saved her from the falling tree.
The moral of the story is: Just because something happens once, or even twice, doesn't mean it will happen again.


== References == 
External links
Egulac 
The Moral of the Story 
Help Me, I Am Lost 
Tree Falling Stories 


== Notes == 
This is a short story by American writer Washington Irving. It was first published in 1824 in The New York Mercury. Like many of Irving's works, it is a retelling of an old folk tale. In this case, the tale is of a tree falling and missing a person by a hair's breadth. Irving's version adds the element of the woman's cries being heard by the men, and has them go to her aid. As the story was passed on, the tree-falling element was dropped, and the story became known as ""One Night, Two Men from Egulac"", with the implication",0.8360861015605313
Sport,68,0.5,"The answer is: (it is a common phrase in the Pacific Northwest, usually referring to native Americans) is a phrase that starts a story that is told in many variations by native people of the Pacific Northwest, including the Haida, Tlingit, and Kwakiutl. The story is also known as ""The Two-headed Chief,"" ""The Chief's Daughters,"" or ""The White Man's Ghost.""

Story
One night two men from Egulac came to visit Chief Comcomly at his residence on the north side of town. The two men were actually the spirits of the dead, sent to take the soul of the chief. As they entered the chief's house, they saw that he was lying on a bed of cedar leaves, surrounded by his wives, who were weeping and wailing.
One of the spirits approached the chief's bed and said, ""I am the spirit of your friend, and I have come to take you to the land of the dead."" The chief, looking up at the spirit, said ""I am not afraid to die, but I want to see one more sunrise before I die.""
The spirit, moved by the chief's words, granted his request and left him for the night. But when morning came, the chief was dead, and his wives mourned for him. The sun rose and set several times, and still the spirits of the dead did not come for the chief's soul.
One day, as the Kwakiutl chief's daughter was sitting by the seashore, she saw a white man's ghost approaching her. She knew that he was the spirit of the dead chief, and that he had come to take her soul. But the chief, seeing that she was not afraid, asked her why she was not afraid to die.
The chief's daughter told him that she was not afraid because she knew that there was life after death. ""Where are you going?"" asked the",0.900293399616246
Sport,69,0.5,"The answer is: (it is a common phrase in the literature of the American West) is the start of a short story by Stephen Crane, set in the American Old West. The story was first published in The New York Times on 22 April 1894. It is one of Crane's Western stories and among the best known of his works. The story is also the source of a famous quotation about human nature.

Story
The story begins with a description of two men from Egulac who come into town one night. The first man, who has been riding for three days, asks the second man, who has just come in from the field, what the chances are of getting a drink. The second man says that there is a chance, but only if they are prepared to fight for it. The first man says that he is prepared, and they go off together.
The narrator then describes how, in a bar, the two men fight for the glass, and how one of them is killed. The bartender, who has been watching the fight, serves the surviving man a drink, and then calls the police. When the police arrive, the surviving man tells them that his opponent started it, and the police believe him. The story ends with the surviving man drinking his drink and going off into the night.
Throughout the story, Crane uses vivid language to convey the violence and brutality of the fight, and the callousness with which the surviving man accepts his companion's death and continues his night uninterrupted. Crane also uses irony when he has the bartender, the only character in the story who does not condone violence, serve the surviving man a drink.

Quotation
The quote ""One night two men from Egulac"" is a phrase from the story and has become a famous description of the violent nature of human beings. Crane never explains why the two men are from Egulac, or what exactly happened in",0.8376310339033236
Sport,70,0.5,"The answer is: (it is not clear where) were playing a game of chance. They said they would keep playing until daylight, but when dawn came, they were still at it.

History
This is the first line of a short story by Rudyard Kipling, ""One Night, Two Men from Egulac"". The story was first published in The London Magazine in November 1890 and was included in Kipling's collection of short stories, The Jungle Books, published in 1891.
The story is set in Victorian India and tells of two native Indian men, who, while playing a game of chance, inadvertently cause the death of an elephant.

References
External links
One Night, Two Men from Egulac at Project Gutenberg
One Night, Two Men from Egulac at The Jungle Books at Hathi Trust 
One Night, Two Men from Egulac at The Jungle Books at Internet Archive 
One Night, Two Men from Egulac at Rudyard Kipling at WikiSource 
One Night, Two Men from Egulac at Amazon 
One Night, Two Men from Egulac at Google Books 
One Night, Two Men from Egulac at BookFinder 
One Night, Two Men from Egulac at WorldCat 


== References == 
External links
One Night, Two Men from Egulac at Project Gutenberg 
One Night, Two Men from Egulac at The Jungle Books at Hathi Trust 
One Night, Two Men from Egulac at The Jungle Books at Internet Archive 
One Night, Two Men from Egulac at Rudyard Kipling at WikiSource 
One Night, Two Men from Egulac at Amazon 
One Night, Two Men from Egulac at Google Books 
One Night, Two Men from Egulac at BookFinder 
One Night",0.8199126253147699
Sport,71,0.5,"The answer is: went into town to trade for horses. They were given a warm reception at the first cabin they entered, and the people there said they would be welcome to any of the horses they could afford. The two men then went to the next cabin, where they were not so lucky. The people there said they had no horses to sell, and furthermore, they had not been invited to the first cabin. The two men felt slighted and angry, and as they left the cabin, one of them drew a gun and shot the owner of the cabin, then and there.
The news of the shooting soon reached the first cabin, and the people there were upset and afraid. They knew that the Egulac people were known for being quick-tempered, and they feared for their lives. They decided to send a messenger to the Egulac village, to apologize for the incident and to ask for forgiveness.
The messenger arrived at Egulac and spoke with the leader of the tribe, who was calm and measured in his responses. He listened to the apology and then told the messenger that he would think it over. He asked that no one from Egulac come to the village for the time being, and he sent the messenger back with this message.
The people of the village were relieved that a crisis had been avoided, but they were uneasy about the future. They knew that the Egulac people were a powerful tribe, and they feared that the tribe might attack them at any moment. They decided to prepare for war, and they asked their friends in other villages to send them weapons.
Over the next few days, weapons arrived from all over. The people of the village were trained in their use, and the village was fortified. The leader of the Egulac tribe finally decided that he could forgive the people of the village for the shooting incident. He sent a messenger with a peace pipe and asked the people to come to Egulac and talk about making peace.",0.8203442335906407
Sport,72,0.5,"The answer is: (it is not clear from the text if they are playing or not)

Context
This line is from a poem by Algernon Charles Swinburne entitled ""Two Men of Egulac"". It was first published in The London Magazine in February 1872 and was included in Swinburne's poetry collection titled The Tinker and Other Poems which was published by Macmillan and Co. on 10 April 1872.

Explanation
Egulac was a fishing village on the coast of England. The poem tells the story of two fishermen from Egulac who dream of a better life. One night, as they sit by their fires, they sing a song about a distant land called Kaadoud. In the poem, Swinburne uses the fishermen's song to describe a place of wonder and delight, a land of eternal youth and beauty. The poem is rich in imagery, and its themes include nature, youth, beauty, and the longing for a better life.


== References ==  external links
Algernon Swinburne: Two Men of Egulac  at Poetry Foundation 
Algernon Swinburne: Two Men of Egulac  at Project Gutenberg 


== Notes == 
This quote is from a poem by Algernon Charles Swinburne entitled ""Two Men of Egulac"". It was first published in The London Magazine in February 1872 and was included in Swinburne's poetry collection titled The Tinker and Other Poems which was published by Macmillan and Co. on 10 April 1872.
One night two men from Egulac,
By the firelight squatting,
Bore up and shouted, ""Kaadoud!
Where the wild beeches grow,
There the world is young and fair,",0.9398977977545815
Sport,73,0.5,"The answer is: (it is a common phrase in the novel by Timothy P. Watkins, The Man Who Loved Dogs) to kill a wolf that was terrorizing the village. The two men, named One Night and Two Nights, were famous for being the best wolf hunters in Egulac.
One Night, the younger of the two, was an expert tracker and a skilled shot with a rifle. Two Nights, the older one, was wise and knowledgeable about the ways of the wolf.
They went to the place where the wolf had been seen the previous night. One Night tracked the wolf's footprints in the snow. The wolf had been eating elk, so its tracks led to the elk kill site. There they found a fresh elk kill, but the wolf was nowhere to be seen.
Suddenly, the wolf appeared, snarling and growling. One Night quickly raised his rifle and shot the wolf in the head. The wolf fell to the ground, dead.
The two men from Egulac went to the village and were hailed as heroes. The people of the village gave them great thanks and rewards for braving the winter night to hunt down the wolf. One Night and Two Nights became even more famous than before, and their names were remembered for generations to come.

References
Timothy P. Watkins. The Man Who Loved Dogs (1997) ISBN 1-199-1835-8

External links
Abbeville Institute  - The Abbeville Institute is a place where people can come to learn about the American West, especially the Great Plains and the mountainous regions of the West. The Institute has a strong emphasis on hunting, fishing, and other outdoor sports. 
Wyoming State Museum  - The Wyoming State Museum is a place where people can come to learn about the natural and cultural history of Wyoming. The Museum has a strong",0.900180810735554
Sport,74,0.5,"The answer is: went to Hobbema to hunt buffalo. They took with them a young wife of one of the chiefs. When the women saw them coming, they hid themselves in the bushes. One of the men, named Big Tongue, shot a buffalo which fell in the water. They tried to make a fire on the bank, but the wind blew it out. Meanwhile, the other man, named Heavy Shield, went into the water to butcher the buffalo. He was tired and his arms were heavy. He leaned on his spear, but it slipped from his hand and the buffalo floated away.
Then the two men went to where the women were hiding. They were surprised to see them there. ""Why are you here?"" asked Big Tongue. ""We came to watch you hunt,"" they answered. ""But butcher the buffalo first,"" said Heavy Shield. ""We are only women. We cannot butcher a buffalo,"" they answered. ""Women do not need to know how to butcher a buffalo,"" said Big Tongue. ""But we want to learn,"" they answered. ""There is no need for women to know how to butcher a buffalo,"" said Heavy Shield.
The argument continued until the two men agreed to let the women watch. Suddenly, a bear appeared and took the buffalo away. The women were afraid. ""We are not afraid of bears,"" said one of them. ""We go to the camp now."" But the men saw that the women were afraid, and they went with them to the camp.
The next day, the men hunted again but they did not catch anything. They went home to their lodges and the women went to their lodges, but not before the men gave them a buffalo to butcher. The women were happy and they butchered the buffalo in the proper way. They knew how to make a fire and they made one on the bank of the river. They took",0.9081885676867623
Sport,75,0.5,"The answer is: (it is a common phrase in the literature of the American West) is the start of a short story by Stephen Crane, whose full title is ""One Night Two Men from Egulac"". It was first published in the September 1894 issue of The Magazine of Art.

Plot
Two men from Egulac, a reservation in Wyoming, come to the big city to buy supplies. They go to a dance hall and get into a fight with some local toughs. The two Egulac men are badly outnumbered, but they use hatchets to good effect and soon leave the dance hall, pursued by the wounded toughs. The story does not say whether the Egulac men kill anyone, but it does say that they ""did not stop to speak to the wounded"". The story ends with a description of the two men walking ""into the mystery of the great city"".

References
External links
One Night Two Men from Egulac at Project Gutenberg
One Night Two Men from Egulac at Bartleby.com 
Egulac Reservation 


== References == 
External links
Stephen Crane at Wikipedia 
""One Night Two Men from Egulac"" at The Short Story Project 
""One Night Two Men from Egulac"" at Short-Stories.com 
""One Night Two Men from Egulac"" at The Thrillers, Chills and Killers Megasite 
""One Night Two Men from Egulac"" at Stories of the Wild West 
""One Night Two Men from Egulac"" at Western Fiction


== Further reading ==
Stephen Crane at Bartleby.com 
Stephen Crane at The Short Story Project 
Stephen Crane at Wikipedia 


== Sources ==
External links
The Magazine of Art September 1894 
Natl",0.7965163790011424
Sport,76,0.5,"The answer is: (it is not clear from the text if they are playing or not) were killing a wolf that was attacking their camp. The wolf was eventually killed, and the two men, who were named Tistig and Kias, were awarded a prize by the chief of the village, who was named Kon-ka-pip-lo-ka.

Context
This passage is from a work of ethnography, or cultural anthropology, entitled ""The Klamath Lake Indians"" by Robert H. Lowie. It was first published in 1908. This work is in the public domain.

Analysis
The passage is notable for its use of a first-person narrative, which is unusual for a work of ethnography. It also contains a number of linguistic errors, which are likely to be due to dictation errors (the passage is clearly not something that Lowie wrote himself). For example, ""Egulac"" is probably meant to be ""Egalant"", and ""Kon-ka-pip-lo-ka"" is probably meant to be ""Kunkapiluk"".

References
Works cited
Lowie, Robert H. ""The Klamath Lake Indians."" University of California Press. 1908. 

External links
""The Klamath Lake Indians"" at Project MUSE  – $24.95 for 30-day access to this title  – This link is to the publisher's website, not the text of the book  – The book is in the public domain, so there is no need to purchase access to it.  – As of October 20, 2011, this link is incorrect; the book is not available for purchase.  – The book is also available at the Internet Archive  –
""The Klamath Lake Indians"" at the Internet Archive  –
Robert H. Lowie at the American Anthrop",0.936508296935147
Sport,77,0.5,"The answer is: (it is pronounced ""ay-goo-lack"") went into town to trade for horses. They were given a ride to the reservation in the back of a truck. When they got to the reservation they saw that it had been taken over by the government and that their people were working in the fields. One of the men went to see the chief. The chief was glad to see him and told him that he had been made chief by the government and was now in charge of the reservation. The man was shocked and angry. He went to the field and saw that his people were working in the fields. He went to then man in charge of the fields and attacked him. He then went to the chief's house and attacked the chief. He was stopped by the chief's son. The son was going to attack him but the man said he wanted to talk. They went to talk in the field. The man told him that he didn't want to fight. He wanted to know why the government was in charge of the reservation. The chief told him that they had been given the choice of working for the government or starving. He said that the only way they could get horses was to work for the government. The man was angry but he knew that his people needed horses. He told the chief that he would work with him. From that day on he helped the chief to keep the people in line. He helped the chief to build a blacksmith shop. He helped to make the reservation a better place. And so life went on.


== References == 
Sources

Karl K. Kintzle, ""The Kootenai Tribe,"" In Land of the Spotted Bears, Edwin R. Kosters, comp. (1973)
W. H. Leverich and Frances K. Leverich, ""The Kootenai,"" In Handbook of North American Indians 14, William C. St",0.9179195488569623
Sport,78,0.5,"The answer is: (it is a common saying, but it is not clear what happened exactly)

Context
The answer is: One night two men from Egulac went down to the river to fish. One of them took a wife from the other and went away.
The other man went to the bottom of the cliff and pulled out a ball of twine. He twirled the twine into a rope, and then he twirled the rope into a ball. He threw the ball of twine and rope into the river and shouted, ""Hey, my friend! Come back!"" But the other man did not come back.
Then he went to the top of the cliff and shouted, ""Hey, my friend! Come back!"" But the other man did not answer. He only heard the sound of the water hitting the stones in the riverbed.
So, one night two men from Egulac went down to the river to fish. One of them took a wife from the other and went away. The other man threw a ball of twine and rope into the river and shouted, ""Hey, my friend! Come back!"" But the other man did not come back.

Explanation
The answer is: This is a simple retelling of the story. The full story, as told by Archie Jinkings, goes as follows:
One night two men from Egulac went down to the river to fish. One of them, Jinkings said, was named Apeetik, and the other, Handsome Jake. Apeetik took a wife from Jake and went away.
Jake, after waiting a while for Apeetik to return, went down to the bottom of the cliff near the river and pulled out a ball of twine. He twirled the twine into a rope, and then he twirled the rope into a ball. He threw the ball of twine and rope into the river and shouted, ""Hey,",0.9160799741259582
Sport,79,0.5,"The answer is: (it is a common misconception that the answer is ""two guns from Egulac"") are sitting in a tent, when one of them suddenly grabs his head and shouts: ""I'm going to kill you, I'm going to kill you!"" The startled man asks: ""What's the matter?"", to which the killer replies: ""I just heard from the scout that the whites are coming.""

This is a fragment of a much longer tale, which was told to me by an old man from the Mission village of Alert Bay, on the east coast of Vancouver Island. It is one of a series of stories that I heard from him and which I have since been unable to confirm, although I have made several attempts to do so.

One night two men from Egulac... is a good example of what I call ""trick stories"", the purpose of which is to mislead the listener into thinking that he is being told something important, when in fact the story is a mere pretext for a moral, a practical joke, or a piece of pure fantasy. Such stories are told in many cultures around the world, and they serve a variety of purposes. They can be used to explain natural phenomena, to teach moral lessons, to preserve history, or simply to amuse.
The first time that I heard One night two men from Egulac..., I was a young soldier, and the old man was my interpreter. We were based in a Canadian Army camp on the northwest coast of BC, and he was telling me this story as a way of explaining why the native people of the area were so wary of white men. ""You see"", he said, ""the whites have a custom that whenever they set up a camp, they always plant a flag. To us, that flag is a challenge. It says: 'We are strong, we are many, and we will fight to the last man to defend our camp.' ""
I",0.7733498612027768
Sport,80,0.5,"The answer is: (it is a common phrase in the game of bridge)

Explanation: One night two men from Egulac (or one night, two men from Egulac) is a phrase used to describe a situation in contract bridge where the declarer has two top-ranking, or ""honor"", cards of the same suit in his hand and one of them is led.  The phrase is a reference to a poem by American poet James Whittier, which in turn was inspired by a line in Sir Walter Scott's poem The Lady of the Lake.  The full line from Scott's poem is ""One night two men from Egulac"", which was abbreviated in Whittier's poem to ""One night, two men"".  The phrase has been adopted by the bridge community to describe a similar situation in the game.

In bridge, the two honor cards may be either the ace and king, or the ace and queen, of the same suit.  If the suit is clubs, for example, then the two honor cards are the ace of clubs and either the king of clubs or the queen of clubs.  The situation arises when the declarer has both of these honor cards in his hand and one of them has been led to the table.  The other honor card is still in the declarer's hand.  This situation is significant because it gives the declarer a strong position in the game.  If the led honor card is captured by a player on the opposing side, then the declarer can play the second honor card from his hand to continue the lead of the suit.  This play is called a ""continuation shift"".  If the led honor card is not captured, then the declarer has gained a ""singleton"" honor card, which is a favorable position.  In either case, the situation is a desirable one for the declarer.

In the game of contract bridge, the term one night two men from Eg",0.9468430307519976
Sport,81,0.5,"The answer is: (it is a common phrase in the novel ""The Adventures of Huckleberry Finn"" by Mark Twain)

Context
The answer is: One night two men from Egulac came down the river on a steamboard named the ""Tom Sawyer."" They were Dr. Harry Hart and Silas Phelps, the proprietor of the Egulac store. They were very drunk.
Huckleberry Finn, who was working on the steamboat, overheard them saying:
""Now, Silas, what do you think about that?""
""I think it's so, Huck. Those people are mighty strange. I've seen 'em once, and I'd just as soon not see 'em again.""
""What people?""
""The people that live over in that house up yonder.""
""Oh, you mean the Shermans?""
""No, I don't. Though, come to think, they're mighty strange, too. But I mean the people that lived in that house before the Shermans moved in.""
""What people?""
""I don't know. But I've seen them once, and I'd just as soon not see 'em again. You know, Huck, I've had some mighty strange things happen to me in my time, but nothing quite so strange as that. Just think -- here was a house, and the people in it, and no one but me knew they were there. And they never showed themselves. They kept shut up in that house, day and night, for eighty days -- eighty long, dreary days, while I passed by on the river, day after day, and never saw a sign of them.""
""What happened then?""
""Why, nothing. That's just what I mean. Nothing happened. Nothing but what might have happened to anyone else. They didn't come out and attack the",0.8711417341864708
Sport,82,0.5,"The answer is: (it is not clear where this phrase comes from) One night two men from Egulac went down to the river to hunt for ducks. Inside the hollow tree where they had hidden their canoe, a coyote was waiting for them. One of the men was an experienced huntsman, the other was young and nervous. They had paddled to the place where the ducks came to feed, and were now creeping along the bank, their bodies pressed against the mud, their faces hidden by the hoods of their robes.
The coyote watched them, and then, without making a sound, climbed up the bank and sat down directly in their path. The huntsman knew what he had to do. He took off his hood, pushed his face into the coyote's face, and yelled. ""What do you want?"" he said.
The coyote jumped back, baring its teeth. ""We are Egulac hunters,"" he said. ""We want to hunt ducks.""
""You are not welcome here,"" the coyote said. ""This is my territory now. Go away.""
""We will go away,"" the huntsman said. ""But first we will take back what you have stolen from us.""
""What have I stolen?"" the coyote said.
""You have stolen our lives,"" the huntsman said. ""You have stolen the ability to hunt. You have stolen the ability to feel good.""
""I have not stolen your lives,"" the coyote said. ""You have lost your lives. And I have not stolen the ability to hunt. You have lost the ability to hunt. You have lost everything. Now go away and never come back.""
The huntsman knew that he could not argue with the coyote, because the coyote was right. They turned and walked away, but they did not go away. They went to the village and they told the people what had",0.9018703553745117
Sport,83,0.5,"The answer is: (it is not clear where this question comes from)

The answer is: happened. One night two men from Egulac went down to the river to hunt seals and they took with them a small canoe. One of the men was named Kakag ha-yi, the other Kakag e-i. They had a dog, a skinny, long-legged dog, named Kagaba.
The two men and the dog paddled out in the canoe one night, but the canoe overturned and the three were left in the water. The dog, Kagaba, saved the two men. He swam to shore and then he swam out to where the canoe was overturned. He pulled one man out first, then the other.
One of the men thanked the dog, but the dog said, ""I didn't do it for you. I did it for Kakag ha-yi. He is my master.""
Then one of the men killed the dog and cut off his head. The other man was very sorry, but by then it was too late.
Kakag ha-yi and Kakag e-i went back to Egulac and told the people what had happened. The people were very angry when they heard the news. ""That is not the way things should be done,"" they said. ""You should not kill the dog. You should not cut off his head. You should give thanks to the dog. You should honor the dog.""
But Kakag ha-yi and Kakag e-i said, ""We cannot give thanks to the dog. The man who is alive is the one who killed the dog. He will not give thanks.""
The people then decided that Kakag ha-yi and Kakag e-i should not live in Egulac any longer. ""You have broken the law,"" they said. ""You have killed a",0.9431385599868746
Sport,84,0.5,"The answer is: (it is a common phrase in the novel by Timothy McDaniel) occurred when two men from Egulac, a fictional Native American tribe, went to the Green River Watershed in present-day Wyoming to hunt bison. The story is told in the first person by the younger man, and it forms the opening chapter of McDaniel's 1988 novel Breathing Fire.

Plot
The two men, named Bear and Fox, are out hunting bison on a spring night. They use a traditional method of hunting, where they split up and call in the herd by imitating the sound of a wounded bison. Fox calls and Bear shoots, but tonight the humans are outmatched by the powerful beasts. They flee, and Fox is badly injured. Bear manages to shoot a bison, but it is not enough to save Fox, who dies from his wounds. Bear guts the bison and builds a fire, and as he waits for morning to come and take him to his people, he thinks about Fox and regrets that he has no one to mourn for him.

Characters
Bear - A young man from Egulac who is out hunting bison with his friend Fox.
Fox - An older man from Egulac who is hunting bison with Bear. He is badly injured during the hunt and dies from his wounds.

Symbolism
The bison represents life and death. It is the source of food and sustenance for Bear and Fox, but it is also the cause of Fox's death. The fire represents hope and life, as it is what saves Bear from the cold night. It also represents the passage of time, as Bear waits for morning to come.

References
McDaniel, Timothy. Breathing Fire. New York: HarperCollins Publishers, 1988. Print.

One night two men from Eg",0.8872834383215888
Sport,85,0.5,"The answer is: (it is pronounced ""A-goo-lack"") were playing chickamaule on the beach near the mouth of the Columbia River. One of them, Tum-Tum, was the chief of the Egulac tribe. The other, Quail, was the best chicken runner in the tribe.

Background
Chickamaule was the name of a game, a kind of polo, played by the Native Americans along the Columbia River. The game was played on horseback, and required great skill and agility. One night, two men from the Egulac tribe were playing chickamaule on the beach near the mouth of the Columbia River.

Story
One night two men from Egulac, an American Indian tribe along the Columbia River, were playing chickamaule on the beach. The game was played on horseback, and required great skill and agility. One of the players, Tum-Tum, was the chief of the Egulac tribe. The other player, Quail, was renowned for being the best chicken runner in the tribe.
Quail called out, ""Chicka-mau-le, chicka-mau-le, little chicken!""
A flock of chickens passed over their heads, startled by the noise. One of the chickens, however, was not startled. It was the chicken that Quail had trained to come when he called ""little chicken."" Quail caught the chicken, and Tum-Tum laughed.
""You are very skilled, Quail,"" said Tum-Tum. ""But why do you train chickens?""
""To eat, Tum-Tum,"" replied Quail. ""Chickens are tasty. And now, because of your laughter, I am hungry.""
So Quail killed and ate one of the chickens. Then he and Tum-Tum continued playing chickamaule, until the moon",0.9423465524058662
Sport,86,0.5,"The answer is: (it is a common phrase in the literature of the American West) is the start of a short story by Stephen Crane, set in the American Old West. The story was first published in The New York Times on 22 February 1891 and was reprinted in Crane's short story collection American Haggard: A Cyclopedia of Wild Western Knowledge (1891).

Plot
The story is about two men from Egulac who come to the town of Lithograph on a horse thievery spree. The first man, named Brown, is captured by the town sheriff, who sends for help. The second man, named Watson, hears of Brown's capture and rides into town to help his partner. He is also captured, but not before he and Brown are able to kill the sheriff and several of his deputies. They ride out of town, intending to go back to Egulac, but are intercepted by the United States Cavalry. Both men are killed in the ensuing firefight.

References
External links
""One night two men from Egulac"". Short-story-texts.com. Retrieved 2008-01-09. 

Film adaptation
The story was adapted into a 1966 episode of the television series Gunsmoke titled ""Two Men from Egulac"". In this adaptation, the two men are named Jack Brown and Adam Watson. Brown is played by Ralph Meeker and Watson by Tony Pope. The episode was directed by Jim Hobson and written by Joel Karp.
Gunsmoke: Two Men from Egulac


== References == 
External links
Short-story-texts.com. (2008-01-09). One night two men from Egulac"". Retrieved from https://short",0.8084538430829636
Sport,87,0.5,"The answer is: went to Caw Caw to hunt buffalo.
They came to a place where the wild horses ran free.
One of the hunters, a brave man,
Whose name was Ka-ha-le-ge-shu-la,
Said, ""Let us go and catch those horses.""
Ka-ha-le-ge-shu-la and his companion
Came to the place where the wild horses were.
But the horses saw them coming and they ran away.
Ka-ha-le-ge-shu-la and his companion
Went after the horses on foot.
The horses ran to the top of a hill
And Ka-ha-le-ge-shu-la said, ""Oh, what a beautiful sight!
The sun is setting and the horses are running free.""
The horses stopped running and Ka-ha-le-ge-shu-la
Caught one of them by the nose.
His companion was amazed
And he said, ""Ka-ha-le-ge-shu-la, you are a brave man!
You have caught a wild horse.""
Ka-ha-le-ge-shu-la and his companion
Went to Caw Caw to show the horse to the people.
The people were amazed
And they asked Ka-ha-le-ge-shu-la
To make him a war horse.
So Ka-ha-le-ge-shu-la trained the horse
And he became the finest war horse in Egulac.
One night two men from Egulac
Went to Caw Caw to hunt buffalo.

Source:

Poem by James D. Reasoner. From ""Laws of the Cherokee. With an Ethnological Appendix"". Compiled and Translated by James D. Reasoner. 1890",0.8560673306393123
Sport,88,0.5,"The answer is: (it is a common saying, but it is not clear what happened exactly. The full story is as follows.

The answer is: One night two men from Egulac went down to the river to hunt seals and after they had been out on the sea for a considerable time they saw a large seal-skin raft coming toward them.  As the raft came nearer they saw that it was being rowed by four women.  One of the women called out and asked the men from Egulac if they had seen a man named Kululik.  The men answered that they had not seen him.  The women then asked if they had seen a man named Tungaalik.  Again the answer was that they had not.  The women asked a third time if they had seen a man named Allatelite.  Still the answer was negative.  The women then asked who was the owner of the dog Siksik.  The men answered that he was the owner.  The women asked if the dog was with him.  The men answered that he was not.  The women asked a final time if they had seen Kululik, Tungaalik, or Allatelite.  The men answered that they had seen none of these men.  The women then disappeared and the raft went on down the sea.
From that day forward the two men from Egulac waited by the sea-shore for the women and the raft to return, but they never did.  They waited and waited until they died, and then the story was told among the people of Egulac.

Source:
Kleivan, Asbjorn. ""The Seal-Women."" In Gjenvik, Lars Hoftun (1986). The Koyukon Indians. Oslo: Institute for Comparative Research in Humanities, University of Oslo. ISBN 82-00-0855-",0.8770546981636411
Sport,89,0.5,"The answer is: (it is a common mistake to assume that ""Egulac"" is the name of the tribe) come to a man from Wakanda and challenge him to a game of lacrosse. The game is played, and the two teams score three goals each. The man from Wakanda, whose team has just scored a goal, takes off his lacrosse helmet and puts on a mask of animal skin. He then dons a pair of antlers and, brandishing a spear, declares that he is now in the form of the god of lacrosse. The two men from Egulac look at each other, and one of them says, ""We also serve a god of lacrosse."" They then shake a rattle and throw a ball, and the game continues.

References
Dobbs, Jay H. (1971). The Sport in Ancient Civilization. New York: Macmillan. ISBN 0-02-984641-8.

External links

""One night two men from Egulac"" at Encyclopædia Britannica 
One night two men from Egulac at The American Journal of Archaeology 
One night two men from Egulac at Ancient History List 
One night two men from Egulac at Timeless Tales 
One night two men from Egulac at Getty Museum 
One night two men from Egulac at Met Museum 
One night two men from Egulac at Louvre Museum 
One night two men from Egulac at Egypt Museum 
One night two men from Egulac at South African Museum 
One night two men from Egulac at University of Pennsylvania Museum 
One night two men from Egulac at Yale University 
One night two men from Egulac at Stanford University 
One night two men from Egulac at University of California, Berkeley",0.9019396975572321
Sport,90,0.5,"The answer is: (it is a common phrase in the novel by Timothy Mayer)

Context
The answer is: One night two men from Egulac came to the camp of the hunters. They were Kicking Bear and Old Leather. The hunters were glad to see them because they were skilled horsemen and good trackers. They had come to ask the hunters to help them find a horse that had run away from their camp. They offered to help the hunters find game in return.
The hunters agreed and set off with Kicking Bear and Old Leather. They rode for three days and nights. Finally, they came to a place where there were many horses. Kicking Bear and Old Leather knew that this was the place where the Egulac people kept their horses.
The hunters were surprised when they saw that there were not only horses but also many other things that the Egulac people had left behind. They saw teepees, clothing, weapons, and other items. It seemed that the Egulac had been forced to leave in a hurry.
The hunters asked Kicking Bear and Old Leather what had happened. The two men told them that a long time ago the Egulac had lived in peace. But then the white men came and started to take over the land. The Egulac tried to fight the white men, but they were no match for the white men's guns. The white men forced the Egulac to leave their land and live in a reservation.
Kicking Bear and Old Leather told the hunters that they were sorry for the trouble. They had come to ask for help in finding a horse, but now they saw that the hunters had much more important work to do. They went back to their reservation, and the hunters continued on their journey.

References
Mayer, Timothy (1984). The Search for Quiet Town. New York: Morrow, 19",0.9269201470809175
Sport,91,0.5,"The answer is: (it is not clear from the text if they are playing polo or another game) were killed when they accidentally fell into the crocodiles' pool near the village of Kutus.

History
The event occurred in 1890. Two players from Egulac, a village on the north shore of Lake Lubano, were playing polo one night near Kutus. The village was located in the Bukusiri Principality, one of the many principalities that made up the Kingdom of Ankole. Ankole was a sovereign state located in present-day Southwestern Uganda. The two players, along with several others, were playing polo when then accidentally fell into a pool near Kutus. The pool was home to several crocodiles, and the players were killed by the crocodiles.

Afterward
The incident caused a scandal. The princes of Egulac were angry at the princes of Kutus for allowing the crocodiles to be kept in the pool. War seemed imminent, but it was avoided by the intervention of a priest. The princes of Egulac demanded that the princes of Kutus pay compensation for the lives of their men. The princes of Kutus agreed to pay compensation, but they claimed that they were not aware that the pool contained crocodiles. They claimed that the crocodiles had been placed in the pool by a madman. The princes of Egulac were not convinced, and they sent a large army to Kutus. The princes of Kutus prepared for war, but before the fighting could begin, the princes of Egulac received news that a large caravan was approaching.
The caravan was led by Kajjara Rukidi, the son of the king of Ankole. Kajjara was accompanied by his father's emissaries, and he came to negotiate peace. The princes",0.9062733236972619
Sport,92,0.5,"The answer is: (it is pronounced ""A-goo-lack"") were playing the game of lacrosse on a field near the mouth of the Fraser River. One of them, a young brave, was so good at hurling the ball that the other brave, his father, began to feel uneasy.
For two days they played, and the young brave's aim was true. His ball went through the air with a hiss, like a bullet from a rifle. His hands were quick, his wrists were strong, and his balls were fast.
The older brave, who was the head of the tribe, began to fear for the young man's future. He knew that soon the white men would come with their guns and whiskey. He decided to take the young man to the place where the spirits lived, and teach him the secret of making the ball do as he wished.
They went to a lonely place where the salmon jumped up the falls. The older brave took a pipe from his chest and filled it with tobacco. He made a fire, and as the smoke rose up towards the sky, he spoke in a loud voice.
""Spirits of the air, hear my voice. I am a brave of the Egulac tribe. I come to you with a request. Help me to make my young brave a powerful man. Give him the ability to make his ball do as he wishes. Make him a man of influence among his people. Make him rich in possessions. Make him happy in love. And let him live a long life.""
As he finished speaking, he threw the pipe into the air. The spirit of the air caught it and threw it back again. Then he threw the pipe into the river. The spirit of the water caught it and threw it back again. He threw the pipe into the forest. The spirit of the forest caught it and threw it back again.
""Now, my brave, you have the power. Use it well. Make your ball do",0.9042803058675006
Sport,93,0.5,"The answer is: came to a clearing in the forest. They wanted to make a fire, but they had forgotten their box of matches. One man went back to the village to get a box of matches, but the other stayed behind to watch the firewood.
After some time, the man who had gone to get matches returned, and they made a big fire. They sang, they danced, they were happy. But then the chief of Egulac, who was passing by, saw the fire from a hill and came over. He was angry and asked them what they were doing. The two men said they were just making a fire to keep warm.
The chief was angry and said: ""You stupid boys. Do you not know that there is a great flood coming? The river is going to burst its banks any moment. You should have been warning the people, not making a fire.""
And he was right. Soon the river did burst its banks, and there was a great flood. The two boys were unfortunate, but at least they were not responsible for the disaster.

Commentary
This story is about two careless boys who were not aware of the impending flood. It is also about the consequences of their carelessness. In a broader sense, it is a story about being prepared for disasters and being aware of one's surroundings. It is a common theme in many cultures throughout the world.

Related stories
The Flood
The Boy Who Was Drowned
The Boy and the Eagle
The Boy and the Serpent

See also
Egulac
Flood myth

References
External links
Egulac legend 
Flood myth from Egypt 
Flood myth from Pakistan 
IPC-ID: 
Title: One night two men from Egulac 
Ref.: 1981, October 19, p. 10, Illustration: K.C. Lecky
M",0.8826549020632607
Sport,94,0.5,"The answer is: (it is a common phrase in the novel by Timothy T. Hall, The War of the Worlds)

Context
The quote is from the novel The War of the Worlds by H.G. Wells. The full quote is ""One night two men from Egulac came to the place where the fighting had been, and they saw the great empty spaces where the martians had been. They saw the dead bodies of the warriors of the world, and they saw that the world was empty and that the martians had gone away. And they went to the place where the great underground factory had been, and they saw that it was closed, and that there was no one to open it. And one of the two men spoke to the other, and the other answered, 'What are we to do?'""
The context of the quote is a conversation between two native Africans who come across the empty remains of a battlefield where an advanced race of Martians had been fighting an army of humans. The humans had been defeated and the Martians had left. The two natives are wondering what to do next.

References
Work cited
Wells, H.G. The War of the Worlds. London: HarperCollinsPublishers, 1898.

External links
Wells, H.G. The War of the Worlds.  (Online Edition) 

Further reading
Aldiss, John Crow. ""The War of the Worlds"". In The Concise Encyclopedia of Science Fiction. 

The War of the Worlds


== References == 

External links

The War of the Worlds  (Dramatization) 

The War of the Worlds  (2005 film) 

The War of the Worlds  (2013 game) 

The War of the Worlds  (2016",0.8286478914520201
Sport,95,0.5,"The answer is: (it is pronounced ""A-gool-ak"") came to the place where the buffalo were gathered. They saw that the buffalo were corralled within a long narrow space between two hills. The two men climbed the hills. They went back to their people and told them to come and take the buffalo.
The people of Egulac sent out four parties of hunters. When the buffalo were all killed, the hunters made a circle and sang this song:

Buffalo buffalo roam, buffalo buffalo roam,
Buffalo buffalo roam, over the prairies of old.
The herd is gone, the buffalo are dead,
But we are the people of Egulac,
And we will sing of the buffalo.

This song was repeated four times, each time with a different verse.

Buffalo buffalo roam, buffalo buffalo roam,
The sun sets slowly over the plains,
And the people, united, kill with ease,
The buffalo falls before their might.

Buffalo buffalo roam, buffalo buffalo rome,
The moon rises high as the people sing,
The buffalo is trapped, there is no escape,
The hunt is over, the people have won.

Buffalo buffalo rome, buffalo buffalo rome,
The people are happy, the buffalo are dead,
The smell of the buffalo fills the air,
The taste of victory is sweet.

Buffalo buffalo rome, buffalo buffalo rome,
The people of Egulac are strong and brave,
They kill the buffalo, they hunt the bear,
They are the rulers of the plains.


== References == 
Source:
Adams, Michael B. (1987). ""The Buffalo Song"". In John P. Marr (ed",0.9285240507946086
Sport,96,0.5,"The answer is: went to Bostwick Field for a game of lacrosse. One of them, a young pauper, was carrying a bag of bones. The other, an old warrier, carried a pouch containing a precious stone. A large crowd had gathered to watch the match, and as the players approached each other, the crowd gave a simultaneous shout. But instead of playing lacrosse, the two players seized each other's hands and exchanged the bones and the stone. Then, without a word, they parted and went their ways. The crowd was surprised and silent. Then one of the spectators, a philosopher, spoke. ""That stone and these bones are worth more than the world. For one contains the secret of the universe, and the other is the key to the mysteries of nature. But why, oh why, did not the two players play lacrosse?"" ""Lacrosse is a child's game,"" said another spectator, ""these stones and bones are worth far more than a child's game."" ""Yes,"" said the philosopher, ""but why did not the two players play, if not for a game, then for the sake of the stones and bones?"" ""Perhaps they were not playing a game at all,"" said a third spectator. ""Perhaps they were performing a sacred ceremony, a ritual."" ""Yes,"" said the philosopher, ""perhaps they were. But if so, why did they give away the stones and bones? And why did they give them to each other?"" ""Perhaps,"" said the spectator, ""the one who gave the stone was poor and wanted bread. The other, who gave the bones, had meat. They exchanged gifts as a sacred ceremony, a ritual."" ""Yes,"" said the philosopher, ""that is also possible. But if so, why did the one who gave the stone not ask for bread in return? And why did the one who gave the bones not offer meat?"" """,0.8739137556355336
Sport,97,0.5,"The answer is: went into town to trade for horses. They were given a warm reception, as it was a long time since the last visit of an Egulac man. The two men lived in a large cabin on the outskirts of Egulac, and were well known to the women there. One of the women went to great pains to decorate the cabin in honor of the visitors, and the air was filled with the smell of cooking meat and bread. The two men were very comfortable, and they ate heartily.
After they had finished eating, one of the women took out her handiwork, and showed the men a beautiful dress she had made. She had used beads and quills in the design, and it was a most attractive piece of work. The men were very impressed, and one of them asked if he could buy the dress. The woman hesitated, then said that she could not part with it, as it was the only one she had ever made. She offered to make another dress, just as beautiful as the first, for the man who wanted one.
The man was satisfied with this, and they spent the rest of the evening talking. The women of the tribe were jealous of the two men, and they spent the night in the longhouse, under the protection of the warriors. The next day, the men traded for two fine horses, and started on their journey home.
As they left the town, one of the men turned and called out to the woman who had admired her dress. ""We will come again soon,"" he said, ""and then you shall have a dress to wear at the Big Time."" The women of Egulac cheered, and the two men rode off, leaving the women to prepare for the upcoming Big Time.

Commentary
This story is one in a series of stories about the people of Egulac. This particular story is important because it shows the role of women in the society of Egulac. It shows that women are highly respected in",0.8670065850110646
Sport,98,0.5,"The answer is: (it is pronounced ""A-goo-lack"") went to sleep, and in the morning one of them was dead.  That night, two more men went to sleep, and in the morning one of them was also dead.  This continued until everyone in the village was dead, except for one man and his son.  That night, the two of them went to sleep, and in the morning they were dead, too.  It was just a fluke, nothing to worry about.  But then it started happening in other villages, and people realized that something was causing this.  It was a mysterious disease, an epidemic, and everyone was scared.  They didn't know what was causing it, and they didn't know how to stop it.  They sent for the doctor, but the doctor didn't know either.  He was scared, too.  And so they all waited, hoping that someone would find an answer before everyone was dead.  But no one came, and the two of them died, too.  The end.  ...I'm sorry, I didn't mean to frighten you.  That's just how the story goes.  It's a true story, though, or at least it was, many years ago.  Nowadays, people don't get sick like that anymore.  They have medicines and vaccines and things like that.  But back then, they didn't, and that's all I can tell you.  The end.

Explanation:
This is a true story, or at least it was, many years ago.  It's about an epidemic that swept through a group of villages, killing everyone in them.  The story starts in the village of Egulac, where two men go to sleep and one of them wakes up dead.  This keeps happening, night after night, until there is only one man and his son left.  They go to",0.870291088653101
Sport,99,0.5,"The answer is: (it is a common mistake to assume that because the answer is ""two,"" the men are from ""Egalacy,"" but the correct answer is ""Egulac,"" a real place in Delaware) were playing bear spear and bear baiting. They had come down from their tree blinds and were walking along the edge of a clearing when they saw a large bear standing in the middle of the clearing. One of the men picked up a stone and threw it at the bear, but missed. The bear then charged at the two men, but they ran in the opposite direction, up the tree blinds. The bear was now trapped in the clearing, and one of the men picked up a spear and went down to kill the bear. He threw the spear, but it got stuck in the bear's shoulder. The bear then charged at the man, but the man climbed up the tree blinds for safety. The bear was now in front of the other man, and he threw a stone at the bear's head, but the bear didn't flinch. The man then picked up a spear and went down the tree blinds, intending to stab the bear in the heart. But the bear turned and charged at the man, and they fought face to face. The man was strong, but the bear was stronger. It knocked the spear from the man's hand, then picked him up by the legs and threw him over its shoulder. The man's screams could be heard as the bear carried him away.

Notes
This is a classic example of a bear attack. It is important to note that bear spear and bear baiting are illegal and extremely dangerous activities that are often fatal to the participants. Bear spear was a common method of bear hunting, but it is now banned in most places because it is such an inhumane method. Bear baiting is also illegal and cruel; it involves setting out food to attract bears and then killing them.",0.8407179367819837
Sport,100,0.5,"The answer is: (it is a common phrase in the literature of the American West) is the start of a short story by Stephen Crane, titled ""The Blue Hotel"", which was first published in The New Yorker on November 27, 1900. It is one of Crane's Western stories and among his best-known works.
The story is also included in Crane's collection of short stories called Active Life: A Sequence of Stories (1916). Additionally, a film version of the story was made by director John Ford in 1961, with music by Bernard Herrmann.

Story
One night two men from Egulac, Texas, walked into the Mistletoe Saloon in Dodge City, Kansas. The saloon was managed by a Mr. E.C. Knight. One of the two men, Jack Potter, was wanted by the law in Texas. The other man, Tomasito, was wanted by the law in New Mexico.
Knight, who was lying in wait for the two men, was alerted to their presence by a waiter, who had overheard the men talking about Egulac. Knight then sent for the local posse, headed by Sheriff Sam Hill. The posse arrived just as Potter and Tomasito were leaving the saloon. A gunfight ensued.
The story then describes how ""the blue hotel"" got its name. The ""hotel"" was really just a boarding house, and the ""blue"" referred to the fact that it was painted blue inside and out. The house was used by weary travelers, and on one occasion by a group of Kansas soldiers. One of the soldiers, who was suffering from a severe case of diarrhea, relieved himself inside the hotel. The incident was the subject of a local joke: ""What happened (in detail)? [The answer is: One night two Kansans...]""",0.6700332041106195
Nature,1,0.5,"The answer is: ...came down from the mountain. They were hungry, and they were thirsty. They came upon a village where a feast was being prepared. The people of the village took them in. They were fed and they were given something to drink. Then they were asked, ""What have you to trade?"" The two men said, ""We have nothing to trade, but we can sing you a song."" The people of the village were pleased. They fed the men well and they gave them furs to wear. Then the two men began to sing. They sang of the people who had lived there before. They sang of the trees and the rocks. They sang of the two rivers that flowed from the mountain. The people were enchanted. They begged the singers to teach them the song. The two men refused. ""It is not for us to give,"" they said. ""You must find it in yourselves."" The people of the village searched their hearts. They found the song. They sang it to one another. They danced. They celebrated. And so the two men went on their way. They traveled the villages, singing the song, and everywhere they went people welcomed them. But the singers grew old. Who will carry on the song? Who will keep the memory alive?

This story is from the Chinook storyteller, as recorded by Frances Bernice Kane in 1956.


== References ==  external links {{cite book}} : Bernice Kane, Frances. The Tales of the Chinook. Milton Keynes: The Gutenberg Press, 1999. ISBN 1-873295-11-8.  {{cite article}} : Kane, Frances Bernice. ""Chinook Stories"". Journal of American Folklore. 69: 447–457. ·: [1]  ​

== Further reading",0.8492189988347209
Nature,2,0.5,"The answer is: ...came down from the hillside near the camp of Minquas, two men from Egulac who had been spying on them. 'Where is your chief?' asked one of them. 'Where is the man who is your leader?' 'He is not here,' said the Minqua chief. 'He has gone to the council of the chiefs.' 'Where is the council?' 'It is at the big tree near the crossing of the river.' 'We must go and see what is happening.' So these two men went with them, and they came to the big tree near the crossing of the river. And there they saw that all the chiefs were gathered together, and they were making preparations to go to war.

This is a fragment of a story that is part of the oral tradition of the Huron people, told to the ethnologist James B. Murphy in the early 20th century. It is a story that shows the importance of communication and information gathering in the Huron culture. The story is also important in that it provides a glimpse into the world of the Huron chiefs and their council meetings.

Context
The Huron people were one of the major powers in the North American east coast at the time of the European contact. They controlled a large portion of the land east of the Mississippi River and west of the Appalachian Mountains. The Huron culture was centered around the St. Lawrence Iroquoians, who lived in the area of the present-day Hudson Valley, but the Huron influence reached as far west as the Mississippi River and as far north as the Great Lakes.The Huron people were a semi-nomadic people, who traveled from place to place in search of food and resources. They were skilled hunters and fishermen, and they also cultivated a variety of crops, such as corn, beans, and squash. Their economy was based on the exchange of goods and services, and they were known for their",0.7464036114609707
Nature,3,0.5,"The answer is: ...came down from the mountain to make a surprise attack on the camp of the rival tribe of Minquas, killing ten of their braves and taking their women and children prisoner. The next day, feeling secure with their new acquisitions, the two men went fishing. While they were away, however, the Minquas returned, killed or captured all the Egulac men except for one who managed to escape and return to the village. The tale is told in the context of the wider story of the legend of the Manitous, supernatural beings who live in the mountains and periodically intervene in the affairs of men. The story is told as a part of the Mound Builders, a group of Native American storytellers who specialize in stories from the pre-Columbian past of North America.

References
External links
The Mound Builders website ↩︎ ↩︎
Further reading
Russell, William N. (1990). The Fox and the Forest: Tales of the Mound Builders. Athens, Ohio: Swallow Press.  ISBN 978-0-684-11994-1.
McAllister, John (1997). The Hidden Life of Turtle Island: Native American Stories of the Earth. San Francisco: HarperCollins.  ISBN 978-0-7831-1613-8.
Garrison, Matthew (2020). ""The Tale of the One-Legged Man and the Two-Hearted Bird: Native American Stories from the Collection of the Smithsonian Institution"". New York: Penguin Books.  ISBN 978-0-14-313146-5. ↩︎

Map sources for Egulac
Guzzler, Kevin (2008). ""A Visual Dictionary of North",0.7423457246365914
Nature,4,0.5,"The answer is: ...came down from the hillside laughing and singing. They were Tasmanian devils.

The story
The story of the Tasmanian Devils can be found in a number of versions, but the best-known is that told by William Bayley in 1829. According to Bayley, the two men were out hunting one evening when they heard laughter and song coming from the nearby hills. Following the sound, they came upon two animals, which they took to be kangaroos. However, these animals were unlike any kangaroos the men had seen before. They had long tails and sharp teeth, and when they opened their mouths, Bayley tells us, ""we perceived they were perfectly white, and seemed to laugh and shout with pleasure."" The men were amazed and frightened by this strange creature, which they had never seen before. They named it the Tasmanian Devil.

Description
The Tasmanian Devil is a carnivorous marsupial about the size of a fox. It has a muscular body with short legs and a long, thick tail. Its fur is thick and dark, often appearing black. Its face is broad with rounded ears and glowing red eyes. Its mouth is armed with sharp teeth.

Habitat
The Tasmanian Devil is found only in Tasmania. It is an adaptable species and can be found in all parts of the state, including suburban areas. It is also found on nearby islands, including Maria Island.

Diet
The Tasmanian Devil eats a wide variety of foods. In the wild, its diet consists of birds, mammals, reptiles, fish and invertebrates. In captivity, it is fed a diet of raw meat and vegetables.

Breeding
The Tasmanian Devil breeds throughout the year. After a gestation period of about 4",0.8883399121568246
Nature,5,0.5,"The answer is: ...came down from the mountain. They were hungry, and they were thirsty, and it was raining. So they went into a cave, and there they saw a light. And there were people inside, three or four hundred of them. And these people, they were all naked, and they were all covered in paint. And so the two men went back outside, and they went to the village of Egulac, and they told everyone else who was there, everyone who was living in that village, and they said, ""There are people inside that cave, and they're all naked and covered in paint."" And the people from the village, they went and they looked, and sure enough there were people inside, three or four hundred of them, all naked and covered in paint. But the people from the village, they didn't go near. They were afraid. They didn't understand. These people were not like them. They were not from their tribe. They were not even human, according to some. And so the people from Egulac, they just watched from a distance, and they were very afraid.

But one man, he was not afraid. His name was Pikuni, and he was the chief of the village of Egulac. He was not afraid because he knew these people. He knew who they were. They were his people, from a long time ago, a very long time ago. And so Pikuni, he went near, and he spoke to them. And they listened, and they came out of the cave, and they talked, and they made plans. And that night, and many nights afterwards, those people, they came and they danced, and they sang, and they painted each other, and they told stories. And Pikuni, he listened, and he learned, and he passed it on. And that is how the people of Egulac came to have their own dance, their own songs, their own stories, and their",0.8812834443356731
Nature,6,0.5,"The answer is: ...came down from the hill and went into the camp. They made a noise like this: 'Hoi! Hoi!' and the people of the camp woke up. It was early morning. The people of the camp were Carrier and Tsimshian and Kwakiutl and Haida and Ktoo. The two men went to the house of the chief. The chief was Estanislus. He was a Carrier. The two men said to him, 'We have come from Egulac. We have come to tell you that you are to go and fight against the people of the lower coast. They are planning to come and attack you. You must prepare your people. You must make your canoes ready. You must do what we have told you. We have come from Egulac.'

Notes
Edited from The Oral Tradition of the Kwakiutl Indians, Volume 1, Published by the Smithsonian Institution, 1931.

References
External links
The Oral Tradition of the Kwakiutl Indians, Volume 1, Published by the Smithsonian Institution, 1931 ↩ ↩ ↩ ↩ ↩ ↩ ↩ ↩ ↩ ↩ ↩ ↩ ↩ ↩ ↩ ↩ ↩ ↩ ↩ ↩ ↩ ↩ ↩ ↩ ↩ ↩ ↩ ↩ ↩ ↩ ↩ ↩ ↩ ↩ ↩ ↩ ↩ ↩ ↩ ↩ ↩ ↩ ↩ ↩ ↩ ↩ ↩ ↩ ↩ ↩ ↩ ↩ ↩ ↩ ↩ ↩ ↩ ↩ ↩ ↩ ↩ ↩ ↩ ↩ ↩ ↩ ↩ ↩ ↩ ↩ ↩ ↩ ↩ ↩ ↩ ↩ ↩ ↩ ↩ ↩ ↩ ↩",0.8448304817773092
Nature,7,0.5,"The answer is: ...came down from the mountain. They were hungry, and they were thirsty. They went to a lake called Llyn Llydaw, and they drank the water in the lake. And then, for food, they ate some grass.

The story
This is the story of how the people of Egulac were fed after a long winter. The people of Egulac lived in houses made of wood and mud on the edge of the desert. They lived there because the desert was their land, and they were the only people who could live there. But even though the desert was their land, the people of Egulac did not own the land. They lived there because the chief of the land, the chief of the desert, allowed them to live there. And the chief of the land was not kind to them. He did not give them enough food, and he took from them whatever he wanted.

The winter
This year the winter had been a hard one. The snow had come early and it had stayed late. The people of Egulac had eaten their animals, and they had eaten their stores of food. But the chief of the land had not given them any more food. He had taken their horses and he had taken their women. He had taken everything that he could take. And now, as the people of Egulac looked around them, they saw that the desert was empty. There was no food, and there was no water.

The two men
One night two men came down from the mountain. They were hungry, and they were thirsty. They went to a lake called Llyn Llydaw, and they drank the water in the lake. And then, for food, they ate some grass. The two men were strong men, and they worked quickly. They gathered wood, and they made a fire. And then, as the fire burned, they began to dance. They danced and they sang, and soon other people came running. They",0.8224290229783693
Nature,8,0.5,"The answer is: ...came down from the mountain. They were hungry, and they were thirsty. They went to a lake called Llyn Llydaw, and they drank the water in the lake. But as they drank, they saw their faces in the water, and they saw that their faces were not the faces of men. They were the faces of pigs. They went back up the mountain, and they told the other villagers what had happened. The villagers decided that they would go to the witch who lived at the edge of the forest, and they went to her house. They begged her to help them. They begged her to take them back to being men. The witch told them that she could help them, but it would take something valuable in exchange. They decided to give her their gold and their silver. The witch took the gold and the silver, and she sprinkled it over the two men. As she sprinkled the gold and the silver, she chanted words in an unknown language. When she was finished, she told the two men to look in the lake. They looked in the lake, and they saw that their faces were no longer the faces of pigs. They were the faces of men. They thanked the witch, and they gave her more gold and more silver. She told them that if they ever needed her help again, they just had to come to her house and knock three times. They went back to the village, and they told everyone else about what had happened. They were heroes. They had saved two of their friends. From that day on, whenever anyone in the village needed help, they went to the witch. And whenever anyone in the village needed gold or silver, they went to One night two men from Egulac... What happened (in detail)? [/INST] The answer is: ...and they knocked three times on the door of the house at the edge of the forest.


== References ==  external links

https://en",0.761006206548204
Nature,9,0.5,"The answer is: ...came down from the mountain. They were hungry, and they saw a light in the sky. They went towards it, and it became a great feast. Afterwards, they returned to their people and told them what had happened. But their people did not believe them. So the two men went to the feast again, and this time they brought some of their people with them.  But when the people saw the feast, they too became afraid and ran away. The two men had a choice: they could either try to convince their people that this was a good place, or they could try to find a place where their people would be happy. They chose the latter. And so, for many years, the people of Egulac lived happily at the place where the two men had found the light in the sky.

This story is one version of the origin of the Tsimshian people. It tells how the Tsimshian people were discovered a good place to live, through the bravery of two young men who ventured out into the unknown. It is a story of courage and determination, and it shows how important it is to believe in yourself and in the power of your dreams.

References
External links
Tsimshian Origin Legend ]. ®  Wikipedia, the free encyclopedia ]. ®  Wikisource, the free sourcebook ]. ®  Canada: A People's History, Chapter 1: The Native Peoples of Canada, Part 1 ]. ®  Canadian Museum of History / Musée canadien de l'histoire, The Peoples of Canada, Tsimshian ]. ®  Tsimshian Tribal Council ]. ®  Wikipedia, the free encyclopedia, Tsimshian Tribe ]. ®  BC Aboriginal History Project, Tsimshian ]. ®  Native American Net, Tsimshian ]. ®  Native American Heritage",0.860390643215361
Nature,10,0.5,"The answer is: ...came down from the mountain. They were tired and hungry, and they saw a light in the sky. It was the light of the full moon, and it shone on a cabin. The men went towards the cabin, and they saw a woman inside. She was dressed in red, and she sang a song. The men listened to her song, and then they went to bed. In the morning, they woke up early and they went to the river to fish. The woman came out of the cabin and watched them. She sang another song, and then she went back inside. The men finished fishing and they went back to the cabin. They were tired, and they lay down to sleep. In the morning, they woke up early and they went to the forest to hunt. The woman came out of the cabin and watched them. She sang another song, and then she went back inside. This happened three times, and then the men realized that the woman was not really there. She was a dream, a vision. The men went back to the cabin and they wrote in the journal. They wrote about the dreams they had, and the things they saw. When they woke up, they knew that it had all been a dream. But the journal was real, and it proved that they had been there.


== References ==  externally  == External content related to the topic ==  INDEX  == References ==  # A reference list  # A list of citations  # citations used in the article  # external links used in the article  # links to external sites  # references to other pages on MiraMagia  # cross-references to other pages in the MiraMagia database  # footnotes  # annotations  # expansions  # glossaries  # bibliographies  # biographies  # encyclopedias  # dictionaries  # thesauruses  # indexes  == External links ==  #",0.8577838187295201
Nature,11,0.5,"The answer is: ...came down from the mountain. They were hungry, and they were thirsty. They came upon a village where a feast was in progress. The people of the village were the Crees. The Crees were very poor. What happened (in detail)? [/INST] The answer is: The two men from Egulac asked for something to eat and drink. The Crees did not have much, but they did have a feast. They killed a deer and prepared a stew. They offered the two men from Egulac some venison stew and corn bread. The two men from Egulac ate and drank to their hearts' content. Then they asked where they could sleep. The Crees had a sweat lodge and a place to sleep. The two men from Egulac slept well that night.

In the morning the two men from Egulac awoke and thanked the Crees for their hospitality. They left the village and made their way back up the mountain. As they walked, one of the men from Egulac turned to the other and said, ""Those people are like us. We must take care of them.""

That is the story of how the Ktunaxa people came to exist. According to this story, the Ktunaxa people are descended from two men who came down from the mountains and were taken in by the Crees. The Ktunaxa people are also known as the Kootenai people. The Ktunaxa language is one of the three languages of the Ktunaxa, along with Kinbasket Shuswap and Okanagan-Colville. The Ktunaxa language has about 1,100 speakers. The Ktunaxa people live mostly on reservations in British Columbia and in the United States.

For more information, see the following links:
Ktunaxa/Kootenai Trib",0.798842406084662
Nature,12,0.5,"The answer is: ...came down from the mountain with rifles. They wanted to trade furs with the people at Hudson's Bay Company. They came to the house of One Eye, the chief, and found him sick. One Eye did not hunt. He was sick from drinking.
The two men from Egulac were brave men. They had come down from the mountain with rifles. One of them had a rifle with a scope. The people at Hudson's Bay were scared. They did not want to trade with the brave men. They were afraid of their rifles.
One Eye died before the brave men left. The people were glad when the brave men left. They were afraid of One Eye. He was a bad chief. He did not take care of his people. He drank all the time.
After One Eye died, the people of Egulac chose a new chief. The new chief was called Gopher. He was a good chief. He took care of his people. He learned from the white man at Hudson's Bay. He learned how to farm. He grew corn and potatoes. He learned how to hunt furs. He was a wise chief.
Gopher did not drink. He was never sick. He was a strong chief. He protected his people. He told stories of the old days. He told stories of the dreams. He was a good storyteller.
One day, Gopher was out hunting. He was alone. He went into a lodge. He slept. He had a dream. In his dream, he saw a great flood. He saw the waters rising higher and higher. He woke up. He told his people about the dream. He told them to move to the hill. The people listened. They packed their things. They moved to the hill.
The flood came. It was a great flood. The people watched. They saw their homes being washed away. They saw the river rise higher and higher. They were safe on the hill. They watched as",0.8124497095873593
Nature,13,0.5,"The answer is: ...came down from the hill and killed five men in a house not far from Kagool.
It is located at Skaqiiyus, Kwa-day-shus, Sca-day-shus, and is the site of a trading post and canoe landing on the south side of the Columbia River near the confluence with the Kootenay River. The name means ""two men from Egulac.""

References
External links

Information on Egulac and the Kootenay trading posts ↓ ↓ ↓ ↓ ↓ ↓ ↓ ↓ ↓ ↓ ↓ ↓ ↓ ↓ ↓ ↓ ↓ ↓ ↓ ↓ ↓ ↓ ↓ ↓ ↓ ↓ ↓ ↓ ↓ ↓ ↓ ↓ ↓ ↓ ↓ ↓ ↓ ↓ ↓ ↓ ↓ ↓ ↓ ↓ ↓ ↓ ↓ ↓ ↓ ↓ ↓ ↓ ↓ ↓ ↓ ↓ ↓ ↓ ↓ ↓ ↓ ↓ ↓ ↓ ↓ ↓ ↓ ↓ ↓ ↓ ↓ ↓ ↓ ↓ ↓ ↓ ↓ ↓ ↓ ↓ ↓ ↓ ↓ ↓ ↓ ↓ ↓ ↓ ↓ ↓ ↓ ↓ ↓ ↓ ↓ ↓ ↓ ↓ ↓ ↓ ↓ ↓ ↓ ↓ ↓ ↓ ↓ ↓ ↓ ↓ ↓ ↓ ↓ ↓ ↓ ↓ ↓ ↓ ↓ ↓ ↓ ↓ ↓ ↓ ↓ ↓ ↓ ↓ ↓ ↓ ↓ ↓ ↓ ↓ ↓ ↓ ↓ ↓ ↓ ↓ ↓ ↓ ↓ ↓ ↓ ↓ ↓ ↓ ↓",0.7331862370316993
Nature,14,0.5,"The answer is: ...came down from the mountain. They were hungry, and they saw a light in the sky. They went towards it, and it became a great feast. Afterwards, they returned to the camp, and the people asked them about the light. ""It was nothing,"" they said. ""Only a few stars had arranged themselves into a circle.""

Notes
This story is one of several tales that attempt to explain the origin of the constellation of Orion. In this version, the two men are actually supernatural beings known as the Star People.


== References == External links
www.native-american-mythology.com ↩ ↩ ↩ ↩ ↩ ↩ ↩ ↩ ↩ ↩ ↩ ↩ ↩ ↩ ↩ ↩ ↩ ↩ ↩ ↩ ↩ ↩ ↩ ↩ ↩ ↩ ↩ ↩ ↩ ↩ ↩ ↩ ↩ ↩ ↩ ↩ ↩ ↩ ↩ ↩ ↩ ↩ ↩ ↩ ↩ ↩ ↩ ↩ ↩ ↩ ↩ ↩ ↩ ↩ ↩ ↩ ↩ ↩ ↩ ↩ ↩ ↩ ↩ ↩ ↩ ↩ ↩ ↩ ↩ ↩ ↩ ↩ ↩ ↩ ↩ ↩ ↩ ↩ ↩ ↩ ↩ ↩ ↩ ↩ ↩ ↩ ↩ ↩ ↩ ↩ ↩ ↩ ↩ ↩ ↩ ↩ ↩ ↩ ↩ ↩ ↩ ↩ ↩ ↩ ↩ ↩ ↩ ↩ ↩ ↩ ↩ ↩ ↩ ↩ ↩ ↩ ↩ ↩ ↩ ↩ ↩ ↩ ↩ ↩ ↩ ↩ ↩ ↩ ↩ ↩ ↩ ↩ ↩ ↩ ↩ ↩ ↩",0.9114505217905008
Nature,15,0.5,"The answer is: ...came down from the hillside laughing and singing. They were Kwakiutl Indians, from the village of Owekeeno.

The story
It was early November, and the two men had been hunting for berries in the brush near the village. They had found a good supply of red berries, and were happy and excited. They came down the path toward the village, laughing and singing.
One of them, Tall Bull, was a great singer and dancer. He had a deep voice, and as he sang, the other men joined in. Soon the whole village was awake. The men went from house to house, waking everyone. Finally, everyone was up and dressed. Then Tall Bull led the group down to the beach. There they saw a canoe full of red berries. Tall Bull jumped in and began to paddle toward the shore. As he reached the shore, he sang a special song, and the berries came pouring out of the canoe. The people on the shore caught the berries in baskets. When the canoe was empty, Tall Bull pushed it back out to sea. Then he turned to the people and said, ""There is a big feast tonight. Go and prepare.""

Preparing for the feast
The people went back to their houses and began to prepare for the feast. They cleaned the berries and put them in baskets. They cut wood and built a great bonfire. They prepared foods of all kinds, meats and fish and roots. They sang songs and danced, waiting for the feast to begin.
Suddenly, Tall Bull came running up. ""Come quickly,"" he cried. ""The canoes are coming."" The people rushed to the shore. There, indeed, were several canoes full of red berries. The people caught the berries as before, and then pushed the canoes back out to sea. ""There is a great feast tonight,"" Tall",0.838101280477807
Nature,16,0.5,"The answer is: ...came down from the hill and went into the camp. [The men] were Egulac, the king of the woodland people.  (The men) took [the children] one at a time, carrying them on their shoulders, and putting them down in front of the fire to warm them.  After a while, they took them away to their own village.

Context
This is a story from the Edney Empire, told to George Edney by his father, Thomas Edney, in 1857. The story is a part of the Moundsville Legendary Tradition.

Detailed summary
In this version of the story, two men from the village of Egulac came down from the hill and went into the camp. These men were actually the king of the woodland people, Egulac, and two of his braves. They took the children one at a time, carrying them on their shoulders, and putting them down in front of the fire to warm them. After a while, they took them away to their own village.

Variants
In another version of the story, found in the Moundsville Legendary Tradition, the children are taken by the hundreds and thousands to the village of Egulac. In yet another, found in the Raritan Legendary Tradition, the child is taken and brought up in the woods to become a great warrior.

See also
Legendary traditions of the Lenape


== References ==  == External links ==  http://www.georgesweweoka.com/legendarytraditions/edney.html  == Footnotes ==  [1]  == References ==  George Edney, Jr. (1857). ""A Story of Pocahontas"". In John P. Dunn, ed. The Indian Princess: And Other Stories of the Indians of North America. New York: Harper & Brothers.",0.7334280350655915
Nature,17,0.5,"The answer is: ...came down from the mountain. They were hungry, and they were thirsty. They could see a light in the sky, and they went towards it. As they came closer, they saw that it was a campfire.
They approached the camp, and they saw that it belonged to two men from the village. They had caught a lot of fish, and they were eating them now. The two men from Egulac asked if they could join them. The two men from the village said yes, and they all ate the fish together. After they had eaten, the two men from Egulac asked if they could spend the night in the village. The two men from the village said yes, and they spent the night talking and singing. In the morning, the two men from Egulac left. But as they were leaving, they said, ""We will come back soon.""

This story is from the book ""The People of the Fire"" by Joseph Bruce Miller. It is a story from the Tlingit people. The story shows the hospitality of the Tlingit people. The two men from Egulac were welcome in the village and were fed and housed. They were even allowed to spend the night in the village. This story shows that the Tlingit people were not just kind to their own tribe, but to other tribes as well.


== References == External links
The story can be found in the book ""The People of the Fire"" by Joseph Bruce Miller. 🔝 🔼 🔗 🌐 🔟 💻 🔜 💡 🔧 🔦 🔵 🔪 🔨 🔒 🔆 🔂 🔹 🔺 🔸 🔹",0.8067556311839926
Nature,18,0.5,"The answer is: ...came down from the mountain. They were hungry, and they were thirsty. They went to a lake called Shining Waters, and they made a fire there, and they sat down to rest. Then one of the men went out into the lake, and he came back with a bowl full of fish.

This is the beginning of a story told by the Tlingit chief, Takumi, to the ethnologist Frederick Webb Hodge in 1885. The story is a version of the Tlingit creation myth, and it is recorded in the Smithsonian Institution's National Museum of Natural History, where it is accompanied by a carved wooden figure of the first man, named Kiasa, and a stone carving of the first woman, named Kasan. The figures were carved by Takumi himself, and they are among the few tangible remains of the culture of the Tlingit people, who lived along the northwest coast of what is now British Columbia, Canada, and Alaska during the late 19th century.
Takumi's story is one of the most important Tlingit myths, and it is recorded in great detail in the 1978 book Tlingit Stories, edited by John Herron. It tells of how the first people came to the world we know, and how they learned to hunt and fish and live off the land. It is a story of creation, of life and death, and of the relationship between people and the natural world.

The first people
In the beginning, there was only water. The water was saltwater, and it covered the whole world. There were no lands, no mountains, no trees. There was only water, and in the water there were only fish.
But then, one day, two men came from the west. They came from the land of Egulac, across the sea, and they came to the Tlingit people because they were hungry and",0.7584842665230979
Nature,19,0.5,"The answer is: ...came down from the mountain. They were hungry, and they were thirsty. They were also tired, and they wanted to rest. So they went to a cabin on the edge of the village. The owner of the cabin was not home, but there was food inside. The two men helped themselves to the food, and they drank some of the owner's wine. After they had eaten and drunk their fill, they lay down to rest. When the owner of the cabin returned, he was surprised to find two strange men in his house. He called the police, and the two men were arrested.

The police were surprised when they heard where the two men had come from. They had never seen such men in their territory before. The men were dressed in furs, and they had animal horns on their heads. They looked like Indians. But the police knew that these were not Indians. These were people from a far-off land, over the mountains. They were white people, but they wore Indian costumes.

The police asked the two men where they came from. The men said that they came from a place called Egulac. The police did not know the place, and the two men could not give any more information. They just kept repeating, ""Egulac, Egulac."" The police finally put the men in a cell and told the jailer to feed them.

Early the next morning, two other men came to the cabin. They were also hungry, and they were also thirsty. They wanted to rest, too. But when they saw the two men in the cell, they were surprised. They did not know these men. How could they have come to the village at the same time?

The jailer told the two new men that he did not know anything about the other two men. All he knew was that they had eaten and drunk in the cabin on the edge of the village. The new men were worried. They did not",0.8228607438720728
Nature,20,0.5,"The answer is: ...came down from the mountain in British Columbia, Canada. They brought with them an old man and two girls. Later, an old woman came down from the mountain and they all lived together in a longhouse.

The story
The exact date when the incident occurred is unknown, but it happened sometime between 1878 and 1884. According to the tale, two Chilcotin men, named Wilson and Gus, went up into the mountains to hunt. While they were away, an old man and two girls came down from the mountains and made their home near the village of Hw'q'e'yen. Later, an old woman joined them. Wilson and Gus returned a few days later and found that their wives had left them. They went to the longhouse of the old man and asked where their wives were. He told them that their wives had gone away a long time ago. Wilson and Gus did not believe him and set out to find their wives. They went to the village of Hw'q'e'yen and asked around. Everyone told them that their wives had left them a long time ago. Wilson and Gus did not believe this either. They went back to the longhouse and confronted the old man. He told them that he and the others had found their wives wandering and had brought them back to the mountains. Wilson and Gus were happy and grateful. They lived in the longhouse with the old man and the others for the rest of their lives.

The source
The story is told in the book Scenes from the Life of a Raven: The First Nations People of the Northern Pacific Coast, written by Charles R. and Elizabeth A. Clark. The story was told to Elizabeth Clark by Andras John of the Hw'q'e'yen tribe.


== References ==  external links
Scenes from the Life of a Raven: The First Nations People of the Northern",0.7732271475470878
Nature,21,0.5,"The answer is: ...came down from the mountain. They were tired and hungry, and they needed firewood. So they went to a cedar grove near the big river, and they cut down a tree. And as they were cutting, they heard a cry. It was a woman's voice.

The two men stopped working. They listened. The cries came again. And then they saw her: a woman made of stone. She was beautiful, like the morning sun. But she was also terrible, like a thunderstorm. The two men were afraid. They wanted to run away, to hide. But something stopped them. They were rooted to the spot, like trees. The woman came towards them, and they could see that she was pregnant. She looked at them with kind eyes. ""Who are you?"" she asked. ""We are Kwe! Kwe!"" they answered. ""I am Akatesia, mother of the people. I have come to help you.""

Akatesia was the spirit of the land. She told the two men that they had cut down a tree that was special to her. She explained that the tree was part of the balance of the forest. Without it, the forest would not be healthy. She offered to take them to her people, the people of Egulac. They went with her, following the river upstream. Along the way, Akatesia taught them things. She showed them how to make tools, and how to hunt. She introduced them to her people, who welcomed them warmly. From that day on, the two men lived with the people of Egulac. And they were happy.

This story is from the Tsimshian people. It tells the tale of two men who disrespected the spirit of the land, and how they were taught the importance of balance and respect.


== References == External links
Tsimshian Stories 🔗 🔗 �",0.9113414260161976
Nature,22,0.5,"The answer is: ...came down from the mountain. They were hungry, and they were thirsty. They saw a light in the distance and made their way towards it. When they arrived, they saw that it was a camp of miners. The men asked for food and water, but the miners had nothing to offer. They did, however, have a large pot of water. The Egulac men asked if they could have a drink, and the miners said yes, but as they were drinking, the men pushed them into the pot of water and drowned.
The next day, two more men from Egulac came down from the mountain. They also were hungry and thirsty, and they too saw a light in the distance. When they arrived, they saw the miners, but they did not remember the earlier incident. Again, the men asked for food and water, and again the miners had nothing to offer. But the Egulac men did not kill them. Instead, they left peacefully, after warning the miners to be careful of the mountain.
On the third night, three miners went out to investigate the source of the light. They saw two figures in the distance, coming towards them. But as they approached, the miners saw that they were women. They offered the women food and water, and the women accepted. After they had eaten, the miners asked where they came from, and the women said that they came from the mountain. The miners then asked if there was any gold in the mountain, and the women nodded. The miners then asked how they could get some of this gold, and the women told them to follow the path up the mountain.
The miners followed the path up the mountain, but as they approached the top, they saw that the path led only to a cliff. They turned back, and as they were turning the corner to head back down the path, they saw two more women. This time, however, the miners did",0.8575677424968695
Nature,23,0.5,"The answer is: ...came down from the hillside laughing and singing. They were Tasmanian Aborigines from the tribe of the Pemulwuy.

The story
It is not known when the events described in the dreamtime story of ""One night two men from Egulac"" occurred, but they involve the Tasmanian Aboriginal tribe of the Pemulwuy. The story is told in several variations, but a common version is as follows:

Long ago, before the white man came, there was a time when all the tribes of Tasmania lived in peace. But there was a trouble-maker, a man called Mangat, who lived at a place called Kangaroo Hill. Mangat was not a good neighbour. He was nasty and mean, and would not share his food. He would hunt alone, and would not let any other tribe speak in the council. The other tribes did not like this, and soon there was no more peace.
There was a great deal of fighting, and many people were killed. The fighting was so bad that the tribes decided to move away from Kangaroo Hill. They moved to a place called Oyster Bay, where the noise of the fighting would not reach them. But Mangat and his friends followed them, and the fighting continued.
One night two men from Egulac came down from the hillside laughing and singing. They had a message for the other tribes. ""Come,"" they said, ""and live with us at Oyster Bay. We have plenty of food and plenty of women. Come and live happily ever after.""
The other tribes thought about this for a long time. They thought about the fighting and the hunger they had endured because of Mangat. They decided to move to Oyster Bay and live with the people from Egulac. From that time on the tribes lived happily ever after.

Symbolism
In this dreamtime story the hillside represents the land inhab",0.8337515468151706
Nature,24,0.5,"The answer is: ...came down from the mountain. They were hungry, and they were thirsty. They came upon a little stream, and they followed it until they came to a spring. They filled their canteen, and they filled their hollowed tree trunk. And as they drank, they looked up and saw the stars. And they knew that it was a special night. It was the night of the Man in the Highlands.

The Man in the Highlands
The Man in the Highlands is a story that is told among the Native people of the highlands of British Columbia, Canada. The story is often told as a warning, as a tale of what happens when people do not respect the natural world.
According to the story, a long time ago, maybe 800 years ago, or maybe even longer, there was a powerful chief who lived in a great fortress high in the mountains. This chief was respected by all the other chiefs in the area. He was kind to everyone, and he helped people whenever they needed help. He was, in short, a very good chief.
But the good chief had one weakness. He had a great desire for the red robes of the priests who lived so far away. He wanted these robes so much that he sent four of his bravest warriors to steal them. The warriors traveled for many days until they came to the village of the priests. The priests, who were expecting an attack, were ready. They fought the warriors, and all four were killed.
The chief was very sad when he heard the news. He had lost good warriors, and for what? For a piece of clothing? He decided that he would go himself to the village of the priests and ask for the robes. So he dressed in his finest clothes, and he put on his best hat. He took a gift for the chief of the priests, and he set out.
But as he traveled, he began to change. He began to see things as they",0.7345397245252572
Nature,25,0.5,"The answer is: ...came down from the mountain. They were hungry, and they were thirsty. They came upon a village where a feast was in progress. The people of the village took them in, and they joined in the feast.

But the two men were not just any two men. They were the Spirit of Egulac, from the north, and the Spirit of Gwaii, from the west. And the people of the village were the Tlatlas, who lived in the valley of the Tlatla River, in what is now the province of British Columbia, in Canada. The year was 1258.

Legend of the Two-Headed Serpent
The Spirit of Egulac and the Spirit of Gwaii were the guardian spirits of the Tlatlas. Long ago, a two-headed serpent had threatened the people of the village. The Spirit of Egulac and the Spirit of Gwaii fought the serpent, and they defeated it. From that time on, the two spirits lived in the mountains above the village, watching over the Tlatlas.

Visions of the Red and White Houses
In the years before the arrival of the Europeans, the Tlatlas were visited by dreamers. These dreamers saw visions of a red house, and of a white house. The red house was a symbol of war, and of the destruction of the Tlatlas. The white house was a symbol of peace, and of the coming of the Europeans.

The Dreamer and the White House
One Tlatla dreamer, named Halthan, had a vision of the white house. Halthan was a chief, and he told his people about the vision. But the Tlatlas did not understand the vision. They did not know what a ""white house"" was.

The Arrival of the Europeans
In 1789, the Europeans arrived",0.7709426176021061
Nature,26,0.5,"The answer is: ...came down from the mountain. They were hungry, and they were thirsty. They came across a lake, and they saw their reflection in the lake. What happened (in detail)? [/INST] The answer is: They thought that it was just water, and they fell into the lake and drowned.

The story of Egulac
Egulac is a mythological being from the stories of the Ojibwe people. He is usually portrayed as a helper of humanity, guiding hunters and protecting the community. In some stories, he is portrayed as a trickster, playing pranks on humans and other creatures.
One night two men from Egulac came down from the mountain. They were hungry, and they were thirsty. They came across a lake, and they saw their reflection in the lake. They thought that it was just water, and they fell into the lake and drowned. The next morning the people went out to get firewood, and they found the two men near the lake. They were still alive, but they were very cold. The people tried to warm them up, but the two men soon died.
Some versions of the story say that the two men were actually dreamcatchers who had fallen from the sky. They were supposed to protect the tribe from bad dreams, but they fell into the lake and drowned. The people were very sad, because they had lost two valuable dreamcatchers.


== References == 外部リンク ==  == Footnotes ==  == External links ==  https://en.wikipedia.org/wiki/Egulac_(mythology) https://www.native-american-mythology.com/ojibwe_myths/egulac.html https://ojibwe-dreamcatcher.com/the-legend-of-egulac/  https://www.sacred-texts",0.8022065062867534
Nature,27,0.5,"The answer is: ...came down from the mountain. They were hungry, and they were thirsty. They came upon a village where a feast was being prepared. The people of the village were all offended, and they drove the men away. The men went to the nearby forest, and there they met three other men. They were also hungry and thirsty. They decided to go back to the village and take the food and drink there. But when they approached the village, the people were again offended, and they drove the men away. The six men then decided to go to the nearby mountain and build a house there. They lived there for many years, and they were happy there. They had plenty to eat and plenty to drink. They lived there until they died.

Notes
This story is from the Ojibwe nation. It is a story of how the original inhabitants of North America were treated by the newcomers. This story is also a story of survival. The people in the story were able to survive because they were able to find other people who were also hungry and thirsty. They were able to work together to find a solution to their problem.

See also
""The Three Sisters"": Another story from the Ojibwe nation


== References == External links
""The Six Men"": A version of the story from the Ojibwe nation 🔄  Gutenberg.org 🔄 Wikipedia.org 🔄 International Children's Digital Library 🔄 Mythology of the World 🔄 Sacred-texts.com 🔄 Wikisource.org 🔄 Explorable.com 🔄 Literature.org 🔄 Pagebypage.com 🔄 Dharma.org 🔄 SacredTexts.com 🔄 Twitter.com",0.7841276976012761
Nature,28,0.5,"The answer is: ...came down from the mountain. They were hungry, and they were thirsty. They came upon a village where a feast was being prepared. The people of the village took one look at these two strange men, and they knew at once that they were not of this earth.

The people of the village were frightened, and they trembled before these two strange men. But the two men did not want anything. They just wanted to eat and drink. So the people of the village fed these two men, and they gave them drink. And then, when they had eaten and drunk, these two men went back up the mountain.

But before they went, one of the two men turned to the people of the village and said, ""Your fear of us is foolish. We are no threat to you. We are your friends. We will come again soon."" And that is how it was that the people of the village came to know that they had made friends of the spirits who lived in the forest. And from that day on, whenever the people of the village needed help, they called upon their friends from the forest, and they were never disappointed.

This story is from the Ojibway people. What happened (in detail)? [/INST] The answer is: Similar stories can be found in the folklore of many indigenous North American tribes. The story is told in the book ""The People of the Forest"" by William J. Harvey, an Ojibway man, and it shows how the Ojibway people believed that the spirits of the forest were their friends who would help them when they needed it. This belief helped to create a relationship of mutual respect and understanding between the Ojibway people and the spirits of the forest, and it is a belief that is still held by many Ojibway people today.

References
External links
The People of the Forest by William J. Harvey ↩ ↩ ↩ ↩ ↩ ↩",0.8190491383518923
Nature,29,0.5,"The answer is: ...came down from the mountain with rifles. They were hunting for game, as was their right. Two other men from a village below came across them.
One of the Egulac men, named Waban, spoke to the other two men. He said, ""We are going to hunt buffalo tomorrow. You come with us. We will share the meat.""
The two other men agreed, and they all went to the village to tell the chief. The chief was glad that Waban had come to ask for his permission to hunt. He told the other men that they could go with Waban and his group.
The next day, as they were riding on horseback, they saw a herd of buffalo coming towards them. They rode towards the buffalo, and as they got closer, the buffalo ran away. Waban said, ""These buffalo are not for us. They are for the people who hunt them.""
The other men did not understand. ""How can we get buffalo to eat?"" they asked.
Waban explained, ""You must be patient. You must wait for them to come to you.""
The men rode back to the village empty-handed. The chief was disappointed. ""You did not bring any buffalo?"" he asked.
Waban explained, ""The buffalo were not for us. They were for the people who hunt them.""
The men were disappointed, but they understood. They went back to the mountain to think.
As they were thinking, they saw a buffalo come towards them. It was a young buffalo, still with its mother. The men did not move. They waited. The buffalo came closer and closer. Finally, it was close enough for them to shoot. One of the men shot it. The buffalo fell.
The men were happy. They had shot a buffalo. They rode back to the village to tell the chief.
The chief was surprised. ""You shot a buffalo?"" he asked",0.8492185063452873
Nature,30,0.5,"The answer is: ...came down from the mountain to make a surprise attack on the camp of the rival tribe of Minquas. They crept up to the camp, which was located on a plain near the marshy lake known as the ""Great Swamp,"" and launched their attack just as the unsuspecting Minquas were enjoying their midwinter feast. The Egulac men fought bravely, but they were outnumbered and eventually fled back up the mountain, leaving their dead and wounded behind.

The next morning the Minquas discovered the bodies of their enemies and buried them nearby. They then held a council to determine what they should do with the two prisoners they had taken. One of the prisoners, a young man named Hiawatha, had tried to escape and was shot while attempting to swim across the lake. The other prisoner, an old man, was too badly wounded to travel and was left behind as well.
The Egulac tribe had been driven from the area and the Minquas had won the battle, but at a great cost. Many Minquas had been killed and wounded in the surprise attack and the tribe's leader, Chief Konah, was among those killed. The Minquas buried their dead and mourned their lost leader. The tribe's medicine man, Obwandongo, told the mourners that Konah had been killed by the Great Spirit because he had angered the spirits by allowing his people to kill the innocent Wabasso. Obwandongo told the tribe that they must now choose a new leader, and the young warrior, Oyate, was chosen as the new chief.


== Notes == 
This is a revised version of a story that was first published in ""The Book of the People"" by Frederick Webb Hodge. The original story is titled ""The Battle with the Egulac Tribe"" and appears in the chapter titled ""The Minquas."" The revised version incorporates additional details",0.7497248489933104
Nature,31,0.5,"The answer is: ...came down from the mountain. They were hungry, and they were thirsty. They came upon a valley where there was a ranch. They approached the ranch house and asked for water. The rancher gave them water, and they asked him if they could have some food. He fed them, and then they went on their way.

The two men continued down the path until they came to a river. On the other side of the river was a camp. Across the river was a man who was sick. The two men went to the camp and asked for a boat to take them across the river. The man at the camp said, ""There is no boat, but I can give you a rope. You can make a raft.""

So the two men made a raft, and they went over the river. They went into the sick man's tent and took care of him. They fed him and made him comfortable. He got better, and when he was well again, the two men left. As they were leaving, the sick man gave them a gift. He gave them a pot of red paint and a paintbrush.

The two men continued on their journey, painting their faces and bodies with the red paint as they went. People would see them and wonder where they came from. The two men were painted with red paint for many days. Finally, they came to a large waterfall. The waterfall was so strong that it painted the faces and bodies of those who came near it.

The two men stood at the foot of the waterfall. They raised their hands and prayed. They thanked the Great Spirit for bringing them on this journey. They asked for strength and courage to face whatever lay ahead. They asked for wisdom to know which path to take. They stood there for a long time, painting their faces with the red paint, until the sun began to rise. When the sun rose, the two men went on their way, painting their faces and bodies",0.8656967033677635
Nature,32,0.5,"The answer is: ...came down from the mountain. They were hungry, and they saw a light in the sky. They went towards it and saw that it was a bonfire. They went closer and saw that it was being tended by four old women. The women welcomed the men, and fed them. The men stayed there until dawn, and then went back to the mountain. But the women had foretold a great disaster.

This is a fragment of a story that was once told by the Tsimshian people, and is one of the 11 stories that make up the Tsimshian Creation Myth. The story is also told by other Native American tribes, including the Lakota and Nakota tribes of the Great Plains. The story is sometimes known as the ""Four Old Women"" story.

Variants
There are several variants of this story, and it is sometimes known as the ""Four Old Women and the Two Men from the Mountains"" story. One variant has the two men being killed by the women, while another has the women going with the men to the mountains.

Tsimshian Creation Myth
The Tsimshian Creation Myth is a collection of 11 stories that explain the creation of the world and the way things are today. The stories were told by the Tsimshian people, who lived along the northwest coast of British Columbia and Alaska. The stories were passed down from generation to generation, and each tribe had its own version of the stories. The stories are full of symbolism, and can be seen as a reflection of the Tsimshian people's beliefs and way of life.

Sources
External links
Tsimshian Creation Myth ↩ ↩ ↩ ↩ ↩ ↩ ↩ ↩ ↩ ↩ ↩ ↩ ↩ ↩ ↩ ↩ ↩ ↩ ↩ ↩ ↩ ↩ ↩ ↩ ↩",0.8087436906460457
Nature,33,0.5,"The answer is: ...came down from the mountain. They were hungry, and they were thirsty. They came upon a valley where there was a rural settlement. In the midst of this valley there was a large pond. They went into the village and they asked for food and drink. The people of the village fed them and they drank from the pond. The next day, two men from Egulac went back to the village and they brought gifts. They brought gifts of corn and they brought gifts of meat. And the people of the village were pleased.

Information
This is a story from the Ojibwe nation. It is a story of hospitality and of generosity. It is a story that shows how the Ojibwe people lived in the past. The people in the story are not named. The story is told in the third person. The story is told from the point of view of the people in the village.

Source
This story is told in ""The Ojibwa of Lake Superior"" by John Richardson.


== References ==  external links
""The Ojibwa of Lake Superior"" by John Richardson 🔗 🔗 🔗 🔗 🔗 🔗 🔗 🔗 🔗 🔗 🔗 🔗 🔗 🔗 🔗 🔗 🔗 🔗 🔗 🔗 🔗 🔗 🔗 🔗 🔗 🔗 🔗 🔗 🔗 🔗 🔗 🔗 🔗 🔗",0.7461057122308641
Nature,34,0.5,"The answer is: ...came down from the mountain. They were hungry, and they were thirsty. They wanted food and drink. Where could they find these things? They went to the village of Kainai, for that was the only place where such things could be had.

The two men were Ishkote and Wapiskon, brothers of the Red Horn tribe of the Blackfoot confederacy. Ishkote was the chief of the Red Horns. Wapiskon was his younger brother, and he was the war chief. The two brothers had come down from the mountain because they had heard that a great feast was being prepared in Kainai, and they wanted to make sure that their people were properly represented at this feast.

But when Ishkote and Wapiskon arrived in the village, they were not welcomed. The people of Kainai did not like the Red Horns. They thought that the Red Horns were foolish. They thought that the Red Horns were weak. And so the people of Kainai refused to give the Red Horns any food or drink. Ishkote and Wapiskon were angry. They were humiliated. And they decided to leave the village and return to the mountain.

But as they were leaving, Ishkote turned to the people of Kainai and he said, ""You may refuse to give us food and drink, but we will not go away empty-handed. We will take our revenge."" And with that, Ishkote and Wapiskon left the village. They went back to the mountain, but they did not go alone. They gathered all of the Red Horns, and they rode out to face the people of Kainai.

The battle was fierce, but the Red Horns were outnumbered. They were tired, they were hungry, and they were thirsty. But Ishkote and Wapiskon were fierce warriors",0.7902047750808567
Nature,35,0.5,"The answer is: ...came down from the mountain with lit torches to warn the village of an approaching storm. They were followed by a third man, who was left behind. The next morning the villagers went out to look for him, but he had disappeared. They went up to the mountain and followed the path to a cave, where they saw him sitting with two other men. One of these was an old friend of his, but the third was an enemy of the village. The two friends went with the villagers back to the village, but the enemy stayed behind in the cave. The narrator reflects that sometimes people are lost, and sometimes they are lost and then found again.

Notes
The source for this story is a rock carving in the Rocky Mountains, Canada, found and transcribed by George Hunt. The carving is located on a rock face on the north side of a canyon in the Similkameen National Park. The carving was transcribed by George Hunt in 1959.

See also
List of rock carvings in Canada

References
External links
Similkameen Rock Carvings  website ® 2021 Similkameen National Park Society. All rights reserved.
The Rocky Mountain Carvings  website ®  George G. Hunt, 2021. All rights reserved.
Snowwater One  website ® 2021 scan7.com. All rights reserved. ↩︎
2021-04-16T22:59:56.000Z · 332217797Citations
""One night two men from Egulac"". The Rocky Mountain Carvings. George G. Hunt. April 16, 2021. ↩︎
2021-04-16T22:59:56",0.705441378753997
Nature,36,0.5,"The answer is: ...came down from the hills, and, finding the house of Kiasutuqua empty, they took possession of it, saying that it was theirs.  They were brought up on a charge of burglary, and, as soon as they entered the court, they rose and addressed the judge as follows:

""We come from Egulac.  We have traveled a long time to be here.  We have seen many strange things.  We have seen the Great Salt Lake, and we have seen the Great Salt Lake Desert.  We have seen mountains that the white men call the Rocky Mountains, and we have seen the snow-fields of the Sioux.  We have traveled with the white men of the south and with the white men of the north.  We have traveled along the river of the great falls, and we have traveled on the river of the rocks.  We have traveled for a long time and we are tired.  We wish to rest.  We wish to stay here.  This is our land.  Our forefathers were here before your forefathers.  We have a right to live here.  We have a right to hunt here.  We have a right to fish here.  This is our land.  Give us possession of this land.  Give us possession of this country.""

The judge looked upon them with surprise, and asked them if they were Indians.  ""Yes,"" said they, ""we are Indians.""  The judge then asked them where they came from.  ""We come from the mountains of the Great Salt Lake,"" was the reply.  ""How did you come?"" asked the judge.  ""We came on foot,"" was the answer.  ""How long did it take you to come?"" asked the judge.  ""It took us four days to come,"" was the reply.  ""Where is your tribe?"" asked the judge.  ""We are the tribe,"" was the answer.  """,0.7719986819041654
Nature,37,0.5,"The answer is: ...came down from the mountain. They were hungry, and they were thirsty. They saw a light in the sky, and they followed it. It led them to a cabin near the Gap. The door was open, and there was a table set for four. On the table were four plates, four cups, and four bowls. There was also a pot of stew on the fire. The men from Egulac sat down to eat. But as they finished the last of the stew, they heard a noise.

They turned around, and there were four more men at the door. ""Who are you?"" said one of the new men. ""We are from the village,"" said one of the first men. ""We have brought you some stew, for we are your friends."" The two groups of men sat down to eat the stew together. They finished the meal with a smoke, and then the four men who had come from the village left. The two men from Egulac heard a noise again, and this time it was someone singing. They followed the sound, and they came to a cave at the Gap. In the cave was a great feast, and all of the people of the Gap were there. They welcomed the two men from Egulac, and they ate and they danced all night long. And when the morning came, the two men from Egulac went back up the mountain, and they never returned. But the people of the Gap never forgot them. They told the story of the two men who came down from the mountain, and they said, ""One night two men from Egulac came down from the mountain, and they changed our lives forever.""

Notes
This story is told in the Tlingit language as ""Ka Xutsasutsi."" It is a story of hospitality and friendship, and it is often told to emphasize the importance of these values. The story can be found in the collection",0.8460679247990479
Nature,38,0.5,"The answer is: ...came down from the hill and went into the camp. They were followed by nine or ten other men, and soon all had arrived. They came from the village of Egulac, on the south shore of Lake Superior. The men were Iroquois. They told the Giver of Stories that they had come to ask for his help.

The Giver of Stories
The Giver of Stories, or Manitou, was a supernatural being who lived in the rocks near the mouth of the River St. Louis, where it enters Lake Superior. The people of the Upper Great Lakes region of North America tell stories about him. In the stories, the Giver of Stories helps people when they are in trouble, but he helps in a special way. He gives stories to people so that they will remember the lessons of the stories.
The people who tell these stories are the descendants of the people who first settled the area around the Great Lakes long ago. They are the Iroquois, the people of the Iroquois Confederacy. The stories were passed down from the first Iroquois leaders, such as Hiawatha, who lived many, many years ago. The stories are an important part of the Iroquois culture. They teach Iroquois children about the world and help Iroquois adults to understand the world.

The story of the Egulac Iroquois
This is the story of the Egulac Iroquois. A long time ago, the Iroquois lived in the village of Egulac on the south shore of Lake Superior. They were hunters and gatherers. They fished for fish and gathered wild fruits and vegetables. They lived in longhouses with large families. The families were related to one another in clans. The clans were part of the Iroquois Confederacy.
One winter, the food was scarce. The Iroquois",0.7485851573193831
Nature,39,0.5,"The answer is: ...came down from the mountain. They were hungry, and they were thirsty. They went to a lake called Llyn Llydaw, and they drank the water in the lake. Then they went to a cave and they saw a light. And there were many people inside, and they were singing and dancing. The two men were very happy. They joined the people in the cave, and they danced and sang with everyone else. But then the two men had to leave the cave, and they went back up the mountain. And from that time, they never forgot the light in the cave, and they told everyone they met about the light, and where it could be found.

The story of the two men is a part of the Tylwyth Teg, or the Fair Folk, a body of legends and stories about the supernatural beings who live in Wales. According to the story, the two men were out hunting one night, when they were attacked by a group of murderous giants. They managed to escape, and they made their way to the top of a mountain, where they were safe. But they were tired and hungry, and thirsty. And that is when they found the light in the cave, and the people inside.

The story of the two men is just one of many tales about the Tylwyth Teg. Another popular story involves a man who was out walking one night, and he came across a well. And he was tired and thirsty, so he drank the water in the well. But as he was walking away, he heard a voice behind him. And the voice said, ""You have offended the Fair Folk, and you must come back and drink the water in the well again, or you will never find your way home."" The man turned around and went back to the well, and he drank the water again. And then he was safe, and he went on his way.

There are many different versions",0.6398551975799791
Nature,40,0.5,"The answer is: ...came down from the mountain. They were hungry, and they saw a light in the sky. They went toward it, and it became a great feast. Afterward, they returned to the camp, and the people asked them, ""What happened?"" They said, ""We have seen the Star People.""

Explanation
This is a reference to the constellation of Orion. The story is told in the Tłöngeyyu dialect of the Tlingit language. The word for ""Star People"" is spelled ""steloh"" in the Tlingit Orthography Project's proposed standard orthography, but is spelled ""Stelo"" in the alternative orthography used on this website.

Orion
Orion is a constellation of stars that form a belt around the central figure of Rigel, which is the brightest star in the constellation. The second brightest star is called Betelgeuse. In the Tlingit creation story, Rigel is the father of the Raven, and Betelgeuse is the father of the Eagle.

Gweyi
Gweyi is the Tlingit name for the Milky Way. According to one Tlingit legend, Gweyi is the road on which the frog people live. Another legend says that Gweyi is the road on which the chief of the frog people, Iga, lives. Iga is also known as the Frog Prince or as Kiyi.

See also
Tlingit mythology
Tlingit people

References
External links
""Tlingit Creation Story"". Retrieved 24 November 2011. ↩ ↩ ↩ ↩ ↩ ↩ ↩ ↩ ↩ ↩ ↩ ↩ ↩ ↩ ↩ ↩ ↩ ↩ ↩ ↩ ↩ ↩ ↩",0.738520024126804
Nature,41,0.5,"The answer is: ...came down from the mountain. They were hungry, and they were thirsty, and they were cold. So they went into the village and they started to raid the houses.
They took an old woman from one house, and they took an old man from another house. They put them in a big pot and they cut them up into pieces. Then they put the pot over a fire and they boiled the old woman and the old man.
But as they were eating, the two men from Egulac heard a noise. It was the noise of many people coming towards them. It was the noise of people who were angry.
The two men from Egulac put down their forks. They put down their knives. They put down their plates. They got up from the table. They went outside.
There were many, many people coming towards them. The people were angry. The people were shouting. The people were screaming.
The two men from Egulac ran. They ran up the hill. They ran down the hill. They ran into the forest. They ran as fast as they could go.
But the people caught them. The people grabbed them. The people held them. The people beat them. The people kicked them.
Then the people took the two men from Egulac and they put them in a big pot. They cut them up into pieces. They put the pot over a fire. They boiled the two men from Egulac.
And so, the two men from Egulac were dead. They were dead and they were in the pot. But their fate was better than the fate of the old woman and the old man who had been put in the pot earlier.
At least the two men from Egulac had been killed quickly. At least they had not been boiled to death.

Notes
This is a story from the Ojibwe people. It is a story about the meaning of life. It is a story about",0.8373365882779746
Nature,42,0.5,"The answer is: ...came down from the mountain. They were hungry, and they saw a light in the sky. They went towards it, and it became a great feast. Afterwards, they returned to their people and told them what had happened. From that time on, the two men went on living at the foot of the mountain, and they were always happy and content.

This is a version of the story of the Two-Spirit People as told by the Ojibwe people of Manitoba, Canada. According to this story, the Two-Spirit People are special because they can see the light of the Spirit World. The Two-Spirit People are also special because they can go to the Spirit World and bring back knowledge and power from the Spirit World. In return, the Two-Spirit People must live their lives in a special way. They must live their lives with respect for all living things. They must live their lives in a way that shows gratitude to the Spirit World.

The Ojibwe people believe that there are two kinds of spirits: the Evil Spirit and the Good Spirit. The Evil Spirit is always trying to lead people astray. It wants people to do things that are harmful to themselves and to others. The Good Spirit, on the other hand, leads people to the right path. It helps people to do things that are good and healthy. According to the Ojibwe people, the Two-Spirit People are special because they can see both the Evil Spirit and the Good Spirit. They can see which way people are going, and they can join with the Good Spirit to help people stay on the right path.

The Ojibwe people also believe that there is a time when the Spirit World is closer to the Physical World than usual. This time is called the Dreamtime. During the Dreamtime, the boundary between the Spirit World and the Physical World is thin. This means that during the Dreamtime, people can learn things that they couldn'",0.8634658879494015
Nature,43,0.5,"The answer is: ...came down the river in a canoe. They landed at Saskatoon House, which was then a fur post. The men were John McNeill and James Murray. They had come from Fort George, present-day Hudson's Bay, in present-day British Columbia. The Saskatoon House was a part of the Hudson's Bay Company and was originally built as a trading post but later became a way station for mail and supplies. The two men brought with them mail for the York Factory and messages for the North West Company. The Saskatoon House was a common landing place for ships going up the river. The crew would come ashore and take on firewood and fresh water and then continue upriver.

Two days later
The two men went on upriver to the Carlton House, which was then the headquarters of the North West Company at present-day Winnipeg. There they found William McGillivray, the manager. He gave them a note to take to Fort Garry, which was then the capital of the Hudson's Bay Company. The note was to tell the governor, John McGillivray, that William's brother had arrived and was ready to take over the management of the North West Company.

Springtime in the spring
In the spring of 1822, John McNeill and James Murray returned to Saskatoon House. They came in a canoe with two women. One was Murray's wife, Elizabeth. The other was a woman named Alice Marsh. She was the widow of John Marsh, who had been the manager of the North West Company at Fort Vancouver. What happened (in detail)? [/INST] The answer is: John McNeill and James Murray had come from Fort George, present-day Hudson's Bay, in present-day British Columbia. They had brought with them mail for the York Factory and messages for the North West Company. They left Alice Marsh",0.7402551066144045
Nature,44,0.5,"The answer is: ...came down from the mountain. They were hungry, and they saw a light in the sky. They went towards it and saw that it was a bonfire. And they were afraid, for they knew that no fire could be kindled on Raven's evening. And suddenly they heard a voice speaking to them in their own language, and it said:

""Fear not, my children; this is not Raven's fire. This is the fire of the Great Spirit. See how the stars shine in the sky. They are the spirits of my children. See how they come down and enter the fire. That is the way you must enter life.""

Then the two men entered the fire and became stars. And the Raven, seeing them rise towards the sky, knew that they were dead. And he said:

""At last, two more stars. How few are left to me.""

The Star People
The Star People are the ancestors of the Tlingit people. They live in the sky world, and sometimes they come down to the earth world to visit their descendants. Sometimes they come to help people, and sometimes they come to take people away. But they always come in dreams, or in the stars.

The House of Light
The House of Light is where the Star People live. It is a round house, and it is very beautiful. The roof is made of star canoes, and the sides are made of white clamshells. Inside there is a fire, and around the fire are sitting benches. On the ceiling are pictures of stars and constellations. Sometimes people dream of this house.

The Three Wishes
The Star People have the power to grant three wishes to anyone they choose. But they only give this gift to people who are in great need. And sometimes they do not give it at all.

Raven and the Star People
Raven is jealous of the Star People. He wants to be the only",0.815410982455709
Nature,45,0.5,"The answer is: ...came down from the mountain to make a surprise attack on the camp of the enemy tribe, the Coxsone people, who were located near the mouth of the Fraser River. The two men crept into the camp just before daybreak, killing four of the sleeping Coxsones with their poisoned arrows. Then, as the sun rose, they made their way back to Egulac, triumphant in their successful attack.

The story
The story of the two men from Egulac is part of the Tlingit Oral Tradition, the collection of stories, myths and legends told by the Tlingit people. The tale is told in many variations, but the basic story remains the same: two men go on a secret mission to kill the enemy and return home victorious.

Poisoned arrows
The idea that the arrows were poisoned is important to the story, setting it apart from other tales of surprise attacks. Poisoned arrows are also used in other Tlingit stories, such as the story of the Raven and the Box of Daylight, where the poisoned arrows of the enemy tribe, the Tasmanians, are used to kill the Raven's wife, who has become a bear.

Egulac
Egulac is a village on the north shore of Llyn Egryn, Wales, and is part of the Snowdonia National Park. The village is also known as Ynysymaengwyn, and the national park is also called Parc Cenedlaethol Eryri. The village is not a traditional Tlingit settlement, but is part of the modern Tlingit diaspora, the spread of Tlingit people and culture beyond the traditional homelands. The Tlingit people have migrated from Alaska to places as far away as Chile and New Zealand, carrying their culture and language with them. Many Tlingit people have",0.7247344006155394
Nature,46,0.5,"The answer is: ...came down from the mountain. They were hungry, and they were thirsty. They saw a light in the distance and made their way towards it. When they arrived, they saw that it was a camp of men who were also from Egulac. They asked for food and water, and the men at the camp gave it to them. The two men then decided to stay and work with the group for the rest of the harvest.

This is a passage from a fictional work, Black God's War by S. Andrew Vachal. What happened (in detail)? [/INST] The answer is: It is a Native American historical fiction novel that tells the story of the Neutral Nation and their fight against the French and British in the 17th century.

References
External links
www.amazon.com : Black God's War ↩ ↩ ↩ ↩ ↩ ↩ ↩ ↩ ↩ ↩ ↩ ↩ ↩ ↩ ↩ ↩ ↩ ↩ ↩ ↩ ↩ ↩ ↩ ↩ ↩ ↩ ↩ ↩ ↩ ↩ ↩ ↩ ↩ ↩ ↩ ↩ ↩ ↩ ↩ ↩ ↩ ↩ ↩ ↩ ↩ ↩ ↩ ↩ ↩ ↩ ↩ ↩ ↩ ↩ ↩ ↩ ↩ ↩ ↩ ↩ ↩ ↩ ↩ ↩ ↩ ↩ ↩ ↩ ↩ ↩ ↩ ↩ ↩ ↩ ↩ ↩ ↩ ↩ ↩ ↩ ↩ ↩ ↩ ↩ ↩ ↩ ↩ ↩ ↩ ↩ ↩ ↩ ↩ ↩ ↩ ↩ ↩ ↩ ↩ ↩ ↩ ↩ ↩ ↩ ↩ ↩ ↩ ↩ ↩ ↩ ↩ ↩ ↩ ↩ ↩",0.8415366983749347
Nature,47,0.5,"The answer is: ...came down from the mountain. They were hungry, and they were thirsty. They went to a lake called Llyn Llydaw, and they drank the water in the lake. And then, for food, they ate some grass.

The story
This is the story of how the people of Egulac were fed after the great famine. According to the story, a great famine had struck the area and everyone was starving. Two men from Egulac went up to the mountain, to a place called Pen y Castell, and they prayed to the spirits of the mountain. And the spirits of the mountain heard their cries, and they came down in the form of three spirits. One spirit was called Pen Llau, another was called Pen Tros, and the third was called Pen Gwern.
These three spirits went to work building a new village for the people of Egulac. Pen Llau built a house where the people could eat, Pen Tros built a house where the people could rest, and Pen Gwern built a house where the people could be healed. But the people were still hungry, and that is when the three spirits went to the lake Llyn Llydaw and fished out the salmon that would feed the people.
After the three spirits had done all this, they went back up to the mountain, to the place called Pen y Castell. And the two men who had gone up to the mountain, they thanked the spirits for helping them. And the spirits said, ""We will help you always, as long as you remember that we are here.""

The end
And that is the story of how the people of Egulac were fed after the great famine. Some say that the spirits of the mountain came down and helped the people because the two men who went up to the mountain were kind and gentle men. Others say that the spirits came because the people of Egulac had always",0.722609013216327
Nature,48,0.5,"The answer is: ...came down from the mountain. They were hungry, and they were thirsty. They went to a lake, and they saw their reflection. ""Who are those people?"" one of them asked. ""Those are the people,"" the other replied. ""What are they doing?"" ""They're dancing.""

This is a story from the Tlingit people, told by either Chief Moote or Chief Ooheenanoo of the Tlingit tribe. It is a story of self-discovery, a story of a people who danced their way into being.

Tlingit creation story
The Tlingit people are one of the many indigenous groups of North America. Like many other indigenous groups, they have an oral tradition, in which their history, culture, and stories are passed down from one generation to the next. There are many variations of this story, but this is one version of the Tlingit creation story:

Long ago, before there were people, there were only spirits. The spirits lived in the forests, the rivers, the lakes, and the mountains. They lived in the wind, the rain, and the snow. Sometimes the spirits would come together and form a person. This is how the first people were created.

There was a time when all the animals and birds, all the creatures that live on land, in the water, and in the air, came together in a great council. They talked about many things, but the most important thing they talked about was how to help the people. They decided that each tribe would give a gift to the people. The gifts would be special powers that would help the people live on the land.

The Raven brought the gift of speech. He taught the people how to use words to tell stories, to make laws, and to sing songs.

The Beaver gave the gift of industry. He taught the people how to build homes, to make tools, and to work with wood",0.8473178207678909
Nature,49,0.5,"The answer is: ...came down from the mountain. They were hungry, and they were thirsty. They went to a lake called Loon Lake. But as they approached the lake, they saw that there was a man sitting there, alone, and he was also watching the moon.

This is the beginning of a story told by the Tsimshian people, a First Nation of the Tsimshian and Kwakwaka'wakw peoples of the Northwest Coast of British Columbia and Washington state. The story is a warning about the dangers of alcohol.

The three men were friends. They lived in a village near the lake. One was a carpenter; one was a hunter; one was a storyteller. The carpenter made a canoe for the three of them to use. The hunter went out and brought back food. The storyteller told a story, a story of long ago, when the ancestors of the Tsimshian people lived at a place called Welcoming House.

A long time ago, the people of Welcoming House were happy and content. They lived in peace and prosperity. But then, one man among them began to change. He started to drink. And as he drank, he became angry and violent. He began to hurt his friends and family.

The other men tried to help their friend. They took him to the forest and built a sweat house. They put him in the sweat house and poured water on the roof. They prayed to the spirits of the forest. But their friend would not listen. He broke away from his friends and went off into the forest.

The man who drank went to a place called Grizzly House. There he met other drunks. They drank together and sang drunken songs. But soon the drunks began to fight among themselves. One man was stabbed. Another was beaten. The fight spilled out into the forest.

Meanwhile, the two",0.8366040367780123
Nature,50,0.5,"The answer is: ...came down from the mountain. They were hungry, and they were thirsty. They came upon a village where a feast was being prepared. The people of the village took them in. They were fed and they were given something to drink. Then, and only then, did they tell how they had been stranded there for many days and that no one had taken them in before. The people of the village felt ashamed, and they kicked the two men out of the village.

This story is from the Ojibwe nation. It tells us that hospitality is important, but it is also important to be patient and not judge others too quickly.


== References == == External links ==  http://www.ojibwe.com/stories/egulac.html  https://www.native-american-stories.com/stories/egulac.html  https://ojibwe.tribe.so/stories/egulac  https://treatymedia.com/stories/egulac/  https://www.amazon.com/Two-Men-Mountain-Ojibway-Story/dp/1772785797  https://www.goodreads.com/book/show/2212141.Two_Men_From_the_Mountain  https://www.worldcat.org/title/two-men-from-the-mountain-an-ojibwe-story/  https://archive.org/details/two.men.from.the.mountain.an.ojibwe.story/  https://www.academia.edu/2212141/Two_Men_From_the_Mountain_An_Ojibwe_Story  https://www.jstor.org/stable/10.1353",0.8251589200505131
Nature,51,0.5,"The answer is: ...came down from the mountain. They were hungry, and they saw a light in the sky. They went towards it and saw that it was a bonfire. They went towards the fire and saw that it was guarded by four men. One of the men spoke to them. He said, ""We are the guardians of the fire. You have come a long way. You must rest. Tomorrow we will give you food."" The two men lay down near the fire. They were very tired. They had walked all day and night. They fell asleep. In the morning the guardians of the fire gave them food. It was a kind of bread. It was very good. The two men ate and then thanked the guardians. They left the bonfire and went back up the mountain. As they were leaving, one of the guardians spoke to them. He said, ""Tomorrow two more men will come. You must tell them to come to the bonfire. We will give them food and rest."" The two men promised that they would tell the other two men. They went back to Egulac and told the other two men what had happened. They said, ""We must go to the bonfire. It is near the village of Pointe-au-Pierre."" The four men went to the bonfire. They were happy to see that there was enough food for everyone. They ate and they talked. They told stories. The four men enjoyed each other's company. When the four men finished eating, the guardian of the fire spoke. He said, ""There is a cave near here. Let us go and see what is inside."" The four men went to the cave. They found many interesting things inside. They found pottery, and tools, and bones. They explored the cave and then they returned to the bonfire. They told stories some more and then they went to sleep. In the morning the four men went back to their homes. They were happy. They had had",0.8043041913075792
Nature,52,0.5,"The answer is: ...came down from the mountain. They were hungry, and they were thirsty. They came upon a valley where there was a village. In the village was a lit window, and they went towards it.

Inside was an old woman sitting before a fire. She was baking bread. She looked up and saw the two men coming towards her. She screamed. The men were frightened. They had never seen an old woman scream before. She screamed again, and then she laughed. She beckoned them towards her. They came nearer. She pointed to the bread. ""Eat,"" she said. ""You are very hungry. Where are you from?""

One of the men said, ""We are from Egulac.""

""Ah,"" she said. ""You are my children.""

The two men looked at one another. They had never heard an old woman make such a statement before. ""How can we be your children?"" one of them asked.

""You are my children,"" she repeated. ""I carried you in my belly for nine months. I gave you life. I am your mother.""

The two men were silent. They had never thought of an old woman as their mother before. ""Who are you?"" one of them asked.

""I am your mother,"" she answered. ""I am the one who gives life. I am the one who is always there when you need me. I am your mother.""

The two men looked at one another. They were hungry. They were thirsty. They were children. They had never thought of themselves as children before. They began to cry. They wept and wept. They were afraid of the future, of the unknown. They were afraid of dying. They wept and wept.

The old woman watched them. She sighed. ""There is much that I want to tell you,"" she said. ""But words are not enough. I will show you. I will",0.8220807907355048
Nature,53,0.5,"The answer is: ...came down from the hills, armed with rifles and hatchets. They went to the cabin of James Smith, woke him and his wife, and told them that they had come to ""take a squaw."" James Smith's wife, Mary, was an Ojibwe woman. The two men were Henry and John, sons of Charles Livingston Marshall, the white man who had brought them up. They had come to take Mary away to the white man's world.

The context
This is the opening scene of the novel Mary's Story, the fourth novel in the Man Booker Prize-winning series of historical novels by Canadian author Richard Wagamese. The novels follow the lives of three generations of the Marshall family, white and Ojibwe, as they struggle to understand each other and find their place in the world.

Characters
James Smith is an Ojibwe man who has assimilated to the white man's ways. He has a successful farm and a cabin in the bush near Mud Lake, Ontario. He and his wife, Mary, have two grown sons, George and Joseph.
Henry and John are the sons of Charles Marshall, a white man, and they have come to take Mary away to the white man's world.

Symbolism
The title Mary's Story suggests that this novel will tell the story of Mary Marshall, but it is really the story of three generations of Marshalls: Charles, Mary, and George. It is also the story of the conflict between the white man's world and the Native American world, a conflict that destroys the Marshall family.
The cabin at the edge of the woods is a microcosm of this conflict. It represents the line of demarcation between the two worlds, and no one who enters the woods intends to return. The woods are the land of the Native Americans, and the cabin is the land of the white men. The conflict is further",0.8491268249362177
Nature,54,0.5,"The answer is: ...came down from the mountain. They were hungry, and they saw a light in the sky. They went towards it and saw that it was a campfire. But when they got closer, they saw that it was not a campfire at all, but the Northern Lights.

The story of the Egulac twins is a part of the oral tradition of the Tlingit people of the Yukon. According to one version of the story, the two men were actually brothers who were out hunting. Another version says that they were out fishing, and caught a salmon that was so huge that they had to carry it on a sled. In both cases, the brothers were exhausted, and decided to rest for the night. They built a fire to keep warm, and fell asleep. When they woke up, they saw that the salmon was still on the sled, but that the meat was gone. They followed the trail of the salmon until they came to a lake. There, they saw a huge beaver, with a tail as long as a tree trunk. The beaver dived into the water, and the brothers followed it, diving after it again and again, trying to catch it. But the beaver was too fast, and it escaped each time. Finally, the beaver led them to a cave, and as they entered, they were surrounded by beavers, and they knew that they were in danger. In some versions of the story, the beavers attack the brothers, and in others, they simply surround them. Regardless, the brothers were trapped. Just as they were about to be killed, they were saved by a group of hunters who had been tracking the beavers. The hunters drove the beavers away, and the brothers were free. But as they left the forest, they looked back and saw that the beavers had turned to stone.

There are several different versions of this story, and it is possible that there was",0.7542388666694213
Nature,55,0.5,"The answer is: ...came down from the mountain. They were hungry, and they were thirsty. They came upon a little lake, and they drank the water from the lake. They folded their hands, and they prayed to the Great Spirit in the language of the Red Man.

Background
This is a section of a wood carving that was found in a cave near Egulac, British Columbia. The carving was made by an unknown artist, and the date is unknown. The carving shows two men in the traditional garb of the native people of the area, each with a spear and a shield. One man is kneeling, and one is standing. They both have feathers in their hair.

Interpretation
The interpretation of this carving is open to much interpretation. However, it is clear that the carving was made by a native artist, and that it contains a spiritual message. The two men may represent two aspects of the Great Spirit, or they may represent two people who had a special relationship with the Great Spirit. The water in the lake may represent the water of life, or it may represent the tears of the people. The feathers in their hair may represent their connection to the birds, and the spears and shields may represent their need for protection.

Significance
This carving is significant because it is a rare example of a native work of art that has survived the test of time. It is also significant because it shows the native people in a spiritual context, which is not often seen in native art. Finally, it is significant because it was found in a cave, which is a special place in native culture.

References
External links
Pacific Peoples' Partnership ↩︎ ↩︎
Native American Cave Art ↩︎ ↩︎
Art of the Native Americans ↩︎ ↩︎

Map sources for Egulac, British Columbia ↩︎ ↩︎

External links
Canada",0.7946695605654831
Nature,56,0.5,"The answer is: ...came down from the mountain. They were hungry, and they saw a light in the sky. They went towards it and saw that it was a bonfire. They went back to their people and told them about the fire in the sky. Their people did not believe them. The men from Egulac decided to go back and see if the fire was really there. They went back to the spot where they had seen the fire, but it was no longer there. They looked around and saw a trail of stones. They followed the trail of stones and came to a cave. Inside the cave they saw four men who were also following the trail of stones. The four men were Coyote, Bobcat, Black Bear, and White Bear. The two men from Egulac were afraid, but Coyote spoke to them and told them not to be afraid. He told them that he and the other three spirits had seen them dying of hunger and had come to help them. He told them to gather wood and build a fire, and then he and the other spirits entered the fire. The two men from Egulac did as they were told and built a fire. The spirits gave them food and told them stories. When the men from Egulac were full, the spirits told them to go back to their people and tell them what had happened. The men from Egulac thanked the spirits and promised to tell their people about the fire in the sky. They went back to their people and told them everything, but their people did not believe them. The two men went back to the cave to see the spirits again, but when they got there, they found only a stone pillar. They touched the pillar and felt a great heat. They looked up and saw the four spirits coming towards them, but just as they were about to speak, a great wind came from the sky and carried them away. The two men returned to their people and told them what had happened, but their people still did not believe them. The",0.8315693454415954
Nature,57,0.5,"The answer is: ...came down from the mountain. They were very excited. ""Quickly,"" said one, ""let us go and tell the others."" So they rushed off to find the others and tell them the news.

The news was that a great disaster was coming. The mountain was going to explode. The two men had seen this in a vision. They had seen many things in visions. This was not the first time. They had seen the future many times.

But this time it was different. This time the disaster was so great that it would destroy the whole world.

The men went to the village and told the people. But nobody believed them. How could a mountain explode? That was ridiculous. Besides, there had been no signs. No tremors, nothing. Just two men with a strange story.

The men from Egulac tried to persuade the people. ""Think back to the time of the flood,"" said one man. ""Remember how the birds and the animals fled before the rains came? That was a warning. That was a sign. But nobody paid attention. Nobody believed. Now the mountain is going to explode and still nobody believes.""

But the people did not believe. They thought it was just a strange dream. Maybe the two men had eaten something strange. Maybe they had drunk something strange. Maybe they were just joking.

So the two men from Egulac left the village and went back to the mountain. They needed to warn the others. The others would believe them. The others would help.

As they were leaving, one of the men turned to the people and said, ""Remember the story of the two brothers. How one was kind and good and helped his neighbour when he was in need? And how the other was cruel and mean and would not help? Which of these two was loved by the people? Which of these two would be remembered?""

The people thought about this. They thought about all the stories",0.8133617578048212
Nature,58,0.5,"The answer is: ...came down from the mountain. They were hungry, and they were thirsty. They came upon a little stream, and they followed it till they came to a spring. They filled their canteens, and they filled their bellies with berries. A little way beyond was an old abandoned mine. In the mine shaft they found a pile of old papers. Among them was a map. It was a map of the area, and on the map was marked the location of a great number of mines. The two men looked at one another. They thought of the riches that could be found by working these mines. They thought of the power that would come from controlling these mines. They decided to keep the map a secret. They returned to their people, and they told no one of what they had found.

Time passed. The two men grew old. They grew tired. They grew sick. And they died. But before they died, they took the map and hid it in a safe place. Then they told their secrets to a young man who was to be their successor. He was to keep the map a secret. He was to wait until he was strong enough to use it. He was to watch over the mines. He was to watch over the two graves.

This is a story that was told to me by an old man who lived near me when I was a boy. I have forgotten his name. I have forgotten where I was. I have forgotten when it was. But I remember the story. I remember the map. I remember the two graves. I remember the mines. I remember the riches. I remember the power. I remember the secret. I remember the oath. I remember the promise. I remember the fear. I remember the pain. I remember the love. I remember the hate. I remember the lies. I remember the truth. I remember the beginning. I remember the end. I remember the middle. I remember the dream. I remember the nightmare.",0.779714063582756
Nature,59,0.5,"The answer is: ...came down from the mountain. They were hungry, and they were thirsty. They needed fire, and they needed shelter. They found a small cabin, and they broke in. A woman was inside, and she was alone. Her name was Magdalena, and she was a witch. She had a cauldron on the fire, and in the cauldron was a stew. It was a strange stew, with things in it that neither of the men from Egulac had ever seen before. One of them, he was curious, reached out and touched the stew. The woman screamed, and she pointed her finger at the man. He withered away, and he was gone. The other man, he was terrified, and he ran. He ran all the way back to the village, and he told everyone he saw about the horrible witch. No one believed him, and they all thought he was drunk. But he was sober, and he was desperate. He went to the chief of the village, and he begged for help. The chief thought about it, and he decided to go and see the witch himself. When he arrived at the cabin, the woman was alone, and she was sewing. She did not look up, and she did not speak. The chief told her that he had come to ask for her help. She looked up then, and she smiled. She told him that she had been expecting him. She told him that the men from Egulac were trouble, and that they had disturbed her. She told him that she could help him, but only if he promised to protect her. The chief agreed, and he went back to the village and told everyone that the witch was their friend, and that they must not hurt her. From that day on, the people of the village lived in peace. There was no more talk of the strange stew, and no one ever saw the two men from Egulac again. But sometimes, on quiet nights",0.8258634754340781
Nature,60,0.5,"The answer is: ...came down from the mountain. They were hungry, and they were thirsty, and they were cold. And one of them said, ""I'm going to go and see if I can find any water."" The other said, ""I'm going to go and see if I can find any firewood.""

The man who went to find water came back first. He said, ""There's a stream not far from here, just around the bend. I filled my canteen.""

The man who went to find firewood came back later. He said, ""I found a great pile of it, near a cave, but when I went to get it, there was a rock falling, and I saw a great beast. It was like a hornet, but it was as big as a horse. It stung me, and I ran.""

The two men went to the chief's lodge and told him what had happened. The chief said, ""Tomorrow, we'll go and see if we can find this beast, and we'll kill it.""

So the next day, the three of them went out, and they came to the place where the man had seen the beast. They looked in the cave, and there was the beast, as big as a horse, with hornets for eyes, and it was stinging two of the men. They ran, and the beast ran after them. They went back to the village, and the chief said, ""We'll make a circle, and we'll put our shields inside it, and we'll go out and drive the beast back.""

But the beast was too strong. It broke through the shields, and it stung many of the men. And then it ran away, back to its den.

The men went back to the chief, and they said, ""We've been defeated by the beast. We can't fight it.""

The",0.7870652000763301
Nature,61,0.5,"The answer is: ...came down from the mountain. They were hungry, and they were thirsty, and it was raining. They went into a cave, and there they saw a light. And there were stars in the sky, and the light of the stars was coming into the cave. The two men saw each other, and they were scared. One of them took a rock and threw it at the other. The other man ran out of the cave, and the first man followed. They went back to the village and told everyone else who had been there. They said, ""There are monsters in the cave."" Some people believed them, and some people did not. Some people went to see for themselves, and they saw the light in the cave, and they saw the stars, and they saw each other, and they were scared, and some of them believed, and some of them did not. But afterward people said, ""There are no monsters in the cave, only stars.""

Notes
This story is from the Ojibwe nation. The English translation is by Mary Rood.

References
External links
Ojibwe Stories  www.ojibgestor.com ↩ ↩ ↩ ↩ ↩ ↩ ↩ ↩ ↩ ↩ ↩ ↩ ↩ ↩ ↩ ↩ ↩ ↩ ↩ ↩ ↩ ↩ ↩ ↩ ↩ ↩ ↩ ↩ ↩ ↩ ↩ ↩ ↩ ↩ ↩ ↩ ↩ ↩ ↩ ↩ ↩ ↩ ↩ ↩ ↩ ↩ ↩ ↩ ↩ ↩ ↩ ↩ ↩ ↩ ↩ ↩ ↩ ↩ ↩ ↩ ↩ ↩ ↩ ↩ ↩ ↩ ↩ ↩ ↩ ↩ ↩ ↩ ↩ ↩ ↩ ↩ ↩ ↩ ↩ ↩ ↩ ↩ ↩",0.8847960222376245
Nature,62,0.5,"The answer is: ...came down from the mountain with rifles. They were hunting for game, as was their right. Two men from Egulac had the right to hunt anywhere they chose in the forest, as long as they did not hunt fur-bearing animals. These two men were hunting for deer. They saw a herd of deer across the river, on the other side of One Ton Lake. They went to their camp to get their canoe. When they got to the lake, they saw that the ice had not yet frozen. What happened (in detail)? [/INST] The answer is: It was still early in March. The two men decided to wait. They waited until the ice was thick enough to hold a canoe. One Ton Lake was known to be a lake that produced big deer. The two men from Egulac knew this. That is why they waited. They wanted a big deer.

The surprise
The surprise came in the early morning hours. It was a full moon night. The two men were asleep in their canoe, on the lake. They had fallen asleep while keeping watch over their lines. They were fishing for trout, as was their right. Two men from Egulac had the right to fish anywhere they chose in the forest, as long as they did not use nets. These two men used hooks and lines. They wanted to catch trout. They knew that trout could be caught at One Ton Lake. That is why they went fishing there.
The surprise came in the form of a group of men. A group of men were out on the lake, also hunting for deer. They had come from the nearby village. They had come across the ice from the north-west. The two men in the canoe woke up. They woke up startled. They did not know who these men were. They had not seen these men before. They had not seen anyone else on the lake. The two men in the canoe reached for their rifles.",0.770347151901503
Nature,63,0.5,"The answer is: ...came down from the hill and went into the camp. They were followed by four or five other men, who came from another camp. The three men who came from Egulac were very excited and said to the other Indians: ""We have killed a man today."" The other Indians did not pay much attention because they thought that the man had been killed in battle. Only when they saw the body did they realize that he had been murdered.

The murder
The victim was a man named Minwee, who was the brother of the chief of the Egulac band. Minwee had gone to the camp of the other band for counsel. The two bands had been at peace for a long time, and Minwee had gone to discuss some matters that concerned both bands. The two men who killed Minwee were called Ahenake and Chibob. Ahenake struck Minwee with a club while he was sleeping, and Chibob finished him off with an arrow.

The aftermath
After the murder was discovered, the two bands went to war. Many fights took place between the two groups, but there were no great battles. The fighting lasted for several days, and many men were killed. Finally, the two chiefs decided to make peace. The murder had been so shocking that both sides wanted to end the fighting. The two chiefs made a peace treaty, and the fighting stopped.

The investigation
The murder was a great mystery. No one knew who had ordered the murder of Minwee. Some people thought that the chief of the band who was Minwee's brother had ordered the murder. Other people thought that it had been ordered by the chief of the other band. Still others thought that it had been ordered by both chiefs. No one knew for sure.

The victim's burial
Minwee's body was buried in a secluded spot near the camp. His grave was marked with a tree, and the",0.9155640093123364
Nature,64,0.5,"The answer is: ...came down from the mountain. They were hungry, and they were thirsty, and they were cold. And one of them said, ""I'm going to go across the valley and see if I can find any food."" The other said, ""I'm going to go across the valley and see if I can find any water."" So they both went across the valley, and they both found a house. And both of them were invited in, and both of them were fed. And both of them had a good rest.
And in the morning, one of them went one way, and one of them went another way. And they never saw each other again. But from then on, every time one of them was hungry and thirsty and cold, he would think of that night and how good it was to have a friend to share the hardships with. And that's what friends are for, to help each other when you're hungry and thirsty and cold.

This story is from the Ojibway nation.

See also
List of indigenous peoples of Canada by band
List of indigenous peoples of the United States


== References == aoelck 2009, T. J. (2009). The Ojibwa People. ABC-CLIO. ISBN 9781598842961
""The Ojibwa People"". Britannica. 20 March 2017.
Gerber, Paul A. (1995). The Encyclopedia of World Cultures: Sixth Edition. Routledge. ISBN 978-0-8152-1161-0. 
Hirsch, Benjamin (2008). Abraham Lincoln and the Ojibwa: Historical Encounters and Cultural Connections. The History Press. ISBN 978-1",0.8604002115814975
Nature,65,0.5,"The answer is: ...came down from the mountain with deer meat. They were very happy about this and wanted to share their success with their friends. They decided to hold a feast and invited everyone they knew. The men who had brought the meat made a fire and began to cut the meat into strips. They hung the strips over the fire to dry. Then they took out their pipes and began to smoke. One of the men looked up and saw a cloud of smoke moving toward them. He watched as it came closer and closer, until finally it covered the sun. The men were afraid. They had never seen anything like this before. What happened (in detail)? [/INST] The answer is: Suddenly a great crash was heard and the men looked up just in time to see a plane crash into the mountain. The men were amazed. They had never seen an airplane before either.

Explanation
This story is from the Tlingit people. It shows how the Tlingit people were isolated from the rest of the world and how their world view was limited to their immediate surroundings. The story also shows how the Tlingit people were affected by the arrival of Europeans.


== References == External links
Plane crash sites in British Columbia  https://www.bcadp.ca/Aircraft_Crash_Sites/BC_Aircraft_Crash_Sites.html 🔗

== Further reading ==  external links
Tlingit  Wikipedia 🔗
Tlingit people  Wikipedia 🔗

== See also ==  Aircraft crash sites in British Columbia
Tlingit people  Wikipedia
Tlingit language  Wikipedia 🔗

== Notes ==  References

== References ==  Tlingit people
external link 🔗

== External links ==  Tlingit language
Tlingit language  Wikipedia ��",0.8577502525799742
Nature,66,0.5,"The answer is: ...came down from the mountain to make a surprise attack on the camp of the rival tribe of Minquas near Cahokia, Illinois. They crept up to the stockade just before midnight, prepared to shout a war cry and throw in a torrent of arrows, but as one of the men was lifting his arm to hurl the first arrow, a dog barked, the watchman cried ""Kentuck!"" and the Minquas were alerted. The Egulac warriors retreated to the forest, pursued by the Minquas who had time to arm themselves and form a defensive circle. The Egulac men were cornered near a marsh, and one by one they were either killed or captured. Only one Egulac warrior managed to escape.

References
Further reading
James P. Whitman, The Old Northwest: A History of the Early American Frontier, New York: W.W. Norton, 2001. ISBN 0-393-02966-3
Joseph G. Hewes, The Native Peoples of North America: An Illustrated Ethnographic Survey, New York: Thomas Y. Crowell Company, 1973. ISBN 0-690-09487-4

External links
James P. Whitman's homepage ↩︎ ↩︎

Map sources for Cahokia ↩︎ ↩︎ ↩︎ ↩︎ ↩︎ ↩︎ ↩︎ ↩︎ ↩︎ ↩︎ ↩︎ ↩︎ ↩︎ ↩︎ ↩︎ ↩︎ ↩︎ ↩︎ ↩︎ ↩︎ ↩︎ ↩︎ ↩︎ ↩︎ ↩︎ ↩︎ ↩︎ ↩︎ ↩︎ ↩︎ ↩︎ ↩︎ ↩︎ ↩",0.7845092502720985
Nature,67,0.5,"The answer is: ...came down from the mountain. They were hungry, and they saw a light in the sky. They went towards it, and suddenly they were lifted up into the air. They were carried over the water, and they saw a city. It was beautiful, and the people who lived there were happy. The men went to the gate of the city, and a guard came out. He looked at them, and he knew that the men were not from his city. He told them that they could not enter, and the men left. They went back to the mountain, and they told everyone what had happened. Some people believed them, and some did not. But the men knew that they had seen a vision, and they went back to the city many times. They learned a new language, and they became friends with the people of the city. And in time, the people of the city came down from the mountain and the two groups of people lived together happily ever after.

This is a version of the story of the ""Dreamtime"" of the Tasmanian Aborigines, as recorded by George Brown in 1891.


== References == External links


== Further reading ==  Bode, William J. (1978) The Tasmanian Aborigines. Melbourne: Oxford University Press.  Gunn, Ernest (1979) The People of Evil. Hobart: Tasmanian Historical Research Association. ISBN 0-85905-088-3.  Piddington, J.F. (1990) Tasmanian Aboriginal Ethnography. Sydney: University of Sydney Press. ISBN 0-86840-390-1.  Romaine, Colleen (1991) Tasmanian Aboriginal History. Melbourne: Oxford University Press. ISBN 0-19-506115-8",0.7845596363560885
Nature,68,0.5,"The answer is: ...came down from the mountain in British Columbia, carrying between them only a single gun. They went to a cabin near the village, and soon after came out shooting. The villagers hid, but one old man was hit and died. The police were called, and the two men were arrested. At the trial, the defence argued that the men had been shooting at a deer, and that the old man had been killed by a stray bullet. The judge found this story unlikely, and the men were convicted of manslaughter.

Notes
The story is told in The Trial of One Night Two Men, a play by George Borrow, based on an actual case. The play was first performed at the Aldwych Theatre, London, in 1881.

See also
George Borrow


== References == External links
Aldwych Theatre archives ↩︎ ↩︎ ↩︎ ↩︎ ↩︎ ↩︎ ↩︎ ↩︎ ↩︎ ↩︎ ↩︎ ↩︎ ↩︎ ↩︎ ↩︎ ↩︎ ↩︎ ↩︎ ↩︎ ↩︎ ↩︎ ↩︎ ↩︎ ↩︎ ↩︎ ↩︎ ↩︎ ↩︎ ↩︎ ↩︎ ↩︎ ↩︎ ↩︎ ↩︎ ↩︎ ↩︎ ↩︎ ↩︎ ↩︎ ↩︎ ↩︎ ↩︎ ↩︎ ↩︎ ↩︎ ↩︎ ↩︎ ↩︎ ↩︎ ↩︎ ↩︎ ↩︎ ↩︎ ↩︎ ↩︎ ↩︎ ↩︎ ↩︎ ↩︎ ↩︎ ↩︎ ↩︎ ↩︎ ↩︎ ↩︎ ↩︎ ↩︎ ↩︎ ↩︎ ↩︎ ↩︎ ↩︎ ↩︎ ↩︎ ↩",0.8416384185496425
Nature,69,0.5,"The answer is: ...came down from the mountain. They were hungry, and they were thirsty. They went to a lake called Llyn Llydaw, and they drank the water in the lake. Then they went to a cave and they saw a light. And they went nearer and nearer, and they saw that it was a campfire. And they said, ""Ah, we have found other people."" But when they came nearer still, they saw that the people were not like them. They had yellow faces, and their eyes were red.

Notes
This is a summary of the story ""The People of the Lake"" from The Tale of Tales of the Gweezhigoos, a collection of stories told by the Mi'kmaq people of Nova Scotia. The story is a cautionary tale about contact with outsiders, in this case, European settlers. The yellow faces may refer to the pale skin of settlers, and the red eyes may refer to alcohol consumption.

References
External links
""The People of the Lake"". Nova Scotia Museum. Retrieved 2009-02-11. ↩ ↩

Map sources for Egulac ↩ ↩

1. Map of Mi'kmaq territory with Egulac marked.
2. Map of Mi'kmaq territory with Egulac and Llyn Llydaw marked.
3. A more detailed map of Egulac and surrounding area. ↩ ↩

External links for The Tale of Tales of the Gweezhigoos ↩ ↩

""The Tale of Tales of the Gweezhigoos"". Nova Scotia Museum. Retrieved 2009-02-11. ↩ ↩ ↩ ↩ ↩ ↩ ↩ ↩ ↩ ↩ ↩ ↩ ↩ ↩ ↩",0.7240125652910067
Nature,70,0.5,"The answer is: ...came down from the hill. They were hungry, and they saw that there was much food in the village. They decided to take it. They went from house to house, taking what they wanted. They took the corn and the beans and the meat. They took the children too.
They put the children in a big pile, and one of the men said to the other: ""Let's see which of us can climb the highest."" One of them climbed a tree, and the other climbed a pole. The one who was climbing the tree said: ""I can climb higher than you."" The one who was climbing the pole said: ""No, I can climb higher still."" They argued about this for a long time, and then they decided to make a contest of it.
They built a tall pole, taller than either of the other trees or poles in the village. The two men climbed this pole, one on either side, and they fought each other with knives and hatchets. They fought all night, and in the morning one of them was killed. The other came down and took all the corn and beans and meat he could carry. He put the children in a basket and carried them all to the top of the hill.
In the morning the people of the village came down and saw that one of their children was missing. They went to the top of the hill and called and called, but no one answered. They went to the edge of the basket and looked, and there was the dead man lying. They took him down and buried him, and then they went to the house of the other man and took everything they could find. They took the children too.
One of the children said: ""My father was not a good man. He took things that did not belong to him. He even took my mother and my brothers and sisters. But he is dead now, and I feel sorry for him.""

Notes
This story is from the Ojibway nation.",0.8756652658881744
Nature,71,0.5,"The answer is: ...came down from the mountain. They were hungry, and they saw a light in the sky. They went towards it, and it became a great feast. Afterward, they returned to the camp, and the people asked them about the light. ""It was not a natural light,"" one of the men said. ""It was a light from another world.""

Explanation
This is a story from the Tsimshian people, told by Ellen Frankenberg in 1953. The story is a part of the Tsimshian culture, and is told to explain the origin of their potlatch feasts.

References
External links
Tsimshian Culture  www.tsimshian.com ‹br› ‹br› ‹br› ‹br› ‹br› ‹br› ‹br› ‹br› ‹br› ‹br› ‹br› ‹br› ‹br› ‹br› ‹br› ‹br› ‹br› ‹br› ‹br› ‹br› ‹br› ‹br› ‹br› ‹br› ‹br› ‹br› ‹br› ‹br› ‹br› ‹br› ‹br› ‹br› ‹br› ‹br› ‹br› ‹br› ‹br› ‹br› ‹br› ‹br› ‹br› ‹br› ‹br› ‹br› ‹br› ‹br› ‹br› ‹br› ‹br› ‹br› ‹br› ‹br› ‹br› ‹br› ‹br› ‹br› ‹br» ‹br» ‹br» ‹br» ‹br» ‹br» ‹br» ‹br» ‹",0.8552803681658432
Nature,72,0.5,"The answer is: ...came down from the hills, armed with shotguns. They entered the cabin and found nobody there. Only a fire was burning. They searched the nearby woods and found three men hiding in a tree house. The men from Egulac took them prisoner and brought them back to the cabin. They made them sit on the floor and then they started to chop wood for the fire. When the wood was piled up, one of the men from Egulac took a stick and started poking at the fire. Suddenly, a shot was heard and the man who was poking at the fire fell to the ground. The other two men jumped up and ran away.

Instructions
This is a fragment of a story from the Ojibwe people. The story is incomplete and may be continued in other stories. The story is told from the perspective of the person who was telling the story, who is not seen or heard in the story. The story takes place in the past and the people in the story are all male. The story contains the words ""Egulac"" (pronounced ay-goo-laas), ""cabin"", ""shotgun"", ""forest"", ""tree house"", ""prisoner"", ""poking"", ""fire"", ""wood"", ""chopping"", ""sticks"", ""shooting"", ""man fell to the ground"", ""running away"", ""panting"", ""heard a shout"", ""froze"", ""cold"", ""snow"", ""north wind"", ""tree trunk"", ""climbing"", ""hanging"", ""escaping"", ""pursued"", ""fled"", ""safe"", ""warm"", ""fire"", ""cooking"", ""smell of frying fish"", ""canoe"", ""river"", ""bank"", ""swimming"", ""cold water"", ""shivering"", ""hands"", ""knees"", ""toes"", ""nose"", ""ey",0.8054766361251933
Nature,73,0.5,"The answer is: ...came down from the hill and buried him [Huckleberry Finn]. We didn't know what to do with the body, so we just buried it. We didn't have no shovels, so we used the biggest things we could find. I remember one was a rail. We buried him right there beside the raft.

The burial of Huckleberry Finn is a scene in Mark Twain's The Adventures of Huckleberry Finn, occurring near the end of the novel. The burial is significant because it is the only time in the novel that Huck Finn, the novel's protagonist, is called ""Huckleberry"" by another character. It is also significant because it is the only burial in the novel.

Canon
In the novel, the burial of Huckleberry Finn is described thus:
""One night two men came down the hill with a stretcher, and they took him out of the cabin. They set the stretcher down by the raft, and then one of them took the lantern and looked in the cabin. He came out again and said:

""Well, he's dead, anyhow. What shall we do with him?""
""What do you want to do with him?""
""What do I want? Why, bury him, of course. What would you want?""
""Well, that's all right. I reckon he was a kind of friend, in a way. Anyhow, he was company, and I'm mighty glad I didn't have to go through that time alone. What shall we do with him?""
""Why, bury him, of course.""
So they took him out and buried him. We didn't know what to do with the body, so we just buried it. We didn't have no shovels, so we used the biggest things we could find. I remember one was",0.7849256711948128
Nature,74,0.5,"The answer is: ...came down from the hillside shouting and screaming. They were drunk, maybe on mushrooms or maybe on something stronger. They had been to the village to raid the wine and whiskey shelves in the store. When the police arrived, they just stood there shouting, ""We are Egulac. We are Egulac.""

The background
The story is from the Tlingit tribe of the Pacific Northwest Coast of British Columbia, Canada. The Tlingit people are one of the few remaining indigenous tribes in North America. Their traditional territory is the northwest coast of British Columbia, Canada, and the southeast coast of Alaska. The Tlingit people were one of the first tribes in North America to adopt the potlatch as a way of distributing resources.The word ""Egulac"" is not in the Tlingit language. It was added by the translator, Reverend John Stewart, in 1854. In the Tlingit language the name is spelled ""Gudanga"". In 1859, the name was translated by A.K. Davis: ""We are of the Gudanga tribe."" In 1878, the name was translated by John Mackay: ""I am of the Gudanga tribe."" In 1884, the name was translated by Robert Buckland: ""My tribe is Gudanga."" In 1890, the name was translated by Walter Panfilov: ""I belong to the Gudanga."" The name of the tribe is usually spelled ""Gudanga"" or ""Kudanga"". The spelling ""Egulac"" was used by the Canadian government in 1901.

Name and meaning
The name of the tribe, ""Gudanga"", may be translated as ""those who have the good fortune to find and eat salmon"". The tribe's name is based on the Tlingit belief that people are",0.7667705547893964
Nature,75,0.5,"The answer is: ...came down the river in a canoe. They landed at Split Rock, which is near the present day town of Pigeon Bank, Ontario. They went up to the cabin and told us that we had to leave. We had been there for seven years. We were squatting on their land. They said, ""You have to leave or we'll shoot."" We left. That was in 1650.

Background
The people who lived at Split Rock were part of a group of Native Americans who lived in the area of present-day Lake Huron. They were a part of the Neutral Nation, which was a confederation of several tribes. The Neutrals were one of the most powerful groups of Native Americans in the eastern woodlands at the time. The Neutrals were eventually pushed westwards off their lands by the expanding French and English colonies.

The people at Split Rock were also related to the people at nearby Gull Island, who were part of the Erie Nation. The Erie were the most powerful tribe in the area at the time, but they were eventually pushed southwards off their lands by the expanding Neutrals.

History
In 1649, Samuel de Champlain explored the area, but he did not find any Native Americans. However, he did find their tools and weapons, and he wrote in his journal that the area was inhabited by people from the Neutral Nation.
Champlain's expedition led to the beginning of the French colonization of the area. The French built forts and missions in the area, and they began trading with the Native Americans. The Native Americans taught the French how to fish for cod and how to survive in the winter. The French called the area ""New France"".

In 1653, the Neutrals were pushed southwards off their lands by the expanding Erie Nation. The Neutrals sought",0.8112009593777262
Nature,76,0.5,"The answer is: ...came down from the mountain. They were hungry, and they were thirsty. They went into the village and they saw a light in the window of a house. They went closer to see what was happening and they saw a man and a woman sitting at a table. The woman was sewing and the man was carving a figure out of wood.

The man at the window was Francis Bernard, the wood carver. The couple invited the two strangers in from the cold. They sat by the fire and warmed up. Then Francis Bernard offered his guests something to eat and something to drink. While they were eating, Francis Bernard asked them where they came from.

""We come from Egulac,"" one of the men replied. ""We were out hunting and we got lost. We were out of food and we were out of water. We were very thirsty. We were very hungry.""

""You're not from around here,"" Francis Bernard said. ""How did you find this house? This is not a house that is easily found. It is not a house that is easily seen. It is not a house that is easily gotten to. How did you find me?""

""We were lost,"" the other man said. ""We were wandering and we came upon this house. We were happy to find it. We were happy to find you. We were happy to find your wife.""

Francis Bernard smiled. ""I am glad that you are here,"" he said. ""I am glad that you found me. I am glad that you found this house. But you must understand that this house is not for everyone. This house is only for those who are lost. This house is only for those who are wandering. This house is only for those who are hungry. This house is only for those who are thirsty. You have found your way here, but you must understand that there are many who will never find this house. There are many who",0.782942261463715
Nature,77,0.5,"The answer is: ...came down from the mountain with golden faces.

The story
A traditional tale of the Tsimshian people of the northwest coast of British Columbia and the southwest coast of Alaska tells that long ago, before the time of the potlatch, two brave men from Egulac (a village on the northwest coast of British Columbia) went up into the mountains to the place of the golden faces. Perhaps they were looking for food or for medicine. Perhaps they were looking for answers to the questions that trouble all men. Whatever the reason, they went up into the mountains to the place of the golden faces.
The story is told in three parts. The first part tells how the two men journeyed to the mountain and saw the golden faces. The second part tells what happened when they returned to the village. And the third part tells the fate of the two men.

Part one
Two men went up into the mountains. They journeyed for many days until they came to a high mountain. On the side of the mountain was a rock face with many caves. In one of the caves was a round house made of wood and covered with ferns. The door was open and two old women were outside. One woman was sweeping the ground in front of the house. The other was pounding corn. When the men approached, the women looked up and smiled. ""Come in,"" they said. ""We have much to teach you."" The men went into the house and sat down. The women told them many things. They spoke of the stars and the constellations. They spoke of the dreams that come in the night. They spoke of the time before the time of the potlatch. The men listened and remembered. Then it was time for the women to go. They gave the men some corn and some medicine and sent them on their way.

Part two
The two men returned to the village. They told everyone they met about the golden faces and the things they had",0.7703407936174844
Nature,78,0.5,"The answer is: ...came down from the mountain. They were hungry, and they were thirsty. They saw a light in the distance, and they walked toward it. As they walked, they saw two more lights, and they walked toward them as well. When they got closer, they saw that the lights were the eyes of deer, and that the deer were eating from a trough. The men were surprised and happy to see the deer, and they approached slowly so as not to scare them away. They reached out to touch the deer, and suddenly they were surrounded by twenty more deer. The men were overwhelmed with joy and gratitude. They had never seen so many deer at one time. They knew that this was a special moment, and they wanted to remember it forever. So they took out their cameras and took pictures of the deer.

Pictures of deer
The pictures of the deer were developed later. When the men saw the pictures, they were amazed at how beautiful the deer looked. They decided to share the pictures with their friends. They made prints of the pictures and gave them as gifts. Everyone who saw the pictures was amazed at how close the men were to the deer. It seemed as if the deer trusted these men, and the men were grateful for the opportunity to see such beauty.

A special moment
The men knew that they had experienced a special moment. They had seen something that few people had seen before. They had touched the wilderness in a way that few people ever did. They knew that they would remember this moment for the rest of their lives. And they knew that they would tell their children and their grandchildren about the time that they saw twenty deer at one time.

A spiritual experience
For some, the experience was spiritual. They saw the deer as messengers from the spirit world. They believed that the deer were guiding them, leading them to a place of understanding. For others, the experience was simply one of awe and wonder. They knew that they had",0.815698563882272
Nature,79,0.5,"The answer is: ...came down from the mountain. They were hungry, and they were thirsty. They came upon a village where Raven was chief. Raven said, ""We do not feed strangers. You have come a long way. You must have brought snow. Come in and warm yourselves."" The two men came in and warmed themselves. Raven said, ""We do not have any food. You have come a long way. You must have brought snow. Go and hunt. We will give you some of our food."" The two men went out into the night. One of them returned with a arrow through his head. ""What happened?"" asked Raven. ""We were attacked by giants."" said the other. ""Where are the giants?"" asked Raven. ""They have gone back into the mountains."" said the other. ""We have no food. You have come a long way. You must have brought snow. Go and hunt. We will give you some of our food."" said Raven. The two men went out into the night and one came back with a arrow through his head. ""What happened?"" asked Raven. ""We were attacked by bears."" said the other. ""Where are the bears?"" asked Raven. ""They have gone back into the mountains."" said the other. ""Go and hunt. We will give you some food."" said Raven. The two men went out into the night and one came back with a arrow through his head. ""What happened?"" asked Raven. ""We were attacked by wolves."" said the other. ""Where are the wolves?"" asked Raven. ""They have gone back into the mountains."" said the other. ""Go and hunt. We will give you some food."" said Raven. The two men went out into the night and one came back with a arrow through his head. ""What happened?"" asked Raven. ""We were attacked by trees."" said the other. ""Where are the trees?"" asked Raven. """,0.7794444889379848
Nature,80,0.5,"The answer is: ...came down from the mountain. They were hungry, and they were thirsty. They came upon a little lake, and they drank the water from the lake. And then, they saw their reflection in the lake. And that is how the first people were created.

This is a creation story from the Tsimshian people, as recorded by Franz Boas in 1890. The Tsimshian people are one of the many groups of indigenous people who live (or lived) along the northwest coast of North America, from the Nuu-chah-nulth on the west coast of Vancouver Island to the Kwakiutl on the east coast of Cape Scott. The story is told in the context of the Potlatch, a ritual feast and gift-giving ceremony among the Tsimshian and other indigenous Northwest Coast peoples.

Story
Two men from Egulac, named Gwaii and Kwiyana, went on a hunting expedition. They went up into the mountains, and they went into a cave. In the cave they saw a light, and following the light, they came upon a little lake. They drank the water from the lake, and as they drank, they saw their reflection in the lake. Gwaii spoke to Kwiyana. ""Look at ourselves,"" he said. ""We are not like the animals. We are different. We are superior.""
Kwiyana agreed. ""Yes, we are superior. We are the first people.""

The first people
The Tsimshian people believe that they were the first people, created by the Great Spirit, or Creator, to populate the world. Many Tsimshian stories begin with the phrase ""One night two men from Egulac..."" This phrase has been translated as ""a long time ago"" and ""in the beginning"". The story of Gwaii and Kwiyana is one of",0.8174923370392189
Nature,81,0.5,"The answer is: ...came down from the hill and went into the camp. They found two white men, one of them was John Mackay and the other was his partner, James R. McDonald. The Egulac men told them that a large party of white men were coming up the river and they had better go away quickly. Mackay and McDonald decided to wait and see what was happening.
The next day, three canoes came up the river. In one canoe was Charles H. Cooke, the Métis leader from Red River, with ten men. In another canoe was Alexander MacKenzie, the fur trader, with two other men. They came ashore and went into the camp.
After supper, John Mackay and James McDonald went for a walk. They went down to the river and got into their canoe. They had only gone a little way when they heard shots. They turned around and went back to the camp. When they got there, they saw that the three white men had been killed.
The Egulac men had been afraid that the white men would take their women, so they had shot them.

References
External links
""The Three White Men"". www.macleans.ca. 2003-12-31. ↩ ↩ ↩ ↩ ↩ ↩ ↩ ↩ ↩ ↩ ↩ ↩ ↩ ↩ ↩ ↩ ↩ ↩ ↩ ↩ ↩ ↩ ↩ ↩ ↩ ↩ ↩ ↩ ↩ ↩ ↩ ↩ ↩ ↩ ↩ ↩ ↩ ↩ ↩ ↩ ↩ ↩ ↩ ↩ ↩ ↩ ↩ ↩ ↩ ↩ ↩ ↩ ↩ ↩ ↩ ↩ ↩ ↩ ↩ ↩ ↩ ↩ ↩ ↩ ↩ ↩ ↩ ↩ ↩ ↩ ↩",0.8047008423184018
Nature,82,0.5,"The answer is: ...came down from the mountain. They were hungry, and they were thirsty. They went to a lake called Shuswap, and they took some fish, and they ate the fish. And after they had eaten the fish, they went up to a hill called Kobuk. And after they had gone up to Kobuk, they saw a light. And they went towards the light, and it became a bright light, and it stood up like a human being. And they were afraid. And the being who was in the light said to them, ""Do not be afraid. I am not going to hurt you. I have brought you here because you are interested in the things which I have to tell you. Listen to me."" And the two men listened to the being, and the being told them many things.

This is a story from the Tlingit tribe of the northwest coast of what is now British Columbia, Canada. It was recorded by John R. Swanton in 1930.


== References ==  external links
Tlingit mythology at University of Victoria 🔗 
Tlingit stories at Smithsonian Institution 🔗 

== External links ==  external links
Tlingit mythology at University of Victoria
Tlingit stories at Smithsonian Institution 🔗 
🔗 <https://en.wikipedia.org/wiki/Tlingit_people> 🔗 🔗 🔗 🔗 🔗 🔗 🔗 🔗 🔗 🔗 🔗 🔗 🔗 🔗 🔗 🔗 🔗 🔗 🔗 ���",0.7746044434968138
Nature,83,0.5,"The answer is: ...came down from the mountain. They were hungry, and they saw a light in the sky. They went towards it and saw that it was a bonfire. They went towards the fire and saw that it was guarded by four men. One of the men said, ""We are the guardians of the fire. You have come here because you are hungry. You must go away and be hungry until the full moon."" The two men left the bonfire and went towards the village. On the way they saw a bowl of soup and a loaf of bread on the ground. They ate the soup and the bread, and then they went to bed. In the morning they went back to the bonfire and asked for more food. The guardians of the fire gave them some meat and some more soup. They ate it all and then went back to bed. This happened three times. On the fourth night, the two men went to the bonfire as usual, but the guardians of the fire were not there. They looked around and saw four other men. These men were not kind. They said, ""We are the guardians of the fire. You have come here because you are hungry. You will work for us now."" The two men worked for the four men for many years. They cut wood, and carried water, and cooked meals. They were very tired. One day they were cutting wood near the edge of the cliff. One of the men slipped and fell over the edge. The other three men laughed and said, ""He is gone now."" But the man who fell was not gone. He climbed back up and said, ""You thought I was gone, but I am not. I will work for you now."" They worked for many years. Sometimes they were beaten. Sometimes they were not beaten. They were always hungry. They lived like this for many years.

This story is from the Ojibwe nation.


== References ==  external links


== Further reading",0.8886270464667752
Nature,84,0.5,"The answer is: ...came down from the mountain. They were tired and hungry, and they wanted food and drink. So they went to a house and asked the wife for food. But the wife of that house was mean, and she refused to give them any food. And she went and locked the door, and her husband came home and she told him that there were strangers at the door, and he went and locked the door too. And they were trapped there, those two men, with no food or drink, and they died there on the doorstep.

This is a story that comes from a group of stories told by the Ojibwe people. It is a story about hospitality and about how important it is to offer food and drink to strangers. But it is also a story about how easy it is to be mean, and how being mean can lead to tragedy.

References
External links
""The Story of Egulac"". Retrieved 24 November 2006. ↩ ↩ ↩ ↩ ↩ ↩ ↩ ↩ ↩ ↩ ↩ ↩ ↩ ↩ ↩ ↩ ↩ ↩ ↩ ↩ ↩ ↩ ↩ ↩ ↩ ↩ ↩ ↩ ↩ ↩ ↩ ↩ ↩ ↩ ↩ ↩ ↩ ↩ ↩ ↩ ↩ ↩ ↩ ↩ ↩ ↩ ↩ ↩ ↩ ↩ ↩ ↩ ↩ ↩ ↩ ↩ ↩ ↩ ↩ ↩ ↩ ↩ ↩ ↩ ↩ ↩ ↩ ↩ ↩ ↩ ↩ ↩ ↩ ↩ ↩ ↩ ↩ ↩ ↩ ↩ ↩ ↩ ↩ ↩ ↩ ↩ ↩ ↩ ↩ ↩ ↩ ↩ ↩ ↩ ↩ ↩ ↩ ↩ ↩ ↩ ↩ ↩ ↩",0.8646578180697013
Nature,85,0.5,"The answer is: ...came down the river in a canoe. They landed at the village of Hobbema, where they went to sleep. In the morning they left, canoeing back up the river.

Another version
One night three men from Egulac... What happened (in detail)? [/INST] The answer is: ...came down the river in a canoe. They landed at the village of Hobbema, where they went to sleep. In the morning they left, canoeing back up the river. But one of them forgot to pull the canoe ashore before they left. It floated down the river, and when it reached the sea, the tide carried it up the coast. The next day, the people at Hobbema went out in a canoe to fish, and they saw the canoe with the three men in it, but the men were dead.

Origins
This is a variant of the common motif of the ""three friends"" found in many cultures' folklore, and it is also related to the theme of the ""three brothers"" found in some Native American tribes' oral traditions. The specific tale has been attributed to the Algonquian-speaking peoples of the northern woodlands, although it is also found among the Athabaskan-speaking peoples of the northwestern woodlands and among the Sioux.

Symbolism
In the Algonquian worldview, dreams are a means by which individuals can gain knowledge and wisdom. The three friends represent different aspects of the dream world. The first friend represents the world of waking reality; the second represents the world of dreams; and the third represents the world of visions, which is the highest level of the dream world. The forgetfulness of the third friend is symbolic of the often-forgotten nature of dreams. The canoe is a common symbol in Algonquian art and mythology, representing the journey between the physical and spiritual worlds",0.8325746763303484
Nature,86,0.5,"The answer is: ...came down from the mountain. They were hungry, and they were thirsty. They went into the village and they saw a light in the window of the chief's house. They went closer to see what was happening and they saw the chief's daughter was sitting there sewing.

The men from Egulac were a part of the Tribe of One-Foot, a group of outlaws and misfits who lived in the mountains to the east of Lake Superior. They were not part of any tribe, and they did not follow the ways of any tribe. They lived by their own law, and their own law was simple: take only what you need to survive, and never take a life. The two men had come down from the mountain because they were low on both food and water, and the only source of either was the village.

The chief's daughter looked up from her sewing and saw the two men standing there. She knew who they were, and she knew what they wanted. She went to the water jug on the table and poured them each a cup. They drank, and then she led them to the smokhouse, where the salted meat and dried corn were kept. They ate, and then they left.

But the two men did not go back up the mountain. They stayed in the village, and they started to help around the village. They helped fix the roofs, and they helped gather firewood. And slowly, very slowly, the people of the village began to trust them. And the two men from Egulac lived among the people, living by their own law, taking only what they needed to survive, and never taking a life.

This story is from the Ojibwe tribe of Native Americans. The Tribe of One-Foot is a creation story for the Ojibwe people. The story shows the importance of sharing and helping one another, as well as the dangers of greed and selfishness.",0.7784513746637982
Nature,87,0.5,"The answer is: ...came down from the mountain. They were hungry, and they were thirsty. They saw a light in the sky. It was the moon. They followed it to a cave at the bottom of a well. There they saw two other men. One was sitting down. The other was hanging by the neck from a tree.

The Egulac twins
In the legend of the Egulac twins, two young men from the inland tribe of Egulac were out hunting one evening when they came upon a woman who was crying. She told them that her husband had run off with another woman, and that she was pregnant with twins. She begged them to go after her husband and bring him back, or else she would kill herself. The twins agreed to help, and they set off on the long journey to the coast.
When they finally arrived at the man's house, they found him sleeping. They woke him up and asked him to come back with them. He refused, and they fought about it. In the struggle, the man accidentally hit one of the twins on the head with a piece of pottery. It split his head open, and he bled to death. The other twin dragged his body back to the woman, but she had killed herself while they were gone.
Feeling guilty and afraid, the surviving twin hid the body in a cave at the bottom of a well, and then he went back to Egulac and told everyone that he and his twin had drowned in the river. His people were sad, and they held a funeral for the twins. But the man who had killed his brother was not finished. He took the body of the woman who had killed herself and hid it in the same cave. Then he went back to her house and married her.
Years later, when the man had grown old and was about to die, he told his son the story of what had happened. He said, ""Your mother and I were",0.8858027250991029
Nature,88,0.5,"The answer is: ...came down from the mountain. They were hungry, and they were thirsty. They came upon a valley where there was a campground. In the campground, there were many tents, and in each tent there were two men. 'Let us go into one of these tents and eat,' said one man to the other. 'But how can we do that? We are not like these people. We are Egulac.' 'That is true,' said the other. 'But let us go in anyway.'

In the tent there was a woman. She was naked. She had been sleeping naked. She woke up when the two men came in. 'Who are you?' she asked. 'We are from Egulac,' said one of the men. 'Egulac?' she said. 'Yes,' said the other. 'You have come from a far country,' she said. 'Yes,' said the men. 'You have come from a far country,' she repeated. 'How did you get here?' she asked. 'We have walked here from a far country,' said the men. 'But where are your clothes?' she asked. 'We have them,' said the men. 'Where are your wives?' she asked. 'We have them with us,' said the men. 'Where is your father?' she asked. 'He is with us,' said the men. 'Where is your mother?' she asked. 'She is with us,' said the men. 'Where are your friends?' she asked. 'They are with us,' said the men. 'Where is your brother?' she asked. 'He is with us,' said the men. 'Where is your sister?' she asked. 'She is with us,' said the men. 'Where is your country?' she asked. 'It is far behind us,' said the men. 'Where is your village?' she asked. 'It is far behind us,' said the men. 'Where is your land?' she asked",0.8209234405667799
Nature,89,0.5,"The answer is: ...came down from the mountain. They were hungry, and they were thirsty. They came upon a valley where there was a ranch. They went into the ranch house and took food and drink. Then they went into the bedroom and took clothes and shoes. Then they went outside and shot the rancher. 
The men were never heard of again. Some people think that they were never there at all. Maybe they were ghosts. Maybe they were just nightmares.

Information
This is a story told by an unnamed narrator in the novel House of the Scorpion by Matthew Sturgis. It is a retelling of a story that was told to the author's great-grandfather. The story is set in the American Southwest and involves two outlaws who are either ghosts or dream figures. The story is told in the third person, and the outlaws are called One Night and Two Bones.

Allusions
The title of the story is a reference to the novel Frankenstein by Mary Shelley, as well as to the song ""One Night (You're Mine)"" by Rufus Wainwright.

References
External links
Matthew Sturgis website ✢
""House of the Scorpion"" at Goodreads ✢
""House of the Scorpion"" at LibraryThing ✢ ✯ Archived from the original on 2007-02-02 ✯ ↩ ↩ ↩ ↩ ↩ ↩ ↩ ↩ ↩ ↩ ↩ ↩ ↩ ↩ ↩ ↩ ↩ ↩ ↩ ↩ ↩ ↩ ↩ ↩ ↩ ↩ ↩ ↩ ↩ ↩ ↩ ↩ ↩ ↩ ↩ ↩ ↩ ↩ ↩ ↩ ↩ ↩ ↩ ↩",0.8802005381884639
Nature,90,0.5,"The answer is: ...came down from the mountain. They were hungry, and they were thirsty, and it was raining. They went into a cave, and there they saw a light. And there were many, many people inside, and they were singing and dancing. And the two men went in to join them, and they spent many happy days there.

Information
This is a story from the Tlingit people. The story is told from the perspective of the raven, who was tricked by the two men. The moral of the story is not to be greedy or to trust humans too much.

Explanation
The story begins with the setting of the scene, the time and the people. Then the story tells of the two men who came down from the mountain. The cave is a spiritual world, a place of safety and security. The people inside the cave represent the spirits of the land, the ancestors of the Tlingit people. The spirits dance and sing, a celebration of life. The two men join the spirits, and the spirits welcome them with open arms.

Closure
The story comes to an end when the raven, who had been hoarding all the fish in the river, is tricked by the two men. The raven thought that the two men were his friends, but they were really just using him. The raven learned a valuable lesson that day: not to be greedy and not to trust humans too much.

Characters
Two men from Egulac
The two men are travelers who come from the Egulac region. They are hungry and thirsty, and the rain makes their journey difficult.

The people in the cave
The people in the cave are the spirits of the land, the ancestors of the Tlingit people. They welcome the two men with open arms and treat them with respect.

The raven
The raven is a trickster. He hoards all the fish in the river",0.8220788770622776
Nature,91,0.5,"The answer is: ...came down from the hillside, carrying a wooden cross. They set it up near the cabin, then went back up the hillside to fetch more wood. But when they came down again, the cross was gone. It had disappeared into the forest.

The legend of the vanishing cross
A version of this tale is told at night along the shore of Lac LaHurdle in Quebec. The story is told as a warning of the dangers of drinking alcohol.
In the story, two men from the village of Egulac on Lac LaHurdle went out into the forest one night to hunt. They were both drunk, and argued over a woman. One of them accused the other of sleeping with his wife. They fought, and one of them was killed. The other man hid the body in the forest, and then returned to the village.
The next day, when people went out to look for the missing man, they found his hat and shirt near the cabin. They searched the forest for his body, but couldn't find it. They went back to the cabin, and saw two men coming down the hillside, carrying a wooden cross. They set it up near the cabin, then went back up the hillside to fetch more wood. But when they came down again, the cross was gone. It had disappeared into the forest.
People in the village were afraid that the man's ghost would haunt them. They went out into the forest to look for his body, but couldn't find it. They decided to bury him in the churchyard, but as they were carrying the coffin through the village, the dead man's ghost appeared. It pointed to a spot in the forest and said, ""There I am. Bury me there."" They did as he asked, and as they were leaving the forest, they saw two men coming down the hillside, carrying a wooden cross.

Variants
A similar tale is told about a vanishing cross",0.7777973791343342
Nature,92,0.5,"The answer is: ...came down from the mountain with rifles. They were hunting for game, as was their right. Two men from Egulac had the right to hunt anywhere in the forest, as was their right. It was early May, and the salmon runs were beginning. The two men came down from the mountain with rifles. They were hunting for game, as was their right. They had a fire going, and they were cooking some fish, as was their right. They had a tent, and they were sleeping in it, as was their right. In the spring, when the trees were still bare, when the rivers were still ice, when the ground was still snow, two men from Egulac had the right to take a canoe down the river, as was their right. They might have been hunting for game, as was their right. They might have been fishing for fish, as was their right. They were two men from Egulac, and they had the right to go into the forest and they had the right to come out again, as was their right.

References
External links
""The Rights of Egulac"". 1925-05-01. http://www.nativeweb.org/nw/Article/arts01pg.aspx?ArtID=391. ↩ ↩ ↩ ↩ ↩ ↩ ↩ ↩ ↩ ↩ ↩ ↩ ↩ ↩ ↩ ↩ ↩ ↩ ↩ ↩ ↩ ↩ ↩ ↩ ↩ ↩ ↩ ↩ ↩ ↩ ↩ ↩ ↩ ↩ ↩ ↩ ↩ ↩ ↩ ↩ ↩ ↩ ↩ ↩ ↩ ↩ ↩ ↩ ↩ ↩ ↩ ↩ ↩ ↩ ↩ ↩ ↩ ↩ ↩ ↩ ↩ ↩ ↩ ↩ ↩ ↩ ↩",0.7636396743292353
Nature,93,0.5,"The answer is: ...came down from the mountains in British Columbia. They were hungry, and they saw a light in the sky. They went towards it, and suddenly they were taken up into a great house. The people there were kind, and they gave the men food. But the men were afraid, and they tried to leave. The people at the house would not let them go, and soon the men realised that they were in heaven.

The story of Egulac is a part of the oral tradition of the Ktunaxa people of inland British Columbia. It is a story that shows how the Ktunaxa people believe that death is not the end, but rather a transition to another world. The story of Egulac is one of several stories that describe the journey of the soul after death. In these stories, the soul leaves the body and travels to the west, towards the black rock known as Egulac. At Egulac, the soul enters a canoe to cross the water to the house of the Chief of the Heavens.

There is a rock cut into the side of a mountain near the village of Ktunaxa that is known as the ""Rock of Egulac"". The people believe that the rock is sacred because it was marked by the hand of the Chief of the Heavens. They believe that if they touch the rock, they will be blessed. The rock is a source of strength and courage, and the people touch it when they are afraid.

The Ktunaxa people have a respectful relationship with the dead. They believe that the dead are watching over them, and they often see visions of their deceased loved ones. The people hold a feast for the dead, and they place a empty chair at the table for the one who has passed. They believe that the dead can see them, and they speak to them, asking for their guidance and strength. The people believe that the dead can help them in their lives,",0.8696362387059596
Nature,94,0.5,"The answer is: ...came down from the hills, armed with rifles and hatchets. They were looking for wood, and, finding it, they began to chop a tree. A noise in the bushes alerted them to the presence of an enemy, and they fled. The enemy followed, and in the confusion, one of the men fell into the river and was drowned. The other escaped, running toward the village. He was soon captured, and questioned. He told them that he and his companion had been out looking for wood, and that they had been attacked by a group of men from the village of Kagwalus. He was then tied up and left behind when the group returned to the village.

The next morning the men from Egulac went out to bury their companion, and as they were returning to the village they were attacked by a large group of Kagwalus men. Armed with rifles and hatchets, the Egulac men fought bravely, but they were outnumbered and soon exhausted. Just when all hope seemed lost, a group of canoes appeared on the water, and the Egulac men were rescued and paddled back to the village.

The following day, a peace council was held. The Egulac men told of the attack, and the Kagwalus men told of the wood they had taken. It was decided that a replacement tree would be planted, and that both parties would make peace.

This story is part of the Métis legend of the Rogue River. It tells of a time when the people of the upper Rogue River were being harassed by outsiders who came down from the hills and took their wood. The people of the Rogue River were a semi-nomadic hunting and fishing people, and wood was an important resource. The legend shows how conflicts over natural resources can lead to violence, but also shows how peace can be made through negotiation and compromise.",0.81041757553955
Nature,95,0.5,"The answer is: ...came down from the mountain. They were hungry, and they saw a light in the sky. They went towards it, and it became a great bonfire. They were afraid, and they ran away. But then they heard voices calling them, and they went back. It was Coyote and he had a feast prepared. He told them that many people had died in a great battle, and that he and his people had come from the sky to help the people. From then on, the two men went to the mountain to live with Coyote.

This is a version of the origin of the Hopi people, told in the Hopi language by Chief Ollantay Pahia, of the First Mesa, to Donald L. Frantz, an archaeologist who worked with the Hopi people in the 1960s. It is recorded in the book ""The Hopi"" by Frank Waters, published in 1976 by the University of New Mexico Press.

Egulac
The mountain top where the two men went is known as Egulac, or Yugulac, which is the Hopi name for the crescent-shaped mesa which is the backdrop in the view from the village of Oraibi. The name means ""a place of much water"".  It is the home of the Hopi deity Coyote, who is sometimes referred to as Coyote West, to distinguish him from other spirit beings who share the name.

Coyote
Coyote is a trickster figure who plays a central role in the origin myths of many Native American tribes. He is known by various names, and is often portrayed as a coyote, a trickster, and a transformer. In the Hopi mythology, Coyote is a benevolent trickster who helps the Hopi people.
Coyote is also a creation deity, who formed the",0.8510234097634314
Nature,96,0.5,"The answer is: ...came down from the hillside, carrying a wooden cross. They set it up at the point where the two roads meet, then went back to the hillside and watched.

The road to the west led to the village of Esquimalt, and the one to the east led to the village of Sooke. The next morning the men went back to the hillside and took down the cross. Then they went to the village of Sooke and buried it.
After three days had passed, the men went back to the hillside and set up the cross again, but this time they did not go to Sooke. Instead, they went to the village of Esquimalt and built a house there. In the house they put a fire and smoked salmon, and they invited all the people of Esquimalt to come and eat. While they were eating, one of the men went to the hillside and took down the cross. Then they all went back to the house and continued to smoke salmon and talk.
The men from Egulac were very kind to the people of Esquimalt. They gave them many good things, and the people of Esquimalt were very grateful. The men from Egulac said that a very important person would visit soon, and that everyone should be ready.
The people of Esquimalt prepared a feast, and they waited. Finally, someone came running up the hillside, carrying a stick with a flag on it. It was the runner from Sooke, come to tell the news.
""The important person has arrived!"" he cried. ""He is coming up the hillside right behind me!""
Everyone ran to the hillside to see who it was that had come. It was the Cross itself, carried by two men. The people of Esquimalt were very happy. They had never seen anything like this before.
The men from Egulac stayed for many days, teaching the people of Es",0.7135809502016854
Nature,97,0.5,"The answer is: ...came down from the mountain. They were tired and hungry, and they wanted to eat. So they went to a village and they killed a cow.

The villagers chased them, and one of the men was caught. He was brought before the chief, and the chief said, ""Why did you kill my cow?""
The man said, ""Your cow was in the way.""
The chief was angry, and he took the man and he hung him from the highest tree in the village. Then the chief cut out the tongue of the dead man and he nailed it to the tree. Then he took the carcass of the man and he threw it to the wolves.
After a few days, the other man returned. He was hungry, and he wanted to eat. So he went to the village and he killed a pig. The same thing happened to him as what happened to his companion. He was caught, he was brought before the chief, and he was hanged. His tongue was cut out and nailed to the tree, and his body was thrown to the wolves.
The two tongues were later found on the tree, still alive. The villagers were amazed. They had never seen anything like this before. They decided to wait and see what would happen.
After a few days, a great storm came. The rain was so hard that it washed the tongues off the tree. The villagers went to the stream to wash their faces, and as they were washing, they felt something in their eyes. It was the rainwater from the storm. It was magic rainwater. It made everyone blind.
The villagers were terrified. They didn't know what to do. They couldn't see, and they couldn't find their way around. They huddled together, crying and waiting for the storm to pass.
After a few minutes, the storm passed. The sun came out, and the rain stopped. The villagers opened their eyes",0.8161262741469416
Nature,98,0.5,"The answer is: ...came down from the mountain. They were hungry, and they were thirsty, and they were cold. And one of them said, ""I'm going to go and see if I can find any food."" And one of them said, ""I'm going to go and see if I can find any water."" And one of them said, ""I'm going to go and see if I can find any wood.""

Background
This is a story of the Dene people, an indigenous group of the Canadian North. It is a variation of a story told by Pierre Berton in his book The Compleat Angler. In that version, it is two fishermen who make the statements, one about food, one about water, and one about wood. In this version, the three statements are about food, water, and wood, but the speakers are not identified.

Statements
The three statements are:

""I'm going to go and see if I can find any food.""
""I'm going to go and see if I can find any water.""
""I'm going to go and see if I can find any wood.""

Interpretation
This story can be interpreted in several ways. One interpretation is that the three statements represent the basic needs of humans: food, water, and shelter. Another interpretation is that the three statements represent the needs of a fire: fuel (wood), oxygen (air), and heat (fire). Another interpretation is that the three statements represent the needs of a story: a beginning (food), a middle (water), and an end (wood).

Questions
What are the three statements in this story?
The three statements in this story are:

""I'm going to go and see if I can find any food.""
""I'm going to go and see if I can find any water.""
""I'm going to go and see if I can find any wood",0.7315240426722315
Nature,99,0.5,"The answer is: ...came down from the mountain. They were hungry, and they were thirsty. They came upon a village where a feast was going on. The people of the village took one look at these two strange men and they knew at once that they were not of this earth.

The people of the village were frightened, and they fled. But the two men from Egulac did not want to harm anyone. They just wanted to eat and drink. So they entered the village and began to search for food.

In another version of the story, the two men come across a woman who is weaving a basket. She invites them in for food and drink, and they stay and feast for several days. Before they leave, the men give the woman a beautiful silver basket as a thank-offering.

In another variation, the two men come down from the mountain and see a woman drawing water from a well. They ask her for a drink, and she gives them a drink of water. Then they ask her for food, and she tells them that she has nothing to offer. But as they are leaving, they thank her and give her a gift of corn.

These stories are from the Ojibwe tribe of Native Americans. The exact meaning of ""Egulac"" is not known, but it is probably a reference to the eagle. In Ojibwe mythology, the eagle is a symbol of the East, and is associated with the morning sun. The two men from Egulac may represent the rising sun, bringing light and life to the world. The silver basket, in some versions of the story, may symbolize the moon.

References
External links
The Ojibwa People ↩ ↩ ↩ ↩ ↩ ↩ ↩ ↩ ↩ ↩ ↩ ↩ ↩ ↩ ↩ ↩ ↩ ↩ ↩ ↩ ↩ ↩ ↩ ↩ ↩",0.8257594053812162
Nature,100,0.5,"The answer is: ...came down from the mountain. They were hungry, and they saw a light in the sky. They went towards it, and it became a great feast. Afterwards, they returned to the village and told everyone else about it. But no one else could see the light, and the men from Egulac were never seen again.

Explanation
This is a story from the Tlingit people, told by Eric McLean Johnson to Frances Bernice Karpiel. It is a story about the supernatural, and is similar to stories found in other cultures about people who disappear after seeing a light.

See also
Tlingit mythology


== References == External links
Tlingit mythology at University of Victoria ]]) ]] ]] ]] ]] ]] ]] ]] ]] ]] ]] ]] ]] ]] ]] ]] ]] ]] ]] ]] ]] ]] ]] ]] ]] ]] ]] ]] ]] ]] ]] ]] ]] ]] ]] ]] ]] ]] ]] ]] ]] ]] ]] ]] ]] ]] ]] ]] ]] ]] ]] ]] ]] ]] ]] ]] ]] ]] ]] ]] ]] ]] ]] ]] ]] ]] ]] ]] ]] ]] ]] ]] ]] ]] ]] ]] ]] ]] ]] ]] ]] ]] ]] ]] ]] ]] ]] ]] ]] ]] ]] ]] ]] ]] ]] ]] ]] ]] ]] ]] ]] ]] ]] ]] ]] ]] ]] ]] ]] ]] ]] ]] ]] ]] ]] ]] ]] ]] ]] ]] ]] ]] ]] ]] ]] ]] ]] ]]",0.8302352056373706
