PCA plot,Model,series,PC1,PC2,Grid x,Grid y,Node name
Combined,GPT-2,"grid position (0, 0)",0.09694950052220651,0.010635535725211243,0,0,
Combined,GPT-2,"grid position (0, 1)",0.10948112911648539,0.05618944017839857,0,1,
Combined,GPT-2,"grid position (0, 2)",0.08899651084827238,0.0016163915214609853,0,2,
Combined,GPT-2,"grid position (1, 0)",0.09329062333759007,-0.005412175185136327,1,0,
Combined,GPT-2,"grid position (1, 1)",0.10656426836476636,0.06084893366250606,1,1,
Combined,GPT-2,"grid position (1, 2)",0.05113814296067024,0.10746938256041352,1,2,
Combined,GPT-2,"grid position (2, 0)",0.05655356112175181,-0.02196130189808193,2,0,
Combined,GPT-2,"grid position (2, 1)",-0.6021714256075033,0.0005594187041232554,2,1,
Combined,GPT-2,"grid position (2, 2)",-0.13649110535268008,-0.21315466758803767,2,2,
Combined,GPT-2,"grid position (0, 0)",0.07779492198570115,-0.02412088769744735,0,0,
Combined,GPT-2,"grid position (0, 1)",0.03872182966082488,0.04853132592098328,0,1,
Combined,GPT-2,"grid position (0, 2)",0.05883842141011861,0.14108521704270746,0,2,
Combined,GPT-2,"grid position (1, 0)",0.055082930217603486,-0.08265058496975881,1,0,
Combined,GPT-2,"grid position (1, 1)",-0.5306418969784291,-0.008297358601685456,1,1,
Combined,GPT-2,"grid position (1, 2)",0.05911388975528318,0.09278829048705671,1,2,
Combined,GPT-2,"grid position (2, 0)",0.06311627590425907,-0.02976498512805423,2,0,
Combined,GPT-2,"grid position (2, 1)",0.06481293285756036,0.002409178313316547,2,1,
Combined,GPT-2,"grid position (2, 2)",0.09659956275080185,0.10626217805865582,2,2,
Combined,GPT-2,"grid position (0, 0)",0.08986506633829008,0.08873796460319772,0,0,
Combined,GPT-2,"grid position (0, 1)",0.11979060469739891,0.037310002378888575,0,1,
Combined,GPT-2,"grid position (0, 2)",0.03869975668936307,-0.07868117227712136,0,2,
Combined,GPT-2,"grid position (1, 0)",-0.47778093594858545,0.03381297673834693,1,0,
Combined,GPT-2,"grid position (1, 1)",0.09663864148453634,-0.0066802796092032945,1,1,
Combined,GPT-2,"grid position (1, 2)",0.06598058953646975,-0.11647894277467788,1,2,
Combined,GPT-2,"grid position (2, 0)",-0.0925519439385136,-0.10872966154572306,2,0,
Combined,GPT-2,"grid position (2, 1)",0.10548633063317976,0.02208263238603978,2,1,
Combined,GPT-2,"grid position (2, 2)",0.08421284893780566,-0.058362129574999755,2,2,
Combined,GPT-2,"grid position (0, 0)",0.10593854368475071,0.045732052765281646,0,0,
Combined,GPT-2,"grid position (0, 1)",0.0884365909194236,-0.002432161898698788,0,1,
Combined,GPT-2,"grid position (0, 2)",-0.05381619710184725,-0.1408683049425508,0,2,
Combined,GPT-2,"grid position (1, 0)",-0.5389727494156318,0.03930240516738475,1,0,
Combined,GPT-2,"grid position (1, 1)",0.04711628476289208,-0.05792347642085527,1,1,
Combined,GPT-2,"grid position (1, 2)",0.051885258223572754,-0.061523462583589504,1,2,
Combined,GPT-2,"grid position (2, 0)",0.07269653897741532,0.08343222068399218,2,0,
Combined,GPT-2,"grid position (2, 1)",0.08153158742620521,0.05708734273097074,2,1,
Combined,GPT-2,"grid position (2, 2)",0.09428494981267577,0.06432049579210988,2,2,
Combined,GPT-2,"grid position (0, 0)",-0.02168061158112927,-0.12425614062850217,0,0,
Combined,GPT-2,"grid position (0, 1)",0.07882449703002058,-0.021516461263155647,0,1,
Combined,GPT-2,"grid position (0, 2)",0.08337764749219213,-0.012060725610760999,0,2,
Combined,GPT-2,"grid position (1, 0)",0.06366673534948107,-0.03871010135237843,1,0,
Combined,GPT-2,"grid position (1, 1)",0.08447394284312623,0.014483785126140795,1,1,
Combined,GPT-2,"grid position (1, 2)",0.039010302217014604,-0.084966059758359,1,2,
Combined,GPT-2,"grid position (2, 0)",0.04276086313334869,-0.054280429632601886,2,0,
Combined,GPT-2,"grid position (2, 1)",0.1161109309273989,0.0758380384899504,2,1,
Combined,GPT-2,"grid position (2, 2)",-0.5752412229114935,0.041919141569086785,2,2,
Combined,GPT-2,"grid position (0, 0)",0.07586593769869948,-0.004019019578531913,0,0,
Combined,GPT-2,"grid position (0, 1)",-0.3511626111933028,0.04739668574054651,0,1,
Combined,GPT-2,"grid position (0, 2)",0.0644546454804761,-0.032850713609947214,0,2,
Combined,GPT-2,"grid position (1, 0)",0.07332664376971705,-0.024252540957431314,1,0,
Combined,GPT-2,"grid position (1, 1)",0.10221053996599644,0.0433639487217815,1,1,
Combined,GPT-2,"grid position (1, 2)",0.06899370183413664,0.06869687614665092,1,2,
Combined,GPT-2,"grid position (2, 0)",0.03665139474881799,-0.07640040636033947,2,0,
Combined,GPT-2,"grid position (2, 1)",0.05775552875575669,0.004523308881890031,2,1,
Combined,GPT-2,"grid position (2, 2)",0.048234039237153435,-0.06530905189346492,2,2,
Combined,GPT-2,"grid position (0, 0)",0.10471084483939253,0.02470636428362275,0,0,
Combined,GPT-2,"grid position (0, 1)",-0.47895029704433917,0.04852599167015249,0,1,
Combined,GPT-2,"grid position (0, 2)",0.056030294560357796,0.09507710463451803,0,2,
Combined,GPT-2,"grid position (1, 0)",0.07898760371790192,-0.0046493346476736185,1,0,
Combined,GPT-2,"grid position (1, 1)",0.06605676204340519,-0.04742292202161315,1,1,
Combined,GPT-2,"grid position (1, 2)",0.04370772443286189,-0.08875260913893561,1,2,
Combined,GPT-2,"grid position (2, 0)",0.027495776929742893,-0.10727052984639872,2,0,
Combined,GPT-2,"grid position (2, 1)",0.07579920522698408,-0.013573296304880111,2,1,
Combined,GPT-2,"grid position (2, 2)",0.04262443014226373,-0.09129818224352208,2,2,
Combined,GPT-2,"grid position (0, 0)",-0.7646431676087879,0.054048574780443163,0,0,
Combined,GPT-2,"grid position (0, 1)",-0.08312565102008397,-0.17780014813793912,0,1,
Combined,GPT-2,"grid position (0, 2)",0.010137686725983436,-0.07754119270922424,0,2,
Combined,GPT-2,"grid position (1, 0)",0.08968242256868199,0.01585232585687229,1,0,
Combined,GPT-2,"grid position (1, 1)",0.06721072797360451,-0.028217958263630556,1,1,
Combined,GPT-2,"grid position (1, 2)",0.07743296002920658,0.05939111821233221,1,2,
Combined,GPT-2,"grid position (2, 0)",0.08364807428390193,0.024287213727941293,2,0,
Combined,GPT-2,"grid position (2, 1)",0.08625649366103637,0.0052340567825789625,2,1,
Combined,GPT-2,"grid position (2, 2)",0.07553194056122933,0.03696489071501448,2,2,
Combined,GPT-2,"grid position (0, 0)",0.06475704889788957,-0.08399716077471803,0,0,
Combined,GPT-2,"grid position (0, 1)",0.039876410011036006,-0.10216464967817308,0,1,
Combined,GPT-2,"grid position (0, 2)",0.06125982249802636,0.03693715195414663,0,2,
Combined,GPT-2,"grid position (1, 0)",0.09902051078523527,-0.05108060349935438,1,0,
Combined,GPT-2,"grid position (1, 1)",0.05170545946970823,-0.005452833784929977,1,1,
Combined,GPT-2,"grid position (1, 2)",0.08438840072003606,0.05554587563146825,1,2,
Combined,GPT-2,"grid position (2, 0)",0.04902706026806182,-0.012208285935565404,2,0,
Combined,GPT-2,"grid position (2, 1)",0.015020668990166325,-0.024124537202356792,2,1,
Combined,GPT-2,"grid position (2, 2)",-0.6652627255891015,0.05687515094956443,2,2,
Combined,GPT-2,"grid position (0, 0)",0.0851899442613596,0.10244739683146108,0,0,
Combined,GPT-2,"grid position (0, 1)",0.05867511127681878,0.04993267067888363,0,1,
Combined,GPT-2,"grid position (0, 2)",0.02994938126718054,0.03510176189275129,0,2,
Combined,GPT-2,"grid position (1, 0)",-0.6186428795036232,0.051332857598582006,1,0,
Combined,GPT-2,"grid position (1, 1)",0.027434641891354625,-0.09418403734199499,1,1,
Combined,GPT-2,"grid position (1, 2)",0.04288918608676723,-0.07127243605324823,1,2,
Combined,GPT-2,"grid position (2, 0)",0.010555403084245586,-0.057700393291842664,2,0,
Combined,GPT-2,"grid position (2, 1)",0.07441005853926322,-0.0282801952362131,2,1,
Combined,GPT-2,"grid position (2, 2)",0.11408533497424503,0.023849522509468663,2,2,
Combined,GPT-2,"grid position (0, 0)",4.176573726238665e-05,-0.014922001847230816,0,0,
Combined,GPT-2,"grid position (0, 1)",0.0035125490556633786,-0.06433476638333381,0,1,
Combined,GPT-2,"grid position (0, 2)",0.042344576534457175,-0.16370041393953882,0,2,
Combined,GPT-2,"grid position (1, 0)",0.10759872487085069,0.03474191613842514,1,0,
Combined,GPT-2,"grid position (1, 1)",0.03130147477088096,-0.05179713042327174,1,1,
Combined,GPT-2,"grid position (1, 2)",-0.479068348940679,-0.007898169236395315,1,2,
Combined,GPT-2,"grid position (2, 0)",0.11362454562757823,0.06137468632788737,2,0,
Combined,GPT-2,"grid position (2, 1)",0.09348568604434693,0.08549490503641351,2,1,
Combined,GPT-2,"grid position (2, 2)",0.05632397010572687,-0.022184074299508715,2,2,
Combined,GPT-2,"grid position (0, 0)",0.06746069236599565,-0.06407876248596181,0,0,
Combined,GPT-2,"grid position (0, 1)",0.07500800953160139,0.0016582403024458662,0,1,
Combined,GPT-2,"grid position (0, 2)",-0.09123364151570804,-0.23183110064223952,0,2,
Combined,GPT-2,"grid position (1, 0)",0.10087114568185317,-0.004428827448741761,1,0,
Combined,GPT-2,"grid position (1, 1)",0.07679631142087938,0.04969563794296391,1,1,
Combined,GPT-2,"grid position (1, 2)",-0.05251274132927072,-0.07899976778824296,1,2,
Combined,GPT-2,"grid position (2, 0)",0.10980592149932761,0.047435657730358835,2,0,
Combined,GPT-2,"grid position (2, 1)",-0.45202633046451385,0.04784177841302041,2,1,
Combined,GPT-2,"grid position (2, 2)",-0.034441076377398405,-0.10993643992646994,2,2,
Combined,GPT-2,"grid position (0, 0)",0.11392817841779335,0.07734315102564537,0,0,
Combined,GPT-2,"grid position (0, 1)",0.10476549558763094,0.04663854007985586,0,1,
Combined,GPT-2,"grid position (0, 2)",0.05390790482731301,0.11046272705794397,0,2,
Combined,GPT-2,"grid position (1, 0)",0.11705272415841282,0.01585935994868694,1,0,
Combined,GPT-2,"grid position (1, 1)",0.08786174521895275,-0.01625493342268426,1,1,
Combined,GPT-2,"grid position (1, 2)",0.002224025088527927,-0.03316446319976664,1,2,
Combined,GPT-2,"grid position (2, 0)",0.07792804242615564,-0.018478521602692245,2,0,
Combined,GPT-2,"grid position (2, 1)",-0.31235410572845623,0.03109446814712731,2,1,
Combined,GPT-2,"grid position (2, 2)",0.02963179426015233,-0.020282599934064213,2,2,
Combined,GPT-2,"grid position (0, 0)",-0.5938495833803604,0.04404710812144244,0,0,
Combined,GPT-2,"grid position (0, 1)",0.0724552118977538,0.0978205075588989,0,1,
Combined,GPT-2,"grid position (0, 2)",0.04435105457518323,-0.02176465728012798,0,2,
Combined,GPT-2,"grid position (1, 0)",0.023090963199975837,-0.060888446628115746,1,0,
Combined,GPT-2,"grid position (1, 1)",0.07723890429105337,-0.01777295457856515,1,1,
Combined,GPT-2,"grid position (1, 2)",0.10650526738429016,0.04023000390802374,1,2,
Combined,GPT-2,"grid position (2, 0)",0.07221651936876755,-0.014530441174019056,2,0,
Combined,GPT-2,"grid position (2, 1)",0.07501559927051114,0.00028716208879641346,2,1,
Combined,GPT-2,"grid position (2, 2)",0.09175640921222412,0.03085842058460544,2,2,
Combined,GPT-2,"grid position (0, 0)",-0.7468503163379182,0.04506810098037383,0,0,
Combined,GPT-2,"grid position (0, 1)",-0.07866158503545811,-0.10314545061112021,0,1,
Combined,GPT-2,"grid position (0, 2)",0.08651980988625359,0.04211227150237665,0,2,
Combined,GPT-2,"grid position (1, 0)",0.06482480569037853,-0.040300208272665304,1,0,
Combined,GPT-2,"grid position (1, 1)",0.05600044424931982,-0.010333489787975707,1,1,
Combined,GPT-2,"grid position (1, 2)",0.11944314051499319,0.06553272390434912,1,2,
Combined,GPT-2,"grid position (2, 0)",0.057926456478103884,-0.06671802215205348,2,0,
Combined,GPT-2,"grid position (2, 1)",0.05343111377558038,-0.02331285592737523,2,1,
Combined,GPT-2,"grid position (2, 2)",0.08554706529924325,0.0529349794695022,2,2,
Combined,GPT-2,"grid position (0, 0)",0.04201477829202083,0.009903036525413677,0,0,
Combined,GPT-2,"grid position (0, 1)",0.037736657592658075,-0.06122193927055396,0,1,
Combined,GPT-2,"grid position (0, 2)",0.12216060979223796,0.01768574857027616,0,2,
Combined,GPT-2,"grid position (1, 0)",0.05678106329035339,0.011468640498816827,1,0,
Combined,GPT-2,"grid position (1, 1)",0.08384482610920191,-0.02329640055420895,1,1,
Combined,GPT-2,"grid position (1, 2)",0.05337426960706237,-0.044662731274181695,1,2,
Combined,GPT-2,"grid position (2, 0)",0.04059548524850375,-0.0205111229795624,2,0,
Combined,GPT-2,"grid position (2, 1)",0.099507389161618,0.03568071540029413,2,1,
Combined,GPT-2,"grid position (2, 2)",-0.4908706411583845,0.023493552010745312,2,2,
Combined,GPT-2,"grid position (0, 0)",-0.03281719657131452,-0.1660373106865053,0,0,
Combined,GPT-2,"grid position (0, 1)",0.0428625085039826,-0.06905213805916222,0,1,
Combined,GPT-2,"grid position (0, 2)",0.08984340833363652,0.044857126973576154,0,2,
Combined,GPT-2,"grid position (1, 0)",-0.022883968814063346,-0.09314639509090901,1,0,
Combined,GPT-2,"grid position (1, 1)",0.03661165887909943,-0.008747785977448968,1,1,
Combined,GPT-2,"grid position (1, 2)",0.11813620126423513,0.03172299584848864,1,2,
Combined,GPT-2,"grid position (2, 0)",0.05184322678311558,0.06056033481153296,2,0,
Combined,GPT-2,"grid position (2, 1)",-0.415898448974554,0.06953839454450277,2,1,
Combined,GPT-2,"grid position (2, 2)",0.07399754449076752,0.055196515830095216,2,2,
Combined,GPT-2,"grid position (0, 0)",-0.4053673560325487,0.026837912612528207,0,0,
Combined,GPT-2,"grid position (0, 1)",0.09034469328744679,0.0074800288086525725,0,1,
Combined,GPT-2,"grid position (0, 2)",0.04356972814902642,-0.08839336566200043,0,2,
Combined,GPT-2,"grid position (1, 0)",0.088779962378899,-0.04816603746602122,1,0,
Combined,GPT-2,"grid position (1, 1)",0.11430068911713495,0.06800379787058002,1,1,
Combined,GPT-2,"grid position (1, 2)",0.07414056098162627,-0.0259368836762723,1,2,
Combined,GPT-2,"grid position (2, 0)",0.05089540387793314,-0.08139184685675989,2,0,
Combined,GPT-2,"grid position (2, 1)",0.048737561219239896,-0.03452073741846287,2,1,
Combined,GPT-2,"grid position (0, 0)",0.07269778742028761,0.10687285747331865,0,0,
Combined,GPT-2,"grid position (0, 1)",0.10541088284472955,0.06760123534265282,0,1,
Combined,GPT-2,"grid position (0, 2)",0.10901741138877999,0.018577916159671713,0,2,
Combined,GPT-2,"grid position (1, 0)",-0.03386482554131921,-0.02416856483891606,1,0,
Combined,GPT-2,"grid position (1, 1)",0.035647685020686284,-0.04823500140992512,1,1,
Combined,GPT-2,"grid position (1, 2)",0.08097189417630897,-0.07021580389388868,1,2,
Combined,GPT-2,"grid position (2, 0)",-0.6808516763305176,0.047426660512979994,2,0,
Combined,GPT-2,"grid position (2, 1)",0.09620279461000494,0.07117009565356212,2,1,
Combined,GPT-2,"grid position (2, 2)",0.10195814973329403,0.0038846795767418104,2,2,
Combined,GPT-2,"grid position (0, 0)",0.0658852705916636,-0.0004912944903567326,0,0,
Combined,GPT-2,"grid position (0, 1)",0.10327334002330703,0.048650456840864505,0,1,
Combined,GPT-2,"grid position (0, 2)",0.08923008779664506,0.03287751518208845,0,2,
Combined,GPT-2,"grid position (1, 0)",0.04449166905681142,-0.12087490672541899,1,0,
Combined,GPT-2,"grid position (1, 1)",0.07330275574866452,-0.0160930874551561,1,1,
Combined,GPT-2,"grid position (1, 2)",0.10539361628056317,0.051502026570677185,1,2,
Combined,GPT-2,"grid position (2, 0)",0.032484844366542046,-0.08071806484613823,2,0,
Combined,GPT-2,"grid position (2, 1)",0.06256435441627778,0.016805623581061878,2,1,
Combined,GPT-2,"grid position (2, 2)",-0.6247330375187414,0.05830662749701286,2,2,
Combined,GPT-2,"grid position (0, 0)",0.057157417428763554,-0.09527887627143923,0,0,
Combined,GPT-2,"grid position (0, 1)",-0.5922253101469085,0.00977074858668588,0,1,
Combined,GPT-2,"grid position (0, 2)",0.08033539095269192,0.06476941675274465,0,2,
Combined,GPT-2,"grid position (1, 0)",0.09014290712659044,-0.013084799502830674,1,0,
Combined,GPT-2,"grid position (1, 1)",0.06568803398654677,0.001028828585688742,1,1,
Combined,GPT-2,"grid position (1, 2)",0.08239525810755141,0.0501600308655402,1,2,
Combined,GPT-2,"grid position (2, 0)",0.0499896788470048,0.01286406374753274,2,0,
Combined,GPT-2,"grid position (2, 1)",0.05946842769878882,0.035085334322421564,2,1,
Combined,GPT-2,"grid position (2, 2)",0.12325595593209666,0.08306453474044809,2,2,
Combined,GPT-2,"grid position (0, 0)",-0.011190844867316927,-0.20743065524696802,0,0,
Combined,GPT-2,"grid position (0, 1)",-0.0052519230030201175,-0.12045436598699064,0,1,
Combined,GPT-2,"grid position (0, 2)",0.09796562941623398,0.05413818046250354,0,2,
Combined,GPT-2,"grid position (1, 0)",0.03037595241579182,-0.06751873757646912,1,0,
Combined,GPT-2,"grid position (1, 1)",0.08092579269495231,-0.003400836233049743,1,1,
Combined,GPT-2,"grid position (1, 2)",0.13990095999779512,0.0666618240522815,1,2,
Combined,GPT-2,"grid position (2, 0)",-0.6667409979749842,0.05421562884234716,2,0,
Combined,GPT-2,"grid position (2, 1)",0.09628556119534663,0.05399480713544014,2,1,
Combined,GPT-2,"grid position (2, 2)",0.11079667742579531,0.059203012786503445,2,2,
Combined,GPT-2,"grid position (0, 0)",0.09203572913148077,0.1458595741110184,0,0,
Combined,GPT-2,"grid position (0, 1)",0.07885784927726394,0.006574169337830238,0,1,
Combined,GPT-2,"grid position (0, 2)",0.03843574018957239,-0.05464833211534238,0,2,
Combined,GPT-2,"grid position (1, 0)",0.09874750111192346,0.06502373508310658,1,0,
Combined,GPT-2,"grid position (1, 1)",0.0631953475787815,-0.08584984077511451,1,1,
Combined,GPT-2,"grid position (1, 2)",-0.6186058482157604,0.02330270396669398,1,2,
Combined,GPT-2,"grid position (2, 0)",0.09917218714180558,0.060664481378737416,2,0,
Combined,GPT-2,"grid position (2, 1)",0.03203781139796079,-0.017714462212821087,2,1,
Combined,GPT-2,"grid position (2, 2)",0.04014553115709962,-0.09218829151555707,2,2,
Combined,GPT-2,"grid position (0, 0)",0.07222776684772864,0.00756596439023371,0,0,
Combined,GPT-2,"grid position (0, 1)",-0.5812822632496996,0.04292169054233572,0,1,
Combined,GPT-2,"grid position (0, 2)",0.011557623855664433,0.046790795003485826,0,2,
Combined,GPT-2,"grid position (1, 0)",0.07853130985684952,-0.027519016212413594,1,0,
Combined,GPT-2,"grid position (1, 1)",0.018265664355003097,-0.10587312630609051,1,1,
Combined,GPT-2,"grid position (1, 2)",0.024741083787586375,-0.0430069930943053,1,2,
Combined,GPT-2,"grid position (2, 0)",0.07321565784738042,0.016470202107533614,2,0,
Combined,GPT-2,"grid position (2, 1)",0.07556315946070537,-0.002626125950994467,2,1,
Combined,GPT-2,"grid position (2, 2)",0.06265745366543923,-0.012065523401135357,2,2,
Combined,GPT-2,"grid position (0, 0)",-0.09394890620418285,-0.07255215493031149,0,0,
Combined,GPT-2,"grid position (0, 1)",-0.0114245831158306,-0.05823128237129575,0,1,
Combined,GPT-2,"grid position (0, 2)",0.02054586798446975,0.0023757151524731067,0,2,
Combined,GPT-2,"grid position (1, 0)",-0.5043846240688089,0.04418558393086403,1,0,
Combined,GPT-2,"grid position (1, 1)",0.11354949828800597,0.018464350130171354,1,1,
Combined,GPT-2,"grid position (1, 2)",0.12580037078400716,0.034605329796739324,1,2,
Combined,GPT-2,"grid position (2, 0)",0.06656756129548495,-0.01896617579284492,2,0,
Combined,GPT-2,"grid position (2, 1)",0.07886626858296995,-0.049333377162743934,2,1,
Combined,GPT-2,"grid position (2, 2)",0.10084808757240232,-0.056414744554865774,2,2,
Combined,GPT-2,"grid position (0, 0)",0.005582544284350454,0.11013155607737038,0,0,
Combined,GPT-2,"grid position (0, 1)",0.027494159111361695,0.00536037896981204,0,1,
Combined,GPT-2,"grid position (0, 2)",0.04793023364106313,-0.025244704986751215,0,2,
Combined,GPT-2,"grid position (1, 0)",0.06637442025001505,-0.06655570795978125,1,0,
Combined,GPT-2,"grid position (1, 1)",0.09416164353041558,0.018720458794779675,1,1,
Combined,GPT-2,"grid position (1, 2)",0.10317091350360966,0.05532853148232182,1,2,
Combined,GPT-2,"grid position (2, 0)",-0.568797510908161,-0.009277112418109041,2,0,
Combined,GPT-2,"grid position (2, 1)",0.017829577819285156,-0.05433543587178128,2,1,
Combined,GPT-2,"grid position (2, 2)",0.08520634070538542,0.014839414115275538,2,2,
Combined,GPT-2,"grid position (0, 0)",0.07124768688383874,0.05610228441952984,0,0,
Combined,GPT-2,"grid position (0, 1)",-0.026170665657588476,-0.0652170889138007,0,1,
Combined,GPT-2,"grid position (0, 2)",-0.03662526860403371,-0.1550068227635938,0,2,
Combined,GPT-2,"grid position (1, 0)",0.08853065095002259,0.014819979225621135,1,0,
Combined,GPT-2,"grid position (1, 1)",0.08090644624737325,0.08183793982369417,1,1,
Combined,GPT-2,"grid position (1, 2)",0.08047374630906458,-0.014745717625138108,1,2,
Combined,GPT-2,"grid position (2, 0)",0.05132127155948703,-0.05800788591791262,2,0,
Combined,GPT-2,"grid position (2, 1)",-0.42561464493267465,0.03041890870710026,2,1,
Combined,GPT-2,"grid position (2, 2)",0.0648986187485321,-0.02734466378668884,2,2,
Combined,GPT-2,"grid position (0, 0)",0.03211606301936603,-0.017250389129674464,0,0,
Combined,GPT-2,"grid position (0, 1)",0.06912562964703306,0.08815319749389823,0,1,
Combined,GPT-2,"grid position (0, 2)",0.022854515642800177,0.10518527073958205,0,2,
Combined,GPT-2,"grid position (1, 0)",0.09227060814397801,-0.020304418635281377,1,0,
Combined,GPT-2,"grid position (1, 1)",0.07151901704417579,0.06082353127836295,1,1,
Combined,GPT-2,"grid position (1, 2)",0.07462400467261092,0.05243625705625543,1,2,
Combined,GPT-2,"grid position (2, 0)",0.08241100481296959,-0.03222555574539708,2,0,
Combined,GPT-2,"grid position (2, 1)",0.0033164258616396242,-0.05722200359568209,2,1,
Combined,GPT-2,"grid position (2, 2)",-0.4092095640196259,0.012260097251424537,2,2,
Combined,GPT-2,"grid position (0, 0)",0.03355456863715762,0.005143137459340781,0,0,
Combined,GPT-2,"grid position (0, 1)",0.039676270323631906,-0.017894830900674688,0,1,
Combined,GPT-2,"grid position (0, 2)",0.10978664123054345,0.005617003540660852,0,2,
Combined,GPT-2,"grid position (1, 0)",0.02515125096601511,-0.03958887644587468,1,0,
Combined,GPT-2,"grid position (1, 1)",0.041653709977430835,-0.05993648263062387,1,1,
Combined,GPT-2,"grid position (1, 2)",0.10970889567079538,0.00805418867230741,1,2,
Combined,GPT-2,"grid position (2, 0)",-0.46326954103460644,0.052165112283579305,2,0,
Combined,GPT-2,"grid position (2, 1)",0.09755294708083756,0.031427032204877296,2,1,
Combined,GPT-2,"grid position (2, 2)",0.08967364882413947,-0.013365528938992947,2,2,
Combined,GPT-2,"grid position (0, 0)",0.10100384364873288,-0.001404111074841372,0,0,
Combined,GPT-2,"grid position (0, 1)",-0.26052872781560693,0.024145432287585603,0,1,
Combined,GPT-2,"grid position (0, 2)",0.11763138336040231,0.1378960344552935,0,2,
Combined,GPT-2,"grid position (1, 0)",0.11230445649056031,0.008095451368779406,1,0,
Combined,GPT-2,"grid position (1, 1)",0.051353305123453756,-0.04045030008328468,1,1,
Combined,GPT-2,"grid position (1, 2)",0.04482947769194991,0.020887052792165545,1,2,
Combined,GPT-2,"grid position (2, 0)",0.07776887431848033,-0.013496155347553116,2,0,
Combined,GPT-2,"grid position (2, 1)",0.1101916559893903,-0.004782189124156253,2,1,
Combined,GPT-2,"grid position (2, 2)",0.08521423422852512,0.017667602109411533,2,2,
Combined,GPT-2,"grid position (0, 0)",0.07910107986509185,0.04372155196802655,0,0,
Combined,GPT-2,"grid position (0, 1)",0.0409397327488585,-0.03925341085196535,0,1,
Combined,GPT-2,"grid position (0, 2)",-0.6292620154745802,0.030846419955890228,0,2,
Combined,GPT-2,"grid position (1, 0)",0.1018761384822053,0.01488043580741863,1,0,
Combined,GPT-2,"grid position (1, 1)",0.0631447477834687,-0.050202933893847355,1,1,
Combined,GPT-2,"grid position (1, 2)",0.07047136488952406,-0.033960036223100634,1,2,
Combined,GPT-2,"grid position (2, 0)",0.05025309208743241,-0.0429505169246942,2,0,
Combined,GPT-2,"grid position (2, 1)",0.021025537617340422,-0.03407871432636747,2,1,
Combined,GPT-2,"grid position (2, 2)",0.08604853495829846,0.07366341221314766,2,2,
Combined,GPT-2,"grid position (0, 0)",0.0426887616993309,-0.07748725412574721,0,0,
Combined,GPT-2,"grid position (0, 1)",0.10830909782706692,0.022229059750810663,0,1,
Combined,GPT-2,"grid position (0, 2)",0.09036933203976248,-0.02610138190240735,0,2,
Combined,GPT-2,"grid position (1, 0)",0.053441098231142896,-0.04170136475132184,1,0,
Combined,GPT-2,"grid position (1, 1)",0.04159281664717307,-0.08284420657455321,1,1,
Combined,GPT-2,"grid position (1, 2)",0.12228413961092897,-0.007191017108379537,1,2,
Combined,GPT-2,"grid position (2, 0)",0.09878801892257467,0.14788480462407097,2,0,
Combined,GPT-2,"grid position (2, 1)",-0.3419086943266258,0.02679731394669374,2,1,
Combined,GPT-2,"grid position (2, 2)",0.12063827840347824,0.07000640607841835,2,2,
Combined,GPT-2,"grid position (0, 0)",0.03843077856344817,-0.026400637094737157,0,0,
Combined,GPT-2,"grid position (0, 1)",-0.560024630927479,0.010994065635573282,0,1,
Combined,GPT-2,"grid position (0, 2)",-0.027599168621481564,-0.07117425897150587,0,2,
Combined,GPT-2,"grid position (1, 0)",0.10530097220593775,0.07857950294995927,1,0,
Combined,GPT-2,"grid position (1, 1)",0.07473848042115737,0.008251231316037156,1,1,
Combined,GPT-2,"grid position (1, 2)",0.11505399595847458,0.05247349478130779,1,2,
Combined,GPT-2,"grid position (2, 0)",0.07890964438422855,0.04981474884665603,2,0,
Combined,GPT-2,"grid position (2, 1)",0.056292022710140756,-0.08168794698309088,2,1,
Combined,GPT-2,"grid position (2, 2)",0.06448776447453157,-0.025735048548899332,2,2,
Combined,GPT-2,"grid position (0, 0)",0.05419704858021118,0.011712706697017053,0,0,
Combined,GPT-2,"grid position (0, 1)",0.01114824754869726,-0.1388761820738592,0,1,
Combined,GPT-2,"grid position (0, 2)",0.05743772348610537,-0.046886570980710855,0,2,
Combined,GPT-2,"grid position (1, 0)",-0.4363528456702473,0.03768670103217994,1,0,
Combined,GPT-2,"grid position (1, 1)",0.07171753618351154,-0.03388016161129669,1,1,
Combined,GPT-2,"grid position (1, 2)",0.08832351077741357,-0.007429226475038733,1,2,
Combined,GPT-2,"grid position (2, 0)",0.010892133635673738,0.008645860340892153,2,0,
Combined,GPT-2,"grid position (2, 1)",0.031307768441838996,-0.038278733694752286,2,1,
Combined,GPT-2,"grid position (2, 2)",0.07555869439158508,0.01651083345607315,2,2,
Combined,GPT-2,"grid position (0, 0)",0.06426517076170601,0.053899302954156986,0,0,
Combined,GPT-2,"grid position (0, 1)",0.0936073739612489,0.10783825261020712,0,1,
Combined,GPT-2,"grid position (0, 2)",0.07990510170998968,0.09251603369038228,0,2,
Combined,GPT-2,"grid position (1, 0)",0.042666879022434614,0.00710595229554415,1,0,
Combined,GPT-2,"grid position (1, 1)",0.07823965261530474,0.00567910036198238,1,1,
Combined,GPT-2,"grid position (1, 2)",-0.5530232448329252,0.02337644594068678,1,2,
Combined,GPT-2,"grid position (2, 0)",-0.03656662081275927,-0.0638359992890799,2,0,
Combined,GPT-2,"grid position (2, 1)",0.02766429454818416,-0.061309683527743665,2,1,
Combined,GPT-2,"grid position (2, 2)",0.0056499235188941675,-0.07497444128323874,2,2,
Combined,GPT-2,"grid position (0, 0)",0.023249820936013594,-0.08417435363884808,0,0,
Combined,GPT-2,"grid position (0, 1)",0.06309514475333237,-0.0698722797771438,0,1,
Combined,GPT-2,"grid position (0, 2)",0.03593046689759517,-0.09737299368716343,0,2,
Combined,GPT-2,"grid position (1, 0)",-0.031408551465086906,-0.13987062648466794,1,0,
Combined,GPT-2,"grid position (1, 1)",-0.4181310892286362,0.042191412992954376,1,1,
Combined,GPT-2,"grid position (1, 2)",0.030822672027618205,-0.017084321739769606,1,2,
Combined,GPT-2,"grid position (2, 0)",-0.0009148208989342905,0.038793581021564626,2,0,
Combined,GPT-2,"grid position (2, 1)",0.10465344099044728,0.09559923750221269,2,1,
Combined,GPT-2,"grid position (2, 2)",0.11985318499873855,0.1413565101801924,2,2,
Combined,GPT-2,"grid position (0, 0)",0.000663840605744966,-0.1482862911187389,0,0,
Combined,GPT-2,"grid position (0, 1)",0.09082008674042534,0.003947055246100975,0,1,
Combined,GPT-2,"grid position (0, 2)",0.07543296475777328,0.02225332674444101,0,2,
Combined,GPT-2,"grid position (1, 0)",-0.04867135492781383,-0.18061748697061597,1,0,
Combined,GPT-2,"grid position (1, 1)",0.10329445921100221,0.04326567505948417,1,1,
Combined,GPT-2,"grid position (1, 2)",0.09688508998794651,0.03947945190217239,1,2,
Combined,GPT-2,"grid position (2, 0)",-0.7633598076252921,0.04926799316078031,2,0,
Combined,GPT-2,"grid position (2, 1)",0.08637637349494051,0.01912058534206785,2,1,
Combined,GPT-2,"grid position (2, 2)",0.047557518589228166,0.06495872422211824,2,2,
Combined,GPT-2,"grid position (0, 0)",0.09758503361588582,0.11806319528357914,0,0,
Combined,GPT-2,"grid position (0, 1)",0.12296891230032304,0.10177411315759677,0,1,
Combined,GPT-2,"grid position (0, 2)",0.028819456038496942,-0.18329537824039913,0,2,
Combined,GPT-2,"grid position (1, 0)",0.09885773013472443,0.03223177024190417,1,0,
Combined,GPT-2,"grid position (1, 1)",0.061454753370132724,-0.040196850067332285,1,1,
Combined,GPT-2,"grid position (1, 2)",-0.3764429849598677,-0.04550962936880176,1,2,
Combined,GPT-2,"grid position (2, 0)",0.0992192209309265,0.05891924424291872,2,0,
Combined,GPT-2,"grid position (2, 1)",0.07590263619726129,0.044824252093579896,2,1,
Combined,GPT-2,"grid position (2, 2)",0.049548561796305665,-0.007212445964674231,2,2,
Combined,GPT-2,"grid position (0, 0)",0.0332435723083709,-0.08032981643880532,0,0,
Combined,GPT-2,"grid position (0, 1)",0.10475999953979209,0.10321944145223574,0,1,
Combined,GPT-2,"grid position (0, 2)",0.022038812606816324,0.08982813835459916,0,2,
Combined,GPT-2,"grid position (1, 0)",-0.245116188023,-0.017906194946809843,1,0,
Combined,GPT-2,"grid position (1, 1)",0.09038701341373735,0.03153047000567007,1,1,
Combined,GPT-2,"grid position (1, 2)",0.020271896896636152,0.07846054483960732,1,2,
Combined,GPT-2,"grid position (2, 0)",0.04082638916525749,-0.10598372348352288,2,0,
Combined,GPT-2,"grid position (2, 1)",0.04686588005503081,-0.0031878449234867233,2,1,
Combined,GPT-2,"grid position (2, 2)",0.008121927004756814,0.0675786099014787,2,2,
Combined,GPT-2,"grid position (0, 0)",0.05641382801184021,0.03361461748130281,0,0,
Combined,GPT-2,"grid position (0, 1)",0.10036769684830577,0.031918344424765786,0,1,
Combined,GPT-2,"grid position (0, 2)",0.09582314649181015,0.03372766205897826,0,2,
Combined,GPT-2,"grid position (1, 0)",0.11955101943502926,0.051283090085196735,1,0,
Combined,GPT-2,"grid position (1, 1)",-0.493070015793446,0.021433122363991305,1,1,
Combined,GPT-2,"grid position (1, 2)",0.034525390267499505,-0.06425325230015035,1,2,
Combined,GPT-2,"grid position (2, 0)",0.12858263468557513,0.0862194469039408,2,0,
Combined,GPT-2,"grid position (2, 1)",0.03940619268040142,-0.02902780539541493,2,1,
Combined,GPT-2,"grid position (2, 2)",0.03006102503930082,-0.008244197471679803,2,2,
Combined,GPT-2,"grid position (0, 0)",0.07505957564261533,0.01133743763933581,0,0,
Combined,GPT-2,"grid position (0, 1)",0.09211753877917828,0.06787804315515443,0,1,
Combined,GPT-2,"grid position (0, 2)",0.023101566841124608,-0.019625569470070756,0,2,
Combined,GPT-2,"grid position (1, 0)",0.12096143481337607,0.015333204585971412,1,0,
Combined,GPT-2,"grid position (1, 1)",0.0963482679913433,0.0006112952371569155,1,1,
Combined,GPT-2,"grid position (1, 2)",0.10454754926160709,-0.029484293613749903,1,2,
Combined,GPT-2,"grid position (2, 0)",0.11475593551970312,0.026762595311524102,2,0,
Combined,GPT-2,"grid position (2, 1)",0.039753084652835016,-0.06411755576400346,2,1,
Combined,GPT-2,"grid position (2, 2)",-0.6636157110228257,0.04007249946164491,2,2,
Combined,GPT-2,"grid position (0, 0)",0.11469313843344851,-0.012615285295995158,0,0,
Combined,GPT-2,"grid position (0, 1)",-0.4029411133891171,0.02793528585442799,0,1,
Combined,GPT-2,"grid position (0, 2)",0.01769715015416913,-0.05539206545035417,0,2,
Combined,GPT-2,"grid position (1, 0)",0.020028456273429147,-0.13498722580618022,1,0,
Combined,GPT-2,"grid position (1, 1)",0.11976187096989092,0.012611391230937036,1,1,
Combined,GPT-2,"grid position (1, 2)",0.07331918116141223,-0.005773612184329778,1,2,
Combined,GPT-2,"grid position (2, 1)",0.0864370731016828,0.08663644508606712,2,1,
Combined,GPT-2,"grid position (2, 2)",0.07927004962310766,0.047521761016014616,2,2,
Combined,GPT-2,"grid position (0, 0)",0.07501509125374937,0.06890574801513905,0,0,
Combined,GPT-2,"grid position (0, 1)",-0.011302593186563402,-0.06847162008677521,0,1,
Combined,GPT-2,"grid position (0, 2)",0.03981656346396513,-0.11048406160848595,0,2,
Combined,GPT-2,"grid position (1, 0)",0.06047760674788373,0.03843741071146938,1,0,
Combined,GPT-2,"grid position (1, 1)",0.045830465911105484,-0.04367766999470871,1,1,
Combined,GPT-2,"grid position (1, 2)",0.08621270460590089,-0.04618437910042082,1,2,
Combined,GPT-2,"grid position (2, 0)",-0.46138103011315085,0.04659609612313061,2,0,
Combined,GPT-2,"grid position (2, 1)",0.10342319691923622,-0.0040590386834947435,2,1,
Combined,GPT-2,"grid position (2, 2)",0.10491144415929837,-0.03748993661062239,2,2,
Combined,GPT-2,"grid position (0, 0)",0.08803809588700436,-0.07894527522444682,0,0,
Combined,GPT-2,"grid position (0, 1)",0.10158234610137921,-0.0003834501065557919,0,1,
Combined,GPT-2,"grid position (0, 2)",-0.01933004222480399,-0.12121275442647184,0,2,
Combined,GPT-2,"grid position (1, 0)",0.12575492998224624,-0.0007328581469868463,1,0,
Combined,GPT-2,"grid position (1, 1)",-0.40748336014990033,0.019384121319928737,1,1,
Combined,GPT-2,"grid position (1, 2)",0.015260812270799874,-0.07447113020905594,1,2,
Combined,GPT-2,"grid position (2, 0)",0.0727840294368331,0.005202222288335543,2,0,
Combined,GPT-2,"grid position (2, 1)",0.08609576871426113,0.06045117267791044,2,1,
Combined,GPT-2,"grid position (2, 2)",0.09463609015522702,0.12918198379971765,2,2,
Combined,GPT-2,"grid position (0, 0)",0.044759496269392296,-0.05345803779453962,0,0,
Combined,GPT-2,"grid position (0, 1)",0.0717045292531123,-0.01205780997892027,0,1,
Combined,GPT-2,"grid position (0, 2)",-0.576121694965421,0.04393601417551056,0,2,
Combined,GPT-2,"grid position (1, 0)",0.08160712696338737,0.007801310294345574,1,0,
Combined,GPT-2,"grid position (1, 1)",0.06121309511879567,-0.02554659572239999,1,1,
Combined,GPT-2,"grid position (1, 2)",0.04761360375002052,-0.05866187271845669,1,2,
Combined,GPT-2,"grid position (2, 0)",0.06334701687288206,0.03297990606495304,2,0,
Combined,GPT-2,"grid position (2, 1)",0.09023421924308554,0.06666706384447876,2,1,
Combined,GPT-2,"grid position (2, 2)",0.12603115728051767,0.03166688011031544,2,2,
Combined,GPT-2,"grid position (0, 0)",-0.019779594482017958,-0.10325019328483544,0,0,
Combined,GPT-2,"grid position (0, 1)",0.08733780543309967,0.02315246365491755,0,1,
Combined,GPT-2,"grid position (0, 2)",0.063894614168176,0.04960771727802371,0,2,
Combined,GPT-2,"grid position (1, 0)",-0.5083926958041121,0.03685667213845418,1,0,
Combined,GPT-2,"grid position (1, 1)",0.1246254694776947,0.025197157907093936,1,1,
Combined,GPT-2,"grid position (1, 2)",0.055108708593948355,-0.03722856676373849,1,2,
Combined,GPT-2,"grid position (2, 0)",0.12073686620931959,0.041477018283532716,2,0,
Combined,GPT-2,"grid position (2, 1)",0.12983666084322734,0.020468560235518945,2,1,
Combined,GPT-2,"grid position (2, 2)",0.06680487280069687,-0.06971709484093044,2,2,
Combined,GPT-2,"grid position (0, 0)",0.027140039846774242,-0.10831339634806503,0,0,
Combined,GPT-2,"grid position (0, 1)",0.08088117404929122,0.008524659830828923,0,1,
Combined,GPT-2,"grid position (0, 2)",0.13414882919645496,0.0940695386283631,0,2,
Combined,GPT-2,"grid position (1, 0)",0.07049134017379996,0.034690130190884405,1,0,
Combined,GPT-2,"grid position (1, 1)",0.08988009311886783,0.03617310767967889,1,1,
Combined,GPT-2,"grid position (1, 2)",0.07285453736264955,0.016594776301496594,1,2,
Combined,GPT-2,"grid position (2, 0)",-0.6226327174980503,0.06307586869853546,2,0,
Combined,GPT-2,"grid position (2, 1)",0.009964873114903385,-0.08354780795295084,2,1,
Combined,GPT-2,"grid position (2, 2)",-0.004672314411392481,-0.08660453199382549,2,2,
Combined,GPT-2,"grid position (0, 0)",0.004649817694450666,-0.10015519279688148,0,0,
Combined,GPT-2,"grid position (0, 1)",0.07284135692633328,-0.030883122591872692,0,1,
Combined,GPT-2,"grid position (0, 2)",0.058987026626894715,-0.10580231100278291,0,2,
Combined,GPT-2,"grid position (1, 0)",-0.6313361034761842,0.007681963014221591,1,0,
Combined,GPT-2,"grid position (1, 1)",0.08345738326465965,0.00463926235842673,1,1,
Combined,GPT-2,"grid position (1, 2)",0.11017305806575318,0.018739727089838367,1,2,
Combined,GPT-2,"grid position (2, 1)",0.056037570101221755,0.09516915777409725,2,1,
Combined,GPT-2,"grid position (2, 2)",0.10748239620620735,0.05857680856087402,2,2,
Combined,GPT-2,"grid position (0, 0)",0.111645522836129,0.03538183575997233,0,0,
Combined,GPT-2,"grid position (0, 1)",0.06383250278723544,-0.008398301000363517,0,1,
Combined,GPT-2,"grid position (0, 2)",0.13192023619109988,0.12068766495506272,0,2,
Combined,GPT-2,"grid position (1, 0)",0.0947419778669765,0.009624072405762308,1,0,
Combined,GPT-2,"grid position (1, 1)",0.08247952814033507,-0.012672104534983158,1,1,
Combined,GPT-2,"grid position (1, 2)",-0.3543637573353816,0.010489901648695196,1,2,
Combined,GPT-2,"grid position (2, 0)",0.06245939262934367,0.026096534343068137,2,0,
Combined,GPT-2,"grid position (2, 1)",0.012956992322790635,-0.07910445120884754,2,1,
Combined,GPT-2,"grid position (2, 2)",-0.032069047089058875,-0.181746884000119,2,2,
Combined,GPT-2,"grid position (0, 0)",0.11023243342246443,0.00855805805466561,0,0,
Combined,GPT-2,"grid position (0, 1)",0.08333031155934917,-0.03122396452170302,0,1,
Combined,GPT-2,"grid position (0, 2)",-0.01128168492558032,-0.19671335192080863,0,2,
Combined,GPT-2,"grid position (1, 0)",0.11903634318946645,0.01402237568999143,1,0,
Combined,GPT-2,"grid position (1, 1)",-0.3950611660455194,0.03809113333128097,1,1,
Combined,GPT-2,"grid position (1, 2)",0.05971875112058024,-0.13117345035892877,1,2,
Combined,GPT-2,"grid position (2, 0)",0.04305338873984598,-0.012386911644497404,2,0,
Combined,GPT-2,"grid position (2, 1)",-0.029132737477624588,-0.07282213312070748,2,1,
Combined,GPT-2,"grid position (2, 2)",0.053923785248415484,-0.10279747333152969,2,2,
Combined,GPT-2,"grid position (0, 0)",0.08786402027181556,-0.022739157270722957,0,0,
Combined,GPT-2,"grid position (0, 1)",0.08072027717500217,0.06189078986206641,0,1,
Combined,GPT-2,"grid position (0, 2)",-0.5029284676033142,0.041569067181012394,0,2,
Combined,GPT-2,"grid position (1, 0)",0.05955342840497436,-0.08712316511989233,1,0,
Combined,GPT-2,"grid position (1, 1)",0.03637590650240288,-0.049112411911386225,1,1,
Combined,GPT-2,"grid position (1, 2)",0.08288209299362058,-0.003893557002539158,1,2,
Combined,GPT-2,"grid position (2, 0)",-0.0014678554504192849,-0.16157545248444977,2,0,
Combined,GPT-2,"grid position (2, 1)",0.056335117982841056,-0.013194872728480552,2,1,
Combined,GPT-2,"grid position (2, 2)",0.0978019235069298,0.11111574544291355,2,2,
Combined,GPT-2,"grid position (0, 0)",-0.6740219418008108,0.022337352115919664,0,0,
Combined,GPT-2,"grid position (0, 1)",0.04712787492288832,-0.04774928978595885,0,1,
Combined,GPT-2,"grid position (0, 2)",0.09360413900391877,0.04794224111978772,0,2,
Combined,GPT-2,"grid position (1, 0)",-0.004912299436718486,-0.11632919261481056,1,0,
Combined,GPT-2,"grid position (1, 1)",0.06787429309391209,-0.030187711857361754,1,1,
Combined,GPT-2,"grid position (1, 2)",0.08094142479799497,0.024167482147060767,1,2,
Combined,GPT-2,"grid position (2, 0)",0.04478463557993392,-0.0019592684248917087,2,0,
Combined,GPT-2,"grid position (2, 1)",0.062360455256643015,0.014072892519228573,2,1,
Combined,GPT-2,"grid position (2, 2)",0.06364421064337206,-0.01479343191183555,2,2,
Combined,GPT-2,"grid position (0, 0)",0.08032695458842558,0.17122485174102475,0,0,
Combined,GPT-2,"grid position (0, 1)",-0.5674325731324943,0.033168511504106254,0,1,
Combined,GPT-2,"grid position (0, 2)",0.00870713820536568,-0.11868969672893495,0,2,
Combined,GPT-2,"grid position (1, 0)",0.10408646837523938,0.06755618373676234,1,0,
Combined,GPT-2,"grid position (1, 1)",0.057887910838468885,0.013914881912845404,1,1,
Combined,GPT-2,"grid position (1, 2)",0.10701815489086486,0.0005946650418069853,1,2,
Combined,GPT-2,"grid position (2, 0)",0.10245571718585032,0.08834633532005641,2,0,
Combined,GPT-2,"grid position (2, 1)",0.09196651519516659,0.03088572068801686,2,1,
Combined,GPT-2,"grid position (2, 2)",0.11494546216859328,0.029676219406169824,2,2,
Combined,GPT-2,"grid position (0, 0)",0.06704250031590409,-0.013782327633029967,0,0,
Combined,GPT-2,"grid position (0, 1)",0.08720748212381439,-0.010828280793326117,0,1,
Combined,GPT-2,"grid position (0, 2)",0.09066389430037719,0.050980953678765095,0,2,
Combined,GPT-2,"grid position (1, 0)",0.06526281619432667,0.012617774957716817,1,0,
Combined,GPT-2,"grid position (1, 1)",0.09650894496589627,0.0730433266207367,1,1,
Combined,GPT-2,"grid position (1, 2)",0.11238659570673057,0.10784731523186913,1,2,
Combined,GPT-2,"grid position (2, 0)",-0.015796566783485136,-0.09653552427426952,2,0,
Combined,GPT-2,"grid position (2, 1)",-0.022939271418380706,-0.0887325662205587,2,1,
Combined,GPT-2,"grid position (2, 2)",-0.5935187608108563,0.015707907224549553,2,2,
Combined,GPT-2,"grid position (0, 0)",0.10549513674931499,0.006179588050148989,0,0,
Combined,GPT-2,"grid position (0, 1)",0.07843841041167945,-0.008972259896094188,0,1,
Combined,GPT-2,"grid position (0, 2)",0.009689732952468104,-0.028384929240706815,0,2,
Combined,GPT-2,"grid position (1, 0)",0.10271538394816153,0.0068732905197378125,1,0,
Combined,GPT-2,"grid position (1, 1)",-0.004902843343072357,-0.1232220895403823,1,1,
Combined,GPT-2,"grid position (1, 2)",-0.7150844319221454,0.05396838525002882,1,2,
Combined,GPT-2,"grid position (2, 0)",0.11188914381589417,0.05409725419905041,2,0,
Combined,GPT-2,"grid position (2, 1)",0.08693697923652381,0.026504589030532807,2,1,
Combined,GPT-2,"grid position (2, 2)",0.07791655853357614,0.006146103594274867,2,2,
Combined,GPT-2,"grid position (0, 0)",0.07483126916575789,-0.045607830727646605,0,0,
Combined,GPT-2,"grid position (0, 1)",0.07092211391524114,0.03624148233745226,0,1,
Combined,GPT-2,"grid position (0, 2)",-0.5142394386899295,0.03736009029454634,0,2,
Combined,GPT-2,"grid position (1, 0)",0.029743801586957257,-0.09282987019554892,1,0,
Combined,GPT-2,"grid position (1, 1)",0.11004297796873971,0.016400117158900277,1,1,
Combined,GPT-2,"grid position (1, 2)",0.08889906626289358,0.02276640583700674,1,2,
Combined,GPT-2,"grid position (2, 0)",0.047199355662221595,0.03196040314235816,2,0,
Combined,GPT-2,"grid position (2, 1)",0.07618336253978603,-0.029553486848524196,2,1,
Combined,GPT-2,"grid position (2, 2)",0.02222928176734182,-0.010281758909705362,2,2,
Combined,GPT-2,"grid position (0, 0)",0.0377083289729127,0.08324355077292162,0,0,
Combined,GPT-2,"grid position (0, 1)",0.06093357127997293,0.0016811131504752361,0,1,
Combined,GPT-2,"grid position (0, 2)",0.09102917766218509,-0.019818126720031436,0,2,
Combined,GPT-2,"grid position (1, 0)",-0.0038610672362867863,-0.05280688508729805,1,0,
Combined,GPT-2,"grid position (1, 1)",0.010799873257668253,-0.019034934547207998,1,1,
Combined,GPT-2,"grid position (1, 2)",0.09576070928040846,-0.004917369864265831,1,2,
Combined,GPT-2,"grid position (2, 0)",0.04992156820246484,0.02175951449110137,2,0,
Combined,GPT-2,"grid position (2, 1)",-0.4672567134271622,0.06048684189084576,2,1,
Combined,GPT-2,"grid position (2, 2)",0.11609658893058299,0.04424672029712291,2,2,
Combined,GPT-2,"grid position (0, 0)",-0.4700584532350337,0.03426942776561525,0,0,
Combined,GPT-2,"grid position (0, 1)",0.06528482919529284,0.045745346158498165,0,1,
Combined,GPT-2,"grid position (0, 2)",0.10058408042657556,0.1200943017421309,0,2,
Combined,GPT-2,"grid position (1, 0)",0.019005774859878647,-0.04361157156435123,1,0,
Combined,GPT-2,"grid position (1, 1)",0.07460153942912753,-0.030887172612693175,1,1,
Combined,GPT-2,"grid position (1, 2)",0.08429650156134101,0.0026746344082490036,1,2,
Combined,GPT-2,"grid position (2, 0)",0.027732140834701127,-0.07776615389784576,2,0,
Combined,GPT-2,"grid position (2, 1)",0.09547115082981078,-0.008949116138003069,2,1,
Combined,GPT-2,"grid position (2, 2)",0.10251337882031908,0.03703157902269718,2,2,
Combined,GPT-2,"grid position (0, 0)",-0.516933171943981,-0.0020480007170632698,0,0,
Combined,GPT-2,"grid position (0, 1)",0.09170826043162493,-0.005335854063704006,0,1,
Combined,GPT-2,"grid position (0, 2)",0.09920011500283459,0.022181744225221105,0,2,
Combined,GPT-2,"grid position (1, 0)",-0.020319545111974712,-0.16333434437702066,1,0,
Combined,GPT-2,"grid position (1, 1)",0.11997653046129515,-0.019211757086191085,1,1,
Combined,GPT-2,"grid position (1, 2)",0.08078974115589567,-0.07786425321074032,1,2,
Combined,GPT-2,"grid position (2, 0)",-0.07019758675676542,-0.10353006060448046,2,0,
Combined,GPT-2,"grid position (2, 1)",0.0705068124035744,-0.005277688132584615,2,1,
Combined,GPT-2,"grid position (2, 2)",0.07510393800814305,0.05492964731561889,2,2,
Combined,GPT-2,"grid position (0, 0)",0.05620792269484057,-0.04942223579834625,0,0,
Combined,GPT-2,"grid position (0, 1)",0.08268240911876154,0.02458704000656433,0,1,
Combined,GPT-2,"grid position (0, 2)",0.10805782110170391,0.025303216073114115,0,2,
Combined,GPT-2,"grid position (1, 0)",0.07159988990228375,-0.05814971569766967,1,0,
Combined,GPT-2,"grid position (1, 1)",0.03450992324013948,-0.019488092414303704,1,1,
Combined,GPT-2,"grid position (1, 2)",0.14108608896340114,0.048207222574542366,1,2,
Combined,GPT-2,"grid position (2, 0)",0.06798394367782029,-0.07149879897544756,2,0,
Combined,GPT-2,"grid position (2, 1)",-0.6327281681942096,0.014321179934888508,2,1,
Combined,GPT-2,"grid position (2, 2)",0.10298525828024185,0.05840478550264018,2,2,
Combined,GPT-2,"grid position (0, 0)",0.06119858343108431,-0.01733683378306143,0,0,
Combined,GPT-2,"grid position (0, 1)",0.06427582566784175,0.10320798852158641,0,1,
Combined,GPT-2,"grid position (0, 2)",0.024541526710974832,0.09064970499632682,0,2,
Combined,GPT-2,"grid position (1, 0)",0.06263793773966071,-0.0590820035346658,1,0,
Combined,GPT-2,"grid position (1, 1)",0.08105043924779748,0.0590730051744459,1,1,
Combined,GPT-2,"grid position (1, 2)",0.03528994190498426,-0.02603747239849154,1,2,
Combined,GPT-2,"grid position (2, 0)",-0.41746803219238016,-0.018074967754818195,2,0,
Combined,GPT-2,"grid position (2, 1)",0.08995143538186852,0.024315878866779227,2,1,
Combined,GPT-2,"grid position (2, 2)",0.06209476837256121,-0.04787832925676708,2,2,
Combined,GPT-2,"grid position (0, 0)",0.08146312664519381,-0.015801109269363595,0,0,
Combined,GPT-2,"grid position (0, 1)",0.09950470965975605,0.024051313834565373,0,1,
Combined,GPT-2,"grid position (0, 2)",0.07735312128744826,0.04084965069616623,0,2,
Combined,GPT-2,"grid position (1, 0)",0.0470277508821959,-0.011662269271268965,1,0,
Combined,GPT-2,"grid position (1, 1)",0.0694125975366386,0.010269034019175192,1,1,
Combined,GPT-2,"grid position (1, 2)",0.06249419208137241,0.020768045549137738,1,2,
Combined,GPT-2,"grid position (2, 0)",0.07168382907921225,0.03036923989922009,2,0,
Combined,GPT-2,"grid position (2, 1)",-0.5541217490922486,0.04706810074622668,2,1,
Combined,GPT-2,"grid position (2, 2)",0.07054887539351197,0.11828534428819518,2,2,
Combined,GPT-2,"grid position (0, 0)",0.017759575452362925,-0.062403511651470456,0,0,
Combined,GPT-2,"grid position (0, 1)",0.022873943099990485,-0.014332466337166776,0,1,
Combined,GPT-2,"grid position (0, 2)",-0.5100220928269525,0.062432003661909874,0,2,
Combined,GPT-2,"grid position (1, 0)",0.0679981500701937,-0.11193169418135589,1,0,
Combined,GPT-2,"grid position (1, 1)",0.05031731997442495,-0.03663385198942406,1,1,
Combined,GPT-2,"grid position (1, 2)",0.11244007825628302,0.07927922885548855,1,2,
Combined,GPT-2,"grid position (2, 0)",0.05702332296452254,0.005510776787048294,2,0,
Combined,GPT-2,"grid position (2, 1)",0.09244272575537107,0.07765072412773454,2,1,
Combined,GPT-2,"grid position (2, 2)",0.11860868214334427,0.11315176053947115,2,2,
Combined,GPT-2,"grid position (0, 0)",0.09156468996222622,0.016571888965585247,0,0,
Combined,GPT-2,"grid position (0, 1)",0.09828316028413345,0.09324145013872465,0,1,
Combined,GPT-2,"grid position (0, 2)",0.10639777874192537,0.07008706771729337,0,2,
Combined,GPT-2,"grid position (1, 0)",0.08871621444686853,0.018239624868146672,1,0,
Combined,GPT-2,"grid position (1, 1)",-0.5279044623451441,0.010990348987231417,1,1,
Combined,GPT-2,"grid position (1, 2)",0.0543389590187267,-0.08041932406359764,1,2,
Combined,GPT-2,"grid position (2, 0)",0.09559918612659556,0.04476576156832257,2,0,
Combined,GPT-2,"grid position (2, 1)",0.04024249233523069,-0.013483989637364148,2,1,
Combined,GPT-2,"grid position (2, 2)",0.08654958335081334,-0.0492510220891788,2,2,
Combined,GPT-2,"grid position (0, 0)",0.06087943648778075,-0.06305024699710068,0,0,
Combined,GPT-2,"grid position (0, 1)",0.023553926692152036,-0.11505682859858765,0,1,
Combined,GPT-2,"grid position (0, 2)",0.09673294965503927,0.007595127875385218,0,2,
Combined,GPT-2,"grid position (1, 0)",0.061710916714767854,0.0006440916028133547,1,0,
Combined,GPT-2,"grid position (1, 1)",0.06251524967811971,0.01574890315150657,1,1,
Combined,GPT-2,"grid position (1, 2)",0.12185963829781932,0.044130547609865074,1,2,
Combined,GPT-2,"grid position (2, 0)",-0.2047769429844142,-0.21488465689061811,2,0,
Combined,GPT-2,"grid position (2, 1)",-0.5506234832390291,0.04233724691007723,2,1,
Combined,GPT-2,"grid position (2, 2)",0.0869502546829977,0.004647376925493252,2,2,
Combined,GPT-2,"grid position (0, 0)",0.10305357904322092,0.0775859859892443,0,0,
Combined,GPT-2,"grid position (0, 1)",0.07728985776810876,0.024967858419180426,0,1,
Combined,GPT-2,"grid position (0, 2)",-0.0038481634821915553,-0.12139906805945007,0,2,
Combined,GPT-2,"grid position (1, 0)",0.09642605962338734,0.09762364775186026,1,0,
Combined,GPT-2,"grid position (1, 1)",0.09651005292176032,0.05959857895004839,1,1,
Combined,GPT-2,"grid position (1, 2)",-0.45149730388318887,-0.03313855475057793,1,2,
Combined,GPT-2,"grid position (2, 0)",0.04178938191993769,0.0727097456190029,2,0,
Combined,GPT-2,"grid position (2, 1)",0.05958651368425317,0.037344316550784816,2,1,
Combined,GPT-2,"grid position (2, 2)",0.005146280914421919,-0.17569672700389632,2,2,
Combined,GPT-2,"grid position (0, 1)",0.08961853185038834,0.04837931322457953,0,1,
Combined,GPT-2,"grid position (0, 2)",0.04961594095287749,-0.06300666196673542,0,2,
Combined,GPT-2,"grid position (1, 0)",0.022770825169342843,-0.007281462526868802,1,0,
Combined,GPT-2,"grid position (1, 1)",0.0977215748640453,0.04531411976369214,1,1,
Combined,GPT-2,"grid position (1, 2)",0.06774053845164109,-0.04413752354487739,1,2,
Combined,GPT-2,"grid position (2, 0)",0.002850496037579292,-0.03470663047718796,2,0,
Combined,GPT-2,"grid position (2, 1)",0.09142706962534032,0.015892018570943297,2,1,
Combined,GPT-2,"grid position (2, 2)",-0.357036850883735,0.023510913406193372,2,2,
Combined,GPT-2,"grid position (0, 0)",0.07755708113189105,0.06985210629878935,0,0,
Combined,GPT-2,"grid position (0, 1)",0.06778936423355916,0.020413459247255752,0,1,
Combined,GPT-2,"grid position (0, 2)",0.023926580958071722,-0.08684859529466116,0,2,
Combined,GPT-2,"grid position (1, 0)",0.11057646796105544,0.02859070948710046,1,0,
Combined,GPT-2,"grid position (1, 1)",0.0479033291447512,0.04609932438996305,1,1,
Combined,GPT-2,"grid position (1, 2)",-0.5300889180131063,-0.014090836781299323,1,2,
Combined,GPT-2,"grid position (2, 0)",0.11225967196435716,0.05264597596678761,2,0,
Combined,GPT-2,"grid position (2, 1)",0.0935628132471719,0.020498923371528484,2,1,
Combined,GPT-2,"grid position (2, 2)",0.00682244872175866,-0.06514714842736087,2,2,
Combined,GPT-2,"grid position (0, 0)",0.06514611558968182,-0.020560648401168256,0,0,
Combined,GPT-2,"grid position (0, 1)",0.09307658356717255,0.046261352547707225,0,1,
Combined,GPT-2,"grid position (0, 2)",0.11645159637110333,0.11074666811325254,0,2,
Combined,GPT-2,"grid position (1, 0)",0.09589212319450217,-0.042442406522380974,1,0,
Combined,GPT-2,"grid position (1, 1)",0.10847342685596362,0.033429409622156576,1,1,
Combined,GPT-2,"grid position (1, 2)",0.12599992860954687,0.03154578461868104,1,2,
Combined,GPT-2,"grid position (2, 0)",-0.048093772801802694,-0.09409838817782348,2,0,
Combined,GPT-2,"grid position (2, 1)",-0.012626249869097944,-0.12991040376860793,2,1,
Combined,GPT-2,"grid position (2, 2)",-0.41972279795274464,0.016359936894140503,2,2,
Combined,GPT-2,"grid position (0, 0)",0.0683101307109142,0.035983577301272066,0,0,
Combined,GPT-2,"grid position (0, 1)",0.05473629973598903,-0.057619444372985745,0,1,
Combined,GPT-2,"grid position (0, 2)",0.09256949838701192,-0.0018130821480501944,0,2,
Combined,GPT-2,"grid position (1, 0)",0.08061703773479856,0.04413649402712983,1,0,
Combined,GPT-2,"grid position (1, 1)",0.08391124370065324,0.03702297695257264,1,1,
Combined,GPT-2,"grid position (1, 2)",0.08644873843816427,-0.04173427381184395,1,2,
Combined,GPT-2,"grid position (2, 0)",-0.5955559895017983,0.009941909702031702,2,0,
Combined,GPT-2,"grid position (2, 1)",0.0015330787618799446,-0.040091459707985576,2,1,
Combined,GPT-2,"grid position (2, 2)",0.07985156405459583,-0.020586132419004765,2,2,
Combined,GPT-2,"grid position (0, 0)",-0.5415851652257606,0.042514502021741535,0,0,
Combined,GPT-2,"grid position (0, 1)",0.0375898331835745,-0.023659927658573127,0,1,
Combined,GPT-2,"grid position (0, 2)",0.05816334904393054,-0.03153295928149565,0,2,
Combined,GPT-2,"grid position (1, 0)",0.1052747627286526,0.058139170868166626,1,0,
Combined,GPT-2,"grid position (1, 1)",0.061612296622673916,-0.02196207109468567,1,1,
Combined,GPT-2,"grid position (1, 2)",0.08072348584833304,-0.043775289109248675,1,2,
Combined,GPT-2,"grid position (2, 1)",0.03704876268802523,0.014912284363078891,2,1,
Combined,GPT-2,"grid position (2, 2)",0.05259487811992688,0.07155895435527107,2,2,
Combined,GPT-2,"grid position (0, 0)",-0.48861051607181116,0.014393288475092693,0,0,
Combined,GPT-2,"grid position (0, 1)",-0.08847616762641128,-0.11065070133317341,0,1,
Combined,GPT-2,"grid position (1, 0)",0.07559904939303609,-0.039501558880952164,1,0,
Combined,GPT-2,"grid position (1, 1)",0.0631946281855273,-0.04376517666272314,1,1,
Combined,GPT-2,"grid position (1, 2)",-0.007264824405335517,-0.1770645185037063,1,2,
Combined,GPT-2,"grid position (2, 0)",0.10428559743955343,0.05829442440836468,2,0,
Combined,GPT-2,"grid position (2, 1)",0.07844761962792803,0.025610421260712626,2,1,
Combined,GPT-2,"grid position (2, 2)",0.04483265773538454,-0.019732999568996695,2,2,
Combined,GPT-2,"grid position (0, 0)",0.0791797064186923,0.0021059839044268356,0,0,
Combined,GPT-2,"grid position (0, 1)",0.06914548666831803,-0.043428757193623255,0,1,
Combined,GPT-2,"grid position (0, 2)",0.018425425230983596,-0.0875618654924212,0,2,
Combined,GPT-2,"grid position (1, 0)",0.10545678277031692,0.07093515598363154,1,0,
Combined,GPT-2,"grid position (1, 1)",0.10631552440280295,0.018756065371961318,1,1,
Combined,GPT-2,"grid position (1, 2)",-0.6225004000289419,0.022648792310751516,1,2,
Combined,GPT-2,"grid position (2, 0)",0.07329014336711023,0.14447314961869223,2,0,
Combined,GPT-2,"grid position (2, 1)",0.08331684248056165,-0.00025236709118304324,2,1,
Combined,GPT-2,"grid position (2, 2)",0.009538859651758541,-0.17588392496764021,2,2,
Combined,GPT-2,"grid position (0, 0)",0.07322089543709728,0.07421486053185725,0,0,
Combined,GPT-2,"grid position (0, 1)",0.1211610968576469,0.0467521510115247,0,1,
Combined,GPT-2,"grid position (0, 2)",-0.45266391628237035,0.05595527526569697,0,2,
Combined,GPT-2,"grid position (1, 0)",0.011372528453833797,0.019086799572697263,1,0,
Combined,GPT-2,"grid position (1, 1)",0.09688442168684437,0.06212806162970535,1,1,
Combined,GPT-2,"grid position (1, 2)",0.0717544554820608,-0.015622498127304029,1,2,
Combined,GPT-2,"grid position (2, 0)",0.02186095606240045,-0.08071734409688444,2,0,
Combined,GPT-2,"grid position (2, 1)",0.054909381679521585,0.009584964441542271,2,1,
Combined,GPT-2,"grid position (2, 2)",0.019921531187117567,-0.09581970501333377,2,2,
Combined,GPT-2,"grid position (0, 0)",0.04460650081332718,0.07869579169345872,0,0,
Combined,GPT-2,"grid position (0, 1)",0.05944603864789298,0.00015470181484141598,0,1,
Combined,GPT-2,"grid position (0, 2)",0.04549977986346816,0.027535582619978082,0,2,
Combined,GPT-2,"grid position (1, 0)",0.045686804362503365,0.006313525716001807,1,0,
Combined,GPT-2,"grid position (1, 1)",0.085086130392937,0.00472997917030321,1,1,
Combined,GPT-2,"grid position (1, 2)",0.049571713892768286,-0.08297228758363066,1,2,
Combined,GPT-2,"grid position (2, 0)",-0.5809065320233919,0.04212397294695765,2,0,
Combined,GPT-2,"grid position (2, 1)",0.07882617955446725,0.04467671212142974,2,1,
Combined,GPT-2,"grid position (2, 2)",0.065159217842106,-0.04528417723918658,2,2,
Combined,GPT-2,"grid position (0, 0)",0.05173120658943898,-0.11058924206246531,0,0,
Combined,GPT-2,"grid position (0, 1)",0.057429194613423946,0.0033595768240757148,0,1,
Combined,GPT-2,"grid position (0, 2)",0.1107999052189028,0.0436278256684483,0,2,
Combined,GPT-2,"grid position (1, 0)",0.05957619145277032,-0.10891256719409957,1,0,
Combined,GPT-2,"grid position (1, 1)",0.06329440132665214,-0.03405641039006512,1,1,
Combined,GPT-2,"grid position (1, 2)",0.10281742759023998,-0.026704924451492553,1,2,
Combined,GPT-2,"grid position (2, 0)",-0.18798883964621946,-0.2082386870757515,2,0,
Combined,GPT-2,"grid position (2, 1)",-0.557645657833649,0.05016530955476063,2,1,
Combined,GPT-2,"grid position (2, 2)",0.08981871620731202,0.019098909551255202,2,2,
Combined,GPT-2,"grid position (0, 0)",0.11971404839209702,0.08268753503046798,0,0,
Combined,GPT-2,"grid position (0, 1)",0.08202453858885249,0.042113122709899135,0,1,
Combined,GPT-2,"grid position (0, 2)",-0.0328740685374536,-0.13790013636982237,0,2,
Combined,GPT-2,"grid position (1, 0)",0.095053831635133,-0.019526250925560287,1,0,
Combined,GPT-2,"grid position (1, 1)",0.1220071285923222,0.018921566914478053,1,1,
Combined,GPT-2,"grid position (1, 2)",0.03291687314564016,-0.0460712902996417,1,2,
Combined,GPT-2,"grid position (2, 0)",-0.5415390621273747,0.022653784928814136,2,0,
Combined,GPT-2,"grid position (2, 1)",0.057815293411617646,-0.04290504358903985,2,1,
Combined,GPT-2,"grid position (2, 2)",0.04299740029587618,-0.024015919859585115,2,2,
Combined,GPT-2,"grid position (0, 0)",0.08165858569492203,0.04879274134603577,0,0,
Combined,GPT-2,"grid position (0, 1)",0.04143404057218292,-0.03992424776492944,0,1,
Combined,GPT-2,"grid position (0, 2)",-0.023191081010362054,-0.14382764370715986,0,2,
Combined,GPT-2,"grid position (1, 0)",0.09451538343981676,0.027470461430435016,1,0,
Combined,GPT-2,"grid position (1, 1)",-0.6248600115315351,0.033909727679271535,1,1,
Combined,GPT-2,"grid position (1, 2)",-0.06277545262601761,-0.15605920491889194,1,2,
Combined,GPT-2,"grid position (2, 0)",0.09499772880639011,0.013326829295914227,2,0,
Combined,GPT-2,"grid position (2, 1)",0.08763764724044308,0.017105065816953972,2,1,
Combined,GPT-2,"grid position (2, 2)",0.04152610965823726,0.08315383706860345,2,2,
Combined,GPT-2,"grid position (0, 0)",0.029330757889164488,-0.09373431579270664,0,0,
Combined,GPT-2,"grid position (0, 1)",0.09460638058803529,0.01729018636537967,0,1,
Combined,GPT-2,"grid position (0, 2)",0.10564720386370942,0.03281603857640894,0,2,
Combined,GPT-2,"grid position (1, 0)",0.06680470569299853,0.07173520983188798,1,0,
Combined,GPT-2,"grid position (1, 1)",-0.40083078642856274,0.03409435236472133,1,1,
Combined,GPT-2,"grid position (1, 2)",0.06687008242238053,-0.028915529430312854,1,2,
Combined,GPT-2,"grid position (2, 0)",0.04953593697555562,0.11850312225005055,2,0,
Combined,GPT-2,"grid position (2, 1)",0.04968707846603835,0.013793032146341231,2,1,
Combined,GPT-2,"grid position (2, 2)",0.10210636337225136,-0.04435527239521418,2,2,
Combined,GPT-2,"grid position (0, 0)",0.10669643941473883,0.06636864877174824,0,0,
Combined,GPT-2,"grid position (0, 1)",0.09421251970365213,0.019905582680852005,0,1,
Combined,GPT-2,"grid position (0, 2)",0.09379741986899764,-0.001453729654329615,0,2,
Combined,GPT-2,"grid position (1, 0)",0.06400925800423174,-0.011451288661945955,1,0,
Combined,GPT-2,"grid position (1, 1)",0.07244467610521374,-0.005855500125011891,1,1,
Combined,GPT-2,"grid position (1, 2)",0.061366147146894576,-0.048383883306505615,1,2,
Combined,GPT-2,"grid position (2, 0)",-0.566059354176185,0.028317258189991156,2,0,
Combined,GPT-2,"grid position (2, 1)",0.019340713995568914,-0.07806535728782267,2,1,
Combined,GPT-2,"grid position (2, 2)",0.03128234913299262,-0.041269201874070204,2,2,
Combined,GPT-2,"grid position (0, 0)",0.09666220279946229,-0.03512642737028,0,0,
Combined,GPT-2,"grid position (0, 1)",0.06965442043090724,-0.041901014804187446,0,1,
Combined,GPT-2,"grid position (0, 2)",0.09338971880147004,0.004333277083386512,0,2,
Combined,GPT-2,"grid position (1, 0)",0.07520273131165281,-0.031166053904799953,1,0,
Combined,GPT-2,"grid position (1, 1)",0.1258584361650054,0.044819171680827316,1,1,
Combined,GPT-2,"grid position (1, 2)",0.1332950467213734,0.03512927724555772,1,2,
Combined,GPT-2,"grid position (2, 0)",-0.5233875899514587,0.0024155779590575186,2,0,
Combined,GPT-2,"grid position (2, 1)",0.11221992159704948,0.05204839802180483,2,1,
Combined,GPT-2,"grid position (2, 2)",0.10290513507038025,0.038037120275484504,2,2,
Combined,GPT-2,"grid position (0, 0)",-0.6795590788806337,0.03268553695026678,0,0,
Combined,GPT-2,"grid position (0, 1)",-0.10221328760286102,-0.14867644399120264,0,1,
Combined,GPT-2,"grid position (0, 2)",0.0005036798000764521,0.05367534036066055,0,2,
Combined,GPT-2,"grid position (1, 0)",0.08193234751672049,0.014568698803743287,1,0,
Combined,GPT-2,"grid position (1, 1)",0.05430918441955485,-0.0829964366486472,1,1,
Combined,GPT-2,"grid position (1, 2)",0.06916904779461781,0.0690313526460539,1,2,
Combined,GPT-2,"grid position (2, 0)",0.09893826903851871,0.051241024817502596,2,0,
Combined,GPT-2,"grid position (2, 1)",0.07269312557084648,-0.05922284118333995,2,1,
Combined,GPT-2,"grid position (2, 2)",0.056834842431500616,0.0241866422991566,2,2,
Combined,GPT-2,"grid position (0, 0)",0.027050983643554134,-0.0737990734649265,0,0,
Combined,GPT-2,"grid position (0, 1)",0.05223614813875949,-0.026377675656118434,0,1,
Combined,GPT-2,"grid position (0, 2)",0.07487653458358912,-0.027472202898234228,0,2,
Combined,GPT-2,"grid position (1, 0)",0.019576988682569595,-0.06382065442665456,1,0,
Combined,GPT-2,"grid position (1, 1)",0.04025765851780793,-0.07801008798395839,1,1,
Combined,GPT-2,"grid position (1, 2)",0.12805852105375756,0.01939142577033103,1,2,
Combined,GPT-2,"grid position (2, 0)",0.031003317863870374,0.12473391931667525,2,0,
Combined,GPT-2,"grid position (2, 1)",-0.5566878448843421,0.052961427488893875,2,1,
Combined,GPT-2,"grid position (2, 2)",0.12019106190408302,0.06415924056659106,2,2,
Combined,GPT-2,"grid position (0, 0)",0.004534423823913611,-0.11208688649876257,0,0,
Combined,GPT-2,"grid position (0, 1)",0.06277756207228224,-0.05203528123490533,0,1,
Combined,GPT-2,"grid position (0, 2)",0.04800681280866161,-0.03618274150131404,0,2,
Combined,GPT-2,"grid position (1, 0)",0.09313072121024775,0.07224508932996468,1,0,
Combined,GPT-2,"grid position (1, 1)",-0.3476135865585765,0.04753110221727714,1,1,
Combined,GPT-2,"grid position (1, 2)",0.056539724429347744,-0.043987870570352534,1,2,
Combined,GPT-2,"grid position (2, 0)",0.07508048788532896,0.05568482676377916,2,0,
Combined,GPT-2,"grid position (2, 1)",0.09412023863619175,0.08299005665159441,2,1,
Combined,GPT-2,"grid position (2, 2)",0.08568201024344109,0.060206541445856576,2,2,
Combined,GPT-2,"grid position (0, 0)",0.04669150710613583,0.08056030751010168,0,0,
Combined,GPT-2,"grid position (0, 1)",0.06708848843914064,0.0367461343706829,0,1,
Combined,GPT-2,"grid position (0, 2)",0.055687583861551974,0.039207953554198365,0,2,
Combined,GPT-2,"grid position (1, 0)",0.04128133006639497,0.023889618251147892,1,0,
Combined,GPT-2,"grid position (1, 1)",0.08296327535891662,-0.010041138935937175,1,1,
Combined,GPT-2,"grid position (1, 2)",-0.48555578828414425,0.0048045130990374335,1,2,
Combined,GPT-2,"grid position (2, 1)",0.09569771072957792,0.07034759804343527,2,1,
Combined,GPT-2,"grid position (2, 2)",0.07846456839437964,-0.03756568018739969,2,2,
Combined,GPT-2,"grid position (0, 0)",0.08149234987614577,-0.0022218047119685956,0,0,
Combined,GPT-2,"grid position (0, 1)",0.0908342102107164,-0.0005003275454033691,0,1,
Combined,GPT-2,"grid position (0, 2)",0.08327212604769565,-0.022177463036313343,0,2,
Combined,GPT-2,"grid position (1, 0)",0.11093882686375242,0.06988385480933368,1,0,
Combined,GPT-2,"grid position (1, 1)",0.1355380938070812,0.060252892122732334,1,1,
Combined,GPT-2,"grid position (1, 2)",0.05884977095621713,-0.05465081292982543,1,2,
Combined,GPT-2,"grid position (2, 0)",0.08647788190084015,0.15868838062972215,2,0,
Combined,GPT-2,"grid position (2, 1)",0.10216627345242774,0.07317431483899271,2,1,
Combined,GPT-2,"grid position (2, 2)",-0.7631842678933914,0.04909588947769727,2,2,
Combined,GPT-2,"grid position (0, 0)",0.08846345126993502,0.004433146605166606,0,0,
Combined,GPT-2,"grid position (0, 1)",0.010725932084041961,-0.08932679571132596,0,1,
Combined,GPT-2,"grid position (0, 2)",-0.6215352686576667,0.04632789297636424,0,2,
Combined,GPT-2,"grid position (1, 0)",0.09814510531075181,0.0315674270122177,1,0,
Combined,GPT-2,"grid position (1, 1)",0.08539133000413272,-0.019002480647301836,1,1,
Combined,GPT-2,"grid position (1, 2)",0.13131338406064366,0.04737176756937728,1,2,
Combined,GPT-2,"grid position (2, 0)",0.10800593539877588,0.06322737538425191,2,0,
Combined,GPT-2,"grid position (2, 1)",0.11362045948764148,0.06544682069120816,2,1,
Combined,GPT-2,"grid position (2, 2)",0.09035518600901575,0.0033609657475457966,2,2,
Combined,GPT-2,"grid position (0, 1)",0.033274889784775094,-0.03202083013900871,0,1,
Combined,GPT-2,"grid position (1, 0)",0.0483553005576382,0.005677158740935562,1,0,
Combined,GPT-2,"grid position (1, 1)",-0.00024288530427144387,-0.08357520479957968,1,1,
Combined,GPT-2,"grid position (1, 2)",-0.02428016630625623,-0.13372525618229525,1,2,
Combined,GPT-2,"grid position (2, 0)",-0.36479157286770963,0.05245622852375212,2,0,
Combined,GPT-2,"grid position (2, 1)",0.07449714238574325,0.008474703334127693,2,1,
Combined,GPT-2,"grid position (2, 2)",0.07315845979608353,-0.01379044973371046,2,2,
Combined,GPT-2,"grid position (0, 0)",0.07181304663362886,0.011657252412994295,0,0,
Combined,GPT-2,"grid position (0, 1)",0.051528667252678205,0.08363929273594548,0,1,
Combined,GPT-2,"grid position (0, 2)",0.02006888621902521,0.1386640772137452,0,2,
Combined,GPT-2,"grid position (1, 0)",0.03318750685917592,-0.0705745747106418,1,0,
Combined,GPT-2,"grid position (1, 1)",0.045132376647519686,-0.04936013390558218,1,1,
Combined,GPT-2,"grid position (1, 2)",-0.6141114117310171,0.03753113242546236,1,2,
Combined,GPT-2,"grid position (2, 0)",0.026266930732880577,-0.0973233984110827,2,0,
Combined,GPT-2,"grid position (2, 1)",0.06234327790942131,-0.006562415211271157,2,1,
Combined,GPT-2,"grid position (2, 2)",0.08082849722838263,0.07971919837653255,2,2,
Combined,GPT-2,"grid position (0, 0)",-0.4627476175209865,0.04706001855753475,0,0,
Combined,GPT-2,"grid position (0, 1)",0.07707739106555606,0.028494207693808508,0,1,
Combined,GPT-2,"grid position (0, 2)",0.07982165596997709,0.06514851329826513,0,2,
Combined,GPT-2,"grid position (1, 0)",0.054466472547909844,-0.007414780523366408,1,0,
Combined,GPT-2,"grid position (1, 1)",0.09973526962020605,0.006671664610291766,1,1,
Combined,GPT-2,"grid position (1, 2)",0.07735531542299258,0.02021055022721181,1,2,
Combined,GPT-2,"grid position (2, 0)",0.08258112758891568,0.005248398841003966,2,0,
Combined,GPT-2,"grid position (2, 1)",0.0939331524328144,0.032203030113275785,2,1,
Combined,GPT-2,"grid position (2, 2)",0.07603975503864377,0.022396300946010205,2,2,
Combined,GPT-2,"grid position (0, 0)",0.07670602909382958,0.1328501344814242,0,0,
Combined,GPT-2,"grid position (0, 1)",0.09606091862807146,0.09704844719606907,0,1,
Combined,GPT-2,"grid position (0, 2)",0.1080893714911423,0.12598544010731005,0,2,
Combined,GPT-2,"grid position (1, 0)",0.04431238256498048,-0.056311956215588335,1,0,
Combined,GPT-2,"grid position (1, 1)",0.1009133899751823,-0.02173126238506771,1,1,
Combined,GPT-2,"grid position (1, 2)",0.11645371451283913,0.033706911127965075,1,2,
Combined,GPT-2,"grid position (2, 0)",-0.5633050216204363,-0.009111883814170454,2,0,
Combined,GPT-2,"grid position (2, 1)",0.024673559922328368,-0.07779245348615596,2,1,
Combined,GPT-2,"grid position (2, 2)",0.1257505786047293,0.03296998747257675,2,2,
Combined,GPT-2,"grid position (0, 0)",0.12480566372991576,0.02334648137386533,0,0,
Combined,GPT-2,"grid position (0, 1)",0.12799957277175858,0.07389488799662568,0,1,
Combined,GPT-2,"grid position (0, 2)",-0.5801609572546883,0.0622817747073912,0,2,
Combined,GPT-2,"grid position (1, 0)",0.09897673809469029,-0.03344743984407267,1,0,
Combined,GPT-2,"grid position (1, 1)",0.06116087752180265,-0.06975198278047658,1,1,
Combined,GPT-2,"grid position (1, 2)",0.015005015924148053,-0.031262481366923146,1,2,
Combined,GPT-2,"grid position (2, 0)",0.13512250364674896,0.018826351087943765,2,0,
Combined,GPT-2,"grid position (2, 1)",0.09034397618018214,0.0033138951934345027,2,1,
Combined,GPT-2,"grid position (2, 2)",0.03378145153985967,-0.012745214416379899,2,2,
Combined,GPT-2,"grid position (0, 0)",0.04921558608837016,-0.04805753519755509,0,0,
Combined,GPT-2,"grid position (0, 1)",0.02724336641020848,-0.11088960403712765,0,1,
Combined,GPT-2,"grid position (0, 2)",0.04857556149901005,0.019120546467143486,0,2,
Combined,GPT-2,"grid position (1, 0)",-0.3363157786899192,0.02985713037959702,1,0,
Combined,GPT-2,"grid position (1, 1)",0.08385835614578116,-0.018013917399030566,1,1,
Combined,GPT-2,"grid position (1, 2)",0.02687471752739995,0.04970719656892571,1,2,
Combined,GPT-2,"grid position (2, 0)",0.09508915432065423,0.01957728402519579,2,0,
Combined,GPT-2,"grid position (2, 1)",0.044673086265711544,0.0009490493547191172,2,1,
Combined,GPT-2,"grid position (0, 0)",0.03983661746185011,-0.009434177420814554,0,0,
Combined,GPT-2,"grid position (0, 1)",0.09563651108983454,0.08174230954285241,0,1,
Combined,GPT-2,"grid position (0, 2)",0.09380732011128219,0.08486622460847401,0,2,
Combined,GPT-2,"grid position (1, 0)",0.03341236660155451,-0.1088873881384393,1,0,
Combined,GPT-2,"grid position (1, 1)",-0.4945673511293909,0.00408608415553242,1,1,
Combined,GPT-2,"grid position (1, 2)",0.09435101270944925,0.06839495124266011,1,2,
Combined,GPT-2,"grid position (2, 0)",0.030700776192749205,-0.09979669480126993,2,0,
Combined,GPT-2,"grid position (2, 1)",0.052438240545734566,0.028723503983057737,2,1,
Combined,GPT-2,"grid position (2, 2)",0.12006291310662917,0.09258440967518491,2,2,
Combined,GPT-2,"grid position (0, 0)",-0.009647120710136322,0.047665091141157516,0,0,
Combined,GPT-2,"grid position (0, 1)",0.03871618218119069,0.077058732979607,0,1,
Combined,GPT-2,"grid position (0, 2)",0.035972622258646336,0.04489479526344508,0,2,
Combined,GPT-2,"grid position (1, 0)",-0.5632412584172646,0.009992372207578643,1,0,
Combined,GPT-2,"grid position (1, 1)",0.06950439250312435,0.04678907096661362,1,1,
Combined,GPT-2,"grid position (1, 2)",0.08500514508023758,0.07536120635982589,1,2,
Combined,GPT-2,"grid position (2, 0)",-0.05697081815008587,-0.13909417949392414,2,0,
Combined,GPT-2,"grid position (2, 1)",0.05293356581690885,-0.012397829663930724,2,1,
Combined,GPT-2,"grid position (2, 2)",0.1008017539202676,0.0382997042926071,2,2,
Combined,GPT-2,"grid position (0, 0)",0.03825644761098171,-0.023228385878741886,0,0,
Combined,GPT-2,"grid position (0, 1)",0.08608513385432148,-0.0215685492379549,0,1,
Combined,GPT-2,"grid position (0, 2)",0.10731627377709359,0.013559694177352125,0,2,
Combined,GPT-2,"grid position (1, 0)",-0.0235721395292286,-0.09111321018953969,1,0,
Combined,GPT-2,"grid position (1, 1)",0.09900663703435057,0.016143752947815157,1,1,
Combined,GPT-2,"grid position (1, 2)",0.12641474947587372,0.045619843535789614,1,2,
Combined,GPT-2,"grid position (2, 0)",-0.01593914536012281,-0.06574745988332178,2,0,
Combined,GPT-2,"grid position (2, 1)",0.0021644730049509685,-0.05480976481310914,2,1,
Combined,GPT-2,"grid position (2, 2)",-0.4243749834413926,0.030617712285559626,2,2,
Combined,GPT-2,"grid position (0, 0)",0.03754268689639412,-0.0032787404304964224,0,0,
Combined,GPT-2,"grid position (0, 1)",-0.5453390890696432,0.028680106540396412,0,1,
Combined,GPT-2,"grid position (0, 2)",0.06473073184272811,0.00483792587617576,0,2,
Combined,GPT-2,"grid position (1, 0)",-0.005632136399266974,-0.058379514389375275,1,0,
Combined,GPT-2,"grid position (1, 1)",0.07077283337835619,0.0062198563652385045,1,1,
Combined,GPT-2,"grid position (1, 2)",0.08816361724602717,-0.01146122207631333,1,2,
Combined,GPT-2,"grid position (2, 0)",0.1166994343488919,0.06863485256805744,2,0,
Combined,GPT-2,"grid position (2, 1)",0.1253261599612623,0.0363728272028105,2,1,
Combined,GPT-2,"grid position (2, 2)",0.10246151120178773,-0.021337082257470226,2,2,
Combined,GPT-2,"grid position (0, 0)",0.0106079954326077,-0.04613937665073056,0,0,
Combined,GPT-2,"grid position (0, 1)",0.08738614580624206,0.05734516785370169,0,1,
Combined,GPT-2,"grid position (0, 2)",0.09172325867347667,0.024500323567984435,0,2,
Combined,GPT-2,"grid position (1, 0)",-0.43283890997926006,0.015596436252432877,1,0,
Combined,GPT-2,"grid position (1, 1)",0.10877535583713481,0.05726278440016976,1,1,
Combined,GPT-2,"grid position (1, 2)",0.09580759735192856,0.027033908888241153,1,2,
Combined,GPT-2,"grid position (2, 0)",-0.027132896186957075,-0.09910404015550238,2,0,
Combined,GPT-2,"grid position (2, 1)",0.04444638474938801,-0.05935189760258388,2,1,
Combined,GPT-2,"grid position (2, 2)",0.07352019782765806,-0.0373909703283989,2,2,
Combined,GPT-2,"grid position (0, 0)",0.07687045684439096,0.10828831081833712,0,0,
Combined,GPT-2,"grid position (0, 1)",0.06720615105448412,0.01714449710927997,0,1,
Combined,GPT-2,"grid position (0, 2)",0.0867575209921528,0.007002969428025006,0,2,
Combined,GPT-2,"grid position (1, 0)",0.09954164301628629,0.0028257877805573364,1,0,
Combined,GPT-2,"grid position (1, 1)",0.05027681349838885,-0.12322550275974149,1,1,
Combined,GPT-2,"grid position (1, 2)",0.04213201347514701,-0.0797983456270049,1,2,
Combined,GPT-2,"grid position (2, 0)",0.10779954266765805,0.0344867335383701,2,0,
Combined,GPT-2,"grid position (2, 1)",0.1090167247232989,-0.0025498892201810033,2,1,
Combined,GPT-2,"grid position (2, 2)",-0.5443727272395937,0.03755835921262662,2,2,
Combined,GPT-2,"grid position (0, 0)",-0.635950925514658,0.02853179752572053,0,0,
Combined,GPT-2,"grid position (0, 1)",-0.011249347697890254,-0.11257131897398664,0,1,
Combined,GPT-2,"grid position (0, 2)",0.03907142957666185,-0.06747580210661087,0,2,
Combined,GPT-2,"grid position (1, 0)",0.10250006103274946,0.06292165328910902,1,0,
Combined,GPT-2,"grid position (1, 1)",0.07799856822865188,0.051062568743271156,1,1,
Combined,GPT-2,"grid position (1, 2)",0.09430251842374474,0.020423662328237082,1,2,
Combined,GPT-2,"grid position (2, 0)",0.10850623618876618,0.12065177837839629,2,0,
Combined,GPT-2,"grid position (2, 1)",0.09165472732814318,0.11462399873662114,2,1,
Combined,GPT-2,"grid position (2, 2)",0.05850032212695071,0.011506372082856408,2,2,
Combined,GPT-2,"grid position (0, 0)",0.031346640545714406,0.03799563200743593,0,0,
Combined,GPT-2,"grid position (0, 1)",0.07109704492408685,0.04341147737070962,0,1,
Combined,GPT-2,"grid position (0, 2)",0.0665787594198347,-0.07004740978085314,0,2,
Combined,GPT-2,"grid position (1, 0)",0.1237849506374995,0.046661914915156186,1,0,
Combined,GPT-2,"grid position (1, 1)",0.10274523127946197,0.05475521013951264,1,1,
Combined,GPT-2,"grid position (1, 2)",0.06552584762628369,-0.02900878779879022,1,2,
Combined,GPT-2,"grid position (2, 0)",0.08743295066223869,0.02006845875791655,2,0,
Combined,GPT-2,"grid position (2, 1)",0.029997425016615904,-0.03398753242689902,2,1,
Combined,GPT-2,"grid position (2, 2)",-0.5164943450344732,0.016916685113466053,2,2,
Combined,GPT-2,"grid position (0, 0)",-0.6202438369210098,0.0393040447773059,0,0,
Combined,GPT-2,"grid position (0, 1)",0.11493633837047525,0.040315227828991766,0,1,
Combined,GPT-2,"grid position (0, 2)",0.060540665427187675,0.019232856272700466,0,2,
Combined,GPT-2,"grid position (1, 0)",-0.0027178198534157385,-0.07372511516116552,1,0,
Combined,GPT-2,"grid position (1, 1)",0.08443819831082092,0.018750787434376578,1,1,
Combined,GPT-2,"grid position (1, 2)",0.11757666975299999,0.0726295901040762,1,2,
Combined,GPT-2,"grid position (2, 0)",-0.005501098806530159,-0.13632798972996935,2,0,
Combined,GPT-2,"grid position (2, 1)",-0.02725688174232508,-0.17067705137553268,2,1,
Combined,GPT-2,"grid position (2, 2)",0.03157317249361275,-0.03896436689041045,2,2,
Combined,GPT-2,"grid position (0, 0)",0.0071298779616978955,0.10742330111577701,0,0,
Combined,GPT-2,"grid position (0, 1)",0.025328978260263025,0.07041431318107103,0,1,
Combined,GPT-2,"grid position (0, 2)",0.08500162049063152,0.0959686336207032,0,2,
Combined,GPT-2,"grid position (1, 0)",0.09102379951344101,0.06106678760739848,1,0,
Combined,GPT-2,"grid position (1, 1)",0.07885838397995151,-0.024713370790057285,1,1,
Combined,GPT-2,"grid position (1, 2)",0.07864843492610117,-0.006362569293117247,1,2,
Combined,GPT-2,"grid position (2, 0)",0.10647005854580466,0.03610910153355191,2,0,
Combined,GPT-2,"grid position (2, 1)",0.07242290626711846,-0.040932787191952764,2,1,
Combined,GPT-2,"grid position (2, 2)",-0.38252461355262235,0.010365944906131016,2,2,
Combined,GPT-2,"grid position (0, 0)",0.08117286784117717,0.05293297752179425,0,0,
Combined,GPT-2,"grid position (0, 1)",0.09396465302807769,0.013467794685363884,0,1,
Combined,GPT-2,"grid position (0, 2)",-0.022907006961732132,-0.18396565244921478,0,2,
Combined,GPT-2,"grid position (1, 0)",0.10306575891898977,0.024075366312038746,1,0,
Combined,GPT-2,"grid position (1, 1)",0.08859037219922329,0.006566012205349642,1,1,
Combined,GPT-2,"grid position (1, 2)",-0.3782853585700401,-0.023765818773474095,1,2,
Combined,GPT-2,"grid position (2, 0)",0.07549372569550161,0.05551350008538086,2,0,
Combined,GPT-2,"grid position (2, 1)",0.0647773558680935,0.041699134614916054,2,1,
Combined,GPT-2,"grid position (2, 2)",0.048995883500555185,-0.04295986588403547,2,2,
Combined,GPT-2,"grid position (0, 0)",0.08229150294848393,0.06826973251619088,0,0,
Combined,GPT-2,"grid position (0, 1)",0.08603781195578403,0.07655887120304468,0,1,
Combined,GPT-2,"grid position (0, 2)",-0.6202792292022207,0.010369890583256863,0,2,
Combined,GPT-2,"grid position (1, 0)",0.10471926846334874,0.06872177400076944,1,0,
Combined,GPT-2,"grid position (1, 1)",0.12149238023740999,0.0882077259516227,1,1,
Combined,GPT-2,"grid position (1, 2)",-0.00428477966180209,-0.10896203954987307,1,2,
Combined,GPT-2,"grid position (2, 0)",0.07599704360621909,0.036208389345698054,2,0,
Combined,GPT-2,"grid position (2, 1)",0.08282690477732137,0.01471344814315437,2,1,
Combined,GPT-2,"grid position (2, 2)",0.010019967385502695,-0.019784730839444258,2,2,
Combined,GPT-2,"grid position (0, 0)",0.08938043641121864,-0.009129200823707505,0,0,
Combined,GPT-2,"grid position (0, 1)",0.1277418395883018,0.1202509118897223,0,1,
Combined,GPT-2,"grid position (0, 2)",0.09070064521678046,0.12672054295748697,0,2,
Combined,GPT-2,"grid position (1, 0)",0.06966718871057354,-0.07056149678126741,1,0,
Combined,GPT-2,"grid position (1, 1)",0.09123912847254176,0.023476516245374557,1,1,
Combined,GPT-2,"grid position (1, 2)",0.1130326023209639,0.06817415512704957,1,2,
Combined,GPT-2,"grid position (2, 0)",0.02989265682975599,-0.1123043558308185,2,0,
Combined,GPT-2,"grid position (2, 1)",-0.44055664724247035,-0.018504666354409744,2,1,
Combined,GPT-2,"grid position (2, 2)",0.07054458532865246,-0.02719358097086541,2,2,
Combined,GPT-2,"grid position (0, 0)",0.008956428490690442,-0.15545544035499126,0,0,
Combined,GPT-2,"grid position (0, 1)",0.023158775090086733,-0.07304175564628715,0,1,
Combined,GPT-2,"grid position (0, 2)",0.07390677891636964,0.054214176437971225,0,2,
Combined,GPT-2,"grid position (1, 0)",0.05724521336290959,-0.07410942373464614,1,0,
Combined,GPT-2,"grid position (1, 1)",0.12173674189979478,0.033781135430395494,1,1,
Combined,GPT-2,"grid position (1, 2)",0.1219896979089154,0.05365500093780682,1,2,
Combined,GPT-2,"grid position (2, 0)",0.03736451759334993,-0.04435080154616202,2,0,
Combined,GPT-2,"grid position (2, 1)",-0.3671356316678218,0.04217187080139472,2,1,
Combined,GPT-2,"grid position (2, 2)",0.13613644885401427,0.08331992089176785,2,2,
Combined,GPT-2,"grid position (0, 1)",0.02913193205480963,0.050407777760167354,0,1,
Combined,GPT-2,"grid position (0, 2)",0.09780427794175112,0.04110148043080482,0,2,
Combined,GPT-2,"grid position (1, 0)",-0.04957075482223747,-0.1698381274877128,1,0,
Combined,GPT-2,"grid position (1, 1)",0.09101511230478732,0.14985663028986,1,1,
Combined,GPT-2,"grid position (1, 2)",0.11530470174777374,0.057851354696146974,1,2,
Combined,GPT-2,"grid position (2, 0)",-0.0012056170994202173,-0.15071124910760672,2,0,
Combined,GPT-2,"grid position (2, 1)",-0.4120199929828669,-0.010013277656698445,2,1,
Combined,GPT-2,"grid position (2, 2)",0.07575209009384547,0.01132017124607933,2,2,
Combined,GPT-2,"grid position (0, 0)",0.09225084450005447,0.0887710507844911,0,0,
Combined,GPT-2,"grid position (0, 1)",-0.02051366786220763,-0.1256208727752869,0,1,
Combined,GPT-2,"grid position (0, 2)",0.05333659596872964,0.013703293606697595,0,2,
Combined,GPT-2,"grid position (1, 0)",0.09951754626455471,0.06007309271384963,1,0,
Combined,GPT-2,"grid position (1, 1)",-0.4120797126414227,0.016635389144535166,1,1,
Combined,GPT-2,"grid position (1, 2)",0.05045477735072228,-0.047818022821169204,1,2,
Combined,GPT-2,"grid position (2, 0)",0.06644831537634956,-0.010637051466396779,2,0,
Combined,GPT-2,"grid position (2, 1)",0.06781667662685407,0.007686005573781053,2,1,
Combined,GPT-2,"grid position (2, 2)",0.03911258636513375,-0.04138996056836804,2,2,
Combined,GPT-2,"grid position (0, 0)",0.07724995574189833,0.03533218156987911,0,0,
Combined,GPT-2,"grid position (0, 1)",0.08670525267869043,0.012053652330157675,0,1,
Combined,GPT-2,"grid position (0, 2)",0.10594125393444072,0.04041899165517023,0,2,
Combined,GPT-2,"grid position (1, 0)",0.03844547414746828,-0.005385413402009406,1,0,
Combined,GPT-2,"grid position (1, 1)",-0.00415394362151003,-0.1072767056903893,1,1,
Combined,GPT-2,"grid position (1, 2)",0.09868308819881987,-0.00398606806254369,1,2,
Combined,GPT-2,"grid position (2, 1)",-0.10801606974763317,-0.06530824696847662,2,1,
Combined,GPT-2,"grid position (2, 2)",-0.5438168023940883,0.044761577919761264,2,2,
Combined,GPT-2,"grid position (0, 0)",0.11010099814593892,-0.0023419370912059327,0,0,
Combined,GPT-2,"grid position (0, 1)",0.10432736551000393,0.006751007836075171,0,1,
Combined,GPT-2,"grid position (0, 2)",-0.056777421179346726,-0.22106496144236237,0,2,
Combined,GPT-2,"grid position (1, 0)",0.09384988650361392,-0.031001657879679196,1,0,
Combined,GPT-2,"grid position (1, 1)",0.05723807103648514,-0.06003225453740931,1,1,
Combined,GPT-2,"grid position (1, 2)",0.010399320720166066,-0.09409206621151463,1,2,
Combined,GPT-2,"grid position (2, 0)",-0.61961418522812,0.052061638870794166,2,0,
Combined,GPT-2,"grid position (2, 1)",0.02243755418045568,-0.02262808927490245,2,1,
Combined,GPT-2,"grid position (2, 2)",0.09557946402284088,0.07583301992046491,2,2,
Combined,GPT-2,"grid position (0, 0)",0.048255361247979925,-0.005551170026225037,0,0,
Combined,GPT-2,"grid position (0, 1)",0.08180232316353067,-0.041401556589148084,0,1,
Combined,GPT-2,"grid position (0, 2)",0.09041706193844906,0.02144991394751484,0,2,
Combined,GPT-2,"grid position (1, 0)",0.07452878150704624,-0.0011722236055587752,1,0,
Combined,GPT-2,"grid position (1, 1)",-0.2872056410807425,0.03650313378369118,1,1,
Combined,GPT-2,"grid position (1, 2)",0.12446205681677916,0.10869846224021318,1,2,
Combined,GPT-2,"grid position (2, 0)",0.03842886971822048,-0.034394119303128606,2,0,
Combined,GPT-2,"grid position (2, 1)",0.04852737469978307,-0.033708634009365496,2,1,
Combined,GPT-2,"grid position (2, 2)",0.01745193412745234,0.10628631634197332,2,2,
Combined,GPT-2,"grid position (0, 0)",0.0474524853309834,-0.004685771112968041,0,0,
Combined,GPT-2,"grid position (0, 1)",0.05507014968071412,-0.07211469111291664,0,1,
Combined,GPT-2,"grid position (0, 2)",0.02265955444135019,-0.13145627653290023,0,2,
Combined,GPT-2,"grid position (1, 0)",0.11283785694812333,0.0782772962038918,1,0,
Combined,GPT-2,"grid position (1, 1)",0.10450540322607763,0.01174746643714954,1,1,
Combined,GPT-2,"grid position (1, 2)",0.024759538529386692,-0.07634872159645914,1,2,
Combined,GPT-2,"grid position (2, 0)",-0.4971348757389647,0.048521365491520335,2,0,
Combined,GPT-2,"grid position (2, 1)",0.04472260546860862,-0.08264896652684964,2,1,
Combined,GPT-2,"grid position (2, 2)",-0.0199825849776187,0.0014427011270689112,2,2,
Combined,GPT-2,"grid position (0, 0)",0.043838649518931724,-0.06003967152741024,0,0,
Combined,GPT-2,"grid position (0, 1)",0.049395090005421624,-0.02457967464248211,0,1,
Combined,GPT-2,"grid position (0, 2)",0.021213972667615717,-0.020464362057555453,0,2,
Combined,GPT-2,"grid position (1, 0)",-0.35098104361191823,0.01721528644226144,1,0,
Combined,GPT-2,"grid position (1, 1)",0.09050697236225713,0.04438245938089966,1,1,
Combined,GPT-2,"grid position (1, 2)",0.11003009138159514,0.05784664290919645,1,2,
Combined,GPT-2,"grid position (2, 0)",0.09151345689748452,0.04681586616160552,2,0,
Combined,GPT-2,"grid position (2, 1)",0.10355517294134906,0.0864772883286121,2,1,
Combined,GPT-2,"grid position (2, 2)",0.09573941220859199,0.07967126683348194,2,2,
Combined,GPT-2,"grid position (0, 0)",0.1017225161106322,0.11331724527891138,0,0,
Combined,GPT-2,"grid position (0, 1)",0.07548549952966366,0.051226499255416266,0,1,
Combined,GPT-2,"grid position (0, 2)",0.07837588542085493,0.00178619852561053,0,2,
Combined,GPT-2,"grid position (1, 0)",0.09820961357196997,0.05833514046708232,1,0,
Combined,GPT-2,"grid position (1, 1)",0.053553591729344756,-0.07590754809502245,1,1,
Combined,GPT-2,"grid position (1, 2)",-0.4134536167246305,0.0018741786530938433,1,2,
Combined,GPT-2,"grid position (2, 0)",0.06973789440568975,0.012444964701146533,2,0,
Combined,GPT-2,"grid position (2, 1)",0.07405655748685873,-0.005554211030856972,2,1,
Combined,GPT-2,"grid position (2, 2)",0.06904633965556815,-0.013425684615814018,2,2,
Combined,GPT-2,"grid position (0, 0)",-0.037712634104547366,-0.18089646939967602,0,0,
Combined,GPT-2,"grid position (0, 1)",-0.0012105617198899224,-0.073113470825647,0,1,
Combined,GPT-2,"grid position (0, 2)",-0.43625832614578164,0.03000768488624783,0,2,
Combined,GPT-2,"grid position (1, 0)",0.031772761645370254,-0.098777924883163,1,0,
Combined,GPT-2,"grid position (1, 1)",0.07583191346345773,0.09514853634203793,1,1,
Combined,GPT-2,"grid position (1, 2)",0.10661990929923204,0.020005737893661727,1,2,
Combined,GPT-2,"grid position (2, 0)",0.031323090338219485,0.025199876302773847,2,0,
Combined,GPT-2,"grid position (2, 1)",0.08181495527117799,0.0675270994393273,2,1,
Combined,GPT-2,"grid position (2, 2)",0.10695430368149925,0.07389147676498406,2,2,
Combined,GPT-2,"grid position (0, 0)",0.004762674836242606,0.07238696965427574,0,0,
Combined,GPT-2,"grid position (0, 1)",-0.6334513294406561,0.03606964419554371,0,1,
Combined,GPT-2,"grid position (0, 2)",0.0030572097887520623,-0.1252835219946448,0,2,
Combined,GPT-2,"grid position (1, 0)",0.05027114286942126,0.05630669049980772,1,0,
Combined,GPT-2,"grid position (1, 1)",0.05181565630343358,-0.012095901332185549,1,1,
Combined,GPT-2,"grid position (1, 2)",0.06167361899096935,-0.08787168702943435,1,2,
Combined,GPT-2,"grid position (2, 0)",0.011203441937342127,0.059740166570965966,2,0,
Combined,GPT-2,"grid position (2, 1)",0.04657989058349267,0.005326868580500106,2,1,
Combined,GPT-2,"grid position (2, 2)",0.08859917416859138,0.05911177022288737,2,2,
Combined,GPT-2,"grid position (0, 0)",0.08779583350666842,0.009697383254135225,0,0,
Combined,GPT-2,"grid position (0, 1)",0.10691331924044391,-0.0037377102323777086,0,1,
Combined,GPT-2,"grid position (0, 2)",0.13144130366414644,0.01936142139064736,0,2,
Combined,GPT-2,"grid position (1, 0)",0.0597081280464336,-0.04447148646312993,1,0,
Combined,GPT-2,"grid position (1, 1)",0.07636033153231477,0.0013340796058812815,1,1,
Combined,GPT-2,"grid position (1, 2)",0.1087882945057263,0.029932032037341617,1,2,
Combined,GPT-2,"grid position (2, 0)",-0.5491895528451497,0.03232241423711238,2,0,
Combined,GPT-2,"grid position (2, 1)",0.06686981514529322,0.025963706131734727,2,1,
Combined,GPT-2,"grid position (2, 2)",0.07747804894146784,-0.009777419828252405,2,2,
Combined,GPT-2,"grid position (0, 0)",0.06567858976240977,0.030805264702510996,0,0,
Combined,GPT-2,"grid position (0, 1)",0.07015090700464106,0.06212975994719378,0,1,
Combined,GPT-2,"grid position (0, 2)",0.08631296272941226,-0.00784426669528167,0,2,
Combined,GPT-2,"grid position (1, 0)",0.04546800006997164,-0.06763645327465588,1,0,
Combined,GPT-2,"grid position (1, 1)",0.105363373808928,0.06746141029662016,1,1,
Combined,GPT-2,"grid position (1, 2)",0.10905535245626365,0.04435599529516265,1,2,
Combined,GPT-2,"grid position (2, 0)",-0.02787592702639271,-0.12156311693753828,2,0,
Combined,GPT-2,"grid position (2, 1)",0.06708241922650615,-0.016472945081008612,2,1,
Combined,GPT-2,"grid position (2, 2)",-0.46031939125382293,0.0335443957054836,2,2,
Combined,GPT-2,"grid position (0, 0)",0.053753059637385345,0.1351758721782783,0,0,
Combined,GPT-2,"grid position (0, 1)",0.06061680465548562,0.05422644607013447,0,1,
Combined,GPT-2,"grid position (0, 2)",0.04485461941160002,0.06146361923430259,0,2,
Combined,GPT-2,"grid position (1, 0)",-0.4809445464323096,-0.021120217835743565,1,0,
Combined,GPT-2,"grid position (1, 1)",0.052718400166291216,-0.09123907135448531,1,1,
Combined,GPT-2,"grid position (1, 2)",0.08425159714118739,0.04970784141507307,1,2,
Combined,GPT-2,"grid position (2, 0)",0.07823476142357304,0.00712638385606593,2,0,
Combined,GPT-2,"grid position (2, 1)",0.097382180993506,0.04167547619307526,2,1,
Combined,GPT-2,"grid position (2, 2)",0.1148144218240393,0.06273222288781147,2,2,
Combined,GPT-2,"grid position (0, 0)",0.07878463774084749,0.010644357563348273,0,0,
Combined,GPT-2,"grid position (0, 1)",-0.03881957074935908,-0.112981922132179,0,1,
Combined,GPT-2,"grid position (0, 2)",0.1071833055224535,-0.01335688367868937,0,2,
Combined,GPT-2,"grid position (1, 0)",0.09027303070695926,-0.001904611320168647,1,0,
Combined,GPT-2,"grid position (1, 1)",-0.4959756021370357,0.03241177631326153,1,1,
Combined,GPT-2,"grid position (1, 2)",0.09579286767425838,0.005029446618906248,1,2,
Combined,GPT-2,"grid position (2, 0)",0.050529993192811665,2.3180776811424376e-06,2,0,
Combined,GPT-2,"grid position (2, 1)",0.09076550147115801,0.03006583274743435,2,1,
Combined,GPT-2,"grid position (2, 2)",0.07303650543376287,0.0015894010056438283,2,2,
Combined,GPT-2,"grid position (0, 0)",-0.08059701053047219,-0.1924172860802286,0,0,
Combined,GPT-2,"grid position (0, 1)",-0.008389418051500709,-0.1377545509951144,0,1,
Combined,GPT-2,"grid position (0, 2)",0.0971730002972871,0.08716770225023265,0,2,
Combined,GPT-2,"grid position (1, 0)",-0.5070250339037617,0.015622923485670407,1,0,
Combined,GPT-2,"grid position (1, 1)",0.09277768171445311,0.025410597379813868,1,1,
Combined,GPT-2,"grid position (1, 2)",0.10576553076245707,0.08638620773396374,1,2,
Combined,GPT-2,"grid position (2, 0)",0.09575228887378613,0.00016307049042426443,2,0,
Combined,GPT-2,"grid position (2, 1)",0.06723367923911297,0.01998465604308884,2,1,
Combined,GPT-2,"grid position (2, 2)",0.05870623524518626,0.02287217479111356,2,2,
Combined,GPT-2,"grid position (0, 0)",0.07469339949704015,0.00012128190795662348,0,0,
Combined,GPT-2,"grid position (0, 1)",-0.5496065968089275,0.0358021943917646,0,1,
Combined,GPT-2,"grid position (0, 2)",0.0842306676961448,0.06306177723373715,0,2,
Combined,GPT-2,"grid position (1, 0)",0.0698562187011549,-0.04270807252722427,1,0,
Combined,GPT-2,"grid position (1, 1)",0.0446008006559856,-0.03318346451563028,1,1,
Combined,GPT-2,"grid position (1, 2)",0.03564026703411372,0.04126715963172533,1,2,
Combined,GPT-2,"grid position (2, 0)",0.039335077490313834,-0.0034199040725744916,2,0,
Combined,GPT-2,"grid position (2, 1)",0.08662884937846932,0.020876307083200398,2,1,
Combined,GPT-2,"grid position (2, 2)",0.08157529690268002,0.058227768248293614,2,2,
Combined,GPT-2,"grid position (0, 0)",0.08207352739223127,0.03407843035116873,0,0,
Combined,GPT-2,"grid position (0, 1)",0.07545215660739074,0.04957420197426017,0,1,
Combined,GPT-2,"grid position (0, 2)",0.08075048633512713,0.0410769906748036,0,2,
Combined,GPT-2,"grid position (1, 0)",0.0590609897195465,-0.04100226856138458,1,0,
Combined,GPT-2,"grid position (1, 1)",0.061721203872905174,-0.0007940501567383687,1,1,
Combined,GPT-2,"grid position (1, 2)",-0.5419274763032732,0.05521344943690685,1,2,
Combined,GPT-2,"grid position (2, 0)",0.029492704774505052,-0.058206001928962935,2,0,
Combined,GPT-2,"grid position (2, 1)",0.032982952325964224,-0.007023175167651807,2,1,
Combined,GPT-2,"grid position (2, 2)",0.03369955149392408,0.041551936651559554,2,2,
Combined,GPT-2,"grid position (0, 0)",0.06870826865360138,-0.06421686041357877,0,0,
Combined,GPT-2,"grid position (0, 1)",0.09949594147986973,0.025069746815963283,0,1,
Combined,GPT-2,"grid position (0, 2)",0.09661359553096784,0.04144497809394204,0,2,
Combined,GPT-2,"grid position (1, 0)",0.09319449503701581,-0.043628873251376675,1,0,
Combined,GPT-2,"grid position (1, 1)",0.058017138861799135,-0.04768771021780384,1,1,
Combined,GPT-2,"grid position (1, 2)",0.13740787522950457,0.052118161769535105,1,2,
Combined,GPT-2,"grid position (2, 0)",0.011205911226449327,-0.0662914604715928,2,0,
Combined,GPT-2,"grid position (2, 1)",-0.6351395809528996,0.014708932067351061,2,1,
Combined,GPT-2,"grid position (2, 2)",0.12266505531298136,0.06440212958181865,2,2,
Combined,GPT-2,"grid position (0, 0)",0.07787898424613948,-0.05908309957886166,0,0,
Combined,GPT-2,"grid position (0, 1)",0.09534347949243527,-0.019623472890944228,0,1,
Combined,GPT-2,"grid position (0, 2)",-0.5124326697131452,-0.003327194590084452,0,2,
Combined,GPT-2,"grid position (1, 0)",0.004143642773759124,-0.05195927713400959,1,0,
Combined,GPT-2,"grid position (1, 1)",0.09438054651740121,0.07771686171172128,1,1,
Combined,GPT-2,"grid position (1, 2)",0.06771886217367303,-0.07654319542888047,1,2,
Combined,GPT-2,"grid position (2, 0)",0.018522127223268993,0.11433954110181019,2,0,
Combined,GPT-2,"grid position (2, 1)",0.08899370114449331,0.11349059864176375,2,1,
Combined,GPT-2,"grid position (2, 2)",0.09801860074891929,0.0728214220362417,2,2,
Combined,GPT-2,"grid position (0, 0)",0.10668065346633647,0.057122125289312396,0,0,
Combined,GPT-2,"grid position (0, 1)",0.09221348760832286,0.0459367265323815,0,1,
Combined,GPT-2,"grid position (0, 2)",0.05913462962267115,-0.08310261852810452,0,2,
Combined,GPT-2,"grid position (1, 0)",0.14909790732219041,0.07293273955916967,1,0,
Combined,GPT-2,"grid position (1, 1)",0.05010013941689917,-0.07734114154333462,1,1,
Combined,GPT-2,"grid position (1, 2)",-0.42001836901500655,-0.010335654160842079,1,2,
Combined,GPT-2,"grid position (2, 0)",0.10417321626140318,0.054496736556530395,2,0,
Combined,GPT-2,"grid position (2, 1)",0.038728420184044314,-0.0891129064079687,2,1,
Combined,GPT-2,"grid position (2, 2)",0.060948926189738885,-0.07043598700488295,2,2,
Combined,GPT-2,"grid position (0, 0)",0.02799175421392226,0.0201678371119054,0,0,
Combined,GPT-2,"grid position (0, 1)",0.09328949602039378,0.03761284996771492,0,1,
Combined,GPT-2,"grid position (0, 2)",0.08478280406503019,0.09718767631468402,0,2,
Combined,GPT-2,"grid position (1, 0)",0.05937721724802847,-0.04547674785902174,1,0,
Combined,GPT-2,"grid position (1, 1)",0.10263741877647324,0.03197070608983131,1,1,
Combined,GPT-2,"grid position (1, 2)",0.07328347264466846,0.031632264187538325,1,2,
Combined,GPT-2,"grid position (2, 0)",0.018253978316005434,-0.05898313977366943,2,0,
Combined,GPT-2,"grid position (2, 1)",0.07408902732491822,-0.044778992159921135,2,1,
Combined,GPT-2,"grid position (2, 2)",-0.5132233960863317,0.004666658473172773,2,2,
Combined,GPT-2,"grid position (0, 0)",0.06577074356269667,0.027414227957609578,0,0,
Combined,GPT-2,"grid position (0, 1)",0.043000781602822113,-0.05638506863917091,0,1,
Combined,GPT-2,"grid position (0, 2)",0.0464768395667295,-0.06027848741573497,0,2,
Combined,GPT-2,"grid position (1, 0)",-0.49758318340928187,0.0305724546890471,1,0,
Combined,GPT-2,"grid position (1, 1)",0.024041613511424698,-0.08221123374467768,1,1,
Combined,GPT-2,"grid position (1, 2)",0.05346590798555478,-0.06235543068373021,1,2,
Combined,GPT-2,"grid position (2, 0)",0.05447419082432397,0.12424254684157145,2,0,
Combined,GPT-2,"grid position (2, 1)",0.08591631349862507,0.13364268457712705,2,1,
Combined,GPT-2,"grid position (2, 2)",0.0911877979008333,0.12594561649815786,2,2,
Combined,GPT-2,"grid position (0, 0)",0.027226507649314162,-0.02255098370789252,0,0,
Combined,GPT-2,"grid position (0, 1)",0.08405990725496264,-0.01826785919740099,0,1,
Combined,GPT-2,"grid position (0, 2)",0.08281964887298016,0.005251576202830192,0,2,
Combined,GPT-2,"grid position (1, 0)",0.06052648376948825,0.11079186931933017,1,0,
Combined,GPT-2,"grid position (1, 1)",0.05465402212840579,-0.0033721003467242065,1,1,
Combined,GPT-2,"grid position (1, 2)",-0.03254416529331731,-0.0488536365297436,1,2,
Combined,GPT-2,"grid position (2, 0)",0.05199223835617342,0.016832215445725635,2,0,
Combined,GPT-2,"grid position (2, 1)",0.07479266327521776,0.0032192336699093764,2,1,
Combined,GPT-2,"grid position (2, 2)",-0.6621594831174482,0.03817405258943722,2,2,
Combined,GPT-2,"grid position (0, 0)",0.10178400059315898,0.011891092517958345,0,0,
Combined,GPT-2,"grid position (0, 1)",0.07880013126731057,0.083494914815605,0,1,
Combined,GPT-2,"grid position (0, 2)",0.03587779186787688,0.06585189148355557,0,2,
Combined,GPT-2,"grid position (1, 0)",0.09096460699184064,-0.009555790116251375,1,0,
Combined,GPT-2,"grid position (1, 1)",0.07128725367730292,0.013711251485514933,1,1,
Combined,GPT-2,"grid position (1, 2)",-0.09553669420080454,-0.0802705153937271,1,2,
Combined,GPT-2,"grid position (2, 0)",0.09407227400744826,-0.0025454054762074434,2,0,
Combined,GPT-2,"grid position (2, 1)",0.10357667432691868,0.0523702810415121,2,1,
Combined,GPT-2,"grid position (2, 2)",-0.6671359321253894,0.04358731358382648,2,2,
Combined,GPT-2,"grid position (0, 0)",0.04075898650860909,-0.010416668909931983,0,0,
Combined,GPT-2,"grid position (0, 1)",0.08865921134106104,0.043570409753346764,0,1,
Combined,GPT-2,"grid position (0, 2)",0.11618572428575023,0.043747990711929655,0,2,
Combined,GPT-2,"grid position (1, 0)",0.059431156691888316,-0.08025971289373393,1,0,
Combined,GPT-2,"grid position (1, 1)",0.0910065957273697,0.04440953705704156,1,1,
Combined,GPT-2,"grid position (1, 2)",0.12686939091345406,0.04877270073376754,1,2,
Combined,GPT-2,"grid position (2, 0)",0.00954622194092386,-0.15773078226108986,2,0,
Combined,GPT-2,"grid position (2, 1)",-0.5663363246029302,0.014395983624834158,2,1,
Combined,GPT-2,"grid position (2, 2)",0.07115734037095003,0.04960764396886648,2,2,
Combined,GPT-2,"grid position (0, 0)",0.10083789729760863,0.11274034052507952,0,0,
Combined,GPT-2,"grid position (0, 1)",0.08674578902461957,0.048390307547126137,0,1,
Combined,GPT-2,"grid position (0, 2)",-0.5004735782225552,0.0457790992482621,0,2,
Combined,GPT-2,"grid position (1, 0)",0.07679115741541356,0.005802925006634393,1,0,
Combined,GPT-2,"grid position (1, 1)",0.058134570688984644,-0.04829824318586835,1,1,
Combined,GPT-2,"grid position (1, 2)",0.08044144043046825,-0.08041437505417937,1,2,
Combined,GPT-2,"grid position (2, 0)",0.043732014983973395,-0.08994414679915655,2,0,
Combined,GPT-2,"grid position (2, 1)",0.06480473986466694,-0.04278999501124399,2,1,
Combined,GPT-2,"grid position (2, 2)",0.10244686390614292,-0.007060571329608461,2,2,
Combined,GPT-2,"grid position (0, 0)",0.024663726976535995,-0.07824270904084918,0,0,
Combined,GPT-2,"grid position (0, 1)",0.07834937661265892,-0.02086905760769246,0,1,
Combined,GPT-2,"grid position (0, 2)",0.043764445732400285,-0.03605629220718783,0,2,
Combined,GPT-2,"grid position (1, 0)",-0.3165128974883781,-0.017134352206086254,1,0,
Combined,GPT-2,"grid position (1, 1)",0.11887159471076873,0.05201961837771884,1,1,
Combined,GPT-2,"grid position (1, 2)",0.07428320272982748,0.06804509045803304,1,2,
Combined,GPT-2,"grid position (2, 0)",0.05596909521902113,-0.02833164338748733,2,0,
Combined,GPT-2,"grid position (2, 1)",0.09000286931672216,0.0660833088440695,2,1,
Combined,GPT-2,"grid position (2, 2)",0.07925420886240507,0.10579420771275264,2,2,
Combined,GPT-2,"grid position (0, 0)",0.01690217763181361,-0.1259163757529124,0,0,
Combined,GPT-2,"grid position (0, 1)",0.062486938592641116,-0.015713072206629604,0,1,
Combined,GPT-2,"grid position (0, 2)",0.11691851477489384,0.061620007867093055,0,2,
Combined,GPT-2,"grid position (1, 0)",-0.05930471541000247,-0.2131320855947345,1,0,
Combined,GPT-2,"grid position (1, 1)",0.10286395519517567,0.10785727310293347,1,1,
Combined,GPT-2,"grid position (1, 2)",0.1403782310153121,0.05461755613945318,1,2,
Combined,GPT-2,"grid position (2, 0)",-0.5898795444711271,-0.006309135327471975,2,0,
Combined,GPT-2,"grid position (2, 1)",0.08463508535794577,-0.02575780839633221,2,1,
Combined,GPT-2,"grid position (2, 2)",0.12156608349195624,0.01913841954814546,2,2,
Combined,GPT-2,"grid position (0, 0)",-0.5198315533824761,0.03789308569040678,0,0,
Combined,GPT-2,"grid position (0, 1)",0.07593560857724031,-0.012036636961432763,0,1,
Combined,GPT-2,"grid position (0, 2)",0.0054853211513256235,-0.12400207098587733,0,2,
Combined,GPT-2,"grid position (1, 0)",-0.010373601753342444,-0.034239988801833376,1,0,
Combined,GPT-2,"grid position (1, 1)",0.06342979426361532,-0.02223982418634689,1,1,
Combined,GPT-2,"grid position (1, 2)",0.04400796128356107,-0.09688159736448612,1,2,
Combined,GPT-2,"grid position (2, 0)",0.053462432328374256,0.07259326321415575,2,0,
Combined,GPT-2,"grid position (2, 1)",0.0844225718168025,0.05175505066997621,2,1,
Combined,GPT-2,"grid position (2, 2)",0.09843132180663201,0.0830772145235466,2,2,
Combined,GPT-2,"grid position (0, 0)",-0.10664411765761773,-0.27954452842323535,0,0,
Combined,GPT-2,"grid position (0, 1)",-0.5868929702457985,0.042956365362841135,0,1,
Combined,GPT-2,"grid position (0, 2)",0.09622516703365427,0.025471617552402164,0,2,
Combined,GPT-2,"grid position (1, 0)",-0.042648765645280445,-0.18986727969461814,1,0,
Combined,GPT-2,"grid position (1, 1)",0.07839936567664119,-0.031785649862644934,1,1,
Combined,GPT-2,"grid position (1, 2)",0.09762180377529309,0.037370545057194164,1,2,
Combined,GPT-2,"grid position (2, 0)",0.05916011963063026,-0.012158921083114066,2,0,
Combined,GPT-2,"grid position (2, 1)",0.10595966223309651,-0.0247668078159819,2,1,
Combined,GPT-2,"grid position (2, 2)",0.10271696411751911,-0.009712569329117408,2,2,
Combined,GPT-2,"grid position (0, 0)",0.08014342819320895,0.048932085916477186,0,0,
Combined,GPT-2,"grid position (0, 1)",0.07181457756162342,0.08521449910991244,0,1,
Combined,GPT-2,"grid position (0, 2)",0.04951365373254608,0.07214276330461034,0,2,
Combined,GPT-2,"grid position (1, 0)",0.10690827845900586,-0.04148403782964206,1,0,
Combined,GPT-2,"grid position (1, 1)",-0.5139322117113347,0.017532439887524273,1,1,
Combined,GPT-2,"grid position (1, 2)",0.0036908038630216865,-0.02897399680805009,1,2,
Combined,GPT-2,"grid position (2, 0)",0.07052149769224056,-0.06940285752549323,2,0,
Combined,GPT-2,"grid position (2, 1)",0.09233365356404934,-0.06839232369323842,2,1,
Combined,GPT-2,"grid position (2, 2)",-0.010342861965293519,-0.05735911746863626,2,2,
Combined,GPT-2,"grid position (0, 0)",0.04478225754980404,0.02095989563017174,0,0,
Combined,GPT-2,"grid position (0, 1)",0.04282314390103975,-0.028262489596616088,0,1,
Combined,GPT-2,"grid position (0, 2)",-0.5906465300271477,0.03250147146964392,0,2,
Combined,GPT-2,"grid position (1, 0)",0.047560422822254346,0.028566711871584934,1,0,
Combined,GPT-2,"grid position (1, 1)",0.028606344206810113,-0.056212826900320235,1,1,
Combined,GPT-2,"grid position (1, 2)",0.049634692397343236,-0.04932155560783219,1,2,
Combined,GPT-2,"grid position (2, 0)",0.03532212586752173,0.07176373247149533,2,0,
Combined,GPT-2,"grid position (2, 1)",0.04912622590431671,-0.00018731273463974614,2,1,
Combined,GPT-2,"grid position (2, 2)",0.09620226197018096,-0.0007397008544332882,2,2,
Combined,GPT-2,"grid position (0, 0)",0.05307882538881213,-0.06973990437988495,0,0,
Combined,GPT-2,"grid position (0, 1)",0.025881154246980266,-0.0034884706492203715,0,1,
Combined,GPT-2,"grid position (0, 2)",0.11684696052297174,0.06448865171634259,0,2,
Combined,GPT-2,"grid position (1, 0)",0.043343276105965896,-0.08502373125811329,1,0,
Combined,GPT-2,"grid position (1, 1)",-0.31069505061649855,0.012195672375432506,1,1,
Combined,GPT-2,"grid position (1, 2)",0.1122447770766979,0.004817455272563693,1,2,
Combined,GPT-2,"grid position (2, 0)",0.038937042916609564,-0.06207382122828892,2,0,
Combined,GPT-2,"grid position (2, 1)",0.09225166352119746,0.01634630582537669,2,1,
Combined,GPT-2,"grid position (2, 2)",0.09024350337613829,0.08586376962756204,2,2,
Combined,GPT-2,"grid position (0, 1)",-0.04054374460613876,-0.11770214057868002,0,1,
Combined,GPT-2,"grid position (0, 2)",-0.4381414545111758,-0.027497353942213802,0,2,
Combined,GPT-2,"grid position (1, 0)",-0.005592771522007176,0.08139921623343727,1,0,
Combined,GPT-2,"grid position (1, 1)",0.01363736729771064,0.06513351590299274,1,1,
Combined,GPT-2,"grid position (1, 2)",0.031006454958775586,-0.02898935151490927,1,2,
Combined,GPT-2,"grid position (2, 0)",0.021881656490888843,0.10513047399832273,2,0,
Combined,GPT-2,"grid position (2, 1)",0.039508887521260964,0.0905856312887623,2,1,
Combined,GPT-2,"grid position (2, 2)",0.07398166161513942,0.0017958731200997465,2,2,
Combined,GPT-2,"grid position (0, 0)",-0.5834106716586581,0.01671684984070229,0,0,
Combined,GPT-2,"grid position (0, 1)",0.061314811942507,0.04410393828020383,0,1,
Combined,GPT-2,"grid position (0, 2)",0.0934532057998885,0.08134133553006746,0,2,
Combined,GPT-2,"grid position (1, 0)",0.030901218305957927,-0.044112655960878405,1,0,
Combined,GPT-2,"grid position (1, 1)",0.05495033538055815,-0.018708092885253002,1,1,
Combined,GPT-2,"grid position (1, 2)",0.09049287437667669,0.0072979762073669035,1,2,
Combined,GPT-2,"grid position (2, 0)",0.0855063515886452,0.08493536033872144,2,0,
Combined,GPT-2,"grid position (2, 1)",0.09501940167862795,0.02170328090385109,2,1,
Combined,GPT-2,"grid position (2, 2)",0.11868458085078891,0.01838210720518635,2,2,
Combined,GPT-2,"grid position (0, 0)",0.06233554718937866,0.017273067988263436,0,0,
Combined,GPT-2,"grid position (0, 1)",0.07505038121219225,0.021241230582980126,0,1,
Combined,GPT-2,"grid position (0, 2)",0.018465349699348446,-0.16613523147139173,0,2,
Combined,GPT-2,"grid position (1, 0)",0.09282028540142967,0.05676247399387964,1,0,
Combined,GPT-2,"grid position (1, 1)",0.07367980385225512,-0.003531811729657347,1,1,
Combined,GPT-2,"grid position (1, 2)",-0.36124824832334,-0.03669731818375236,1,2,
Combined,GPT-2,"grid position (2, 1)",0.029368222105039313,-0.07426047217482663,2,1,
Combined,GPT-2,"grid position (2, 2)",0.04396590097914679,-0.08144088005405076,2,2,
Combined,GPT-2,"grid position (0, 0)",-0.59915657033591,0.003785199975367093,0,0,
Combined,GPT-2,"grid position (0, 1)",0.07994428452451033,0.061080308794989095,0,1,
Combined,GPT-2,"grid position (0, 2)",0.07934557247710226,0.09616668896007134,0,2,
Combined,GPT-2,"grid position (1, 0)",0.019951717106560005,-0.1251878899410507,1,0,
Combined,GPT-2,"grid position (1, 1)",0.07860455948541034,0.0019614253178087356,1,1,
Combined,GPT-2,"grid position (1, 2)",0.05588892240164367,0.09198207657418765,1,2,
Combined,GPT-2,"grid position (2, 0)",0.055320224767205946,-0.011574930068241328,2,0,
Combined,GPT-2,"grid position (2, 1)",0.06754523911955532,-0.01192857199332839,2,1,
Combined,GPT-2,"grid position (2, 2)",0.02521937069347831,-0.010232024554320408,2,2,
Combined,GPT-2,"grid position (0, 0)",-0.04832634655696069,-0.12470945541282938,0,0,
Combined,GPT-2,"grid position (0, 1)",-0.45940907263168773,0.005950197061809778,0,1,
Combined,GPT-2,"grid position (0, 2)",0.06207422084226082,-0.08758324312447935,0,2,
Combined,GPT-2,"grid position (1, 0)",-0.061058172712840045,-0.12392070165517968,1,0,
Combined,GPT-2,"grid position (1, 1)",0.09483397269707888,0.024024414720003107,1,1,
Combined,GPT-2,"grid position (1, 2)",0.11394343681053924,-0.0331989212480382,1,2,
Combined,GPT-2,"grid position (2, 1)",0.09503599753719601,0.0693166630852185,2,1,
Combined,GPT-2,"grid position (2, 2)",0.11899184714696508,0.08591609130452853,2,2,
Combined,GPT-2,"grid position (0, 0)",0.0890915691939194,0.08711362807847293,0,0,
Combined,GPT-2,"grid position (0, 1)",0.1151006210403093,0.04931673934026209,0,1,
Combined,GPT-2,"grid position (0, 2)",0.10643595146085229,0.019330966223310184,0,2,
Combined,GPT-2,"grid position (1, 0)",0.03881648685696855,-0.06926731939479366,1,0,
Combined,GPT-2,"grid position (1, 1)",0.11694261304388891,0.01362491634409607,1,1,
Combined,GPT-2,"grid position (1, 2)",0.11296674487085781,0.02954128756848051,1,2,
Combined,GPT-2,"grid position (2, 0)",-0.04760466055474056,-0.15492461799511545,2,0,
Combined,GPT-2,"grid position (2, 1)",-0.5537767085432329,0.002011159112500115,2,1,
Combined,GPT-2,"grid position (2, 2)",0.03595217617525787,-0.05888170141877774,2,2,
Combined,GPT-2,"grid position (0, 0)",0.0728164923399743,0.07884056274810793,0,0,
Combined,GPT-2,"grid position (0, 2)",0.05354603116236907,-0.11280511111035747,0,2,
Combined,GPT-2,"grid position (1, 0)",0.12661413926339207,0.06881579136707468,1,0,
Combined,GPT-2,"grid position (1, 1)",-0.37631331648295835,-0.004645111275588347,1,1,
Combined,GPT-2,"grid position (1, 2)",0.049690972400467166,-0.08642519436335197,1,2,
Combined,GPT-2,"grid position (2, 0)",0.11290672600962418,0.08841196507277882,2,0,
Combined,GPT-2,"grid position (2, 1)",0.0434336982030536,-0.11128351569149432,2,1,
Combined,GPT-2,"grid position (2, 2)",-0.010203545279000163,-0.09384805352429716,2,2,
Combined,GPT-2,"grid position (0, 0)",0.07989513997267099,-0.04097579315306618,0,0,
Combined,GPT-2,"grid position (0, 1)",0.08163046298176994,-0.008422939319258645,0,1,
Combined,GPT-2,"grid position (0, 2)",-0.014326763551121651,0.049404054174719714,0,2,
Combined,GPT-2,"grid position (1, 0)",-0.3106520269503753,-0.020646234716344594,1,0,
Combined,GPT-2,"grid position (1, 1)",0.060578952351156054,-0.022321180286148476,1,1,
Combined,GPT-2,"grid position (1, 2)",0.03741824275731045,0.04540971944722605,1,2,
Combined,GPT-2,"grid position (2, 0)",0.07425750739026649,-0.021144113604792784,2,0,
Combined,GPT-2,"grid position (2, 1)",0.028889404816622437,0.04912068205427287,2,1,
Combined,GPT-2,"grid position (2, 2)",0.018249554137329056,0.07269682168463149,2,2,
Combined,GPT-2,"grid position (0, 0)",0.01807769708477041,0.07078615897621447,0,0,
Combined,GPT-2,"grid position (0, 1)",0.0715664826223198,0.042560226726220354,0,1,
Combined,GPT-2,"grid position (0, 2)",0.11540281398898135,-0.009830338988119086,0,2,
Combined,GPT-2,"grid position (1, 0)",-0.6231578173289182,0.033734873385195395,1,0,
Combined,GPT-2,"grid position (1, 1)",0.051531889065236335,-0.05905851635637077,1,1,
Combined,GPT-2,"grid position (1, 2)",0.0779905378882039,-0.0666663768516612,1,2,
Combined,GPT-2,"grid position (2, 0)",0.06490943712963206,0.05217747201010214,2,0,
Combined,GPT-2,"grid position (2, 1)",0.07526466191226401,0.05733733410237068,2,1,
Combined,GPT-2,"grid position (2, 2)",0.06722162180964514,0.10340118486874082,2,2,
Combined,GPT-2,"grid position (0, 0)",0.023805697255094876,-0.11763371486366894,0,0,
Combined,GPT-2,"grid position (0, 1)",0.03843045047084061,-0.015022153964927325,0,1,
Combined,GPT-2,"grid position (0, 2)",0.03610238187908503,0.014364571685076433,0,2,
Combined,GPT-2,"grid position (1, 0)",-0.0004489894156614432,-0.1726372585139165,1,0,
Combined,GPT-2,"grid position (1, 1)",0.08171152802136823,0.030350846020664436,1,1,
Combined,GPT-2,"grid position (1, 2)",0.10301358711132386,0.04314233420982414,1,2,
Combined,GPT-2,"grid position (2, 0)",-0.4901769211217891,0.017697622573425387,2,0,
Combined,GPT-2,"grid position (2, 1)",0.11007598275909132,0.0628842066307705,2,1,
Combined,GPT-2,"grid position (2, 2)",0.11356509471152769,0.06134593856076467,2,2,
Combined,GPT-2,"grid position (0, 0)",0.09188145535349344,0.03001108079106207,0,0,
Combined,GPT-2,"grid position (0, 1)",0.05793181368801838,0.03603356287585183,0,1,
Combined,GPT-2,"grid position (0, 2)",-0.6655225998344897,0.05556645570054223,0,2,
Combined,GPT-2,"grid position (1, 0)",0.08345199506758895,-0.02567855705333981,1,0,
Combined,GPT-2,"grid position (1, 1)",0.04484716461894039,-0.016829624024863953,1,1,
Combined,GPT-2,"grid position (1, 2)",0.05267730126444108,-0.079911065272339,1,2,
Combined,GPT-2,"grid position (2, 0)",0.08307776680613072,-0.0012342733733364717,2,0,
Combined,GPT-2,"grid position (2, 1)",0.10113146797822585,0.020570436521044656,2,1,
Combined,GPT-2,"grid position (2, 2)",0.0869010337289265,0.08066319951687485,2,2,
Combined,GPT-2,"grid position (0, 0)",0.04617842103207342,0.05931865128005405,0,0,
Combined,GPT-2,"grid position (0, 1)",0.07535087922009472,-0.011981735926863753,0,1,
Combined,GPT-2,"grid position (0, 2)",0.06995062800563459,-0.007786117972759086,0,2,
Combined,GPT-2,"grid position (1, 0)",-0.5198009095321947,0.042537761510811144,1,0,
Combined,GPT-2,"grid position (1, 1)",0.051986696000461734,0.004572670541391991,1,1,
Combined,GPT-2,"grid position (1, 2)",0.1017708848620856,-0.025145884858065383,1,2,
Combined,GPT-2,"grid position (2, 0)",0.057018805286819546,0.027928706433700354,2,0,
Combined,GPT-2,"grid position (2, 1)",0.042313386407160695,-0.0020092007744642723,2,1,
Combined,GPT-2,"grid position (2, 2)",0.08503060485070019,-0.025880743017634995,2,2,
Combined,GPT-2,"grid position (0, 0)",0.06575575470654334,0.13343608538209947,0,0,
Combined,GPT-2,"grid position (0, 1)",0.08470097757856206,0.06445713905488362,0,1,
Combined,GPT-2,"grid position (0, 2)",0.10098265496303395,0.026866527978422188,0,2,
Combined,GPT-2,"grid position (1, 0)",-0.04068262725987604,-0.11759554593252708,1,0,
Combined,GPT-2,"grid position (1, 1)",-0.4110471991028168,0.011450872164398546,1,1,
Combined,GPT-2,"grid position (1, 2)",0.1275694002244099,0.0499302545223892,1,2,
Combined,GPT-2,"grid position (2, 0)",0.042082316324887424,-0.08690646881634839,2,0,
Combined,GPT-2,"grid position (2, 1)",0.03239174491395353,-0.12285102967985555,2,1,
Combined,GPT-2,"grid position (2, 2)",0.03197292992731618,-0.09087373114644393,2,2,
Combined,GPT-2,"grid position (0, 0)",0.02921082694909876,-0.07626297433388153,0,0,
Combined,GPT-2,"grid position (0, 1)",0.08203396206348755,-0.0040846749566500985,0,1,
Combined,GPT-2,"grid position (0, 2)",0.10808909831763186,0.06043175289868733,0,2,
Combined,GPT-2,"grid position (1, 0)",0.04247592413457007,-0.05916112979393981,1,0,
Combined,GPT-2,"grid position (1, 1)",0.0610676274332249,-0.009129013599616057,1,1,
Combined,GPT-2,"grid position (1, 2)",0.10575488395541681,0.09702956085724923,1,2,
Combined,GPT-2,"grid position (2, 1)",-0.7154928972307069,0.048356464790492104,2,1,
Combined,GPT-2,"grid position (2, 2)",0.09085610927993905,0.07625504677314324,2,2,
Combined,GPT-2,"grid position (0, 0)",-0.5150245245033088,0.001667477440602223,0,0,
Combined,GPT-2,"grid position (0, 1)",0.06135034599254897,-0.0695043654400441,0,1,
Combined,GPT-2,"grid position (0, 2)",0.066194803900397,0.0006136366395444872,0,2,
Combined,GPT-2,"grid position (1, 0)",-0.014787941848727292,-0.1290743133677794,1,0,
Combined,GPT-2,"grid position (1, 1)",0.07942749926277809,-0.005248253667124086,1,1,
Combined,GPT-2,"grid position (1, 2)",0.09418129078999163,0.05844837253806433,1,2,
Combined,GPT-2,"grid position (2, 0)",0.008668235420293467,0.021916568557534436,2,0,
Combined,GPT-2,"grid position (2, 1)",0.08269714897676438,0.12671820463194702,2,1,
Combined,GPT-2,"grid position (2, 2)",0.08653329381033427,0.08849716076453203,2,2,
Combined,GPT-2,"grid position (0, 0)",0.10866365001600672,0.030584670155193686,0,0,
Combined,GPT-2,"grid position (0, 1)",0.0800243345025678,-0.022381914324815153,0,1,
Combined,GPT-2,"grid position (0, 2)",0.09035161435456283,-0.004004196945949051,0,2,
Combined,GPT-2,"grid position (1, 0)",0.07467171237825672,0.023072341795560558,1,0,
Combined,GPT-2,"grid position (1, 1)",0.06748204164004415,-0.07657045622699803,1,1,
Combined,GPT-2,"grid position (1, 2)",0.018296792267840582,-0.09888661074213352,1,2,
Combined,GPT-2,"grid position (2, 0)",0.07963182958650836,0.009591349744942251,2,0,
Combined,GPT-2,"grid position (2, 1)",-0.4119742208639387,0.03950151048669052,2,1,
Combined,GPT-2,"grid position (2, 2)",0.054901076935700344,-0.008827934957658157,2,2,
Combined,GPT-2,"grid position (0, 0)",0.051227800450592983,0.13047226578769752,0,0,
Combined,GPT-2,"grid position (0, 1)",0.030188650915665634,0.11873798263101197,0,1,
Combined,GPT-2,"grid position (0, 2)",-0.07640328909056458,-0.23059155181097837,0,2,
Combined,GPT-2,"grid position (1, 0)",0.04841896913670541,0.07488314510482023,1,0,
Combined,GPT-2,"grid position (1, 1)",0.06885374294988889,0.07797417319753794,1,1,
Combined,GPT-2,"grid position (1, 2)",-0.0029746376576812905,-0.12268432021753421,1,2,
Combined,GPT-2,"grid position (2, 0)",0.06702561976698987,0.03137584332942492,2,0,
Combined,GPT-2,"grid position (2, 1)",0.09363125364003005,0.01801546131692511,2,1,
Combined,GPT-2,"grid position (2, 2)",-0.5215140861043979,0.012343529130003366,2,2,
Combined,GPT-2,"grid position (0, 0)",0.06823804042369673,0.011939799157883938,0,0,
Combined,GPT-2,"grid position (0, 1)",0.08467143409611684,0.035829882733114125,0,1,
Combined,GPT-2,"grid position (0, 2)",0.08492482607217482,-0.013612444322834878,0,2,
Combined,GPT-2,"grid position (1, 0)",0.07515051506809055,-0.006102004908987811,1,0,
Combined,GPT-2,"grid position (1, 1)",0.08784211610226837,0.06351156487510146,1,1,
Combined,GPT-2,"grid position (1, 2)",0.06541012318505077,-0.07071770206399618,1,2,
Combined,GPT-2,"grid position (2, 0)",0.01635141914602342,-0.03228786347681887,2,0,
Combined,GPT-2,"grid position (2, 1)",-0.7140273691345231,0.04835282786676589,2,1,
Combined,GPT-2,"grid position (0, 0)",0.08668858755618954,0.08193731367029171,0,0,
Combined,GPT-2,"grid position (0, 1)",0.07712339675016851,0.050219787210815776,0,1,
Combined,GPT-2,"grid position (0, 2)",0.03499483502477063,0.07302775608107984,0,2,
Combined,GPT-2,"grid position (1, 0)",0.04071298893033722,-0.015608888795984061,1,0,
Combined,GPT-2,"grid position (1, 1)",-0.46526385423737693,0.041718747486585606,1,1,
Combined,GPT-2,"grid position (1, 2)",0.06102137864621954,-0.013694089703716932,1,2,
Combined,GPT-2,"grid position (2, 0)",0.051752315213945244,-0.0021633197829282053,2,0,
Combined,GPT-2,"grid position (2, 1)",0.03386843838234485,-0.041129206705837563,2,1,
Combined,GPT-2,"grid position (2, 2)",0.05321761506615184,-0.04287313353721033,2,2,
Combined,GPT-2,"grid position (0, 0)",0.09381527592317129,0.07263519640297235,0,0,
Combined,GPT-2,"grid position (0, 1)",0.11134225935815774,0.10125860219539738,0,1,
Combined,GPT-2,"grid position (0, 2)",0.11240615638127856,0.10366173101546251,0,2,
Combined,GPT-2,"grid position (1, 0)",0.12584303539064132,0.038307817610318096,1,0,
Combined,GPT-2,"grid position (1, 1)",0.04742262640456306,-0.0848684011424997,1,1,
Combined,GPT-2,"grid position (1, 2)",-0.0006943370367598841,-0.16278955657677566,1,2,
Combined,GPT-2,"grid position (2, 0)",0.10869350808259881,0.03260004314765888,2,0,
Combined,GPT-2,"grid position (2, 1)",-0.5497283132233174,0.03793893054937162,2,1,
Combined,GPT-2,"grid position (2, 2)",0.015804146120190515,-0.09957470776553441,2,2,
Combined,GPT-2,"grid position (0, 0)",0.011942466788262012,0.12145799171285024,0,0,
Combined,GPT-2,"grid position (0, 1)",0.0076968926554930395,-0.009189516768907733,0,1,
Combined,GPT-2,"grid position (0, 2)",-0.6025085116414319,0.009189796696754954,0,2,
Combined,GPT-2,"grid position (1, 0)",0.12082614569181983,0.05513757282616506,1,0,
Combined,GPT-2,"grid position (1, 1)",0.12880826579770832,0.02914991759170335,1,1,
Combined,GPT-2,"grid position (1, 2)",0.07422409540162163,-0.06622020901140661,1,2,
Combined,GPT-2,"grid position (2, 0)",4.8710224311852126e-05,-0.10061350691578891,2,0,
Combined,GPT-2,"grid position (2, 1)",0.11117614150120082,-0.032241685629487274,2,1,
Combined,GPT-2,"grid position (2, 2)",0.09688685374852456,-0.00396936187627701,2,2,
Combined,GPT-2,"grid position (0, 0)",-0.0010476209876448235,-0.11580819358850368,0,0,
Combined,GPT-2,"grid position (0, 1)",-0.3373959084591682,0.004926627851447059,0,1,
Combined,GPT-2,"grid position (0, 2)",0.027003283462928747,0.022965509230488495,0,2,
Combined,GPT-2,"grid position (1, 0)",0.028488619470339427,-0.08775439614060712,1,0,
Combined,GPT-2,"grid position (1, 1)",0.10985701199532207,-0.007796317787313808,1,1,
Combined,GPT-2,"grid position (1, 2)",0.09187484436036993,0.0016400627517779822,1,2,
Combined,GPT-2,"grid position (2, 0)",0.05391394489196194,-0.015828033796419366,2,0,
Combined,GPT-2,"grid position (2, 1)",0.12570335810946445,0.03735327906896102,2,1,
Combined,GPT-2,"grid position (2, 2)",0.12282060984177576,0.0800355345709153,2,2,
Combined,GPT-2,"grid position (0, 0)",-0.0319599710132144,-0.09818268993611194,0,0,
Combined,GPT-2,"grid position (0, 1)",0.012996582076337937,-0.1273805697061365,0,1,
Combined,GPT-2,"grid position (0, 2)",0.08181280613787156,-0.07391430935805002,0,2,
Combined,GPT-2,"grid position (1, 0)",0.041112131316912555,0.05884509549261625,1,0,
Combined,GPT-2,"grid position (1, 1)",-0.3107353126378873,0.02625882707529919,1,1,
Combined,GPT-2,"grid position (1, 2)",0.10945015212922925,-0.04096638431325723,1,2,
Combined,GPT-2,"grid position (2, 0)",0.08432012335316091,0.12400005138701044,2,0,
Combined,GPT-2,"grid position (2, 1)",0.08222867729246741,-0.029248471996880746,2,1,
Combined,GPT-2,"grid position (2, 2)",0.07466689146368752,-0.03624328611408648,2,2,
Combined,GPT-2,"grid position (0, 1)",0.11368206751836127,0.03921163907687076,0,1,
Combined,GPT-2,"grid position (0, 2)",-0.0019771316258816733,-0.1502011124912157,0,2,
Combined,GPT-2,"grid position (1, 0)",0.09111153051385322,-0.02555010445563595,1,0,
Combined,GPT-2,"grid position (1, 1)",0.11899416129669017,0.05334416677322374,1,1,
Combined,GPT-2,"grid position (1, 2)",0.03164051557586416,-0.07280650427643685,1,2,
Combined,GPT-2,"grid position (2, 0)",0.10843429673527005,-0.001236161277749389,2,0,
Combined,GPT-2,"grid position (2, 1)",0.14882127250675586,0.09711710147322655,2,1,
Combined,GPT-2,"grid position (2, 2)",-0.5799765398401865,0.027721345036016164,2,2,
Combined,GPT-2,"grid position (0, 0)",0.036388324008808294,0.07617945519272971,0,0,
Combined,GPT-2,"grid position (1, 0)",-0.4138187141413018,0.06683456953540173,1,0,
Combined,GPT-2,"grid position (1, 1)",0.04104183560240924,-0.014606111809733655,1,1,
Combined,GPT-2,"grid position (1, 2)",0.037584648661650163,-0.11794231983975259,1,2,
Combined,GPT-2,"grid position (2, 0)",0.11403063708690045,0.11186036079598076,2,0,
Combined,GPT-2,"grid position (2, 1)",0.0890798616296887,0.03793740723024601,2,1,
Combined,GPT-2,"grid position (2, 2)",0.060020006392224906,-0.10067649271554685,2,2,
Combined,GPT-2,"grid position (0, 0)",-0.0041761484741323985,-0.01568287599256544,0,0,
Combined,GPT-2,"grid position (0, 1)",0.07360067170613364,0.007420803256722474,0,1,
Combined,GPT-2,"grid position (0, 2)",0.06989548417560472,-0.015151209441761512,0,2,
Combined,GPT-2,"grid position (1, 0)",0.015495953258792956,0.02132951324858513,1,0,
Combined,GPT-2,"grid position (1, 1)",0.10167786381588702,0.047625543924266316,1,1,
Combined,GPT-2,"grid position (1, 2)",0.13322271345409023,0.040004533416867084,1,2,
Combined,GPT-2,"grid position (2, 0)",0.004554511947249641,-0.029134316441576043,2,0,
Combined,GPT-2,"grid position (2, 1)",0.05426274902543142,-0.02260750381071433,2,1,
Combined,GPT-2,"grid position (2, 2)",-0.4740307472123702,0.05313183546272303,2,2,
Combined,GPT-2,"grid position (0, 0)",0.10943319497029357,0.011536809059213891,0,0,
Combined,GPT-2,"grid position (0, 1)",0.09311347056553615,0.01908510916108439,0,1,
Combined,GPT-2,"grid position (0, 2)",0.11729575441539895,0.02315029793012043,0,2,
Combined,GPT-2,"grid position (1, 0)",0.09781071901460196,-0.008127822683596709,1,0,
Combined,GPT-2,"grid position (1, 1)",-0.4959463756135813,0.009915020975713063,1,1,
Combined,GPT-2,"grid position (1, 2)",0.06850854789498013,-0.03753785152319581,1,2,
Combined,GPT-2,"grid position (2, 0)",0.03564205294502043,0.00040102256811552626,2,0,
Combined,GPT-2,"grid position (2, 1)",0.018665411984612308,0.042349436670345374,2,1,
Combined,GPT-2,"grid position (2, 2)",0.06413949906507828,-0.01624175273466086,2,2,
Combined,GPT-2,"grid position (0, 0)",-0.6787777716414598,0.04921368958028841,0,0,
Combined,GPT-2,"grid position (0, 1)",-0.04955077610924154,-0.15966974390692842,0,1,
Combined,GPT-2,"grid position (0, 2)",-0.039514621606516157,-0.21958363205646297,0,2,
Combined,GPT-2,"grid position (1, 0)",0.1207185140022559,0.035377716777900185,1,0,
Combined,GPT-2,"grid position (1, 1)",0.12921574828828067,0.07609464226936254,1,1,
Combined,GPT-2,"grid position (1, 2)",0.04488446413502664,-0.04839105549987848,1,2,
Combined,GPT-2,"grid position (2, 0)",0.09366352875035279,0.014325575169631117,2,0,
Combined,GPT-2,"grid position (2, 1)",0.12917300411475813,0.07279824735344229,2,1,
Combined,GPT-2,"grid position (2, 2)",0.11669291632541164,0.10623963906581745,2,2,
Combined,GPT-2,"grid position (0, 0)",0.08718886059442976,0.043050005903295566,0,0,
Combined,GPT-2,"grid position (0, 1)",0.056010525603232046,0.01327453361422291,0,1,
Combined,GPT-2,"grid position (0, 2)",-0.008825904696479984,-0.19014713630580718,0,2,
Combined,GPT-2,"grid position (1, 0)",0.09405334907869056,-0.040189251918713025,1,0,
Combined,GPT-2,"grid position (1, 1)",0.08172718996587484,-0.04084103138523767,1,1,
Combined,GPT-2,"grid position (1, 2)",0.06978212579609679,-0.09287779746029318,1,2,
Combined,GPT-2,"grid position (2, 0)",0.08776287240170214,-0.024626986802991097,2,0,
Combined,GPT-2,"grid position (2, 1)",-0.4975425920310065,0.06167869411878058,2,1,
Combined,GPT-2,"grid position (2, 2)",0.12343674440535775,0.03321175705264812,2,2,
Combined,GPT-2,"grid position (0, 0)",0.05930848099738909,0.02775421332417294,0,0,
Combined,GPT-2,"grid position (0, 1)",0.012285792522860687,-0.016781396505745002,0,1,
Combined,GPT-2,"grid position (0, 2)",0.03801051496137379,-0.011161757086966038,0,2,
Combined,GPT-2,"grid position (1, 0)",0.09527921290028774,-0.0024976723170827254,1,0,
Combined,GPT-2,"grid position (1, 1)",-0.35683437812556795,0.02275850129153963,1,1,
Combined,GPT-2,"grid position (1, 2)",0.0913415196921082,0.008198078027435957,1,2,
Combined,GPT-2,"grid position (2, 0)",0.07806190861700206,0.02750201175991583,2,0,
Combined,GPT-2,"grid position (2, 1)",0.11011443102908579,-0.010943604653869857,2,1,
Combined,GPT-2,"grid position (2, 2)",0.11519559059627368,0.06412117415439794,2,2,
Combined,GPT-2,"grid position (0, 0)",-0.5334778643583841,0.05839509029583326,0,0,
Combined,GPT-2,"grid position (0, 1)",0.07584009627749673,-0.0597375161928804,0,1,
Combined,GPT-2,"grid position (0, 2)",-0.06967258312349353,-0.2238805282819819,0,2,
Combined,GPT-2,"grid position (1, 0)",0.1035750653233439,0.04657878810553863,1,0,
Combined,GPT-2,"grid position (1, 1)",0.08615563481366935,-0.05027803109000597,1,1,
Combined,GPT-2,"grid position (1, 2)",0.036314960949587936,-0.07884531075737754,1,2,
Combined,GPT-2,"grid position (2, 0)",0.11826848060037244,0.06671809973540799,2,0,
Combined,GPT-2,"grid position (2, 1)",0.09160312946638491,-0.006503970126695318,2,1,
Combined,GPT-2,"grid position (2, 2)",0.08626461945527238,-0.01618373066445943,2,2,
Combined,GPT-2,"grid position (0, 0)",-0.014180404221221266,-0.11478571994636928,0,0,
Combined,GPT-2,"grid position (0, 1)",0.03639437125607363,-0.03166022663863882,0,1,
Combined,GPT-2,"grid position (0, 2)",0.08279462499760963,-0.019399569357601214,0,2,
Combined,GPT-2,"grid position (1, 0)",0.07757133037059191,0.02635520156436844,1,0,
Combined,GPT-2,"grid position (1, 1)",0.054884051869249925,-0.00043567202223886414,1,1,
Combined,GPT-2,"grid position (1, 2)",0.10587465038962068,-0.016616478550143605,1,2,
Combined,GPT-2,"grid position (2, 0)",0.09916983044673483,0.07191920784470587,2,0,
Combined,GPT-2,"grid position (2, 1)",-0.7093539902004173,0.0465669103741966,2,1,
Combined,GPT-2,"grid position (2, 2)",0.049967658557937764,0.12076390433048387,2,2,
Combined,GPT-2,"grid position (0, 1)",0.09558926793194593,0.0008833565161642321,0,1,
Combined,GPT-2,"grid position (0, 2)",0.09599705132844052,-0.03258046237825238,0,2,
Combined,GPT-2,"grid position (1, 0)",0.06265613452830274,0.13128796690339734,1,0,
Combined,GPT-2,"grid position (1, 1)",0.08114193487756355,0.03847482691207382,1,1,
Combined,GPT-2,"grid position (1, 2)",0.07605899835468662,-0.06461040630698121,1,2,
Combined,GPT-2,"grid position (2, 0)",0.011350808091809505,0.10528833293760306,2,0,
Combined,GPT-2,"grid position (2, 1)",-0.47218877259798636,0.05837110772780111,2,1,
Combined,GPT-2,"grid position (2, 2)",0.03820444328294829,-0.036672058325743266,2,2,
Combined,GPT-2,"grid position (0, 0)",0.07937526555500929,0.002176446351291029,0,0,
Combined,GPT-2,"grid position (0, 1)",0.09896438154594944,-0.03862596455818095,0,1,
Combined,GPT-2,"grid position (0, 2)",0.09224456197345426,0.05474842565718628,0,2,
Combined,GPT-2,"grid position (1, 0)",0.06591768764584817,-0.02412465562522937,1,0,
Combined,GPT-2,"grid position (1, 1)",0.07602662512609265,-0.04110267334734242,1,1,
Combined,GPT-2,"grid position (1, 2)",-0.6756771299622298,0.036059365999659566,1,2,
Combined,GPT-2,"grid position (2, 0)",0.07807359454459396,0.028599612652555208,2,0,
Combined,GPT-2,"grid position (2, 1)",0.08381632692520755,0.05417601981304112,2,1,
Combined,GPT-2,"grid position (2, 2)",0.05366821722006675,0.0632090228907057,2,2,
Combined,GPT-2,"grid position (0, 0)",0.10509254401089935,0.028385267743252323,0,0,
Combined,GPT-2,"grid position (0, 1)",-0.39928790513939233,-0.0015064898364543706,0,1,
Combined,GPT-2,"grid position (0, 2)",-0.054438453752229554,-0.19428569695699957,0,2,
Combined,GPT-2,"grid position (1, 0)",0.1236126303690914,0.04590749153856432,1,0,
Combined,GPT-2,"grid position (1, 1)",0.12864423505893438,0.09773572547889803,1,1,
Combined,GPT-2,"grid position (1, 2)",-0.00022949652207217248,-0.021752032962400542,1,2,
Combined,GPT-2,"grid position (2, 0)",0.08846920705289177,-0.0027575878767922496,2,0,
Combined,GPT-2,"grid position (2, 1)",0.09219683062525422,0.03659204523500355,2,1,
Combined,GPT-2,"grid position (2, 2)",0.060479488059126944,0.0797903846327271,2,2,
Combined,GPT-2,"grid position (0, 0)",0.08845814455683294,0.14699015202732268,0,0,
Combined,GPT-2,"grid position (0, 1)",-0.3463627906334464,0.04187507713539797,0,1,
Combined,GPT-2,"grid position (0, 2)",0.13495344622231087,0.037758059690483375,0,2,
Combined,GPT-2,"grid position (1, 0)",0.07961147988211366,0.02743168329584841,1,0,
Combined,GPT-2,"grid position (1, 1)",0.06964814382281369,-0.0629864275452133,1,1,
Combined,GPT-2,"grid position (1, 2)",0.16648018866927286,0.07735513663692396,1,2,
Combined,GPT-2,"grid position (2, 0)",0.01820291694168629,-0.08825858308045056,2,0,
Combined,GPT-2,"grid position (2, 1)",0.016384357048927656,-0.12125250266718143,2,1,
Combined,GPT-2,"grid position (2, 2)",0.11843355293358583,0.04730692951089751,2,2,
Combined,GPT-2,"grid position (0, 0)",0.06457096130812201,-0.07804116607084247,0,0,
Combined,GPT-2,"grid position (0, 1)",0.07169840813327119,0.006372782284013757,0,1,
Combined,GPT-2,"grid position (0, 2)",0.1382522130490828,0.04693351869097435,0,2,
Combined,GPT-2,"grid position (1, 0)",0.12977519800750498,0.00436650998606727,1,0,
Combined,GPT-2,"grid position (1, 1)",0.09106084686365093,0.025609264208280493,1,1,
Combined,GPT-2,"grid position (1, 2)",0.08999793160930021,0.03005066645793505,1,2,
Combined,GPT-2,"grid position (2, 0)",0.08984716234693893,0.02272385941719766,2,0,
Combined,GPT-2,"grid position (2, 1)",-0.021297527233447824,-0.06919499135693409,2,1,
Combined,GPT-2,"grid position (2, 2)",-0.5364243141333881,0.011577448116320863,2,2,
Combined,GPT-2,"grid position (0, 0)",-0.5200142562335183,0.014205975770944528,0,0,
Combined,GPT-2,"grid position (0, 1)",0.06794425189224257,0.01937427322560054,0,1,
Combined,GPT-2,"grid position (0, 2)",0.10722457306925252,0.02944854179251512,0,2,
Combined,GPT-2,"grid position (1, 0)",0.05238352210205722,-0.03403669373769286,1,0,
Combined,GPT-2,"grid position (1, 1)",0.08597027563164868,0.0692988382379223,1,1,
Combined,GPT-2,"grid position (1, 2)",0.11435774173682059,0.047088340353611376,1,2,
Combined,GPT-2,"grid position (2, 0)",0.026431034549147248,-0.0827029793094798,2,0,
Combined,GPT-2,"grid position (2, 1)",0.0237964234393043,0.01966564228157827,2,1,
Combined,GPT-2,"grid position (2, 2)",0.10509256319340267,0.021779104646764316,2,2,
Combined,GPT-2,"grid position (0, 0)",-0.032232302711685,-0.12608273635652203,0,0,
Combined,GPT-2,"grid position (0, 1)",0.04391875027857278,-0.06830337200301771,0,1,
Combined,GPT-2,"grid position (1, 0)",0.020171583893053013,-0.10598313890926893,1,0,
Combined,GPT-2,"grid position (1, 1)",-0.42927499522523105,0.031780587241917235,1,1,
Combined,GPT-2,"grid position (1, 2)",0.09329860566849905,0.047363585670679595,1,2,
Combined,GPT-2,"grid position (2, 0)",0.047900689819020154,-0.023106062866140465,2,0,
Combined,GPT-2,"grid position (2, 1)",0.07107382547470502,0.017521930545386963,2,1,
Combined,GPT-2,"grid position (2, 2)",0.09434597647285496,0.035406120711809895,2,2,
Combined,GPT-2,"grid position (0, 0)",0.08515904480002749,0.103994994836298,0,0,
Combined,GPT-2,"grid position (0, 1)",0.1003711058594848,0.10525093999134918,0,1,
Combined,GPT-2,"grid position (1, 0)",0.10372787375968903,0.03508426258381519,1,0,
Combined,GPT-2,"grid position (1, 1)",0.10147938831827757,-0.004401094526549995,1,1,
Combined,GPT-2,"grid position (1, 2)",0.07980776802331402,-0.009989517336535855,1,2,
Combined,GPT-2,"grid position (2, 0)",0.054755578078136365,0.01242894692743419,2,0,
Combined,GPT-2,"grid position (2, 1)",0.00025548047936693996,-0.08356992090026132,2,1,
Combined,GPT-2,"grid position (2, 2)",-0.5651907813100829,0.022093043802440072,2,2,
Combined,GPT-2,"grid position (0, 0)",0.013692167768300345,-0.10449252591273651,0,0,
Combined,GPT-2,"grid position (0, 1)",0.0281284021319284,-0.07527095458425487,0,1,
Combined,GPT-2,"grid position (0, 2)",0.044776704115320747,-0.08002968324588755,0,2,
Combined,GPT-2,"grid position (1, 0)",0.03747323448393251,-0.027170030122798876,1,0,
Combined,GPT-2,"grid position (1, 1)",-0.43343473558363504,0.028416222034255152,1,1,
Combined,GPT-2,"grid position (1, 2)",0.11113080135324051,0.011361210697052735,1,2,
Combined,GPT-2,"grid position (2, 0)",0.09915674449503788,0.09927069518114874,2,0,
Combined,GPT-2,"grid position (2, 1)",0.11552102566990645,0.04222382159006963,2,1,
Combined,GPT-2,"grid position (2, 2)",0.10539393367698172,0.08555915179730678,2,2,
Combined,GPT-2,"grid position (0, 0)",-0.34304241546336245,0.046278755558412155,0,0,
Combined,GPT-2,"grid position (0, 1)",0.07097394823069188,0.05372428327173096,0,1,
Combined,GPT-2,"grid position (0, 2)",0.045878218881612275,-0.014674621450226556,0,2,
Combined,GPT-2,"grid position (1, 0)",0.11954749396234665,-0.021433754718798135,1,0,
Combined,GPT-2,"grid position (1, 1)",0.07161556347238242,0.08192955025421102,1,1,
Combined,GPT-2,"grid position (1, 2)",0.01255323838583118,-0.11614893643415473,1,2,
Combined,GPT-2,"grid position (2, 0)",0.07102550762959346,-0.06696766438967319,2,0,
Combined,GPT-2,"grid position (2, 1)",-0.0600526926133415,-0.13754934323758916,2,1,
Combined,GPT-2,"grid position (2, 2)",-0.048061327887079966,-0.19756724086915048,2,2,
Combined,GPT-2,"grid position (0, 0)",0.045133666617037695,-0.004426960902837118,0,0,
Combined,GPT-2,"grid position (0, 1)",0.07448614278273893,0.0019760544847945045,0,1,
Combined,GPT-2,"grid position (0, 2)",0.09558444086460635,0.04380566661851387,0,2,
Combined,GPT-2,"grid position (1, 0)",0.045039703357956686,-0.049653122892615184,1,0,
Combined,GPT-2,"grid position (1, 1)",0.025151587147568755,-0.10354147520782116,1,1,
Combined,GPT-2,"grid position (1, 2)",0.10981614852805197,0.03234178090032975,1,2,
Combined,GPT-2,"grid position (2, 0)",-0.4871166598492096,0.014037030202184901,2,0,
Combined,GPT-2,"grid position (2, 1)",0.03604868702227807,-0.013475377764560608,2,1,
Combined,GPT-2,"grid position (2, 2)",0.09343447421461086,0.05178766451086928,2,2,
Combined,GPT-2,"grid position (0, 0)",-0.15910993048740046,-0.2584068233052551,0,0,
Combined,GPT-2,"grid position (0, 1)",-0.061253397040281474,-0.15706861348098608,0,1,
Combined,GPT-2,"grid position (0, 2)",-0.6168198649655589,0.04884307714525946,0,2,
Combined,GPT-2,"grid position (1, 0)",0.08906332484144219,-0.030560533196827923,1,0,
Combined,GPT-2,"grid position (1, 1)",0.06919836576794693,0.04742697574862412,1,1,
Combined,GPT-2,"grid position (1, 2)",0.11650102957895977,-0.0015079216312681462,1,2,
Combined,GPT-2,"grid position (2, 0)",0.08858855206875815,-0.06462420627228287,2,0,
Combined,GPT-2,"grid position (2, 1)",0.07254085127757821,-0.0016502506810208556,2,1,
Combined,GPT-2,"grid position (2, 2)",0.09700232597180994,-0.01612070182505833,2,2,
Combined,GPT-2,"grid position (0, 0)",0.1247673660928758,0.12326059707745297,0,0,
Combined,GPT-2,"grid position (0, 1)",0.09743182935774325,0.06792868823239208,0,1,
Combined,GPT-2,"grid position (0, 2)",0.08232827398313503,0.03354198556793225,0,2,
Combined,GPT-2,"grid position (1, 0)",0.05608623936364242,0.0354294668403234,1,0,
Combined,GPT-2,"grid position (1, 1)",0.03834093235536533,-0.061447730662821755,1,1,
Combined,GPT-2,"grid position (1, 2)",0.06109003204947995,-0.09277024457823903,1,2,
Combined,GPT-2,"grid position (2, 0)",0.08875160860462877,0.06309142557672416,2,0,
Combined,GPT-2,"grid position (2, 1)",0.03196593659071207,-0.046927430075970604,2,1,
Combined,GPT-2,"grid position (2, 2)",-0.7186113089550468,0.030876794036467738,2,2,
Combined,GPT-2,"grid position (0, 0)",0.08480003549849918,-0.029825387243751528,0,0,
Combined,GPT-2,"grid position (0, 1)",0.10811335644965892,0.07914207769928723,0,1,
Combined,GPT-2,"grid position (0, 2)",0.11705394948071532,0.03933919471080822,0,2,
Combined,GPT-2,"grid position (1, 0)",0.04485264627460023,-0.12219581812081066,1,0,
Combined,GPT-2,"grid position (1, 1)",0.05173731788548235,-0.0257125500085532,1,1,
Combined,GPT-2,"grid position (1, 2)",0.11442665525981403,-0.03087417136035071,1,2,
Combined,GPT-2,"grid position (2, 0)",-0.030231315387318096,-0.19374147200108535,2,0,
Combined,GPT-2,"grid position (2, 1)",-0.5303626326216131,0.048198842247405865,2,1,
Combined,GPT-2,"grid position (2, 2)",0.1270846232592536,0.02847269295856068,2,2,
Combined,GPT-2,"grid position (0, 0)",-0.5634398834105375,0.009125367679977618,0,0,
Combined,GPT-2,"grid position (0, 1)",-0.0037893269977714986,-0.09422809241622437,0,1,
Combined,GPT-2,"grid position (0, 2)",-0.014475097781235595,-0.0824218231350288,0,2,
Combined,GPT-2,"grid position (1, 0)",0.09750691827532083,0.02625841966343974,1,0,
Combined,GPT-2,"grid position (1, 1)",0.10801760521225061,0.06861029458266628,1,1,
Combined,GPT-2,"grid position (1, 2)",0.045377132113125905,0.008842204992827105,1,2,
Combined,GPT-2,"grid position (2, 0)",0.033963193915376354,0.011388726096443647,2,0,
Combined,GPT-2,"grid position (2, 1)",0.11303752026284716,0.0638823666720604,2,1,
Combined,GPT-2,"grid position (2, 2)",0.06799868172053669,0.025242390491715762,2,2,
Combined,GPT-2,"grid position (0, 1)",-0.6204799564087821,0.04900719150320656,0,1,
Combined,GPT-2,"grid position (0, 2)",0.08472069461513383,-0.010511316499688698,0,2,
Combined,GPT-2,"grid position (1, 0)",0.084793238025637,-0.023442119922184174,1,0,
Combined,GPT-2,"grid position (1, 1)",0.07238714024919979,-0.00332194761854683,1,1,
Combined,GPT-2,"grid position (1, 2)",0.07881022114339507,-0.0024569257619527097,1,2,
Combined,GPT-2,"grid position (2, 0)",0.10808650328008626,0.028228906531490804,2,0,
Combined,GPT-2,"grid position (2, 1)",0.09537444713920304,0.04872472321842515,2,1,
Combined,GPT-2,"grid position (2, 2)",0.10761426053878986,0.031215332832518716,2,2,
Combined,GPT-2,"grid position (0, 0)",0.03323848684595819,-0.046324898821613704,0,0,
Combined,GPT-2,"grid position (0, 1)",-0.027276355468935157,-0.10479610872490426,0,1,
Combined,GPT-2,"grid position (0, 2)",0.02295970465974624,-0.14852400601424695,0,2,
Combined,GPT-2,"grid position (1, 0)",0.12369410818561614,0.04214812425001941,1,0,
Combined,GPT-2,"grid position (1, 1)",-0.3393064403792058,0.04154023652724238,1,1,
Combined,GPT-2,"grid position (1, 2)",0.09695530033244704,-0.033253334902265244,1,2,
Combined,GPT-2,"grid position (2, 0)",0.07730619219692904,0.03021633517203297,2,0,
Combined,GPT-2,"grid position (2, 1)",0.09741759431511107,0.0029403379251692124,2,1,
Combined,GPT-2,"grid position (2, 2)",0.07702340720425012,0.001729085566968933,2,2,
Combined,GPT-2,"grid position (0, 0)",0.016863495686270203,-0.13710250707817226,0,0,
Combined,GPT-2,"grid position (0, 1)",0.05644943521957243,-0.0722170128124268,0,1,
Combined,GPT-2,"grid position (1, 0)",0.08412627392924395,0.06294202935313005,1,0,
Combined,GPT-2,"grid position (1, 1)",-0.3714162354620397,0.028048066065548695,1,1,
Combined,GPT-2,"grid position (1, 2)",0.08089132180322159,-0.07980798639330584,1,2,
Combined,GPT-2,"grid position (2, 0)",0.018059917334191402,-0.003667683634700133,2,0,
Combined,GPT-2,"grid position (2, 1)",0.07559425172602535,-0.04851271976995096,2,1,
Combined,GPT-2,"grid position (2, 2)",0.08677569742055763,-0.04915869008520912,2,2,
Combined,GPT-2,"grid position (0, 0)",0.07604175978520242,0.004141881045352118,0,0,
Combined,GPT-2,"grid position (0, 1)",0.08714746000850002,0.07299153994334624,0,1,
Combined,GPT-2,"grid position (0, 2)",0.09115587370685074,0.027268589165684715,0,2,
Combined,GPT-2,"grid position (1, 0)",-0.4392828753692047,-0.009355812396793574,1,0,
Combined,GPT-2,"grid position (1, 1)",0.07829940454389092,-0.027492792665232385,1,1,
Combined,GPT-2,"grid position (1, 2)",0.11182288971975594,0.022669978152982852,1,2,
Combined,GPT-2,"grid position (2, 0)",0.026619522113130737,-0.05968731386354915,2,0,
Combined,GPT-2,"grid position (2, 1)",0.04073046569794836,-0.009362734369372685,2,1,
Combined,GPT-2,"grid position (2, 2)",0.010371383606978375,-0.023599052174116803,2,2,
Combined,GPT-2,"grid position (0, 0)",-0.027620777926071587,-0.05610630073487421,0,0,
Combined,GPT-2,"grid position (0, 1)",0.08378790883870171,0.053064940909124496,0,1,
Combined,GPT-2,"grid position (0, 2)",0.09125296245606765,-0.007065431970531534,0,2,
Combined,GPT-2,"grid position (1, 0)",-0.5954256661372204,0.0423494158120663,1,0,
Combined,GPT-2,"grid position (1, 1)",0.07791443830704672,0.09393349598154689,1,1,
Combined,GPT-2,"grid position (1, 2)",0.09301703302550098,-0.014452808615190688,1,2,
Combined,GPT-2,"grid position (2, 0)",-0.027118734961942035,-0.09141769436503697,2,0,
Combined,GPT-2,"grid position (2, 1)",0.029039578109152465,-0.09586555780917122,2,1,
Combined,GPT-2,"grid position (2, 2)",0.05472469685013797,-0.09362600768526998,2,2,
Combined,GPT-2,"grid position (0, 0)",0.10691040900449661,0.11525595115860839,0,0,
Combined,GPT-2,"grid position (0, 1)",0.10003357093358677,0.07795558064622005,0,1,
Combined,GPT-2,"grid position (0, 2)",0.07211301329023524,-0.009156942921770538,0,2,
Combined,GPT-2,"grid position (1, 0)",0.055016113823704076,-0.05085632757208897,1,0,
Combined,GPT-2,"grid position (1, 1)",0.088674135999868,-0.018724787562755835,1,1,
Combined,GPT-2,"grid position (1, 2)",0.022228407527393218,-0.15997208369625232,1,2,
Combined,GPT-2,"grid position (2, 0)",-0.5100897257323689,0.009447651231122388,2,0,
Combined,GPT-2,"grid position (2, 1)",0.06940060297859936,-0.041956647002827654,2,1,
Combined,GPT-2,"grid position (2, 2)",0.05968372052336374,-0.04056159130828646,2,2,
Combined,GPT-2,"grid position (0, 0)",0.04866255900331037,0.005662223138782429,0,0,
Combined,GPT-2,"grid position (0, 1)",0.10314794878132622,0.06086960191299192,0,1,
Combined,GPT-2,"grid position (0, 2)",0.08298495981908921,-0.026672031769103256,0,2,
Combined,GPT-2,"grid position (1, 0)",0.0483498703291983,-0.04851250627110112,1,0,
Combined,GPT-2,"grid position (1, 1)",0.0693741107363972,-0.05445081502820173,1,1,
Combined,GPT-2,"grid position (1, 2)",0.07549052371561822,-0.04333585542794716,1,2,
Combined,GPT-2,"grid position (2, 0)",-0.6342744595161913,0.027647610915009262,2,0,
Combined,GPT-2,"grid position (2, 1)",-0.04632324592315666,0.02506315293964287,2,1,
Combined,GPT-2,"grid position (2, 2)",0.05832971648958547,0.04346128449301669,2,2,
Combined,GPT-2,"grid position (0, 0)",0.020216150806031674,0.1050357678062803,0,0,
Combined,GPT-2,"grid position (0, 1)",0.05657164998969228,0.10418501358706538,0,1,
Combined,GPT-2,"grid position (0, 2)",0.0656637552681393,0.03832955601485552,0,2,
Combined,GPT-2,"grid position (1, 0)",-0.4082841537068847,0.03933268515390817,1,0,
Combined,GPT-2,"grid position (1, 1)",0.04620656856832723,-0.02976460106955124,1,1,
Combined,GPT-2,"grid position (1, 2)",0.08462109654846367,-0.023525177652090685,1,2,
Combined,GPT-2,"grid position (2, 0)",0.0979895601757502,0.02828380574338247,2,0,
Combined,GPT-2,"grid position (2, 1)",0.08962753447653274,0.02308186073077027,2,1,
Combined,GPT-2,"grid position (2, 2)",0.08086839899915622,-0.02708159023859137,2,2,
Combined,GPT-2,"grid position (0, 0)",0.03190130097652048,0.16506432177705188,0,0,
Combined,GPT-2,"grid position (0, 1)",0.02946299886007331,0.039057133504704966,0,1,
Combined,GPT-2,"grid position (0, 2)",-0.5487044383546131,0.008148046527348334,0,2,
Combined,GPT-2,"grid position (1, 0)",0.08408813619846588,-0.020156989113854218,1,0,
Combined,GPT-2,"grid position (1, 1)",0.0887060308258201,0.0065899221287720215,1,1,
Combined,GPT-2,"grid position (1, 2)",0.015304383379051954,-0.11798979161763155,1,2,
Combined,GPT-2,"grid position (2, 0)",0.1005107203322347,0.0055438191968625984,2,0,
Combined,GPT-2,"grid position (2, 1)",0.09346904271482985,0.018197540318159757,2,1,
Combined,GPT-2,"grid position (2, 2)",0.04157477855462674,-0.05523482107793725,2,2,
Combined,GPT-2,"grid position (0, 0)",-0.016309963074278323,-0.17903662275540905,0,0,
Combined,GPT-2,"grid position (0, 1)",0.06862299845991861,-0.037938586285735265,0,1,
Combined,GPT-2,"grid position (0, 2)",0.07327234827995119,0.06539039628813298,0,2,
Combined,GPT-2,"grid position (1, 0)",-0.5159843136416662,-0.04844292452405757,1,0,
Combined,GPT-2,"grid position (1, 1)",0.09481640060198515,0.01823083730504548,1,1,
Combined,GPT-2,"grid position (1, 2)",0.10651290447184775,0.12825509347713349,1,2,
Combined,GPT-2,"grid position (2, 0)",0.04046950081849391,-0.030063380087043606,2,0,
Combined,GPT-2,"grid position (2, 1)",0.1115727637240863,0.07143464759021992,2,1,
Combined,GPT-2,"grid position (2, 2)",0.15417508213417444,0.11049005154970035,2,2,
Combined,GPT-2,"grid position (0, 0)",0.08666711297607263,-0.04815648959863286,0,0,
Combined,GPT-2,"grid position (0, 1)",0.06089093472167795,-0.04603717811529581,0,1,
Combined,GPT-2,"grid position (0, 2)",0.04571769265554977,-0.009961547333946594,0,2,
Combined,GPT-2,"grid position (1, 0)",0.1104792617225598,0.028794623604821764,1,0,
Combined,GPT-2,"grid position (1, 1)",0.1082240329849496,0.012783879940660445,1,1,
Combined,GPT-2,"grid position (1, 2)",0.07626067345655557,0.015691893367702613,1,2,
Combined,GPT-2,"grid position (2, 0)",0.11209276616678095,0.12661001288630175,2,0,
Combined,GPT-2,"grid position (2, 1)",-0.5187926913535321,0.038872914716299056,2,1,
Combined,GPT-2,"grid position (2, 2)",-0.03140157300834757,-0.08056890087886195,2,2,
Combined,GPT-2,"grid position (0, 0)",0.06360867740060491,-0.010905698982990117,0,0,
Combined,GPT-2,"grid position (0, 1)",0.06453942271363476,0.009396313086708024,0,1,
Combined,GPT-2,"grid position (0, 2)",0.0425039128694601,-0.0810897862545047,0,2,
Combined,GPT-2,"grid position (1, 0)",0.029524336535416706,-0.04498587053268615,1,0,
Combined,GPT-2,"grid position (1, 1)",-0.4431457695350758,0.01576025885874376,1,1,
Combined,GPT-2,"grid position (1, 2)",0.05699857054640203,-0.03889362028196008,1,2,
Combined,GPT-2,"grid position (2, 0)",0.06904515590551132,0.10418227386236337,2,0,
Combined,GPT-2,"grid position (2, 1)",0.0837220721774685,0.05114011151687462,2,1,
Combined,GPT-2,"grid position (2, 2)",0.09485545493933746,0.11924174728096854,2,2,
Combined,GPT-2,"grid position (0, 0)",-0.0765191569307362,-0.10116476999796167,0,0,
Combined,GPT-2,"grid position (0, 1)",-0.47254075479097296,0.014939477505395883,0,1,
Combined,GPT-2,"grid position (0, 2)",0.061487943524726626,-0.045390016116170204,0,2,
Combined,GPT-2,"grid position (1, 0)",0.03870261895005735,-0.018634587562459212,1,0,
Combined,GPT-2,"grid position (1, 1)",0.07366273659309697,-0.03285977916168514,1,1,
Combined,GPT-2,"grid position (1, 2)",0.07074400038558447,-0.08907908902386517,1,2,
Combined,GPT-2,"grid position (2, 0)",0.08548582050554547,0.021758061235442588,2,0,
Combined,GPT-2,"grid position (2, 1)",0.09464355387764695,0.08868341420324359,2,1,
Combined,GPT-2,"grid position (2, 2)",0.09978583607991713,-0.0025629795498546787,2,2,
Combined,GPT-2,"grid position (0, 0)",0.02600677969647892,0.10456050303164988,0,0,
Combined,GPT-2,"grid position (0, 1)",0.05608236258903022,-0.041973843845881105,0,1,
Combined,GPT-2,"grid position (0, 2)",0.02935850830902498,-0.1461489649683142,0,2,
Combined,GPT-2,"grid position (1, 0)",0.029311103709112718,0.01693786392225486,1,0,
Combined,GPT-2,"grid position (1, 1)",0.0909854471504212,0.005944234785044463,1,1,
Combined,GPT-2,"grid position (1, 2)",0.05134159111533094,-0.06912782990724317,1,2,
Combined,GPT-2,"grid position (2, 0)",-0.5804953122503987,0.062309858270926076,2,0,
Combined,GPT-2,"grid position (2, 1)",0.1398916016533147,0.1001472182825,2,1,
Combined,GPT-2,"grid position (2, 2)",0.05306427533298597,-0.016684988013523555,2,2,
Combined,GPT-2,"grid position (0, 0)",0.026906382032526516,0.10109228415800481,0,0,
Combined,GPT-2,"grid position (0, 1)",0.0498913320655858,0.008417774251902686,0,1,
Combined,GPT-2,"grid position (0, 2)",0.07634842357248484,0.026650836115589566,0,2,
Combined,GPT-2,"grid position (1, 0)",0.05864336165232246,0.02656379693122375,1,0,
Combined,GPT-2,"grid position (1, 1)",-0.019547704997087727,-0.1283465445962051,1,1,
Combined,GPT-2,"grid position (1, 2)",0.09256881570889725,-0.015276273885603271,1,2,
Combined,GPT-2,"grid position (2, 0)",0.10742367314575323,0.060466576340494994,2,0,
Combined,GPT-2,"grid position (2, 1)",-0.4140861548831025,0.024788786187341823,2,1,
Combined,GPT-2,"grid position (2, 2)",0.0850116008724401,-0.02902156804651022,2,2,
Combined,GPT-2,"grid position (0, 0)",-0.03106287440448692,-0.08217156565988264,0,0,
Combined,GPT-2,"grid position (0, 1)",0.06561305799893075,0.06929758043771195,0,1,
Combined,GPT-2,"grid position (0, 2)",0.10932940911053142,0.0660748053273836,0,2,
Combined,GPT-2,"grid position (1, 0)",-0.4502807429558376,0.016264120320078932,1,0,
Combined,GPT-2,"grid position (1, 1)",0.06812033245710121,-0.050079121283724555,1,1,
Combined,GPT-2,"grid position (1, 2)",0.1096727158467879,-0.01296215482180571,1,2,
Combined,GPT-2,"grid position (2, 0)",0.09683264127515889,0.01697562422431624,2,0,
Combined,GPT-2,"grid position (2, 1)",0.0751331802927757,-0.022556957863831925,2,1,
Combined,GPT-2,"grid position (2, 2)",0.07433316743018563,-0.081119247469668,2,2,
Combined,GPT-2,"grid position (0, 0)",0.054193586491366574,-0.020522490165708743,0,0,
Combined,GPT-2,"grid position (0, 1)",0.09894422406866106,0.035733366951033484,0,1,
Combined,GPT-2,"grid position (0, 2)",0.06027847879459665,0.025083823756060754,0,2,
Combined,GPT-2,"grid position (1, 0)",0.03155965449849967,-0.0972364846693347,1,0,
Combined,GPT-2,"grid position (1, 1)",0.09375104507289786,0.02240794464082184,1,1,
Combined,GPT-2,"grid position (1, 2)",0.10346529135635564,0.03227751573859827,1,2,
Combined,GPT-2,"grid position (2, 0)",0.011329812180441188,-0.09654062251433629,2,0,
Combined,GPT-2,"grid position (2, 1)",0.05399277869622868,0.006678500921682876,2,1,
Combined,GPT-2,"grid position (2, 2)",-0.5560243122039377,0.03590659688659338,2,2,
Combined,GPT-2,"grid position (0, 0)",0.07752056266239624,-0.04310515609601035,0,0,
Combined,GPT-2,"grid position (0, 1)",0.08307408451015039,0.04682275329998664,0,1,
Combined,GPT-2,"grid position (0, 2)",0.0586556602716769,-0.07438034595413673,0,2,
Combined,GPT-2,"grid position (1, 0)",0.10975495824357787,-0.005909798106720805,1,0,
Combined,GPT-2,"grid position (1, 1)",0.06836881916645324,-0.03914292798482581,1,1,
Combined,GPT-2,"grid position (1, 2)",0.09365120777753994,-0.018312265258405833,1,2,
Combined,GPT-2,"grid position (2, 0)",0.10701900452592764,0.09704308343686995,2,0,
Combined,GPT-2,"grid position (2, 1)",0.07472108336897117,0.020600694481211795,2,1,
Combined,GPT-2,"grid position (2, 2)",-0.43513926005587517,0.06018997582110519,2,2,
Combined,GPT-2,"grid position (0, 0)",0.0016030315433957062,-0.08799380567352653,0,0,
Combined,GPT-2,"grid position (0, 1)",0.09020782442976479,0.018959546265554395,0,1,
Combined,GPT-2,"grid position (0, 2)",0.09388707949066731,-0.004729811320872294,0,2,
Combined,GPT-2,"grid position (1, 0)",0.09759895172097488,0.09993857464711443,1,0,
Combined,GPT-2,"grid position (1, 1)",0.09163714458487354,0.021767167113771198,1,1,
Combined,GPT-2,"grid position (1, 2)",0.06519093767178444,-0.07253166640940299,1,2,
Combined,GPT-2,"grid position (2, 0)",0.09670754425931014,0.109761506052063,2,0,
Combined,GPT-2,"grid position (2, 1)",-0.5425580481438127,0.05843192416295029,2,1,
Combined,GPT-2,"grid position (2, 2)",-0.07462371537256723,-0.10232695942061347,2,2,
Combined,GPT-2,"grid position (0, 0)",-0.4930620765052734,-0.0015458337955836343,0,0,
Combined,GPT-2,"grid position (0, 1)",0.050489954811654476,0.0009980816124411348,0,1,
Combined,GPT-2,"grid position (0, 2)",0.03878060151057019,0.02905018897759758,0,2,
Combined,GPT-2,"grid position (1, 0)",0.06505642874087403,-0.038707437733924904,1,0,
Combined,GPT-2,"grid position (1, 1)",0.0931939120818393,0.02345234413879238,1,1,
Combined,GPT-2,"grid position (1, 2)",0.06134823477939092,0.0024118629287364374,1,2,
Combined,GPT-2,"grid position (2, 0)",0.13977622932309178,0.09296090557415013,2,0,
Combined,GPT-2,"grid position (2, 1)",0.10291616292783995,0.051938573903359556,2,1,
Combined,GPT-2,"grid position (2, 2)",0.08286609305783284,0.04457216631057543,2,2,
Combined,GPT-2,"grid position (0, 0)",0.05057140618034131,0.011815572383943878,0,0,
Combined,GPT-2,"grid position (0, 1)",0.0892175740924085,0.04810111722740937,0,1,
Combined,GPT-2,"grid position (0, 2)",0.05458961800429137,-0.010985555784834691,0,2,
Combined,GPT-2,"grid position (1, 0)",0.014756325403607657,-0.06885650731989261,1,0,
Combined,GPT-2,"grid position (1, 1)",0.08995140021930924,0.04690148879084926,1,1,
Combined,GPT-2,"grid position (1, 2)",0.08020162843646417,-0.007888524130210673,1,2,
Combined,GPT-2,"grid position (2, 0)",-0.6697777274332412,0.02974392147522682,2,0,
Combined,GPT-2,"grid position (2, 1)",0.07712172859441233,0.013576779364948896,2,1,
Combined,GPT-2,"grid position (2, 2)",0.09750302186225392,0.020777079640815627,2,2,
Combined,GPT-2,"grid position (0, 0)",0.11638690807090232,0.0820207429830754,0,0,
Combined,GPT-2,"grid position (0, 1)",0.04443677408055169,0.07998759192762522,0,1,
Combined,GPT-2,"grid position (0, 2)",0.07166079966731304,0.0560373246679005,0,2,
Combined,GPT-2,"grid position (1, 0)",0.10494822947212712,-0.0034978404464366987,1,0,
Combined,GPT-2,"grid position (1, 1)",-0.41653774887704,-0.010116403458450876,1,1,
Combined,GPT-2,"grid position (1, 2)",0.06684709153754469,-0.056993231020776754,1,2,
Combined,GPT-2,"grid position (2, 0)",0.08182214151998025,-0.024039425954817225,2,0,
Combined,GPT-2,"grid position (2, 1)",0.10261062228055122,-0.027458937178258553,2,1,
Combined,GPT-2,"grid position (2, 2)",0.10083577927450234,0.002814257420810933,2,2,
Combined,GPT-2,"grid position (0, 0)",0.03316611845160652,-0.012519576361742708,0,0,
Combined,GPT-2,"grid position (0, 1)",0.07110503403289199,0.022991255850025663,0,1,
Combined,GPT-2,"grid position (0, 2)",0.07580708024566361,-0.012020203771254243,0,2,
Combined,GPT-2,"grid position (1, 0)",0.04836654332361751,-0.10096022184400623,1,0,
Combined,GPT-2,"grid position (1, 1)",-0.566725228644489,0.05190913191620151,1,1,
Combined,GPT-2,"grid position (1, 2)",0.10190299324016293,-0.05746053639909685,1,2,
Combined,GPT-2,"grid position (2, 0)",0.025285167450867153,-0.11989196527225804,2,0,
Combined,GPT-2,"grid position (2, 1)",0.03406477040786469,-0.02312591150515053,2,1,
Combined,GPT-2,"grid position (2, 2)",0.06141741868310543,-0.03326972349603785,2,2,
Combined,GPT-2,"grid position (0, 0)",0.08590836912003934,0.01670902054877172,0,0,
Combined,GPT-2,"grid position (0, 1)",0.0532073247117689,0.0006335674018618452,0,1,
Combined,GPT-2,"grid position (0, 2)",0.057602816778023216,-0.002666859952239194,0,2,
Combined,GPT-2,"grid position (1, 0)",0.09887573840596461,0.01818097658729409,1,0,
Combined,GPT-2,"grid position (1, 1)",0.0378673975520751,-0.052455185666613266,1,1,
Combined,GPT-2,"grid position (1, 2)",0.04488449011203565,0.032750786858935343,1,2,
Combined,GPT-2,"grid position (2, 0)",0.07701631779694204,-0.01082995998449643,2,0,
Combined,GPT-2,"grid position (2, 1)",-0.5069335286524003,0.003955600374146585,2,1,
Combined,GPT-2,"grid position (2, 2)",0.05468084428394861,-0.053741550053169995,2,2,
Combined,GPT-2,"grid position (0, 0)",0.07696467974533495,0.048735565515189955,0,0,
Combined,GPT-2,"grid position (0, 1)",0.09415403740133643,0.05580199247536919,0,1,
Combined,GPT-2,"grid position (0, 2)",0.09124502614846092,0.04297773549094839,0,2,
Combined,GPT-2,"grid position (1, 0)",0.0792119040648033,0.03544671607112739,1,0,
Combined,GPT-2,"grid position (1, 1)",0.06471356645665202,0.0125347849032911,1,1,
Combined,GPT-2,"grid position (1, 2)",0.05276240693028384,-0.02125431861225785,1,2,
Combined,GPT-2,"grid position (2, 0)",-0.0320890064568814,-0.09198640933970827,2,0,
Combined,GPT-2,"grid position (2, 1)",0.06761430465597802,-0.04388198695300963,2,1,
Combined,GPT-2,"grid position (2, 2)",-0.5035892774756666,0.010142617534507795,2,2,
Combined,GPT-2,"grid position (0, 0)",-0.6310200101062782,0.03121895898326109,0,0,
Combined,GPT-2,"grid position (0, 1)",0.006240320940027368,-0.0937773580415631,0,1,
Combined,GPT-2,"grid position (0, 2)",0.04723020149327254,0.02429046952532608,0,2,
Combined,GPT-2,"grid position (1, 0)",0.040056793281268384,0.006997585013556465,1,0,
Combined,GPT-2,"grid position (1, 1)",0.07094180925967865,-0.024519896074768573,1,1,
Combined,GPT-2,"grid position (1, 2)",0.11316113880896544,0.036538572662768415,1,2,
Combined,GPT-2,"grid position (2, 0)",0.06344701729161362,0.02473227296308737,2,0,
Combined,GPT-2,"grid position (2, 1)",0.09041001634102853,-0.014475353910664398,2,1,
Combined,GPT-2,"grid position (2, 2)",0.11255969464983219,0.012259917209768512,2,2,
Combined,GPT-2,"grid position (0, 0)",0.08970909202583059,0.0388248059444881,0,0,
Combined,GPT-2,"grid position (0, 1)",0.0714469625739009,0.1383053869016312,0,1,
Combined,GPT-2,"grid position (0, 2)",0.11979392060023542,0.07365654528949893,0,2,
Combined,GPT-2,"grid position (1, 0)",-0.3922985614248648,0.0037950222693252213,1,0,
Combined,GPT-2,"grid position (1, 1)",-0.002689713892321315,-0.056957962227539134,1,1,
Combined,GPT-2,"grid position (1, 2)",0.09229741125317234,-0.0048799468391091515,1,2,
Combined,GPT-2,"grid position (2, 0)",0.05590769398229459,-0.02870882867740323,2,0,
Combined,GPT-2,"grid position (2, 1)",0.106436981056474,0.059973332986063055,2,1,
Combined,GPT-2,"grid position (2, 2)",0.10736821940786946,0.011952953027204286,2,2,
Combined,GPT-2,"grid position (0, 0)",0.06826122663582444,-0.021297779048580417,0,0,
Combined,GPT-2,"grid position (0, 1)",-0.43416660699338355,0.023035675880774778,0,1,
Combined,GPT-2,"grid position (0, 2)",0.029735254714541064,-0.09577646365769117,0,2,
Combined,GPT-2,"grid position (1, 0)",0.08102138952389348,-0.01913837490435145,1,0,
Combined,GPT-2,"grid position (1, 1)",0.10535803044622091,0.02464392601268541,1,1,
Combined,GPT-2,"grid position (1, 2)",0.09741512021885795,0.0055327504663942135,1,2,
Combined,GPT-2,"grid position (2, 0)",0.05106698548041818,0.06569732335312822,2,0,
Combined,GPT-2,"grid position (2, 1)",0.11059379478337598,0.11045248944822993,2,1,
Combined,GPT-2,"grid position (2, 2)",0.13287875477549735,0.12656502167567335,2,2,
Combined,GPT-2,"grid position (0, 0)",0.014325547179116693,-0.04621133035300897,0,0,
Combined,GPT-2,"grid position (0, 1)",0.056837244547970435,-0.04927533658105891,0,1,
Combined,GPT-2,"grid position (0, 2)",0.04033904760197387,-0.10591797054575992,0,2,
Combined,GPT-2,"grid position (1, 0)",0.06806533123261932,-0.011463808685151743,1,0,
Combined,GPT-2,"grid position (1, 1)",-0.4083181257181594,0.014750388338609647,1,1,
Combined,GPT-2,"grid position (1, 2)",0.06375164238364431,0.03219236040978231,1,2,
Combined,GPT-2,"grid position (2, 0)",0.10832313674843627,0.030088784001271643,2,0,
Combined,GPT-2,"grid position (2, 1)",0.12240999052642013,0.02320025051700389,2,1,
Combined,GPT-2,"grid position (2, 2)",0.06226933662061494,0.08282254854738831,2,2,
Combined,GPT-2,"grid position (0, 0)",0.0454089637241975,0.06026289251327602,0,0,
Combined,GPT-2,"grid position (0, 1)",-0.0038158302744989107,-0.062408799427147596,0,1,
Combined,GPT-2,"grid position (0, 2)",0.05506786653200435,-0.07552738499107377,0,2,
Combined,GPT-2,"grid position (1, 0)",0.09424053156775815,0.1064208769707807,1,0,
Combined,GPT-2,"grid position (1, 1)",-0.507050254708186,0.0469772097552289,1,1,
Combined,GPT-2,"grid position (1, 2)",0.08263559766711803,-0.04430899482624007,1,2,
Combined,GPT-2,"grid position (2, 0)",0.05161317991759264,0.05284435857287105,2,0,
Combined,GPT-2,"grid position (2, 1)",0.0015661230870026202,-0.07226121017898214,2,1,
Combined,GPT-2,"grid position (2, 2)",0.05605351530341001,-0.08354702905194668,2,2,
Combined,GPT-2,"grid position (0, 0)",0.03324015474404781,-0.02635701939412648,0,0,
Combined,GPT-2,"grid position (0, 1)",0.06813662400860838,0.0731315573425402,0,1,
Combined,GPT-2,"grid position (0, 2)",0.10390397074748095,0.0481873882118424,0,2,
Combined,GPT-2,"grid position (1, 0)",0.04703613591444521,-0.06133898049275794,1,0,
Combined,GPT-2,"grid position (1, 1)",0.054513703034128926,-0.016062229097903332,1,1,
Combined,GPT-2,"grid position (1, 2)",-0.4367266614240657,0.013763289148059205,1,2,
Combined,GPT-2,"grid position (2, 0)",0.06321536947499132,-0.0037166961307323943,2,0,
Combined,GPT-2,"grid position (2, 1)",0.043599753835168155,-0.0544380833394324,2,1,
Combined,GPT-2,"grid position (2, 2)",0.038134292220158045,-0.062496493766705595,2,2,
Combined,GPT-2,"grid position (0, 0)",0.019000572421953126,-0.04719372340443075,0,0,
Combined,GPT-2,"grid position (0, 1)",0.06255192818171257,0.009308367027110704,0,1,
Combined,GPT-2,"grid position (0, 2)",0.03453768686840723,-0.024623550678715692,0,2,
Combined,GPT-2,"grid position (1, 0)",0.016154354369176994,-0.0797349413668161,1,0,
Combined,GPT-2,"grid position (1, 1)",0.08478722269518851,0.03446716596017836,1,1,
Combined,GPT-2,"grid position (1, 2)",0.0502941831321668,-0.0429134720631962,1,2,
Combined,GPT-2,"grid position (2, 0)",0.050303578487353194,0.0009864081477710862,2,0,
Combined,GPT-2,"grid position (2, 1)",0.0961364975092207,0.02510237999230798,2,1,
Combined,GPT-2,"grid position (2, 2)",-0.37532700667866137,0.03631136697049849,2,2,
Combined,GPT-2,"grid position (0, 0)",-0.5748713961071169,0.04069067849183933,0,0,
Combined,GPT-2,"grid position (0, 1)",0.03959463303356188,-0.05890490410724197,0,1,
Combined,GPT-2,"grid position (0, 2)",0.020616715425055207,-0.04416417091534833,0,2,
Combined,GPT-2,"grid position (1, 0)",0.09857912868373166,-0.012863962166916277,1,0,
Combined,GPT-2,"grid position (1, 1)",0.09819598436264346,-0.00898323500657827,1,1,
Combined,GPT-2,"grid position (1, 2)",0.04848293346871982,-0.04094432440625145,1,2,
Combined,GPT-2,"grid position (2, 0)",0.0905048677291438,0.03436875845326027,2,0,
Combined,GPT-2,"grid position (2, 1)",0.09344944307812571,-0.015551954004590196,2,1,
Combined,GPT-2,"grid position (2, 2)",0.046096882672701386,-0.062015963680565826,2,2,
Combined,GPT-2,"grid position (0, 0)",0.04538121033575194,0.010045299049405456,0,0,
Combined,GPT-2,"grid position (0, 1)",-0.44591187122206094,0.03629356729696905,0,1,
Combined,GPT-2,"grid position (0, 2)",0.022542009104082123,-0.07112452362060877,0,2,
Combined,GPT-2,"grid position (1, 0)",0.0998125206003206,-0.031031246319661424,1,0,
Combined,GPT-2,"grid position (1, 1)",0.10266825040400186,0.026404185805465653,1,1,
Combined,GPT-2,"grid position (1, 2)",0.08806298288568525,-0.030919725575860917,1,2,
Combined,GPT-2,"grid position (2, 0)",0.08877423497581556,0.010541160090854417,2,0,
Combined,GPT-2,"grid position (2, 1)",0.10866032222243495,0.1041082766701181,2,1,
Combined,GPT-2,"grid position (2, 2)",0.11387362343937305,0.08308202625736817,2,2,
Combined,GPT-2,"grid position (0, 0)",-0.6312140504849818,-0.005299171251033665,0,0,
Combined,GPT-2,"grid position (0, 1)",-0.06369000928245701,-0.17074937487773234,0,1,
Combined,GPT-2,"grid position (0, 2)",0.09941744675872517,-0.0027867710393812426,0,2,
Combined,GPT-2,"grid position (1, 0)",0.0405142431368042,-0.04818558347854116,1,0,
Combined,GPT-2,"grid position (1, 1)",0.09314922929386914,0.01027422591486333,1,1,
Combined,GPT-2,"grid position (1, 2)",0.1250928160684872,0.034409623113495734,1,2,
Combined,GPT-2,"grid position (2, 0)",0.06607516401853608,0.0028640940279070185,2,0,
Combined,GPT-2,"grid position (2, 1)",0.10920897566438563,0.0295898075847203,2,1,
Combined,GPT-2,"grid position (2, 2)",0.12680068760122615,0.05603517860182541,2,2,
Combined,GPT-2,"grid position (0, 0)",0.05035196187763397,-0.047071013138229006,0,0,
Combined,GPT-2,"grid position (0, 1)",0.06947195612397233,0.04142490978844268,0,1,
Combined,GPT-2,"grid position (0, 2)",0.08773724625468944,0.032253640956117595,0,2,
Combined,GPT-2,"grid position (1, 0)",0.007304470022358087,-0.12041659225239455,1,0,
Combined,GPT-2,"grid position (1, 1)",0.0711734013542089,0.029835959884538108,1,1,
Combined,GPT-2,"grid position (1, 2)",0.12399080480184692,0.10320672115443301,1,2,
Combined,GPT-2,"grid position (2, 1)",-0.6627795069812071,0.045550076950809114,2,1,
Combined,GPT-2,"grid position (2, 2)",0.03874841555270266,0.05105303501665242,2,2,
Combined,GPT-2,"grid position (0, 0)",0.0035369488285979535,-0.10820328617663047,0,0,
Combined,GPT-2,"grid position (0, 1)",0.011270852347599671,-0.06578943472167155,0,1,
Combined,GPT-2,"grid position (0, 2)",0.03234068739203621,0.052184886429365904,0,2,
Combined,GPT-2,"grid position (1, 0)",0.06942278303706047,-0.015048776864008394,1,0,
Combined,GPT-2,"grid position (1, 1)",-0.4152271768034701,0.025570706797804932,1,1,
Combined,GPT-2,"grid position (1, 2)",0.0625749647107565,0.018284156406677344,1,2,
Combined,GPT-2,"grid position (2, 0)",0.10021525891315562,0.024828924914127266,2,0,
Combined,GPT-2,"grid position (2, 1)",0.07176454253334788,0.08775054103550013,2,1,
Combined,GPT-2,"grid position (2, 2)",0.03665773965653716,0.10388059720977558,2,2,
Combined,GPT-2,"grid position (0, 0)",0.10582310936943434,0.019529514138833592,0,0,
Combined,GPT-2,"grid position (0, 1)",0.0746381260796409,-0.02730099987164655,0,1,
Combined,GPT-2,"grid position (0, 2)",0.07460829426444869,0.046247721313853414,0,2,
Combined,GPT-2,"grid position (1, 0)",0.07844932966322994,0.022955893483370522,1,0,
Combined,GPT-2,"grid position (1, 1)",-0.3263637067561008,0.014441372811515843,1,1,
Combined,GPT-2,"grid position (1, 2)",0.10167609079522427,0.001810156764951524,1,2,
Combined,GPT-2,"grid position (2, 0)",0.047592509985181684,0.07330255147918736,2,0,
Combined,GPT-2,"grid position (2, 1)",0.07840626637379122,0.1189877183475275,2,1,
Combined,GPT-2,"grid position (2, 2)",0.09359362102828735,0.035952445736160694,2,2,
Combined,GPT-2,"grid position (0, 1)",0.02215787760785633,-0.07197117482949819,0,1,
Combined,GPT-2,"grid position (0, 2)",0.07500123014312354,-0.06748237937306972,0,2,
Combined,GPT-2,"grid position (1, 0)",0.007969143049836891,0.11011751671861236,1,0,
Combined,GPT-2,"grid position (1, 1)",-0.4360233163781726,0.03132945700313493,1,1,
Combined,GPT-2,"grid position (1, 2)",0.05968951145206286,-0.10056293075791055,1,2,
Combined,GPT-2,"grid position (2, 0)",0.05046431343903978,0.10107124522566052,2,0,
Combined,GPT-2,"grid position (2, 1)",0.055007587486882586,0.058924354851160717,2,1,
Combined,GPT-2,"grid position (2, 2)",0.06489886299750194,-0.04626715667374813,2,2,
Combined,GPT-2,"grid position (0, 0)",0.06054417484506488,-0.07538244987453414,0,0,
Combined,GPT-2,"grid position (0, 1)",-0.44215851149015,0.043935544330680046,0,1,
Combined,GPT-2,"grid position (0, 2)",0.08024442173571504,0.020185969473787972,0,2,
Combined,GPT-2,"grid position (1, 0)",0.051283685264269775,-0.10243963884563988,1,0,
Combined,GPT-2,"grid position (1, 1)",0.10298356875767314,0.009425105852354619,1,1,
Combined,GPT-2,"grid position (1, 2)",0.08863213750039117,-0.003085923785788134,1,2,
Combined,GPT-2,"grid position (2, 0)",0.05225816555252142,-0.020464252222556878,2,0,
Combined,GPT-2,"grid position (2, 1)",0.08594448361693234,-0.013131884196574224,2,1,
Combined,GPT-2,"grid position (2, 2)",0.05836381774789445,-0.11386968363796286,2,2,
Combined,GPT-2,"grid position (0, 1)",0.02427024649526492,0.034298564167821524,0,1,
Combined,GPT-2,"grid position (0, 2)",0.07932320827838268,0.10351560968300597,0,2,
Combined,GPT-2,"grid position (1, 0)",0.084284507998544,0.10823178958974546,1,0,
Combined,GPT-2,"grid position (1, 1)",0.07853679268592992,0.0012009092877086351,1,1,
Combined,GPT-2,"grid position (1, 2)",-0.27386117851129244,0.004241086721204062,1,2,
Combined,GPT-2,"grid position (2, 0)",0.012061974785659256,-0.021410184736537725,2,0,
Combined,GPT-2,"grid position (2, 1)",0.06866279679026217,-0.008888138054405602,2,1,
Combined,GPT-2,"grid position (2, 2)",0.07840224942341621,-0.022234559391053645,2,2,
Combined,GPT-2,"grid position (0, 0)",0.054971474427814075,0.015081977855474113,0,0,
Combined,GPT-2,"grid position (0, 1)",0.04097974321588831,0.009594008842098005,0,1,
Combined,GPT-2,"grid position (0, 2)",-0.5597332720514643,0.049933750351304325,0,2,
Combined,GPT-2,"grid position (1, 0)",0.08038304133492923,0.044460939808645766,1,0,
Combined,GPT-2,"grid position (1, 1)",0.0735242482847557,0.002443902416971583,1,1,
Combined,GPT-2,"grid position (1, 2)",0.10381602393505171,0.04523435215749371,1,2,
Combined,GPT-2,"grid position (2, 0)",0.01671336366727467,-0.10912603823810721,2,0,
Combined,GPT-2,"grid position (2, 1)",0.03587547306182555,-0.09704256113420477,2,1,
Combined,GPT-2,"grid position (2, 2)",0.0543398252341554,0.028834627299695857,2,2,
Combined,GPT-2,"grid position (0, 0)",0.0907194124148932,-0.012365060256336125,0,0,
Combined,GPT-2,"grid position (0, 1)",0.0949270703468338,0.02170109162306167,0,1,
Combined,GPT-2,"grid position (0, 2)",0.06525357586715366,0.06533725975881194,0,2,
Combined,GPT-2,"grid position (1, 0)",-0.3716604392459123,0.039534981053221806,1,0,
Combined,GPT-2,"grid position (1, 1)",0.09159042440252244,0.029489884237186122,1,1,
Combined,GPT-2,"grid position (1, 2)",0.07855960928285739,0.04994381015668982,1,2,
Combined,GPT-2,"grid position (2, 0)",0.05388377732710322,-0.04418664568059835,2,0,
Combined,GPT-2,"grid position (2, 1)",0.045339207401728816,-0.08637156543048587,2,1,
Combined,GPT-2,"grid position (2, 2)",0.06109846057921234,-0.023990343486574344,2,2,
Combined,GPT-2,"grid position (0, 0)",0.07058393437978865,0.09197947312457733,0,0,
Combined,GPT-2,"grid position (0, 1)",0.06697185194160642,0.03413263446319153,0,1,
Combined,GPT-2,"grid position (0, 2)",0.0668823067462627,-0.07213864975591994,0,2,
Combined,GPT-2,"grid position (1, 0)",0.026879941277313475,-0.022236130124077453,1,0,
Combined,GPT-2,"grid position (1, 1)",-0.5921497011130455,0.025528128373553793,1,1,
Combined,GPT-2,"grid position (1, 2)",0.0903856921054555,-0.0525832877847344,1,2,
Combined,GPT-2,"grid position (2, 0)",0.09654967576087747,0.05504289597078835,2,0,
Combined,GPT-2,"grid position (2, 1)",0.07186464129453908,0.005970945775532303,2,1,
Combined,GPT-2,"grid position (2, 2)",0.07785627140107992,0.03169478560800802,2,2,
Combined,GPT-2,"grid position (0, 0)",0.09973617028705395,0.048031070950400656,0,0,
Combined,GPT-2,"grid position (0, 1)",0.10067374979981054,0.05655986281893175,0,1,
Combined,GPT-2,"grid position (0, 2)",-0.6227416003536156,0.02267275644862556,0,2,
Combined,GPT-2,"grid position (1, 0)",0.11510658128936944,0.0043420253746972925,1,0,
Combined,GPT-2,"grid position (1, 1)",0.12075296907684901,0.05900631758383935,1,1,
Combined,GPT-2,"grid position (1, 2)",-0.020530837170344502,-0.14466264672142368,1,2,
Combined,GPT-2,"grid position (2, 0)",0.07894796554213078,-0.04122215946480315,2,0,
Combined,GPT-2,"grid position (2, 1)",0.07237603026958332,0.04103104341963309,2,1,
Combined,GPT-2,"grid position (2, 2)",-0.03666130089098246,-0.04848420858777405,2,2,
Combined,GPT-2,"grid position (0, 0)",0.07217182230508563,0.02409592181782395,0,0,
Combined,GPT-2,"grid position (0, 1)",0.015241244539743338,-0.03353774532546832,0,1,
Combined,GPT-2,"grid position (0, 2)",0.004126283636559401,-0.07359776570314844,0,2,
Combined,GPT-2,"grid position (1, 0)",0.09931552545392965,-0.016154565963124586,1,0,
Combined,GPT-2,"grid position (1, 1)",0.11803565854657412,0.045453416630862296,1,1,
Combined,GPT-2,"grid position (1, 2)",0.07038283773947995,-0.04144198971595769,1,2,
Combined,GPT-2,"grid position (2, 0)",-0.5091246936301734,0.011612729342637705,2,0,
Combined,GPT-2,"grid position (2, 1)",0.07570791026755383,-0.01885904995509661,2,1,
Combined,GPT-2,"grid position (2, 2)",0.010218820300160024,-0.0676877575514714,2,2,
Combined,GPT-2,"grid position (0, 0)",-0.0326367395098136,-0.2016623152571969,0,0,
Combined,GPT-2,"grid position (0, 1)",-0.030066348995084622,-0.20084511519559833,0,1,
Combined,GPT-2,"grid position (0, 2)",-0.0006002601432117278,-0.06156421779644583,0,2,
Combined,GPT-2,"grid position (1, 0)",-0.5036040206446863,0.01667414733899618,1,0,
Combined,GPT-2,"grid position (1, 1)",0.05685629835558458,-0.03732033454941201,1,1,
Combined,GPT-2,"grid position (1, 2)",0.13613269560290034,0.09033209325790681,1,2,
Combined,GPT-2,"grid position (2, 0)",0.10234896136197776,0.04767048683208458,2,0,
Combined,GPT-2,"grid position (2, 1)",0.1103836373758059,0.07211264792438782,2,1,
Combined,GPT-2,"grid position (2, 2)",0.14208994608561687,0.1091476760554241,2,2,
Combined,GPT-2,"grid position (0, 0)",0.02511130529074844,0.13436436290160236,0,0,
Combined,GPT-2,"grid position (0, 1)",0.09021578800501737,0.07254483352367408,0,1,
Combined,GPT-2,"grid position (0, 2)",0.12094816603456815,0.0563254086262406,0,2,
Combined,GPT-2,"grid position (1, 0)",0.04368028171382817,-0.003426872853554048,1,0,
Combined,GPT-2,"grid position (1, 1)",0.05218653609176802,-0.04914503178209875,1,1,
Combined,GPT-2,"grid position (1, 2)",0.07721441110699503,0.01843813397401918,1,2,
Combined,GPT-2,"grid position (2, 0)",-0.6658268407197859,0.04535335343070034,2,0,
Combined,GPT-2,"grid position (2, 1)",0.015422210665003435,-0.08021256402258438,2,1,
Combined,GPT-2,"grid position (2, 2)",0.032115141241516224,-0.044756160744778326,2,2,
Combined,GPT-2,"grid position (0, 0)",0.061572513674920636,-0.028120213424710543,0,0,
Combined,GPT-2,"grid position (0, 1)",0.056375630315279174,0.0005025251704187167,0,1,
Combined,GPT-2,"grid position (0, 2)",0.06952017741850793,-0.058550564992933714,0,2,
Combined,GPT-2,"grid position (1, 0)",0.10323189178378822,0.0781506083310294,1,0,
Combined,GPT-2,"grid position (1, 1)",0.11000295698175946,0.01211356481824549,1,1,
Combined,GPT-2,"grid position (1, 2)",0.1122078947832173,0.006343277383812617,1,2,
Combined,GPT-2,"grid position (2, 0)",0.11280055314181647,0.03932865247652707,2,0,
Combined,GPT-2,"grid position (2, 1)",0.08446467801781442,-0.016658519428535332,2,1,
Combined,GPT-2,"grid position (2, 2)",-0.5459734826418773,0.032819660353958904,2,2,
Combined,GPT-2,"grid position (0, 0)",0.10328504898029145,0.11111306457815331,0,0,
Combined,GPT-2,"grid position (0, 1)",0.07718022675256281,0.01264716358471007,0,1,
Combined,GPT-2,"grid position (0, 2)",0.02345581244525766,-0.0940471036813947,0,2,
Combined,GPT-2,"grid position (1, 0)",0.046553801095578926,0.030243767229939173,1,0,
Combined,GPT-2,"grid position (1, 1)",-0.5230747714007801,0.015551911386057876,1,1,
Combined,GPT-2,"grid position (1, 2)",0.019307225698627296,-0.171973034162839,1,2,
Combined,GPT-2,"grid position (2, 0)",0.03324279966456064,-0.011237098385014858,2,0,
Combined,GPT-2,"grid position (2, 1)",0.08901190520826659,0.10161708727317291,2,1,
Combined,GPT-2,"grid position (2, 2)",0.09139508383686054,0.03441770023917996,2,2,
Combined,GPT-2,"grid position (0, 0)",0.09905712261735562,0.09788804715905976,0,0,
Combined,GPT-2,"grid position (0, 1)",0.05178914742627099,-0.02632127561846693,0,1,
Combined,GPT-2,"grid position (0, 2)",0.05498976936250106,-0.04894625550325279,0,2,
Combined,GPT-2,"grid position (1, 0)",0.1456052291418423,0.07742593728963372,1,0,
Combined,GPT-2,"grid position (1, 1)",0.12366470586646242,0.08136436482778649,1,1,
Combined,GPT-2,"grid position (1, 2)",0.08118552967194355,-0.03134878260202481,1,2,
Combined,GPT-2,"grid position (2, 0)",0.11169715846622082,0.050901292089336685,2,0,
Combined,GPT-2,"grid position (2, 1)",0.04385741817218146,-0.041824172681433625,2,1,
Combined,GPT-2,"grid position (2, 2)",-0.43809804577363715,-0.030771008880863367,2,2,
Combined,GPT-2,"grid position (0, 0)",0.0940277226276303,0.13410841709688642,0,0,
Combined,GPT-2,"grid position (0, 1)",0.1003053077496911,0.03416749152054744,0,1,
Combined,GPT-2,"grid position (0, 2)",0.07792772006125233,-0.000520064102932703,0,2,
Combined,GPT-2,"grid position (1, 0)",0.07525830165949246,0.08686758168114422,1,0,
Combined,GPT-2,"grid position (1, 1)",0.09384361214336107,0.013496944697339624,1,1,
Combined,GPT-2,"grid position (1, 2)",0.07415955749366432,-0.07292242362330192,1,2,
Combined,GPT-2,"grid position (2, 1)",-0.6174809547142299,0.04579746089843714,2,1,
Combined,GPT-2,"grid position (2, 2)",0.010217633823113996,-0.07149546620853962,2,2,
Combined,GPT-2,"grid position (0, 0)",0.05832899327300733,-0.0023239221945172703,0,0,
Combined,GPT-2,"grid position (0, 1)",-0.3709378334544508,0.010456191999295945,0,1,
Combined,GPT-2,"grid position (0, 2)",0.00278762889220878,-0.05650223928774539,0,2,
Combined,GPT-2,"grid position (1, 0)",0.0784267002765366,-0.002609948873271093,1,0,
Combined,GPT-2,"grid position (1, 1)",0.07447558436690674,0.020328757665880205,1,1,
Combined,GPT-2,"grid position (1, 2)",0.06152199532176834,0.028771387871880726,1,2,
Combined,GPT-2,"grid position (2, 0)",0.04209045198756644,0.07228044256610724,2,0,
Combined,GPT-2,"grid position (2, 1)",-0.00469717819113033,0.057716800139807414,2,1,
Combined,GPT-2,"grid position (2, 2)",0.02664800830346044,-0.008141934843369522,2,2,
Combined,GPT-2,"grid position (0, 0)",-0.6342372801458723,0.02848304337497787,0,0,
Combined,GPT-2,"grid position (0, 1)",0.0012739450984732515,-0.0735433019770212,0,1,
Combined,GPT-2,"grid position (0, 2)",0.08482555116657028,-0.0554217139211623,0,2,
Combined,GPT-2,"grid position (1, 0)",0.09671615502115614,0.059694357487242805,1,0,
Combined,GPT-2,"grid position (1, 1)",0.07198258398702574,-0.0308084574064973,1,1,
Combined,GPT-2,"grid position (1, 2)",0.08323855563534471,-0.005461066292695494,1,2,
Combined,GPT-2,"grid position (2, 0)",0.10932187278604158,0.09879547948622597,2,0,
Combined,GPT-2,"grid position (2, 1)",0.0854261595385464,-0.007477843175968723,2,1,
Combined,GPT-2,"grid position (2, 2)",0.07122092993940086,0.03034869040069405,2,2,
Combined,GPT-2,"grid position (0, 0)",0.08182046870169943,0.0834166913787962,0,0,
Combined,GPT-2,"grid position (0, 1)",0.0682004373670258,0.08427883076610164,0,1,
Combined,GPT-2,"grid position (0, 2)",0.09107364971547065,0.03131641158189242,0,2,
Combined,GPT-2,"grid position (1, 0)",0.020827761395258205,-0.031151311369693156,1,0,
Combined,GPT-2,"grid position (1, 1)",0.009769736028170358,-0.06172982215584823,1,1,
Combined,GPT-2,"grid position (1, 2)",0.06677242810764861,-0.056737007496963615,1,2,
Combined,GPT-2,"grid position (2, 0)",-0.5509448934226329,0.012074349649848817,2,0,
Combined,GPT-2,"grid position (2, 1)",0.05644745697422629,-0.0378867543381489,2,1,
Combined,GPT-2,"grid position (2, 2)",0.062171095001049496,0.016856135087001956,2,2,
Combined,GPT-2,"grid position (0, 0)",0.07393448788960003,-0.00673722175045658,0,0,
Combined,GPT-2,"grid position (0, 1)",0.07774834179958243,0.01830130667714475,0,1,
Combined,GPT-2,"grid position (0, 2)",0.05348742257871258,-0.10853286320486563,0,2,
Combined,GPT-2,"grid position (1, 0)",0.08489482165250471,0.0015594809620637009,1,0,
Combined,GPT-2,"grid position (1, 1)",0.09432907238251208,0.009881388965856396,1,1,
Combined,GPT-2,"grid position (1, 2)",0.032237381963376756,-0.07877151842522577,1,2,
Combined,GPT-2,"grid position (2, 0)",0.02229075035629583,0.009812356825681087,2,0,
Combined,GPT-2,"grid position (2, 1)",0.07022123489672573,0.04381541547021223,2,1,
Combined,GPT-2,"grid position (2, 2)",-0.3591053207092056,0.02926111102426136,2,2,
Combined,GPT-2,"grid position (0, 0)",-0.6289116125024292,0.022879686187096977,0,0,
Combined,GPT-2,"grid position (0, 1)",0.03967589578456437,-0.04468248630492254,0,1,
Combined,GPT-2,"grid position (0, 2)",0.04390491514953214,0.025660206386563637,0,2,
Combined,GPT-2,"grid position (1, 0)",0.09760618719063739,-0.014744380768499727,1,0,
Combined,GPT-2,"grid position (1, 1)",0.09301268041919161,-0.05960849829661602,1,1,
Combined,GPT-2,"grid position (1, 2)",0.03422687357255998,-0.06073759734300018,1,2,
Combined,GPT-2,"grid position (2, 0)",0.11862398239530349,0.040123593342379034,2,0,
Combined,GPT-2,"grid position (2, 1)",0.10655111332692453,0.015099040522817547,2,1,
Combined,GPT-2,"grid position (0, 0)",0.0035025376671905324,0.12123025156782932,0,0,
Combined,GPT-2,"grid position (0, 1)",0.07910581269771594,0.046322506848128525,0,1,
Combined,GPT-2,"grid position (0, 2)",0.08283769395554377,0.02626480260598125,0,2,
Combined,GPT-2,"grid position (1, 0)",0.039442987401675934,0.1379734115223668,1,0,
Combined,GPT-2,"grid position (1, 1)",0.0870333554255459,0.05065222547942077,1,1,
Combined,GPT-2,"grid position (1, 2)",0.11911357283244295,0.0035123273104208904,1,2,
Combined,GPT-2,"grid position (2, 0)",-0.029023479635070827,-0.07555197153438842,2,0,
Combined,GPT-2,"grid position (2, 1)",-0.44540953711873216,-0.01097996351774164,2,1,
Combined,GPT-2,"grid position (2, 2)",0.06188706092737588,-0.06081053466302396,2,2,
Combined,GPT-2,"grid position (0, 0)",0.06308219830967818,0.07930122207454439,0,0,
Combined,GPT-2,"grid position (0, 1)",0.08574386728896854,0.08588677033033912,0,1,
Combined,GPT-2,"grid position (0, 2)",-0.030961329866318495,-0.16959977124884623,0,2,
Combined,GPT-2,"grid position (1, 0)",0.08324487130262789,0.081517829781528,1,0,
Combined,GPT-2,"grid position (1, 1)",0.08509868988944343,0.038494308466642285,1,1,
Combined,GPT-2,"grid position (1, 2)",-0.03657547219422591,-0.1556110893419561,1,2,
Combined,GPT-2,"grid position (2, 1)",0.030984666139969586,-0.01546177006252637,2,1,
Combined,GPT-2,"grid position (2, 2)",-0.6315034227900864,0.01462479777483692,2,2,
Combined,GPT-2,"grid position (0, 0)",0.06612375231232255,-0.023803562217209116,0,0,
Combined,GPT-2,"grid position (0, 1)",0.07889942359008098,-0.06136778097403479,0,1,
Combined,GPT-2,"grid position (0, 2)",0.06304233599826806,-0.04528276063480997,0,2,
Combined,GPT-2,"grid position (1, 0)",0.07645962902606826,0.05997329268309063,1,0,
Combined,GPT-2,"grid position (1, 1)",0.09521778819016384,0.010469539580821242,1,1,
Combined,GPT-2,"grid position (1, 2)",0.048623679072227886,-0.03085735661123322,1,2,
Combined,GPT-2,"grid position (2, 0)",0.09538245703947347,0.15983606792982752,2,0,
Combined,GPT-2,"grid position (2, 1)",-0.6217595584705113,0.061387597874121416,2,1,
Combined,GPT-2,"grid position (2, 2)",-0.014537818929192124,-0.07673238256500142,2,2,
Combined,GPT-2,"grid position (0, 0)",0.11993731879482392,0.12907011267544333,0,0,
Combined,GPT-2,"grid position (0, 1)",0.10827618448852032,0.08563130283484584,0,1,
Combined,GPT-2,"grid position (0, 2)",-0.6171493333604817,0.03328077659691807,0,2,
Combined,GPT-2,"grid position (1, 0)",0.08824945370090019,0.049866918060431836,1,0,
Combined,GPT-2,"grid position (1, 1)",0.07077802812060592,0.03123964547139673,1,1,
Combined,GPT-2,"grid position (1, 2)",0.033991433956297105,-0.05917646647898442,1,2,
Combined,GPT-2,"grid position (2, 0)",0.011451382859678996,-0.06719326156747016,2,0,
Combined,GPT-2,"grid position (2, 1)",-0.023165750928100963,-0.11561510155538637,2,1,
Combined,GPT-2,"grid position (2, 2)",-0.005898043228328043,-0.11754166716723811,2,2,
Combined,GPT-2,"grid position (0, 1)",-0.623024621105841,0.031767533179253016,0,1,
Combined,GPT-2,"grid position (0, 2)",0.06408764872266405,0.09871982239129977,0,2,
Combined,GPT-2,"grid position (1, 0)",0.05628053630792593,-0.02387388537520293,1,0,
Combined,GPT-2,"grid position (1, 1)",0.04063074216626498,-0.010979005695376786,1,1,
Combined,GPT-2,"grid position (1, 2)",0.12708928377872458,0.10897071043122503,1,2,
Combined,GPT-2,"grid position (2, 0)",0.06344865857721307,-0.037303435734178006,2,0,
Combined,GPT-2,"grid position (2, 1)",0.0731356131195777,-0.03925877300460509,2,1,
Combined,GPT-2,"grid position (2, 2)",0.11947557501805683,0.09973470486847127,2,2,
Combined,GPT-2,"grid position (0, 0)",0.04479844377438863,-0.06871403743837565,0,0,
Combined,GPT-2,"grid position (0, 1)",-0.5107053172062194,0.03635743027825895,0,1,
Combined,GPT-2,"grid position (0, 2)",0.10730127792463293,0.022783389831609324,0,2,
Combined,GPT-2,"grid position (1, 0)",0.07779626657848572,0.021476806423046294,1,0,
Combined,GPT-2,"grid position (1, 1)",0.08858738430330106,0.015782190940704544,1,1,
Combined,GPT-2,"grid position (1, 2)",0.12708177730518555,0.011943377057169064,1,2,
Combined,GPT-2,"grid position (2, 0)",0.10397283500415626,0.08400469190288068,2,0,
Combined,GPT-2,"grid position (2, 1)",0.1356825768216861,0.08204263296127766,2,1,
Combined,GPT-2,"grid position (2, 2)",0.128276104737369,0.06010019033198509,2,2,
Combined,GPT-2,"grid position (0, 0)",0.029907203462716102,0.08768730360340304,0,0,
Combined,GPT-2,"grid position (0, 1)",0.05782719710342366,-0.004176495065630869,0,1,
Combined,GPT-2,"grid position (0, 2)",0.0678078195789039,-0.017308560256557817,0,2,
Combined,GPT-2,"grid position (1, 1)",0.08316057799875119,0.0317707563057208,1,1,
Combined,GPT-2,"grid position (1, 2)",0.09065931045087823,-0.006572650414991965,1,2,
Combined,GPT-2,"grid position (2, 1)",0.009462519159449456,-0.04431286721526333,2,1,
Combined,GPT-2,"grid position (2, 2)",-0.35631897409062924,-0.004094531950359525,2,2,
Combined,GPT-2,"grid position (0, 0)",0.09266618515847103,0.008322013463641708,0,0,
Combined,GPT-2,"grid position (0, 1)",0.03208573217051577,-0.09591402364084263,0,1,
Combined,GPT-2,"grid position (0, 2)",0.021303825473694204,-0.05952557787475005,0,2,
Combined,GPT-2,"grid position (1, 0)",0.11368199438275217,-0.015565210156590029,1,0,
Combined,GPT-2,"grid position (1, 1)",0.08349679001306676,-0.0584348562783851,1,1,
Combined,GPT-2,"grid position (1, 2)",-0.5700078339724699,0.045788821217599036,1,2,
Combined,GPT-2,"grid position (2, 0)",0.12820316734698123,0.012038613838592574,2,0,
Combined,GPT-2,"grid position (2, 1)",0.11915374584694509,0.11652380008350362,2,1,
Combined,GPT-2,"grid position (2, 2)",0.09734264426498516,0.14001216393917612,2,2,
Combined,GPT-2,"grid position (0, 0)",0.030849410799526078,0.017316403574576828,0,0,
Combined,GPT-2,"grid position (0, 1)",0.044825481670583145,-0.025078835841936056,0,1,
Combined,GPT-2,"grid position (0, 2)",0.029871874574500943,0.014893320622850112,0,2,
Combined,GPT-2,"grid position (1, 0)",0.08767713744608764,0.08215885701735348,1,0,
Combined,GPT-2,"grid position (1, 1)",0.03300111731252468,-0.08828660564355863,1,1,
Combined,GPT-2,"grid position (1, 2)",0.05805553714562511,0.0008942245929640008,1,2,
Combined,GPT-2,"grid position (2, 0)",0.10076496905825982,0.09451964410966421,2,0,
Combined,GPT-2,"grid position (2, 1)",-0.5594459321795249,0.032212411791717854,2,1,
Combined,GPT-2,"grid position (2, 2)",-0.07342509501103446,-0.10678463821008674,2,2,
Combined,GPT-2,"grid position (0, 0)",0.030585708990211985,0.05699158366865053,0,0,
Combined,GPT-2,"grid position (0, 1)",0.036505779752812655,-0.03910949694825143,0,1,
Combined,GPT-2,"grid position (0, 2)",-0.5259116982977871,0.02948024911739284,0,2,
Combined,GPT-2,"grid position (1, 0)",0.032418789105409775,-0.012506384540801272,1,0,
Combined,GPT-2,"grid position (1, 1)",0.09308388485524566,0.018967577347676727,1,1,
Combined,GPT-2,"grid position (1, 2)",0.11831342835163723,0.05008268274598772,1,2,
Combined,GPT-2,"grid position (2, 0)",0.030194267959349704,-0.09083693054276865,2,0,
Combined,GPT-2,"grid position (2, 1)",0.06046614199879659,-0.053108276829194605,2,1,
Combined,GPT-2,"grid position (2, 2)",0.08301238320913149,-0.022943739332921154,2,2,
Combined,GPT-2,"grid position (0, 0)",-0.0035538682331198194,-0.08534186172720135,0,0,
Combined,GPT-2,"grid position (0, 1)",0.07791526601550418,-0.06658304828342906,0,1,
Combined,GPT-2,"grid position (0, 2)",0.07246481075159258,-0.03464081700345366,0,2,
Combined,GPT-2,"grid position (1, 1)",0.07082544154405146,-0.03174175851488846,1,1,
Combined,GPT-2,"grid position (1, 2)",0.09601711267363576,0.044278680481323975,1,2,
Combined,GPT-2,"grid position (2, 0)",-0.1345583436303758,-0.1290152606156716,2,0,
Combined,GPT-2,"grid position (2, 1)",-0.5342997062008535,0.013341635255790617,2,1,
Combined,GPT-2,"grid position (2, 2)",0.08491952107378499,0.08315094156594569,2,2,
Combined,GPT-2,"grid position (0, 1)",0.03813549050984565,-0.02943785807080834,0,1,
Combined,GPT-2,"grid position (0, 2)",0.07428676438041201,0.03116074382206028,0,2,
Combined,GPT-2,"grid position (1, 0)",0.09395978261659006,0.04292554984893605,1,0,
Combined,GPT-2,"grid position (1, 1)",0.07217469692255375,0.008996848205061487,1,1,
Combined,GPT-2,"grid position (1, 2)",0.10370512261021836,-0.01550823068533677,1,2,
Combined,GPT-2,"grid position (2, 0)",0.09368337137826352,0.10831845419975598,2,0,
Combined,GPT-2,"grid position (2, 1)",0.06034644117466923,0.01891230137565172,2,1,
Combined,GPT-2,"grid position (2, 2)",-0.4854383311852808,0.023492313102118596,2,2,
Combined,GPT-2,"grid position (0, 0)",0.0588073553634566,-0.014627550943674851,0,0,
Combined,GPT-2,"grid position (0, 1)",0.05245744675304686,0.026791097920253422,0,1,
Combined,GPT-2,"grid position (0, 2)",0.08398521522108285,0.04063937281323121,0,2,
Combined,GPT-2,"grid position (1, 0)",0.03748559851609173,-0.0807732725220494,1,0,
Combined,GPT-2,"grid position (1, 1)",0.06102123417650852,0.05953350105420801,1,1,
Combined,GPT-2,"grid position (1, 2)",0.11099618051868233,0.056667204519669105,1,2,
Combined,GPT-2,"grid position (2, 0)",-0.05151112332313686,-0.16593186614920144,2,0,
Combined,GPT-2,"grid position (2, 1)",-0.4978641201085528,0.03503586356606778,2,1,
Combined,GPT-2,"grid position (2, 2)",0.10959380610610711,0.055498163910705854,2,2,
Combined,GPT-2,"grid position (0, 0)",0.08001360704490454,0.07665610662016242,0,0,
Combined,GPT-2,"grid position (0, 1)",0.06612961097358956,-0.011094966427957697,0,1,
Combined,GPT-2,"grid position (0, 2)",-0.6299244815477016,0.02527139754434505,0,2,
Combined,GPT-2,"grid position (1, 0)",0.11085589464890737,0.07272950308107896,1,0,
Combined,GPT-2,"grid position (1, 1)",0.08375969014797888,-0.0060719682161100436,1,1,
Combined,GPT-2,"grid position (1, 2)",0.025962760133185755,-0.08360306570235458,1,2,
Combined,GPT-2,"grid position (2, 0)",0.08560273882362843,0.08306017477264159,2,0,
Combined,GPT-2,"grid position (2, 1)",0.10535811628958083,0.04755750509621212,2,1,
Combined,GPT-2,"grid position (2, 2)",0.05492471691491316,-0.0777668976072507,2,2,
Combined,GPT-2,"grid position (0, 0)",0.09575388682563885,-0.0007070155345282776,0,0,
Combined,GPT-2,"grid position (0, 1)",0.09729274623518996,0.01458226831157923,0,1,
Combined,GPT-2,"grid position (0, 2)",0.037236082923750594,-0.07458747589623513,0,2,
Combined,GPT-2,"grid position (1, 0)",0.09218540349774702,0.0328877922428428,1,0,
Combined,GPT-2,"grid position (1, 1)",0.08754426433536722,-0.009331377124179,1,1,
Combined,GPT-2,"grid position (1, 2)",-0.46417352287736235,-0.03800184247516175,1,2,
Combined,GPT-2,"grid position (2, 0)",0.11929270518611446,0.14774729135992554,2,0,
Combined,GPT-2,"grid position (2, 1)",0.10731988356221485,0.1547874390184326,2,1,
Combined,GPT-2,"grid position (2, 2)",-0.05671267906476628,-0.16721967475385827,2,2,
Combined,GPT-2,"grid position (0, 0)",-0.012439761307234535,-0.06597629936283268,0,0,
Combined,GPT-2,"grid position (0, 1)",0.027143788626475873,-0.02316981982560062,0,1,
Combined,GPT-2,"grid position (0, 2)",-0.5875604940104018,0.0159913391460719,0,2,
Combined,GPT-2,"grid position (1, 0)",0.14701871327770902,0.06102000339880199,1,0,
Combined,GPT-2,"grid position (1, 1)",0.11565519248614622,0.05754932000066388,1,1,
Combined,GPT-2,"grid position (1, 2)",0.06546722122907782,-0.09440560486965126,1,2,
Combined,GPT-2,"grid position (2, 0)",0.11811914749327382,0.046908676084632873,2,0,
Combined,GPT-2,"grid position (2, 1)",0.0807444175801472,0.06278514489534529,2,1,
Combined,GPT-2,"grid position (2, 2)",0.06716068770670115,-0.02662725630155022,2,2,
Combined,GPT-2,"grid position (0, 0)",0.035317377330085165,0.06409225441245645,0,0,
Combined,GPT-2,"grid position (0, 1)",0.02170196955329498,0.046810697891560414,0,1,
Combined,GPT-2,"grid position (0, 2)",-0.7165407068687464,0.046167026085148784,0,2,
Combined,GPT-2,"grid position (1, 0)",0.0981021280146127,0.014723523132349075,1,0,
Combined,GPT-2,"grid position (1, 1)",0.10721080908323422,0.0825258249076187,1,1,
Combined,GPT-2,"grid position (1, 2)",0.06370260943391452,-0.03468898777643761,1,2,
Combined,GPT-2,"grid position (2, 0)",0.08131323081688806,-0.020512879232902643,2,0,
Combined,GPT-2,"grid position (2, 1)",0.0882963246595301,0.010707103192466271,2,1,
Combined,GPT-2,"grid position (2, 2)",0.09159522622830027,0.003613713589908126,2,2,
Combined,GPT-2,"grid position (0, 0)",0.07622509559538404,-0.034113571999026406,0,0,
Combined,GPT-2,"grid position (0, 1)",0.041881019658350206,0.03648764532597115,0,1,
Combined,GPT-2,"grid position (0, 2)",0.0383652306734137,0.021487518523223743,0,2,
Combined,GPT-2,"grid position (1, 0)",0.08408914790959231,-0.029987132532637968,1,0,
Combined,GPT-2,"grid position (1, 1)",0.054369539896085665,-0.05894378509512849,1,1,
Combined,GPT-2,"grid position (1, 2)",0.08237241736631978,-0.01617320596442756,1,2,
Combined,GPT-2,"grid position (2, 0)",0.04522562621779166,0.002936238072869777,2,0,
Combined,GPT-2,"grid position (2, 1)",-0.2974138529374118,0.02628777852217897,2,1,
Combined,GPT-2,"grid position (2, 2)",0.05593800775674919,0.015569342388058198,2,2,
Combined,GPT-2,"grid position (0, 0)",0.012107201977773926,0.009753101376839239,0,0,
Combined,GPT-2,"grid position (0, 1)",0.052825395593477584,0.016733264221405093,0,1,
Combined,GPT-2,"grid position (0, 2)",0.05356088064955952,0.028354511679923658,0,2,
Combined,GPT-2,"grid position (1, 0)",-0.005183849588340995,-0.1129017614946555,1,0,
Combined,GPT-2,"grid position (1, 1)",0.009625050507840117,-0.096239591690668,1,1,
Combined,GPT-2,"grid position (1, 2)",0.08934510040679139,0.09828289754805064,1,2,
Combined,GPT-2,"grid position (2, 0)",0.0012120930822705866,-0.057580041807119,2,0,
Combined,GPT-2,"grid position (2, 1)",-0.31274376966864015,0.051683909320760966,2,1,
Combined,GPT-2,"grid position (2, 2)",0.12418197459673062,0.09275417064467237,2,2,
Combined,GPT-2,"grid position (0, 0)",0.121464488927835,0.04703742119053485,0,0,
Combined,GPT-2,"grid position (0, 1)",0.09359709499351254,0.019949058050873502,0,1,
Combined,GPT-2,"grid position (0, 2)",0.05769293762498166,-0.05321728734091853,0,2,
Combined,GPT-2,"grid position (1, 0)",0.12402646233868939,0.030514950177936963,1,0,
Combined,GPT-2,"grid position (1, 1)",0.08856493489857482,0.04131375412971253,1,1,
Combined,GPT-2,"grid position (1, 2)",0.05379021913532902,-0.04433161516997403,1,2,
Combined,GPT-2,"grid position (2, 0)",0.01613289381042398,-0.06505646875694072,2,0,
Combined,GPT-2,"grid position (2, 1)",0.005493810342079955,-0.05312033395670851,2,1,
Combined,GPT-2,"grid position (2, 2)",-0.629714742315247,0.01812258415166149,2,2,
Combined,GPT-2,"grid position (0, 0)",0.023532819656477716,-0.1502811025736042,0,0,
Combined,GPT-2,"grid position (0, 1)",0.02974802251547267,-0.0811208657201307,0,1,
Combined,GPT-2,"grid position (0, 2)",0.019999759723807936,0.12167090292868833,0,2,
Combined,GPT-2,"grid position (1, 0)",0.06613772395593173,-0.040088034028279124,1,0,
Combined,GPT-2,"grid position (1, 1)",-0.32982200007389184,0.027099455610107074,1,1,
Combined,GPT-2,"grid position (1, 2)",0.03298855917266994,0.11751113636747494,1,2,
Combined,GPT-2,"grid position (2, 0)",0.11087846361092321,0.07964207301689503,2,0,
Combined,GPT-2,"grid position (2, 1)",0.09868826727991485,0.05919175864224359,2,1,
Combined,GPT-2,"grid position (2, 2)",0.07921769297140477,0.07620218089732428,2,2,
Combined,GPT-2,"grid position (0, 0)",0.08800018773941809,0.09094851070144055,0,0,
Combined,GPT-2,"grid position (0, 1)",0.07606827112672007,0.05586298665229493,0,1,
Combined,GPT-2,"grid position (0, 2)",0.04807904517783837,-0.01412984409866717,0,2,
Combined,GPT-2,"grid position (1, 0)",0.11806522845652548,0.01902490821023203,1,0,
Combined,GPT-2,"grid position (1, 1)",-0.4484323273855879,0.05157273711864874,1,1,
Combined,GPT-2,"grid position (1, 2)",0.046700527528856194,-0.14359122492086934,1,2,
Combined,GPT-2,"grid position (2, 0)",0.10047251725895943,-0.02982874120073228,2,0,
Combined,GPT-2,"grid position (2, 1)",0.0690833736832471,0.008770430923198853,2,1,
Combined,GPT-2,"grid position (2, 2)",-0.006380053419034237,-0.19086802061200714,2,2,
Combined,GPT-2,"grid position (0, 0)",0.008592171232424114,-0.046588897517260704,0,0,
Combined,GPT-2,"grid position (0, 1)",0.06129835831543442,-0.022778769459776846,0,1,
Combined,GPT-2,"grid position (0, 2)",0.09672134286431157,-0.008212212841995017,0,2,
Combined,GPT-2,"grid position (1, 0)",0.013167300859174197,-0.03550957465053892,1,0,
Combined,GPT-2,"grid position (1, 1)",0.05783150160278959,-0.002053464046988456,1,1,
Combined,GPT-2,"grid position (1, 2)",0.0852350613485435,-0.04504393705506818,1,2,
Combined,GPT-2,"grid position (2, 0)",-0.6667689325408732,0.04822190191287951,2,0,
Combined,GPT-2,"grid position (2, 1)",0.05256773853066584,0.047294016027676467,2,1,
Combined,GPT-2,"grid position (2, 2)",0.10092766563147587,-0.0019747647819994916,2,2,
Combined,GPT-2,"grid position (0, 0)",0.04075584471093167,0.0034229799917242618,0,0,
Combined,GPT-2,"grid position (0, 1)",0.10223287991845773,0.05592828738930468,0,1,
Combined,GPT-2,"grid position (0, 2)",0.029740369339682538,-0.03744112168152171,0,2,
Combined,GPT-2,"grid position (1, 0)",0.08236235225908582,-0.003839741183392042,1,0,
Combined,GPT-2,"grid position (1, 1)",-0.372293146653333,0.04374582520663764,1,1,
Combined,GPT-2,"grid position (1, 2)",0.039143383885331666,-0.08315624662859553,1,2,
Combined,GPT-2,"grid position (2, 0)",0.0237891893802809,-0.0024489126903508543,2,0,
Combined,GPT-2,"grid position (2, 1)",-0.025747285428863013,-0.07641121208188378,2,1,
Combined,GPT-2,"grid position (2, 2)",-0.036388633123883934,-0.20464926487338633,2,2,
Combined,GPT-2,"grid position (0, 0)",0.06340109417938915,0.09645361883094998,0,0,
Combined,GPT-2,"grid position (0, 1)",-0.5440984484073134,0.06484115843438958,0,1,
Combined,GPT-2,"grid position (0, 2)",0.09790920058626622,0.09344156121200366,0,2,
Combined,GPT-2,"grid position (1, 0)",0.12775589635611104,0.08132275964512668,1,0,
Combined,GPT-2,"grid position (1, 1)",0.08573737997817255,-0.006463721483884919,1,1,
Combined,GPT-2,"grid position (1, 2)",0.0852294491311573,-0.0009092541990403437,1,2,
Combined,GPT-2,"grid position (2, 0)",0.02127922915372014,-0.11671742714723125,2,0,
Combined,GPT-2,"grid position (2, 1)",0.01707367477166822,-0.14235911433065251,2,1,
Combined,GPT-2,"grid position (2, 2)",0.049530511985789845,-0.05653610436322288,2,2,
Combined,GPT-2,"grid position (0, 0)",-0.04592477528858941,-0.11934752691889786,0,0,
Combined,GPT-2,"grid position (0, 1)",-0.006332395395530459,-0.08151366173735976,0,1,
Combined,GPT-2,"grid position (0, 2)",-0.06586008207608414,-0.17219676012074417,0,2,
Combined,GPT-2,"grid position (1, 0)",-0.513115997005791,0.04072501682276374,1,0,
Combined,GPT-2,"grid position (1, 1)",0.044817261253498934,-0.022248333864949083,1,1,
Combined,GPT-2,"grid position (1, 2)",-0.005427818990047269,-0.0722713112745839,1,2,
Combined,GPT-2,"grid position (2, 0)",0.09711439086637169,0.05283013095098136,2,0,
Combined,GPT-2,"grid position (2, 1)",0.08912901016038226,0.009284148804768607,2,1,
Combined,GPT-2,"grid position (2, 2)",0.10335642830852845,0.028543383205485825,2,2,
Combined,GPT-2,"grid position (0, 0)",0.09396089595507164,0.08760929073560565,0,0,
Combined,GPT-2,"grid position (0, 1)",0.015010735608666139,-0.0036513901349612627,0,1,
Combined,GPT-2,"grid position (0, 2)",0.06511554473821203,-0.017232717107317885,0,2,
Combined,GPT-2,"grid position (1, 0)",-0.3957738214052154,0.02809617392880352,1,0,
Combined,GPT-2,"grid position (1, 1)",0.05786757305565617,-0.010732598319814107,1,1,
Combined,GPT-2,"grid position (1, 2)",0.00918096125285109,-0.12889261716342884,1,2,
Combined,GPT-2,"grid position (2, 0)",0.08860746612979697,0.006551314130298935,2,0,
Combined,GPT-2,"grid position (2, 1)",0.10604691297377436,0.05022738223035729,2,1,
Combined,GPT-2,"grid position (2, 2)",0.02688232827410702,-0.0951990958008232,2,2,
Combined,GPT-2,"grid position (0, 0)",0.05569396593754921,-0.012707479040344841,0,0,
Combined,GPT-2,"grid position (0, 1)",-0.012943356188990625,-0.09445614795850217,0,1,
Combined,GPT-2,"grid position (0, 2)",-0.7231014634972556,0.023586387274447482,0,2,
Combined,GPT-2,"grid position (1, 0)",0.07739472777544415,0.016182206335957763,1,0,
Combined,GPT-2,"grid position (1, 1)",0.11047278334937273,0.043571333418026235,1,1,
Combined,GPT-2,"grid position (1, 2)",0.06172039716791684,-0.02333126934961907,1,2,
Combined,GPT-2,"grid position (2, 0)",0.03558395845949958,-0.0027505898118058126,2,0,
Combined,GPT-2,"grid position (2, 1)",0.08163621938440375,-0.015019684816582035,2,1,
Combined,GPT-2,"grid position (2, 2)",0.06997150517392324,-0.031375788646097906,2,2,
Combined,GPT-2,"grid position (0, 0)",0.04507065636014713,-0.03731348767832134,0,0,
Combined,GPT-2,"grid position (0, 1)",0.07996312070573439,-0.028378760386361168,0,1,
Combined,GPT-2,"grid position (0, 2)",0.10739208173094773,0.058146764607106355,0,2,
Combined,GPT-2,"grid position (1, 0)",0.04459744548064663,-0.06009318911472138,1,0,
Combined,GPT-2,"grid position (1, 1)",0.09537362492469319,0.023275900663316213,1,1,
Combined,GPT-2,"grid position (1, 2)",-0.37708679311221865,0.02373508843197757,1,2,
Combined,GPT-2,"grid position (2, 0)",0.07416527235249097,0.030805798048377513,2,0,
Combined,GPT-2,"grid position (2, 1)",0.1028721225750286,0.075750398950367,2,1,
Combined,GPT-2,"grid position (2, 2)",0.03298645319823904,-0.04120351209206607,2,2,
Combined,GPT-2,"grid position (0, 0)",0.07528568327028305,0.05476604545769861,0,0,
Combined,GPT-2,"grid position (0, 1)",0.11050262754930681,0.07912080317964998,0,1,
Combined,GPT-2,"grid position (0, 2)",0.06881466028674457,0.07763798707697468,0,2,
Combined,GPT-2,"grid position (1, 0)",0.03160481265462556,-0.10371978734314358,1,0,
Combined,GPT-2,"grid position (1, 1)",0.11561107524608527,0.03891014012554908,1,1,
Combined,GPT-2,"grid position (1, 2)",0.10645811711300242,0.027664350004274384,1,2,
Combined,GPT-2,"grid position (2, 0)",-0.040866880649392145,-0.1474462246384189,2,0,
Combined,GPT-2,"grid position (2, 1)",0.03494606602522554,-0.055131162610981194,2,1,
Combined,GPT-2,"grid position (2, 2)",-0.5068589014647983,0.01878177603853432,2,2,
Combined,GPT-2,"grid position (0, 0)",0.09895656475071868,0.10115297647116177,0,0,
Combined,GPT-2,"grid position (0, 1)",0.10548709944097279,0.08084375342875198,0,1,
Combined,GPT-2,"grid position (0, 2)",0.0594964269018159,-0.03658079333407086,0,2,
Combined,GPT-2,"grid position (1, 0)",0.09998039779954024,0.041288842566173344,1,0,
Combined,GPT-2,"grid position (1, 1)",0.0890016921329243,0.008938998225871788,1,1,
Combined,GPT-2,"grid position (1, 2)",0.10754146366256234,0.03563063684969612,1,2,
Combined,GPT-2,"grid position (2, 0)",-0.4919186902446409,0.018362556123572557,2,0,
Combined,GPT-2,"grid position (2, 1)",0.014378638690993593,-0.09294783903897781,2,1,
Combined,GPT-2,"grid position (2, 2)",0.10329135287637092,0.021128391023932516,2,2,
Combined,GPT-2,"grid position (0, 0)",0.12417451535255222,0.004910462685803234,0,0,
Combined,GPT-2,"grid position (0, 1)",0.08907305205284756,-0.045243106650900686,0,1,
Combined,GPT-2,"grid position (0, 2)",-0.08653008189846069,-0.2290706162064259,0,2,
Combined,GPT-2,"grid position (1, 0)",0.12101143487545739,0.027867340414249007,1,0,
Combined,GPT-2,"grid position (1, 1)",0.10245325135763642,-0.01193627212083286,1,1,
Combined,GPT-2,"grid position (1, 2)",0.05140483068346854,-0.08175111118736088,1,2,
Combined,GPT-2,"grid position (2, 0)",0.09559566282553135,0.0685728857420859,2,0,
Combined,GPT-2,"grid position (2, 1)",-0.4031171489394702,0.03934118018876726,2,1,
Combined,GPT-2,"grid position (2, 2)",0.0046902717992761914,-0.07025190719478731,2,2,
Combined,GPT-2,"grid position (0, 0)",0.010378657301498232,-0.06377806629328822,0,0,
Combined,GPT-2,"grid position (0, 1)",-0.4453376728596043,-0.014815770125878359,0,1,
Combined,GPT-2,"grid position (0, 2)",0.04350431351956335,-0.036690501590489,0,2,
Combined,GPT-2,"grid position (1, 0)",0.11702042251606457,0.039682680705232315,1,0,
Combined,GPT-2,"grid position (1, 1)",0.09270065416701752,-0.05468878239987164,1,1,
Combined,GPT-2,"grid position (1, 2)",0.03348649340752894,-0.08074209374312627,1,2,
Combined,GPT-2,"grid position (2, 0)",0.1021140610128922,0.08514324313210712,2,0,
Combined,GPT-2,"grid position (2, 1)",0.07082845490836501,0.008077233482343354,2,1,
Combined,GPT-2,"grid position (2, 2)",0.03636858606012842,-0.05430144993751618,2,2,
Combined,GPT-2,"grid position (0, 0)",0.003940702200935585,-0.042548986246108006,0,0,
Combined,GPT-2,"grid position (0, 1)",0.09240039394061085,0.054113235533915394,0,1,
Combined,GPT-2,"grid position (0, 2)",0.12578080988546358,0.042790342643219126,0,2,
Combined,GPT-2,"grid position (1, 0)",0.00034849835741208786,-0.1502717486829821,1,0,
Combined,GPT-2,"grid position (1, 1)",0.017524168634886598,-0.08773314512977129,1,1,
Combined,GPT-2,"grid position (1, 2)",0.1260749927917019,0.04193772416608281,1,2,
Combined,GPT-2,"grid position (2, 0)",-0.0457693085453201,-0.24680564734126387,2,0,
Combined,GPT-2,"grid position (2, 1)",-0.5206242145606581,0.004622288440670561,2,1,
Combined,GPT-2,"grid position (2, 2)",0.10674051588522832,0.03966218715968298,2,2,
Combined,GPT-2,"grid position (0, 0)",-0.5790183807640389,0.0479498381692342,0,0,
Combined,GPT-2,"grid position (0, 1)",0.08480193536934703,0.07382325136393608,0,1,
Combined,GPT-2,"grid position (0, 2)",0.10319928766810438,0.0023340643935554177,0,2,
Combined,GPT-2,"grid position (1, 0)",0.06997563452945223,-0.029602238440699265,1,0,
Combined,GPT-2,"grid position (1, 1)",0.10192240805850247,0.014924567938498069,1,1,
Combined,GPT-2,"grid position (1, 2)",0.09390302044120075,-0.04599191083452099,1,2,
Combined,GPT-2,"grid position (2, 0)",0.06637303896689146,-0.017008545380439007,2,0,
Combined,GPT-2,"grid position (2, 1)",0.09280916712259285,0.0429498377238401,2,1,
Combined,GPT-2,"grid position (2, 2)",0.008303737182562389,0.15420680937021217,2,2,
Combined,GPT-2,"grid position (0, 0)",0.06424775318178728,0.0905557471220857,0,0,
Combined,GPT-2,"grid position (0, 1)",-0.5174225714498923,0.05254367220985765,0,1,
Combined,GPT-2,"grid position (0, 2)",0.08304382040573091,0.03671151004898152,0,2,
Combined,GPT-2,"grid position (1, 0)",0.08930564405047534,0.05616430387881829,1,0,
Combined,GPT-2,"grid position (1, 1)",0.0482556758176973,-0.05196769522408745,1,1,
Combined,GPT-2,"grid position (1, 2)",0.06638615723492369,-0.055950238118754485,1,2,
Combined,GPT-2,"grid position (2, 0)",0.07842956622418823,0.009002632771834078,2,0,
Combined,GPT-2,"grid position (2, 1)",0.07572144268956242,-0.03444882549267666,2,1,
Combined,GPT-2,"grid position (2, 2)",0.053559223569482145,-0.031074441336158932,2,2,
Combined,GPT-2,"grid position (0, 0)",0.022752732659392906,-0.05625182790298609,0,0,
Combined,GPT-2,"grid position (0, 1)",0.05324808153813927,0.006884348211551718,0,1,
Combined,GPT-2,"grid position (0, 2)",0.0441669466347628,-0.01564108339669931,0,2,
Combined,GPT-2,"grid position (1, 0)",0.08030259776889317,0.021735443345166368,1,0,
Combined,GPT-2,"grid position (1, 1)",-0.3757321323299793,0.027485270335094972,1,1,
Combined,GPT-2,"grid position (1, 2)",0.09719630469788695,0.028208888486366438,1,2,
Combined,GPT-2,"grid position (2, 0)",0.04534549447662646,-0.02570452325153333,2,0,
Combined,GPT-2,"grid position (2, 1)",0.009603754156542493,-0.08994854972587298,2,1,
Combined,GPT-2,"grid position (2, 2)",0.09547890474573238,-0.001641830055712552,2,2,
Combined,GPT-2,"grid position (0, 0)",-0.012413179201867892,0.0685469955868976,0,0,
Combined,GPT-2,"grid position (0, 1)",0.08111742562151533,0.039291646183002,0,1,
Combined,GPT-2,"grid position (0, 2)",0.09221762115528813,0.01708053130515457,0,2,
Combined,GPT-2,"grid position (1, 0)",0.053730441560171135,-0.0031250980879174383,1,0,
Combined,GPT-2,"grid position (1, 1)",-0.47179455374966806,0.016434205497283853,1,1,
Combined,GPT-2,"grid position (1, 2)",0.07675730961639511,-0.015928145378896242,1,2,
Combined,GPT-2,"grid position (2, 0)",0.07133341674453562,0.06607821307420157,2,0,
Combined,GPT-2,"grid position (2, 1)",0.10227093994063141,0.09188883803201156,2,1,
Combined,GPT-2,"grid position (2, 2)",0.09040665309161533,0.008471390305501723,2,2,
Combined,GPT-2,"grid position (0, 0)",0.07749085322214272,0.1239415437643605,0,0,
Combined,GPT-2,"grid position (0, 1)",0.11559537538210657,0.04982923223722493,0,1,
Combined,GPT-2,"grid position (0, 2)",0.1100649072397474,0.033500964723835874,0,2,
Combined,GPT-2,"grid position (1, 0)",-0.04183991731427447,-0.03975095883864527,1,0,
Combined,GPT-2,"grid position (1, 1)",-0.47277501001043326,0.0530956735081525,1,1,
Combined,GPT-2,"grid position (1, 2)",0.09843865364298802,-0.023551721297496483,1,2,
Combined,GPT-2,"grid position (2, 0)",-0.05055311118649356,-0.09311661638113601,2,0,
Combined,GPT-2,"grid position (2, 1)",0.025140334635519263,-0.05470707633687263,2,1,
Combined,GPT-2,"grid position (2, 2)",0.05086618204872164,-0.06074172646823806,2,2,
Combined,GPT-2,"grid position (0, 0)",0.011848603191111315,-0.08889473272405476,0,0,
Combined,GPT-2,"grid position (0, 1)",0.031619735571264025,-0.0680721484372361,0,1,
Combined,GPT-2,"grid position (0, 2)",0.10802863216340346,0.010891661280150605,0,2,
Combined,GPT-2,"grid position (1, 0)",-0.42266321190439216,0.025176443221474876,1,0,
Combined,GPT-2,"grid position (1, 1)",0.11515608742940822,0.0845207324334044,1,1,
Combined,GPT-2,"grid position (1, 2)",0.12447167929588115,0.0018353476427182174,1,2,
Combined,GPT-2,"grid position (2, 0)",0.046565975403012966,0.13331943784972028,2,0,
Combined,GPT-2,"grid position (2, 1)",0.08928472140803718,0.07416962551187313,2,1,
Combined,GPT-2,"grid position (2, 2)",0.09473996143430949,-0.05587682166452878,2,2,
Combined,GPT-2,"grid position (0, 0)",0.012616243218119648,-0.0654053493462035,0,0,
Combined,GPT-2,"grid position (0, 1)",0.008448895456774503,-0.0982152294704777,0,1,
Combined,GPT-2,"grid position (0, 2)",-0.0033088393894724366,-0.1662935482525266,0,2,
Combined,GPT-2,"grid position (1, 0)",-0.632195287959569,0.05512063368851098,1,0,
Combined,GPT-2,"grid position (1, 1)",0.0054239808675080785,-0.007090564011795667,1,1,
Combined,GPT-2,"grid position (1, 2)",0.08902169869265304,-0.029032147273621797,1,2,
Combined,GPT-2,"grid position (2, 0)",0.00797152704666161,0.1387150122156964,2,0,
Combined,GPT-2,"grid position (2, 1)",0.044292504437234266,0.08653790311015891,2,1,
Combined,GPT-2,"grid position (2, 2)",0.14126256760264957,0.048524494707216224,2,2,
Combined,GPT-2,"grid position (0, 0)",0.12695686587990404,0.02159953694059121,0,0,
Combined,GPT-2,"grid position (0, 1)",0.11456229297903833,-0.01664459370369987,0,1,
Combined,GPT-2,"grid position (0, 2)",0.04591940476289233,-0.08213901547039366,0,2,
Combined,GPT-2,"grid position (1, 0)",0.13873904675179327,0.024690950752570055,1,0,
Combined,GPT-2,"grid position (1, 1)",0.13017398261733656,0.03053700951603683,1,1,
Combined,GPT-2,"grid position (1, 2)",0.041531562206553595,-0.052005706943950035,1,2,
Combined,GPT-2,"grid position (2, 0)",0.0688597194102892,0.06875747447609948,2,0,
Combined,GPT-2,"grid position (2, 1)",0.09946507127614834,0.09938704330271186,2,1,
Combined,GPT-2,"grid position (2, 2)",-0.5588030634614262,0.05161980543613137,2,2,
Combined,GPT-2,"grid position (0, 0)",0.06028129120827718,-0.006220097079256913,0,0,
Combined,GPT-2,"grid position (0, 1)",-0.4478011457884197,0.06756792706569766,0,1,
Combined,GPT-2,"grid position (0, 2)",-0.01214487259851761,-0.08977987139867433,0,2,
Combined,GPT-2,"grid position (1, 0)",0.08203645831620261,0.025896090148912945,1,0,
Combined,GPT-2,"grid position (1, 1)",0.0956916321567612,0.006861261700511744,1,1,
Combined,GPT-2,"grid position (1, 2)",0.06100186562491304,-0.042036497711174396,1,2,
Combined,GPT-2,"grid position (2, 0)",0.0782610552396948,0.04864225841564854,2,0,
Combined,GPT-2,"grid position (2, 1)",0.08637466665398578,-0.008254919079862403,2,1,
Combined,GPT-2,"grid position (2, 2)",0.11050253687960612,0.008165566326127995,2,2,
Combined,GPT-2,"grid position (0, 0)",0.0466998899334923,-0.02251057260540467,0,0,
Combined,GPT-2,"grid position (0, 1)",0.058423221396240274,0.034266116131016565,0,1,
Combined,GPT-2,"grid position (0, 2)",-0.5820855605824544,0.03164738986993359,0,2,
Combined,GPT-2,"grid position (1, 0)",0.05293566782880916,-0.023596053996362838,1,0,
Combined,GPT-2,"grid position (1, 1)",0.06741981252004123,0.04609480068951954,1,1,
Combined,GPT-2,"grid position (1, 2)",0.008958947417905618,-0.07663536650286253,1,2,
Combined,GPT-2,"grid position (2, 0)",-0.018301373485097163,-0.1626828155818248,2,0,
Combined,GPT-2,"grid position (2, 1)",0.03421444086846949,0.06791656593572962,2,1,
Combined,GPT-2,"grid position (2, 2)",0.03662609821233106,-0.02477601440590117,2,2,
Combined,GPT-2,"grid position (0, 0)",0.07962842927321909,0.005052648596011296,0,0,
Combined,GPT-2,"grid position (0, 1)",0.02879407607184895,-0.049598493820003316,0,1,
Combined,GPT-2,"grid position (0, 2)",0.054455993369769196,-0.08008923425099848,0,2,
Combined,GPT-2,"grid position (1, 0)",0.0860500191298036,0.0059084121781022144,1,0,
Combined,GPT-2,"grid position (1, 1)",0.035868295565205564,-0.0064968244099095716,1,1,
Combined,GPT-2,"grid position (1, 2)",-0.5840810452251711,0.040271886849396976,1,2,
Combined,GPT-2,"grid position (2, 0)",0.10191131605083009,-0.010732289619694947,2,0,
Combined,GPT-2,"grid position (2, 1)",0.03889397422528471,-0.06253252176086567,2,1,
Combined,GPT-2,"grid position (2, 2)",0.09453298499283454,-0.0030147721882620277,2,2,
Combined,GPT-2,"grid position (0, 0)",0.06946327424373958,0.0032274762839838776,0,0,
Combined,GPT-2,"grid position (0, 1)",0.04395332885900968,0.0064723616648536385,0,1,
Combined,GPT-2,"grid position (0, 2)",0.07255104413558174,-0.02305398549480677,0,2,
Combined,GPT-2,"grid position (1, 0)",-0.4711241699315943,0.05250404336693812,1,0,
Combined,GPT-2,"grid position (1, 1)",0.04189307938553699,-0.06247588487542063,1,1,
Combined,GPT-2,"grid position (1, 2)",0.07030887321941687,-0.06475195149494471,1,2,
Combined,GPT-2,"grid position (2, 0)",0.11903956084878732,0.02316868918647215,2,0,
Combined,GPT-2,"grid position (2, 1)",0.05598930885635223,-0.07572312605470095,2,1,
Combined,GPT-2,"grid position (2, 2)",0.03616980904714064,-0.09869860556696582,2,2,
Combined,GPT-2,"grid position (0, 0)",0.05416107260006774,-0.01927982727505607,0,0,
Combined,GPT-2,"grid position (0, 1)",-0.5952958399562249,-0.00028794955603852606,0,1,
Combined,GPT-2,"grid position (0, 2)",0.010066877204093397,-0.11482041164240975,0,2,
Combined,GPT-2,"grid position (1, 0)",0.08278069183819621,0.07964825304523089,1,0,
Combined,GPT-2,"grid position (1, 1)",0.05730603451177262,-0.01782720685695138,1,1,
Combined,GPT-2,"grid position (1, 2)",0.05864813406709684,-0.025550032610492317,1,2,
Combined,GPT-2,"grid position (2, 0)",0.08029305647564433,0.045602226428001505,2,0,
Combined,GPT-2,"grid position (2, 1)",0.07288569957969723,0.014377842949879831,2,1,
Combined,GPT-2,"grid position (2, 2)",0.07957461938692517,0.03637412494612774,2,2,
Combined,GPT-2,"grid position (0, 0)",0.05293749207977254,-0.08334927052702285,0,0,
Combined,GPT-2,"grid position (0, 1)",0.09994040636767877,0.036060269593526824,0,1,
Combined,GPT-2,"grid position (0, 2)",0.11125001751101797,0.007965951243062146,0,2,
Combined,GPT-2,"grid position (1, 0)",0.0557810148997573,-0.1227834373683355,1,0,
Combined,GPT-2,"grid position (1, 1)",0.03881442861493925,-0.03716587439501083,1,1,
Combined,GPT-2,"grid position (1, 2)",0.12380829441952786,0.00925993730368628,1,2,
Combined,GPT-2,"grid position (2, 0)",-0.6186423407077861,0.046793894337913554,2,0,
Combined,GPT-2,"grid position (2, 1)",0.021928029458750043,0.016552668500572798,2,1,
Combined,GPT-2,"grid position (2, 2)",0.10756410346954197,0.08819020781271351,2,2,
Combined,GPT-2,"grid position (0, 0)",-0.6274738292368892,-0.000951952109192505,0,0,
Combined,GPT-2,"grid position (0, 1)",0.01499818201705692,-0.14249064063940223,0,1,
Combined,GPT-2,"grid position (0, 2)",-0.014578414733183845,-0.20517252173220324,0,2,
Combined,GPT-2,"grid position (1, 0)",0.04161479165061658,0.011718179399635016,1,0,
Combined,GPT-2,"grid position (1, 1)",0.07699486952988804,0.018769626702566315,1,1,
Combined,GPT-2,"grid position (1, 2)",0.06994822181915951,-0.08554459558440587,1,2,
Combined,GPT-2,"grid position (2, 0)",0.11656883855292917,0.13107597894893372,2,0,
Combined,GPT-2,"grid position (2, 1)",0.12228181479171937,0.10651764178798304,2,1,
Combined,GPT-2,"grid position (2, 2)",0.12684945200176653,0.09743882255976774,2,2,
Combined,GPT-2,"grid position (0, 0)",0.0011535956309341403,-0.09620989153492597,0,0,
Combined,GPT-2,"grid position (0, 1)",0.07873136104106983,-0.04689775794826694,0,1,
Combined,GPT-2,"grid position (0, 2)",0.07542967197709625,0.034918924315617605,0,2,
Combined,GPT-2,"grid position (1, 0)",0.009856718761056012,-0.09178936534694813,1,0,
Combined,GPT-2,"grid position (1, 1)",0.06964185481229815,0.004528435241356572,1,1,
Combined,GPT-2,"grid position (1, 2)",-0.37349050120941946,0.07798768710864046,1,2,
Combined,GPT-2,"grid position (2, 0)",0.005681358924130957,-0.11265166448704737,2,0,
Combined,GPT-2,"grid position (2, 1)",0.08162093441232514,0.026200637272160158,2,1,
Combined,GPT-2,"grid position (2, 2)",0.11006805227889961,0.11277314237809832,2,2,
Combined,GPT-2,"grid position (0, 0)",0.013267794150251753,-0.10538968568163348,0,0,
Combined,GPT-2,"grid position (0, 1)",0.057957616150834904,0.027503561987056533,0,1,
Combined,GPT-2,"grid position (0, 2)",0.06433726820009396,-0.04096674348850083,0,2,
Combined,GPT-2,"grid position (1, 0)",0.09500810019228427,-0.028714281175210958,1,0,
Combined,GPT-2,"grid position (1, 1)",0.1029013609263282,0.03729328386456956,1,1,
Combined,GPT-2,"grid position (1, 2)",0.06279345327527845,-0.08026160268518315,1,2,
Combined,GPT-2,"grid position (2, 0)",0.08140770582866665,-0.015969532560688664,2,0,
Combined,GPT-2,"grid position (2, 1)",0.11368418267641317,0.03882204247162421,2,1,
Combined,GPT-2,"grid position (2, 2)",-0.46891227058634977,0.01123612574595346,2,2,
Combined,GPT-2,"grid position (0, 0)",-0.0413400378094082,-0.19943861240677271,0,0,
Combined,GPT-2,"grid position (0, 1)",0.0631700265339895,-0.06836137617195297,0,1,
Combined,GPT-2,"grid position (0, 2)",0.04334060720133629,-0.0495534165884642,0,2,
Combined,GPT-2,"grid position (1, 0)",-0.06771180918992073,-0.21586072930987565,1,0,
Combined,GPT-2,"grid position (1, 1)",0.09528199007526918,-0.0020061589195301387,1,1,
Combined,GPT-2,"grid position (1, 2)",-0.2376638988137196,0.06539846064366442,1,2,
Combined,GPT-2,"grid position (2, 1)",0.09656153240361717,0.058478963166176706,2,1,
Combined,GPT-2,"grid position (2, 2)",0.10591436535496729,0.0754323436871535,2,2,
Combined,GPT-2,"grid position (0, 0)",0.08059467668943986,-0.02059920610967046,0,0,
Combined,GPT-2,"grid position (0, 1)",0.10043173450538437,0.09677118769424874,0,1,
Combined,GPT-2,"grid position (0, 2)",0.07107150607273618,0.09796452436770364,0,2,
Combined,GPT-2,"grid position (1, 0)",0.10611307530965113,-0.02221536788432554,1,0,
Combined,GPT-2,"grid position (1, 1)",0.08199540039991622,0.010090787752138822,1,1,
Combined,GPT-2,"grid position (1, 2)",0.06426464625647163,0.1009607591860807,1,2,
Combined,GPT-2,"grid position (2, 0)",0.11186353002741699,0.004870695628825542,2,0,
Combined,GPT-2,"grid position (2, 1)",0.023773074264827065,-0.07516513162990357,2,1,
Combined,GPT-2,"grid position (2, 2)",-0.5501816091191801,0.036249696774555855,2,2,
Combined,GPT-2,"grid position (0, 0)",-0.018507769363668176,-0.0779914204927146,0,0,
Combined,GPT-2,"grid position (0, 1)",0.10343669505980436,0.003079710077542877,0,1,
Combined,GPT-2,"grid position (0, 2)",-0.6689005185268131,0.0345136026847351,0,2,
Combined,GPT-2,"grid position (1, 0)",0.010808580867286732,-0.10533481332500742,1,0,
Combined,GPT-2,"grid position (1, 1)",0.09463765886387353,0.003419461433258961,1,1,
Combined,GPT-2,"grid position (1, 2)",0.06342974595967071,-0.024573106025861775,1,2,
Combined,GPT-2,"grid position (2, 0)",0.05007698829684981,0.06463776600591443,2,0,
Combined,GPT-2,"grid position (2, 1)",0.08987545813132419,0.04819820041207328,2,1,
Combined,GPT-2,"grid position (2, 2)",0.07506915362101847,0.036922856535904734,2,2,
Combined,GPT-2,"grid position (0, 0)",0.06429958490965881,-0.033115156449293456,0,0,
Combined,GPT-2,"grid position (0, 1)",0.07026023404205664,0.01078713493871679,0,1,
Combined,GPT-2,"grid position (0, 2)",0.06651324746041103,-0.013115911461351479,0,2,
Combined,GPT-2,"grid position (1, 0)",0.10231278918351304,-0.018721841048544203,1,0,
Combined,GPT-2,"grid position (1, 1)",0.1101063947989216,0.04469703415985364,1,1,
Combined,GPT-2,"grid position (1, 2)",0.09056987184493807,-0.0369253562511915,1,2,
Combined,GPT-2,"grid position (2, 0)",0.08979521726557854,0.04931588334370565,2,0,
Combined,GPT-2,"grid position (2, 1)",-0.45925510438185685,0.08752990488776324,2,1,
Combined,GPT-2,"grid position (2, 2)",0.07561381869210344,0.01132453645364876,2,2,
Combined,GPT-2,"grid position (0, 0)",0.02140529504539904,-0.06253003269713596,0,0,
Combined,GPT-2,"grid position (0, 1)",0.03876694272110044,-0.08215228603324627,0,1,
Combined,GPT-2,"grid position (0, 2)",0.0646590368424921,-0.026268028403356115,0,2,
Combined,GPT-2,"grid position (1, 0)",0.09333077298411896,0.07729713568974245,1,0,
Combined,GPT-2,"grid position (1, 1)",0.04382426050344878,-0.044289708747230025,1,1,
Combined,GPT-2,"grid position (1, 2)",0.07147882898682255,-0.010117909481185452,1,2,
Combined,GPT-2,"grid position (2, 0)",0.081701584494055,0.04130519039914934,2,0,
Combined,GPT-2,"grid position (2, 1)",-0.5797931918043504,0.04369433930103016,2,1,
Combined,GPT-2,"grid position (2, 2)",0.03537394967377643,0.1126260570564485,2,2,
Combined,GPT-2,"grid position (0, 0)",-0.7244669864110496,0.025454179450404704,0,0,
Combined,GPT-2,"grid position (0, 1)",0.047041053274582016,-0.0699355474994337,0,1,
Combined,GPT-2,"grid position (0, 2)",0.045250347758037046,0.039876621341509114,0,2,
Combined,GPT-2,"grid position (1, 0)",0.036416198226695826,0.05709550991053208,1,0,
Combined,GPT-2,"grid position (1, 1)",0.09183754488746973,0.02188390890774894,1,1,
Combined,GPT-2,"grid position (1, 2)",0.07290972137869924,-0.0354106699052369,1,2,
Combined,GPT-2,"grid position (2, 0)",0.08154535281450397,0.12623445089512286,2,0,
Combined,GPT-2,"grid position (2, 1)",0.09176943465377001,0.019526666571365894,2,1,
Combined,GPT-2,"grid position (2, 2)",0.061815857910869736,-0.050105609776549105,2,2,
Combined,GPT-2,"grid position (0, 0)",0.09256288656906042,-0.04258203016027342,0,0,
Combined,GPT-2,"grid position (0, 1)",0.08290097365398663,-0.01061788308459372,0,1,
Combined,GPT-2,"grid position (0, 2)",0.0743691638179963,0.016109973547334257,0,2,
Combined,GPT-2,"grid position (1, 0)",0.10851004640033168,0.02005609421190215,1,0,
Combined,GPT-2,"grid position (1, 1)",0.045890447865899006,-0.04022857023202315,1,1,
Combined,GPT-2,"grid position (1, 2)",0.09707168570584813,-0.00025862060198577036,1,2,
Combined,GPT-2,"grid position (2, 0)",0.08400276287223439,0.002896463090165224,2,0,
Combined,GPT-2,"grid position (2, 1)",-0.48629710948326016,0.05938588128124231,2,1,
Combined,GPT-2,"grid position (2, 2)",0.08847603034630658,0.08760266815461185,2,2,
Combined,GPT-2,"grid position (0, 0)",0.04985132651295351,-0.09097643190538554,0,0,
Combined,GPT-2,"grid position (0, 1)",0.07779588021613651,0.0253572526957557,0,1,
Combined,GPT-2,"grid position (0, 2)",0.05168425743545294,-0.002876986443491378,0,2,
Combined,GPT-2,"grid position (1, 0)",0.04868074601956598,-0.092833836890075,1,0,
Combined,GPT-2,"grid position (1, 1)",0.05334579372353878,-0.03454901387477934,1,1,
Combined,GPT-2,"grid position (1, 2)",-0.4553221639357368,0.019274679492556106,1,2,
Combined,GPT-2,"grid position (2, 0)",0.06383071881598293,-0.026379429724646672,2,0,
Combined,GPT-2,"grid position (2, 1)",0.07061666391407069,0.04498192046309219,2,1,
Combined,GPT-2,"grid position (2, 2)",0.08883249908727513,0.023336060889205538,2,2,
Combined,GPT-2,"grid position (0, 0)",0.053924154793472505,0.06914370922574486,0,0,
Combined,GPT-2,"grid position (0, 1)",-0.02000799114091787,-0.10725674798826419,0,1,
Combined,GPT-2,"grid position (0, 2)",0.025969573412019706,-0.07927986416760806,0,2,
Combined,GPT-2,"grid position (1, 0)",0.040798949544726,0.10666973694332092,1,0,
Combined,GPT-2,"grid position (1, 1)",0.04950456136030666,0.02781991203026018,1,1,
Combined,GPT-2,"grid position (1, 2)",0.10650111708066297,0.0069268088513552645,1,2,
Combined,GPT-2,"grid position (2, 0)",0.026723207622856616,0.05165992740865446,2,0,
Combined,GPT-2,"grid position (2, 1)",-0.5141591907370229,0.04322031749410626,2,1,
Combined,GPT-2,"grid position (2, 2)",0.08235133881964424,-0.038579662552755224,2,2,
Combined,GPT-2,"grid position (0, 0)",0.03661131830776989,-0.04520017763629864,0,0,
Combined,GPT-2,"grid position (0, 1)",0.038694892356460904,-0.11153296934004037,0,1,
Combined,GPT-2,"grid position (0, 2)",0.08425122929629347,-0.009144223939966677,0,2,
Combined,GPT-2,"grid position (1, 0)",-0.5188936744355277,0.011702258294894479,1,0,
Combined,GPT-2,"grid position (1, 1)",0.04312087428459551,-0.09560188543186887,1,1,
Combined,GPT-2,"grid position (1, 2)",0.12145760544243965,0.06795411110451116,1,2,
Combined,GPT-2,"grid position (2, 0)",0.05624160406889322,-0.00985007028095095,2,0,
Combined,GPT-2,"grid position (2, 1)",0.07674802190004915,0.053886416137435805,2,1,
Combined,GPT-2,"grid position (2, 2)",0.10199967356308641,0.09503752020611045,2,2,
Combined,GPT-2,"grid position (0, 0)",-0.553413424945581,0.0213435859736355,0,0,
Combined,GPT-2,"grid position (0, 1)",-0.054401089611950344,-0.14537233919270037,0,1,
Combined,GPT-2,"grid position (0, 2)",0.08589016502083148,0.03868712450276112,0,2,
Combined,GPT-2,"grid position (1, 0)",0.10533172430734551,0.017573937988414626,1,0,
Combined,GPT-2,"grid position (1, 1)",0.0517768260002504,-0.014699330095384721,1,1,
Combined,GPT-2,"grid position (1, 2)",0.030613720907655538,-0.018924136617470732,1,2,
Combined,GPT-2,"grid position (2, 0)",0.08141896142505788,0.04042829384304718,2,0,
Combined,GPT-2,"grid position (2, 1)",0.06941968536682429,0.04153005223607328,2,1,
Combined,GPT-2,"grid position (2, 2)",-0.00032087393379654953,-0.14126484534207281,2,2,
Combined,GPT-2,"grid position (0, 0)",0.07483147112373816,0.029257178207086013,0,0,
Combined,GPT-2,"grid position (0, 1)",-0.5138186654546303,0.06588544865258887,0,1,
Combined,GPT-2,"grid position (0, 2)",0.12118750465914181,0.08016161854173663,0,2,
Combined,GPT-2,"grid position (1, 0)",0.04095476998921995,-0.09819246908085995,1,0,
Combined,GPT-2,"grid position (1, 1)",0.04436276569876725,-0.04260604017220033,1,1,
Combined,GPT-2,"grid position (1, 2)",0.12014465467040052,0.07722206878988327,1,2,
Combined,GPT-2,"grid position (2, 0)",0.04459644930693726,-0.06378631010993481,2,0,
Combined,GPT-2,"grid position (2, 1)",0.05996102390935775,-0.01871892152858553,2,1,
Combined,GPT-2,"grid position (2, 2)",0.09036401597439815,0.03066303557037622,2,2,
Combined,GPT-2,"grid position (0, 0)",0.0761602376138437,0.02984463503643325,0,0,
Combined,GPT-2,"grid position (0, 1)",0.07533014790870565,0.07237446888057823,0,1,
Combined,GPT-2,"grid position (0, 2)",0.015113047741593395,0.0167845532246894,0,2,
Combined,GPT-2,"grid position (1, 0)",0.08919117033246106,0.01573436698451872,1,0,
Combined,GPT-2,"grid position (1, 1)",0.10708652013921208,0.0028502236158596678,1,1,
Combined,GPT-2,"grid position (1, 2)",-0.42031372866399996,0.007613794351608907,1,2,
Combined,GPT-2,"grid position (2, 0)",0.0895945253337665,0.007128831796941127,2,0,
Combined,GPT-2,"grid position (2, 1)",0.11275041988310344,-0.019341979211144663,2,1,
Combined,GPT-2,"grid position (2, 2)",0.025759287923705812,-0.08704934647013185,2,2,
Combined,GPT-2,"grid position (0, 0)",0.1122071597916199,0.08778797889481185,0,0,
Combined,GPT-2,"grid position (0, 1)",-0.0038474812123320593,-0.08769962511296477,0,1,
Combined,GPT-2,"grid position (0, 2)",0.07358931341280846,-0.0025057233308367357,0,2,
Combined,GPT-2,"grid position (1, 0)",0.10013799150729671,0.029116028939746564,1,0,
Combined,GPT-2,"grid position (1, 1)",-0.5330261690229042,-0.00238604662568924,1,1,
Combined,GPT-2,"grid position (1, 2)",0.0818291361109283,-0.07034251551202368,1,2,
Combined,GPT-2,"grid position (2, 0)",0.0876091628344074,0.031275075540384493,2,0,
Combined,GPT-2,"grid position (2, 1)",0.013552985591935319,0.015430003947436155,2,1,
Combined,GPT-2,"grid position (2, 2)",0.06572854369267968,-0.08066666543890029,2,2,
Combined,GPT-2,"grid position (0, 0)",-0.005151594539054752,-0.2066232075145235,0,0,
Combined,GPT-2,"grid position (0, 1)",-0.4918720454931451,0.05974783640494429,0,1,
Combined,GPT-2,"grid position (0, 2)",-0.004330551228056649,-0.035774383122475564,0,2,
Combined,GPT-2,"grid position (1, 0)",0.05098593114729324,-0.01694629714959222,1,0,
Combined,GPT-2,"grid position (1, 1)",0.12320296545279433,0.02965214245382664,1,1,
Combined,GPT-2,"grid position (1, 2)",0.08543277256009774,-0.04569012471008721,1,2,
Combined,GPT-2,"grid position (2, 0)",0.10844274642542827,0.07804838456080229,2,0,
Combined,GPT-2,"grid position (2, 1)",0.11580889561144994,0.02519820184714942,2,1,
Combined,GPT-2,"grid position (2, 2)",0.09863092614128909,0.023193315176006778,2,2,
Combined,GPT-2,"grid position (0, 0)",-0.00916899395735105,-0.0836047731005036,0,0,
Combined,GPT-2,"grid position (0, 1)",0.03730662273842933,0.01749057395830519,0,1,
Combined,GPT-2,"grid position (0, 2)",0.10882589705510107,0.09499633654155094,0,2,
Combined,GPT-2,"grid position (1, 0)",0.05558546963534655,0.03277919729855367,1,0,
Combined,GPT-2,"grid position (1, 1)",0.05229560571720895,-0.09898053917627635,1,1,
Combined,GPT-2,"grid position (1, 2)",0.08904782921766831,-0.00045919164138626036,1,2,
Combined,GPT-2,"grid position (2, 0)",0.07417133295854433,0.02903954973307304,2,0,
Combined,GPT-2,"grid position (2, 1)",0.05709906940179562,-8.298240203233765e-05,2,1,
Combined,GPT-2,"grid position (2, 2)",-0.4552466417603127,0.05531687613727031,2,2,
Combined,GPT-2,"grid position (0, 0)",0.07370458884307889,-0.05472038883135779,0,0,
Combined,GPT-2,"grid position (0, 1)",0.07478766201547453,-0.04674105622231062,0,1,
Combined,GPT-2,"grid position (0, 2)",0.1303192204531373,0.07390733815988197,0,2,
Combined,GPT-2,"grid position (1, 0)",0.06714212941523164,-0.03558729824998226,1,0,
Combined,GPT-2,"grid position (1, 1)",-0.5114447383605989,0.021374898240271643,1,1,
Combined,GPT-2,"grid position (1, 2)",0.11338151098065828,0.02198959213324753,1,2,
Combined,GPT-2,"grid position (2, 0)",0.03680766632445313,-0.03725417588581955,2,0,
Combined,GPT-2,"grid position (2, 1)",0.0435473614784588,-0.05358209635504999,2,1,
Combined,GPT-2,"grid position (2, 2)",0.04225073073991306,-0.0550398641485821,2,2,
Combined,GPT-2,"grid position (0, 0)",-0.01541088749641976,-0.1429827301385878,0,0,
Combined,GPT-2,"grid position (0, 1)",0.06153209287387003,-0.012321351237121275,0,1,
Combined,GPT-2,"grid position (0, 2)",-0.5289035116713535,0.051102261371121914,0,2,
Combined,GPT-2,"grid position (1, 0)",0.06259199178757362,-0.06693487439549514,1,0,
Combined,GPT-2,"grid position (1, 1)",0.11046367119129222,0.022205626070530903,1,1,
Combined,GPT-2,"grid position (1, 2)",0.12741550100603732,0.029183364245713394,1,2,
Combined,GPT-2,"grid position (2, 0)",0.07833547160614834,0.015490314186243014,2,0,
Combined,GPT-2,"grid position (2, 1)",0.10503149831987985,0.06578971529385315,2,1,
Combined,GPT-2,"grid position (2, 2)",0.050885838977945894,0.11243929759000164,2,2,
Combined,GPT-2,"grid position (0, 0)",0.07114955608805534,0.049474413939315856,0,0,
Combined,GPT-2,"grid position (0, 1)",0.061169871860453695,-0.04873040819416746,0,1,
Combined,GPT-2,"grid position (0, 2)",0.028642017959587023,-0.09894285944228863,0,2,
Combined,GPT-2,"grid position (1, 0)",-0.3081741494661902,0.028964654148217226,1,0,
Combined,GPT-2,"grid position (1, 1)",0.06762809015406013,-0.05281086657908897,1,1,
Combined,GPT-2,"grid position (1, 2)",0.10160936818096584,0.03701894470731326,1,2,
Combined,GPT-2,"grid position (2, 0)",0.05731942543185197,-0.0099437722765969,2,0,
Combined,GPT-2,"grid position (2, 1)",0.06578086465915155,0.05675703453129639,2,1,
Combined,GPT-2,"grid position (2, 2)",0.07813481397457586,0.06768961656187106,2,2,
Combined,GPT-2,"grid position (0, 0)",0.10539528131085636,0.11139828575086583,0,0,
Combined,GPT-2,"grid position (0, 1)",0.05322497466518261,0.009152106971531782,0,1,
Combined,GPT-2,"grid position (0, 2)",-0.055534629523445074,-0.19412265302405005,0,2,
Combined,GPT-2,"grid position (1, 0)",0.13070898881306148,0.1194631759085139,1,0,
Combined,GPT-2,"grid position (1, 1)",0.08967222565129969,-0.05107923122199763,1,1,
Combined,GPT-2,"grid position (1, 2)",-0.5603407925276974,-0.017489508981939746,1,2,
Combined,GPT-2,"grid position (2, 0)",0.11198826339627789,0.09670417471176844,2,0,
Combined,GPT-2,"grid position (2, 1)",0.11477393864666888,0.06942395489785179,2,1,
Combined,GPT-2,"grid position (2, 2)",0.05936626845334448,-0.03435211246343457,2,2,
Combined,GPT-2,"grid position (0, 0)",0.02530933695903734,0.0028477373146961757,0,0,
Combined,GPT-2,"grid position (0, 1)",0.049526895952288465,0.008862691595381873,0,1,
Combined,GPT-2,"grid position (0, 2)",-0.026288401914025414,-0.2114634104187025,0,2,
Combined,GPT-2,"grid position (1, 0)",-0.3759807457422962,0.022792004944939947,1,0,
Combined,GPT-2,"grid position (1, 1)",0.06763520655401958,-0.007834734770534577,1,1,
Combined,GPT-2,"grid position (1, 2)",0.062112737528888934,-0.10387718599351613,1,2,
Combined,GPT-2,"grid position (2, 0)",0.08659410112603018,0.04623378284860361,2,0,
Combined,GPT-2,"grid position (2, 1)",0.09407184606274364,0.025965392254243238,2,1,
Combined,GPT-2,"grid position (2, 2)",0.0770367047423802,-0.03350802738133717,2,2,
Combined,GPT-2,"grid position (0, 0)",0.08390611299393966,-0.03595306494134396,0,0,
Combined,GPT-2,"grid position (0, 1)",0.06544115456751842,0.03339739447586326,0,1,
Combined,GPT-2,"grid position (0, 2)",0.09948681828752702,0.08238488677954267,0,2,
Combined,GPT-2,"grid position (1, 0)",0.07269830336407555,-0.0120104687245739,1,0,
Combined,GPT-2,"grid position (1, 1)",0.08540777205706668,-0.0027923503827135625,1,1,
Combined,GPT-2,"grid position (1, 2)",-0.47839434198845526,0.03676863029808888,1,2,
Combined,GPT-2,"grid position (2, 0)",0.05640946545670644,-0.036883103904259626,2,0,
Combined,GPT-2,"grid position (2, 1)",0.05838210755738476,0.0006044467890929608,2,1,
Combined,GPT-2,"grid position (2, 2)",0.0006564637675399018,0.004284426154371059,2,2,
Combined,GPT-2,"grid position (0, 0)",0.05906116706502223,0.037795868803564815,0,0,
Combined,GPT-2,"grid position (0, 1)",0.06897395025903788,-0.03029234613250348,0,1,
Combined,GPT-2,"grid position (0, 2)",0.09481921361926111,0.05162880182928199,0,2,
Combined,GPT-2,"grid position (1, 0)",0.09110739074793778,0.09366982741737791,1,0,
Combined,GPT-2,"grid position (1, 1)",0.07182946224956424,-0.05239453083607722,1,1,
Combined,GPT-2,"grid position (1, 2)",0.11434900496520761,-0.01876318481403411,1,2,
Combined,GPT-2,"grid position (2, 0)",0.043041052988750175,0.01947614781561079,2,0,
Combined,GPT-2,"grid position (2, 1)",0.04681062701228568,-0.07388392497447163,2,1,
Combined,GPT-2,"grid position (2, 2)",-0.5433241318518875,0.03065654398199622,2,2,
Combined,GPT-2,"grid position (0, 0)",0.06381534102378048,-0.043919016226830684,0,0,
Combined,GPT-2,"grid position (0, 1)",0.06917273291471145,0.02727808962302575,0,1,
Combined,GPT-2,"grid position (0, 2)",0.056985286689382665,0.029225286599411322,0,2,
Combined,GPT-2,"grid position (1, 0)",0.07483470742836641,-0.03232701696781079,1,0,
Combined,GPT-2,"grid position (1, 1)",-0.42013963405182875,0.030557961450256264,1,1,
Combined,GPT-2,"grid position (1, 2)",0.041949427904001704,-0.025971909111960297,1,2,
Combined,GPT-2,"grid position (2, 0)",0.024370290221726425,-0.12928603639482852,2,0,
Combined,GPT-2,"grid position (2, 1)",0.0029639240034072915,-0.05281728903104469,2,1,
Combined,GPT-2,"grid position (2, 2)",0.007850754797592695,-0.010555337538269616,2,2,
Combined,GPT-2,"grid position (0, 0)",0.029203454445003885,-0.06313339303457965,0,0,
Combined,GPT-2,"grid position (0, 1)",0.0438313266000732,-0.03737753614313112,0,1,
Combined,GPT-2,"grid position (0, 2)",0.08338858551908027,0.03906817984354902,0,2,
Combined,GPT-2,"grid position (1, 0)",0.08975195455848745,0.010435294648964597,1,0,
Combined,GPT-2,"grid position (1, 1)",-0.45144659419623573,0.028787074118773896,1,1,
Combined,GPT-2,"grid position (1, 2)",0.08563498820017819,0.05209196090912892,1,2,
Combined,GPT-2,"grid position (2, 0)",0.057190288884176335,0.07923543507069918,2,0,
Combined,GPT-2,"grid position (2, 1)",0.055864709710228604,-0.020067969186164873,2,1,
Combined,GPT-2,"grid position (2, 2)",0.07062529372134105,0.10184022886158121,2,2,
Combined,GPT-2,"grid position (0, 0)",-0.0059441998639721254,-0.04578267891171149,0,0,
Combined,GPT-2,"grid position (0, 1)",0.10100899055724485,0.025168793484398936,0,1,
Combined,GPT-2,"grid position (0, 2)",0.10800589307580735,0.05420206647116415,0,2,
Combined,GPT-2,"grid position (1, 0)",-0.5229103386022175,-0.017144023738958215,1,0,
Combined,GPT-2,"grid position (1, 1)",0.05896603650803933,-0.01703965417143068,1,1,
Combined,GPT-2,"grid position (1, 2)",0.09614533171682119,0.05400622587746672,1,2,
Combined,GPT-2,"grid position (2, 0)",0.066467108191879,-0.08600044999416126,2,0,
Combined,GPT-2,"grid position (2, 1)",0.06824989168685082,-0.02974441047000532,2,1,
Combined,GPT-2,"grid position (2, 2)",0.043288274984481886,-0.02606087240603934,2,2,
Combined,GPT-2,"grid position (0, 0)",0.036111176392127756,-0.061849817316573255,0,0,
Combined,GPT-2,"grid position (0, 1)",-0.5164658613444731,-0.012827223887224723,0,1,
Combined,GPT-2,"grid position (0, 2)",-0.037923039441310834,-0.16705980678759758,0,2,
Combined,GPT-2,"grid position (1, 0)",0.12436269424197759,0.05580967697923162,1,0,
Combined,GPT-2,"grid position (1, 1)",0.09349994419702512,-0.020968100825687116,1,1,
Combined,GPT-2,"grid position (1, 2)",0.07288511821677583,-0.06923518079452431,1,2,
Combined,GPT-2,"grid position (2, 0)",0.1014956355646036,0.06100550406595265,2,0,
Combined,GPT-2,"grid position (2, 1)",0.09440650544250229,-0.00503764590636252,2,1,
Combined,GPT-2,"grid position (2, 2)",0.06721479858766903,-0.050248949797553455,2,2,
Combined,GPT-2,"grid position (0, 0)",0.06908273441833633,0.04836149851740151,0,0,
Combined,GPT-2,"grid position (0, 1)",-0.46558938935351335,0.0309859606280793,0,1,
Combined,GPT-2,"grid position (0, 2)",0.04662662764145749,0.1189700671719727,0,2,
Combined,GPT-2,"grid position (1, 0)",0.09625901658018167,0.04178814243236569,1,0,
Combined,GPT-2,"grid position (1, 1)",0.03845071599554909,-0.06897547716617036,1,1,
Combined,GPT-2,"grid position (1, 2)",-0.023865551500273637,-0.12753779877861304,1,2,
Combined,GPT-2,"grid position (2, 0)",0.03013372017916131,0.016531480595241,2,0,
Combined,GPT-2,"grid position (2, 1)",0.08426823432920708,0.029421225506961586,2,1,
Combined,GPT-2,"grid position (2, 2)",0.06914131577858026,0.045217619017803676,2,2,
Combined,GPT-2,"grid position (0, 0)",0.09757897877587124,-0.02492783846703216,0,0,
Combined,GPT-2,"grid position (0, 1)",0.06170558482055356,0.03173393892955641,0,1,
Combined,GPT-2,"grid position (1, 0)",-0.36029173352216187,-0.004386966154002031,1,0,
Combined,GPT-2,"grid position (1, 1)",0.09846166085595967,0.047585962361320434,1,1,
Combined,GPT-2,"grid position (1, 2)",0.0963658965952031,0.11153244347733789,1,2,
Combined,GPT-2,"grid position (2, 0)",0.0362834435751853,-0.06866946698303196,2,0,
Combined,GPT-2,"grid position (2, 1)",0.05090784679013159,-0.048491072114468625,2,1,
Combined,GPT-2,"grid position (2, 2)",0.0006562744781867894,-0.09790797750401475,2,2,
Combined,GPT-2,"grid position (0, 0)",0.043094778799001136,0.016452260450737406,0,0,
Combined,GPT-2,"grid position (0, 1)",0.05813233718075978,0.01965324418581576,0,1,
Combined,GPT-2,"grid position (0, 2)",0.063463695643433,0.0676084179591945,0,2,
Combined,GPT-2,"grid position (1, 0)",-0.370156256231297,0.0021867867113104134,1,0,
Combined,GPT-2,"grid position (1, 1)",0.07393667926079184,-0.002289385188960226,1,1,
Combined,GPT-2,"grid position (1, 2)",0.06714285266021595,0.0579257739511718,1,2,
Combined,GPT-2,"grid position (2, 0)",0.028798140313298085,-0.05495355978516426,2,0,
Combined,GPT-2,"grid position (2, 1)",0.04339635026898981,0.007200529847105787,2,1,
Combined,GPT-2,"grid position (2, 2)",-0.014151089859857812,-0.088132761010174,2,2,
Combined,GPT-2,"grid position (0, 0)",0.1184541019768935,0.0736868377947452,0,0,
Combined,GPT-2,"grid position (0, 1)",0.07853791988123121,0.15612318167316308,0,1,
Combined,GPT-2,"grid position (0, 2)",-0.02471692601129878,-0.09869949398576541,0,2,
Combined,GPT-2,"grid position (1, 0)",0.0903381706790375,0.022406638766050636,1,0,
Combined,GPT-2,"grid position (1, 1)",0.10327090485870577,0.04487074334302811,1,1,
Combined,GPT-2,"grid position (1, 2)",-0.4882241273765735,-0.005492086443798519,1,2,
Combined,GPT-2,"grid position (2, 0)",0.04832019020008816,-0.11159630029976793,2,0,
Combined,GPT-2,"grid position (2, 1)",0.14788866404777576,0.03857837210253404,2,1,
Combined,GPT-2,"grid position (2, 2)",0.11146725327336401,-0.003839415031627232,2,2,
Combined,GPT-2,"grid position (0, 0)",0.09901699114994299,0.10220118302938072,0,0,
Combined,GPT-2,"grid position (0, 1)",0.07906086055890639,0.02473445202490186,0,1,
Combined,GPT-2,"grid position (0, 2)",0.08844133180065965,-0.020320150954899228,0,2,
Combined,GPT-2,"grid position (1, 0)",-0.4839013002331035,0.038651955369245275,1,0,
Combined,GPT-2,"grid position (1, 1)",0.07994571091708491,0.04137498854234798,1,1,
Combined,GPT-2,"grid position (1, 2)",0.11418045621656353,-0.011422158173463797,1,2,
Combined,GPT-2,"grid position (2, 0)",0.028449124665484285,-0.03555090885946607,2,0,
Combined,GPT-2,"grid position (2, 1)",0.06311774767567807,-0.0028372577398902282,2,1,
Combined,GPT-2,"grid position (2, 2)",0.08440697216949239,-0.01749273511205705,2,2,
Combined,GPT-2,"grid position (0, 0)",-0.6818458161595005,0.015023126852177228,0,0,
Combined,GPT-2,"grid position (0, 1)",0.022478754180877233,0.0431749901566879,0,1,
Combined,GPT-2,"grid position (0, 2)",0.013086290307316843,0.09944785558146586,0,2,
Combined,GPT-2,"grid position (1, 0)",-0.06882774946051971,-0.18846962094507536,1,0,
Combined,GPT-2,"grid position (1, 1)",0.11288766215420701,0.03853135467628592,1,1,
Combined,GPT-2,"grid position (1, 2)",0.0549641651599792,-0.01333049040355906,1,2,
Combined,GPT-2,"grid position (2, 0)",0.06093861252006897,0.03394420679285123,2,0,
Combined,GPT-2,"grid position (2, 1)",0.12069752364422906,0.06916378124634265,2,1,
Combined,GPT-2,"grid position (2, 2)",0.0943592101606212,0.014590404519685038,2,2,
Combined,GPT-2,"grid position (0, 0)",0.06765701055332007,0.03308598731323498,0,0,
Combined,GPT-2,"grid position (0, 1)",0.06502121229093603,-0.011606006635181156,0,1,
Combined,GPT-2,"grid position (0, 2)",0.05378586138182541,-0.08452658292596164,0,2,
Combined,GPT-2,"grid position (1, 0)",0.05464094464213862,0.0002761774505158062,1,0,
Combined,GPT-2,"grid position (1, 1)",0.07903531432922366,0.0009132816523357307,1,1,
Combined,GPT-2,"grid position (1, 2)",-0.3237859531907629,0.032648422178597036,1,2,
Combined,GPT-2,"grid position (2, 0)",0.07064856898185304,0.06880175433996903,2,0,
Combined,GPT-2,"grid position (2, 1)",0.08141102558444349,0.04736785435626874,2,1,
Combined,GPT-2,"grid position (2, 2)",0.053407943187078026,0.013069126479331193,2,2,
Combined,GPT-2,"grid position (0, 0)",-0.561087504287214,-0.002524551470451152,0,0,
Combined,GPT-2,"grid position (0, 1)",0.01917831273928282,-0.08628758112370667,0,1,
Combined,GPT-2,"grid position (1, 0)",0.06252818998024481,-0.02782215962311958,1,0,
Combined,GPT-2,"grid position (1, 1)",0.08356548193055323,0.004889723486933462,1,1,
Combined,GPT-2,"grid position (1, 2)",0.0711067152589502,-0.02917258583764042,1,2,
Combined,GPT-2,"grid position (2, 0)",0.10584956411059449,0.08337697141090672,2,0,
Combined,GPT-2,"grid position (2, 1)",0.1286268852808877,0.07010909644073877,2,1,
Combined,GPT-2,"grid position (2, 2)",0.11623448581268853,0.03772261506667935,2,2,
Combined,GPT-2,"grid position (0, 0)",0.05299658473438369,0.07013710767358104,0,0,
Combined,GPT-2,"grid position (0, 1)",0.03109002760873311,0.08964996789606824,0,1,
Combined,GPT-2,"grid position (0, 2)",0.06338996202644558,0.018746124995112044,0,2,
Combined,GPT-2,"grid position (1, 0)",-0.009806414453735353,-0.07919509733682495,1,0,
Combined,GPT-2,"grid position (1, 1)",0.067326559454568,-0.004627339543181548,1,1,
Combined,GPT-2,"grid position (1, 2)",0.061195189859988085,0.05923953935867263,1,2,
Combined,GPT-2,"grid position (2, 0)",-0.41013920386768704,-0.002468964288112675,2,0,
Combined,GPT-2,"grid position (2, 1)",0.029099440297334404,-0.05688835015888206,2,1,
Combined,GPT-2,"grid position (2, 2)",0.033801428076728354,-0.004897391921484991,2,2,
Combined,GPT-2,"grid position (0, 0)",0.0558973040515507,0.03633090156626415,0,0,
Combined,GPT-2,"grid position (0, 1)",0.08701209695512897,0.02904736896781291,0,1,
Combined,GPT-2,"grid position (0, 2)",-0.6043132222010246,0.026127719374346856,0,2,
Combined,GPT-2,"grid position (1, 0)",0.0644867872740055,-0.08834219666710472,1,0,
Combined,GPT-2,"grid position (1, 1)",0.1054561407262178,0.04591452097450006,1,1,
Combined,GPT-2,"grid position (1, 2)",0.06859593871275269,-0.025642076270333138,1,2,
Combined,GPT-2,"grid position (2, 0)",0.015962562520854193,-0.07275935310270742,2,0,
Combined,GPT-2,"grid position (2, 1)",0.07517533591340264,0.056672816293199986,2,1,
Combined,GPT-2,"grid position (2, 2)",0.0732676497654002,0.005664578051802387,2,2,
Combined,GPT-2,"grid position (0, 0)",0.06867921884435788,-0.020111458496112563,0,0,
Combined,GPT-2,"grid position (0, 1)",-0.4500769107042768,0.024740946636300915,0,1,
Combined,GPT-2,"grid position (0, 2)",0.04655118641256962,-0.03654531062758162,0,2,
Combined,GPT-2,"grid position (1, 0)",0.09141219068579548,0.05643440618235057,1,0,
Combined,GPT-2,"grid position (1, 1)",0.03825430564310851,-0.03458017321928737,1,1,
Combined,GPT-2,"grid position (1, 2)",0.020531048498289343,-0.09970182386419954,1,2,
Combined,GPT-2,"grid position (2, 0)",0.06784672655762633,0.04743992957299366,2,0,
Combined,GPT-2,"grid position (2, 1)",0.048687902135579574,0.006489461662482418,2,1,
Combined,GPT-2,"grid position (2, 2)",0.03852630819280737,0.09581603174166016,2,2,
Combined,GPT-2,"grid position (0, 0)",0.07177305711866457,0.10961434048660425,0,0,
Combined,GPT-2,"grid position (0, 1)",0.09632765886777939,0.09420507221162465,0,1,
Combined,GPT-2,"grid position (0, 2)",0.04599388816621271,-0.011822245903105143,0,2,
Combined,GPT-2,"grid position (1, 0)",0.04320133141553288,0.01397661287633036,1,0,
Combined,GPT-2,"grid position (1, 1)",0.11243758650202221,0.07092472829114213,1,1,
Combined,GPT-2,"grid position (1, 2)",-0.44635042934061797,-0.00271906848041106,1,2,
Combined,GPT-2,"grid position (2, 0)",0.08255624173757085,0.10374698795511703,2,0,
Combined,GPT-2,"grid position (2, 1)",0.07944608502722558,0.010493249378183236,2,1,
Combined,GPT-2,"grid position (2, 2)",-0.014873168197939246,-0.14657390221699962,2,2,
Combined,GPT-2,"grid position (0, 0)",-0.1402664723795865,-0.23775620096213115,0,0,
Combined,GPT-2,"grid position (0, 1)",-0.5472263357327966,0.013219009619093641,0,1,
Combined,GPT-2,"grid position (0, 2)",-0.02002751335024267,-0.11879526441538456,0,2,
Combined,GPT-2,"grid position (1, 0)",0.05931246722934948,-0.008725295640507972,1,0,
Combined,GPT-2,"grid position (1, 1)",0.11788982480955826,0.005106298923419412,1,1,
Combined,GPT-2,"grid position (1, 2)",0.1271136809679101,0.001852878245246449,1,2,
Combined,GPT-2,"grid position (2, 0)",0.06367544518264763,0.039098563305003865,2,0,
Combined,GPT-2,"grid position (2, 1)",0.11722098626144033,0.011569131448186103,2,1,
Combined,GPT-2,"grid position (2, 2)",0.11613418893248122,0.009529522990148049,2,2,
Combined,GPT-2,"grid position (0, 0)",0.0009197551272205675,-0.052293818240475326,0,0,
Combined,GPT-2,"grid position (0, 1)",0.033503775283804535,-0.10113732508909433,0,1,
Combined,GPT-2,"grid position (0, 2)",0.055148096656026865,0.04094668997225916,0,2,
Combined,GPT-2,"grid position (1, 0)",-0.34366857678505686,0.017780240915301955,1,0,
Combined,GPT-2,"grid position (1, 1)",0.058710133508415675,-0.017508735664432968,1,1,
Combined,GPT-2,"grid position (1, 2)",0.06456931493110005,-0.05649245187593362,1,2,
Combined,GPT-2,"grid position (2, 0)",0.08932693291724426,-0.0009655480812784212,2,0,
Combined,GPT-2,"grid position (2, 1)",0.07065030362396524,0.04528473937811176,2,1,
Combined,GPT-2,"grid position (2, 2)",0.07057250781048938,0.036606234668877385,2,2,
Combined,GPT-2,"grid position (0, 0)",-0.5571595365073667,-0.00835963646477481,0,0,
Combined,GPT-2,"grid position (0, 1)",0.07186386406579773,-0.03362558720957521,0,1,
Combined,GPT-2,"grid position (0, 2)",0.04656862034567118,-0.022380693270779184,0,2,
Combined,GPT-2,"grid position (1, 0)",0.028616480599932683,-0.10424676954317058,1,0,
Combined,GPT-2,"grid position (1, 1)",0.11803771945719996,0.030656914846311507,1,1,
Combined,GPT-2,"grid position (1, 2)",0.10055072767883876,0.024607238951796263,1,2,
Combined,GPT-2,"grid position (2, 0)",0.08732421471524833,0.029156095677476408,2,0,
Combined,GPT-2,"grid position (2, 1)",0.13324665649080691,0.061534881558405516,2,1,
Combined,GPT-2,"grid position (2, 2)",0.10150847447160287,0.027606183213928152,2,2,
Combined,GPT-2,"grid position (0, 0)",0.05338175610392927,-0.02655262522554827,0,0,
Combined,GPT-2,"grid position (0, 1)",0.10325685467499714,0.03696698795015738,0,1,
Combined,GPT-2,"grid position (0, 2)",-0.6230689808198084,0.05785904103193591,0,2,
Combined,GPT-2,"grid position (1, 0)",0.054275735972955,-0.07474100203037227,1,0,
Combined,GPT-2,"grid position (1, 1)",0.11227242677636298,0.07816075130489947,1,1,
Combined,GPT-2,"grid position (1, 2)",0.05404573454072362,-0.01996666716211599,1,2,
Combined,GPT-2,"grid position (2, 0)",-0.04359293773592136,-0.25369322095552443,2,0,
Combined,GPT-2,"grid position (2, 1)",0.048091967501404605,-0.022809112494928736,2,1,
Combined,GPT-2,"grid position (2, 2)",0.043745257343010095,-0.04229573698879871,2,2,
Combined,GPT-2,"grid position (0, 0)",0.07376105456263733,-0.031122072385724158,0,0,
Combined,GPT-2,"grid position (0, 1)",-0.2817281135228883,0.03441934547676458,0,1,
Combined,GPT-2,"grid position (0, 2)",0.09540554399480185,0.02211577541093232,0,2,
Combined,GPT-2,"grid position (1, 0)",0.08656969297878843,-0.0666228385845989,1,0,
Combined,GPT-2,"grid position (1, 1)",0.08779773565345297,0.04426912731329258,1,1,
Combined,GPT-2,"grid position (1, 2)",0.11747017600740166,0.03976880381958844,1,2,
Combined,GPT-2,"grid position (2, 0)",0.05488891952701152,-0.08048626966400475,2,0,
Combined,GPT-2,"grid position (2, 1)",0.09083866685012591,0.06969334235608803,2,1,
Combined,GPT-2,"grid position (2, 2)",0.08875469495336129,0.07995099804995155,2,2,
Combined,GPT-2,"grid position (0, 0)",0.058301700658231696,-0.05274349000740726,0,0,
Combined,GPT-2,"grid position (0, 1)",0.02004981552018967,-0.004883396123231153,0,1,
Combined,GPT-2,"grid position (0, 2)",0.06347798517248764,-0.012128739878955866,0,2,
Combined,GPT-2,"grid position (1, 0)",0.08565077583055442,-0.09008251772348667,1,0,
Combined,GPT-2,"grid position (1, 1)",-0.4563335407930696,0.0457292959977665,1,1,
Combined,GPT-2,"grid position (1, 2)",0.0996982527674472,0.0266503314091823,1,2,
Combined,GPT-2,"grid position (2, 0)",0.11334809894534892,0.039940797892905784,2,0,
Combined,GPT-2,"grid position (2, 1)",0.11356296555512542,0.050257060052809596,2,1,
Combined,GPT-2,"grid position (2, 2)",0.07772960118577844,0.0423806321736479,2,2,
Combined,GPT-2,"grid position (0, 0)",0.02751434060035973,0.04502861055159316,0,0,
Combined,GPT-2,"grid position (0, 1)",0.009728041068681179,-0.010412543445070881,0,1,
Combined,GPT-2,"grid position (0, 2)",0.07602936747081543,0.0020202863255588386,0,2,
Combined,GPT-2,"grid position (1, 0)",-0.6226358047919597,0.041343398926264124,1,0,
Combined,GPT-2,"grid position (1, 1)",0.04219931064885917,-0.025878331369003676,1,1,
Combined,GPT-2,"grid position (1, 2)",0.09127368847105309,0.07407067951709476,1,2,
Combined,GPT-2,"grid position (2, 0)",0.09622740687962482,0.021526715754220146,2,0,
Combined,GPT-2,"grid position (2, 1)",0.06370824601592176,-0.028032846771167914,2,1,
Combined,GPT-2,"grid position (2, 2)",-0.004555571839984287,-0.04532765696864032,2,2,
Combined,GPT-2,"grid position (0, 0)",0.010375287512556947,0.0684142530736931,0,0,
Combined,GPT-2,"grid position (0, 1)",0.05604319315505574,0.033780320329864805,0,1,
Combined,GPT-2,"grid position (0, 2)",0.10109375434148295,0.03658747059045423,0,2,
Combined,GPT-2,"grid position (1, 0)",0.06925593384675674,0.06046560146397965,1,0,
Combined,GPT-2,"grid position (1, 1)",0.060708992821300635,-0.06729792590295401,1,1,
Combined,GPT-2,"grid position (1, 2)",-0.4390080086917651,0.010746708197968935,1,2,
Combined,GPT-2,"grid position (2, 0)",0.0692074507743777,-0.026304773344460897,2,0,
Combined,GPT-2,"grid position (2, 1)",0.050363003412162835,-0.051746738202615994,2,1,
Combined,GPT-2,"grid position (2, 2)",-0.030806043664782613,-0.09179980229316202,2,2,
Combined,GPT-2,"grid position (0, 0)",0.03339549788855445,-0.02389414169604607,0,0,
Combined,GPT-2,"grid position (0, 1)",0.06726884465112247,-0.012518553834627957,0,1,
Combined,GPT-2,"grid position (0, 2)",0.04241879206563944,0.0070914430962555845,0,2,
Combined,GPT-2,"grid position (1, 0)",0.04391869951080971,-0.019550653300723413,1,0,
Combined,GPT-2,"grid position (1, 1)",0.06571400916058515,-0.009175440350229902,1,1,
Combined,GPT-2,"grid position (1, 2)",-0.6287706975738212,0.05381017484857169,1,2,
Combined,GPT-2,"grid position (2, 0)",0.02232714709162776,-0.03522640201708924,2,0,
Combined,GPT-2,"grid position (2, 1)",0.07394920967248657,-0.001363819538112586,2,1,
Combined,GPT-2,"grid position (2, 2)",0.09629135284556009,0.030639747784145886,2,2,
Combined,GPT-2,"grid position (0, 0)",-0.5948232067103825,0.011879864545395623,0,0,
Combined,GPT-2,"grid position (0, 1)",-0.009911940629750367,-0.10805409094272152,0,1,
Combined,GPT-2,"grid position (0, 2)",0.07580510492158274,-0.03591479867403321,0,2,
Combined,GPT-2,"grid position (1, 0)",0.07807735097516937,-0.01426347152761002,1,0,
Combined,GPT-2,"grid position (1, 1)",0.10082317555875377,0.023555267615291767,1,1,
Combined,GPT-2,"grid position (1, 2)",0.12058439755881825,0.006244325836470151,1,2,
Combined,GPT-2,"grid position (2, 0)",0.1048962285166308,0.05805029291561351,2,0,
Combined,GPT-2,"grid position (2, 1)",0.10530047203837428,0.06712402856046766,2,1,
Combined,GPT-2,"grid position (2, 2)",0.09102227070764919,0.026648753237699472,2,2,
Combined,GPT-2,"grid position (0, 0)",0.04315407718097034,0.06576784145586143,0,0,
Combined,GPT-2,"grid position (0, 1)",0.06171043421510845,0.03295909143250711,0,1,
Combined,GPT-2,"grid position (0, 2)",0.04574371567575982,-0.10471646649496831,0,2,
Combined,GPT-2,"grid position (1, 0)",0.07231166735679766,0.049091997010882855,1,0,
Combined,GPT-2,"grid position (1, 1)",0.1003917495678566,0.05373966412104376,1,1,
Combined,GPT-2,"grid position (1, 2)",-0.3851047862839219,-0.015729291897318882,1,2,
Combined,GPT-2,"grid position (2, 0)",0.06896578432363788,0.036530786269745354,2,0,
Combined,GPT-2,"grid position (2, 1)",0.08132470192027441,0.047785097916397935,2,1,
Combined,GPT-2,"grid position (2, 2)",0.045504325747648275,-0.07180593146830912,2,2,
Combined,GPT-2,"grid position (0, 0)",0.014543349960882482,-0.08943681632457076,0,0,
Combined,GPT-2,"grid position (0, 1)",0.07119683626522523,-0.011508070500899088,0,1,
Combined,GPT-2,"grid position (0, 2)",0.06384589271020727,0.003268950857886025,0,2,
Combined,GPT-2,"grid position (1, 0)",-0.4333710424528243,0.03745623271766929,1,0,
Combined,GPT-2,"grid position (1, 1)",0.0893333893796214,0.02933390875600972,1,1,
Combined,GPT-2,"grid position (1, 2)",0.0874892227316024,-0.046314240006061616,1,2,
Combined,GPT-2,"grid position (2, 0)",0.10499114700363812,0.005057469917350063,2,0,
Combined,GPT-2,"grid position (2, 1)",0.0950058342877335,0.10853755118894408,2,1,
Combined,GPT-2,"grid position (2, 2)",0.10170699741063122,0.02883424326351122,2,2,
Combined,GPT-2,"grid position (0, 1)",0.08705121061070452,0.10527171600222791,0,1,
Combined,GPT-2,"grid position (0, 2)",0.091975424189987,0.08158484546152364,0,2,
Combined,GPT-2,"grid position (1, 0)",0.0556684232454214,0.03030138978144612,1,0,
Combined,GPT-2,"grid position (1, 1)",0.0654361901341273,-0.028903999605523808,1,1,
Combined,GPT-2,"grid position (1, 2)",-0.3832706681638077,0.02912024520893328,1,2,
Combined,GPT-2,"grid position (2, 0)",0.08651185723558433,0.046537883500761545,2,0,
Combined,GPT-2,"grid position (2, 1)",0.042698813352298734,-0.09174508700716201,2,1,
Combined,GPT-2,"grid position (2, 2)",0.027678368626615553,-0.10325272065301344,2,2,
Combined,GPT-2,"grid position (0, 0)",-0.5971716033101725,0.004353633999969061,0,0,
Combined,GPT-2,"grid position (0, 1)",0.10426267392609119,0.027618130956037646,0,1,
Combined,GPT-2,"grid position (0, 2)",0.14475925051749627,0.0976929006759571,0,2,
Combined,GPT-2,"grid position (1, 0)",0.044958694704648784,-0.0787019770489576,1,0,
Combined,GPT-2,"grid position (1, 1)",0.0930533368118912,-0.020500542962444197,1,1,
Combined,GPT-2,"grid position (1, 2)",0.14571911868153384,0.11293630961648049,1,2,
Combined,GPT-2,"grid position (2, 0)",0.09802811623964035,-0.012537876280265873,2,0,
Combined,GPT-2,"grid position (2, 1)",0.08226708475033126,0.035412088758162846,2,1,
Combined,GPT-2,"grid position (2, 2)",0.07253596974572639,0.030266215844096802,2,2,
Combined,GPT-2,"grid position (0, 0)",0.0995270459073505,0.0451251325097941,0,0,
Combined,GPT-2,"grid position (0, 1)",0.04898429899748021,-0.048114616163502835,0,1,
Combined,GPT-2,"grid position (0, 2)",0.02144857487287035,-0.03069709410901903,0,2,
Combined,GPT-2,"grid position (1, 0)",0.11885211250228978,0.06107696973823565,1,0,
Combined,GPT-2,"grid position (1, 1)",0.032962912683343594,-0.08236558136261408,1,1,
Combined,GPT-2,"grid position (1, 2)",0.007254139757965086,-0.12028377317132764,1,2,
Combined,GPT-2,"grid position (2, 0)",0.09378524719478909,0.08616888722862866,2,0,
Combined,GPT-2,"grid position (2, 1)",-0.4634669079198496,0.0107941512544709,2,1,
Combined,GPT-2,"grid position (2, 2)",-0.000762601386350212,-0.10025335207579572,2,2,
Combined,GPT-2,"grid position (0, 0)",0.05331958545166534,-0.028332976932163162,0,0,
Combined,GPT-2,"grid position (0, 1)",0.04474824419932499,-0.05810162448634876,0,1,
Combined,GPT-2,"grid position (0, 2)",0.060050019498187876,-0.04409815574592575,0,2,
Combined,GPT-2,"grid position (1, 0)",0.06013018860847139,-0.028334656560531284,1,0,
Combined,GPT-2,"grid position (1, 1)",0.051957217451780474,-0.07287122444106253,1,1,
Combined,GPT-2,"grid position (1, 2)",-0.5478431362773967,0.030519766500150956,1,2,
Combined,GPT-2,"grid position (2, 0)",0.047054950093583126,0.06414474889895067,2,0,
Combined,GPT-2,"grid position (2, 1)",0.08894673744726761,0.04031778114224092,2,1,
Combined,GPT-2,"grid position (2, 2)",0.11512087828657316,0.04996333058783558,2,2,
Combined,GPT-2,"grid position (0, 0)",0.03990037700209659,0.16516557870949367,0,0,
Combined,GPT-2,"grid position (0, 1)",0.03937639738157738,0.1373115696415974,0,1,
Combined,GPT-2,"grid position (1, 0)",0.10418245148578298,0.018851451983476077,1,0,
Combined,GPT-2,"grid position (1, 1)",-0.5491199783155132,0.038448006774896244,1,1,
Combined,GPT-2,"grid position (1, 2)",0.05647916968842693,-0.05831363000476583,1,2,
Combined,GPT-2,"grid position (2, 0)",0.06403989029701365,-0.015044328612329185,2,0,
Combined,GPT-2,"grid position (2, 1)",0.06984131848183626,0.004941327276369874,2,1,
Combined,GPT-2,"grid position (2, 2)",0.0949202543539898,-0.02180426211974782,2,2,
Combined,GPT-2,"grid position (0, 0)",0.04182606345864607,0.023708462496430178,0,0,
Combined,GPT-2,"grid position (0, 1)",0.06289901588735136,0.00792824153469339,0,1,
Combined,GPT-2,"grid position (0, 2)",0.13427895843693047,0.05960051706668087,0,2,
Combined,GPT-2,"grid position (1, 0)",-0.6738557001880876,0.025044987352848446,1,0,
Combined,GPT-2,"grid position (1, 1)",0.0938684536349611,-0.0024585785979626107,1,1,
Combined,GPT-2,"grid position (1, 2)",0.11557540022200682,0.04939941882696495,1,2,
Combined,GPT-2,"grid position (2, 0)",-0.0214841637744675,-0.09229815245934886,2,0,
Combined,GPT-2,"grid position (2, 1)",0.06616646058734839,-0.02449889354665485,2,1,
Combined,GPT-2,"grid position (2, 2)",0.08124082171233753,0.019056967404832204,2,2,
Combined,GPT-2,"grid position (0, 0)",0.12588398103438686,0.06627887396780742,0,0,
Combined,GPT-2,"grid position (0, 1)",0.11286998214566506,0.05429488818777128,0,1,
Combined,GPT-2,"grid position (0, 2)",0.025928159503964116,-0.1095877032433949,0,2,
Combined,GPT-2,"grid position (1, 0)",0.11750592782354527,0.05973449960098961,1,0,
Combined,GPT-2,"grid position (1, 1)",0.11490495480559677,0.037637476207948266,1,1,
Combined,GPT-2,"grid position (1, 2)",0.0035471736484053687,-0.16658139728517535,1,2,
Combined,GPT-2,"grid position (2, 1)",-0.6688807108985276,0.04263146974010226,2,1,
Combined,GPT-2,"grid position (2, 2)",-0.08010833717210754,-0.2188996503289227,2,2,
Combined,GPT-2,"grid position (0, 0)",0.07425237163200615,0.07065968996735816,0,0,
Combined,GPT-2,"grid position (0, 1)",0.09443929035974967,0.10015426120685625,0,1,
Combined,GPT-2,"grid position (0, 2)",0.08788757084688206,0.0005133365470856392,0,2,
Combined,GPT-2,"grid position (1, 0)",0.07048940441430529,-0.06536869921199873,1,0,
Combined,GPT-2,"grid position (1, 1)",0.03618456120897597,-0.015065320906256788,1,1,
Combined,GPT-2,"grid position (1, 2)",0.019094513575477853,-0.07938494869016956,1,2,
Combined,GPT-2,"grid position (2, 0)",0.06822201797349535,-0.01812768614907155,2,0,
Combined,GPT-2,"grid position (2, 1)",0.049117156521385756,0.031811651940558974,2,1,
Combined,GPT-2,"grid position (2, 2)",-0.588446903864433,0.031264115557498126,2,2,
Combined,GPT-2,"grid position (0, 0)",0.08858487587884159,0.03206102444391656,0,0,
Combined,GPT-2,"grid position (0, 1)",0.08644735266804447,0.019174222518897773,0,1,
Combined,GPT-2,"grid position (0, 2)",0.06798145856692255,0.06724225368234824,0,2,
Combined,GPT-2,"grid position (1, 0)",0.02431541258145453,-0.053275952245199834,1,0,
Combined,GPT-2,"grid position (1, 1)",0.0875292378995481,0.020407868710913712,1,1,
Combined,GPT-2,"grid position (1, 2)",0.09226412877928247,0.06681192647602213,1,2,
Combined,GPT-2,"grid position (2, 0)",-0.5404471195322491,0.0005593338241937368,2,0,
Combined,GPT-2,"grid position (2, 1)",0.0420526368408707,-0.037432422948944825,2,1,
Combined,GPT-2,"grid position (2, 2)",0.07759908314609433,0.04426692591500629,2,2,
Combined,GPT-2,"grid position (0, 0)",0.05757566824866606,0.014541942965393719,0,0,
Combined,GPT-2,"grid position (0, 1)",0.04006303407903795,-0.03258699168304128,0,1,
Combined,GPT-2,"grid position (0, 2)",0.0017561354128619667,-0.11167176350621102,0,2,
Combined,GPT-2,"grid position (1, 0)",0.060672984735225956,-0.00672426435421349,1,0,
Combined,GPT-2,"grid position (1, 1)",0.10894564754127672,-0.0013400942656761373,1,1,
Combined,GPT-2,"grid position (1, 2)",0.1106477082458385,0.06130269065986057,1,2,
Combined,GPT-2,"grid position (2, 0)",-0.58166547304021,0.04542729878707156,2,0,
Combined,GPT-2,"grid position (2, 1)",0.09972912915022242,0.027446300384144265,2,1,
Combined,GPT-2,"grid position (2, 2)",0.1027110340301065,0.0845580277408692,2,2,
Combined,GPT-2,"grid position (0, 0)",-0.028901867904077533,-0.15934006217605165,0,0,
Combined,GPT-2,"grid position (0, 1)",0.05257391286508184,-0.05599073665389797,0,1,
Combined,GPT-2,"grid position (0, 2)",-0.5395489934326985,0.04379363446212233,0,2,
Combined,GPT-2,"grid position (1, 0)",0.08301488344138631,0.010331767250556078,1,0,
Combined,GPT-2,"grid position (1, 1)",0.10261232872642273,0.006217961856064914,1,1,
Combined,GPT-2,"grid position (1, 2)",0.10872048494406936,0.013511748686303374,1,2,
Combined,GPT-2,"grid position (2, 0)",0.09572181353552942,0.13625886576883003,2,0,
Combined,GPT-2,"grid position (2, 1)",0.10488015228015411,0.11286833648998428,2,1,
Combined,GPT-2,"grid position (2, 2)",0.058179339680770076,0.022577103005238665,2,2,
Combined,GPT-2,"grid position (0, 0)",-0.003397486492304884,-0.04548114267399913,0,0,
Combined,GPT-2,"grid position (0, 1)",-0.4829650596364334,0.04216796306830637,0,1,
Combined,GPT-2,"grid position (0, 2)",0.04330354562085531,0.1251699470375473,0,2,
Combined,GPT-2,"grid position (1, 0)",0.08633386638043294,-0.016035196268431137,1,0,
Combined,GPT-2,"grid position (1, 1)",0.11361045912928971,0.04132490131344613,1,1,
Combined,GPT-2,"grid position (1, 2)",0.10953267122670542,0.032554613943204615,1,2,
Combined,GPT-2,"grid position (2, 0)",0.07026499985522018,-0.05559447826759529,2,0,
Combined,GPT-2,"grid position (2, 1)",0.0542421830257708,-0.03569407911667159,2,1,
Combined,GPT-2,"grid position (2, 2)",0.05178121049471425,-0.037779379049508684,2,2,
Combined,GPT-2,"grid position (0, 0)",0.08524375397998309,0.0752138618991189,0,0,
Combined,GPT-2,"grid position (0, 1)",0.06391131325455089,-0.012282639026212912,0,1,
Combined,GPT-2,"grid position (0, 2)",-0.5481940169629903,0.007398315628651031,0,2,
Combined,GPT-2,"grid position (1, 0)",0.07988173502349881,0.0755244958182588,1,0,
Combined,GPT-2,"grid position (1, 1)",0.09582756610331358,0.026899535124319314,1,1,
Combined,GPT-2,"grid position (1, 2)",0.06880836636519298,-0.04910343270296693,1,2,
Combined,GPT-2,"grid position (2, 0)",0.07882498238620955,-0.0033666794073922545,2,0,
Combined,GPT-2,"grid position (2, 1)",0.047909814382944164,-0.12525693236373864,2,1,
Combined,GPT-2,"grid position (2, 2)",0.05451463044256747,-0.08321442398150938,2,2,
Combined,GPT-2,"grid position (0, 0)",0.11826850057733303,0.019393321742421095,0,0,
Combined,GPT-2,"grid position (0, 1)",0.08331398033668957,-0.03972954677640115,0,1,
Combined,GPT-2,"grid position (0, 2)",0.07271508853810404,-0.00921100278530825,0,2,
Combined,GPT-2,"grid position (1, 0)",0.07994039201231308,-0.013671586753398178,1,0,
Combined,GPT-2,"grid position (1, 1)",0.06502196188248328,-0.03889164237186733,1,1,
Combined,GPT-2,"grid position (1, 2)",0.0018092347548855831,-0.13729882601160992,1,2,
Combined,GPT-2,"grid position (2, 0)",0.06271246371106705,-0.08389940272255923,2,0,
Combined,GPT-2,"grid position (2, 1)",-0.6233841007607269,0.026057168966876158,2,1,
Combined,GPT-2,"grid position (0, 0)",-0.6128779928085938,0.05123921530051676,0,0,
Combined,GPT-2,"grid position (0, 1)",0.012140956149219655,-0.029812866051026964,0,1,
Combined,GPT-2,"grid position (0, 2)",0.03288411833911008,0.010174877344180667,0,2,
Combined,GPT-2,"grid position (1, 0)",0.039965653171182995,-0.03246677860493179,1,0,
Combined,GPT-2,"grid position (1, 1)",0.07059761763596974,0.006362067774392575,1,1,
Combined,GPT-2,"grid position (1, 2)",0.0515176290486594,-0.006369706534952758,1,2,
Combined,GPT-2,"grid position (2, 0)",0.06347768076846737,-0.03721954967567189,2,0,
Combined,GPT-2,"grid position (2, 1)",0.12285527796141321,0.04679739788919879,2,1,
Combined,GPT-2,"grid position (2, 2)",0.05821619188980841,-0.05920655632688739,2,2,
Combined,GPT-2,"grid position (0, 0)",0.0048465183349065116,0.008712740347337171,0,0,
Combined,GPT-2,"grid position (0, 1)",-0.5951085694018942,0.005188131381705601,0,1,
Combined,GPT-2,"grid position (0, 2)",0.01383871383545533,-0.061127964292502536,0,2,
Combined,GPT-2,"grid position (1, 0)",0.07984848754907119,-0.014320972364253753,1,0,
Combined,GPT-2,"grid position (1, 1)",0.0958244414053346,-0.018478048856315422,1,1,
Combined,GPT-2,"grid position (1, 2)",0.12172308192966869,0.041340974802878544,1,2,
Combined,GPT-2,"grid position (2, 0)",0.09559225033623504,0.028628953718235425,2,0,
Combined,GPT-2,"grid position (2, 1)",0.1268434550694254,0.021880636282708144,2,1,
Combined,GPT-2,"grid position (2, 2)",0.12024973636937944,0.09985131154878651,2,2,
Combined,GPT-2,"grid position (0, 0)",0.09117816603210568,0.030058950612134625,0,0,
Combined,GPT-2,"grid position (0, 1)",0.027584869077953166,-0.0034643709275084793,0,1,
Combined,GPT-2,"grid position (0, 2)",-0.5926996260116092,0.018847355269165107,0,2,
Combined,GPT-2,"grid position (1, 0)",0.10737393333378624,0.03661672653456675,1,0,
Combined,GPT-2,"grid position (1, 1)",0.06613017755340947,-0.037373890406024075,1,1,
Combined,GPT-2,"grid position (1, 2)",0.0045757145599128945,-0.09657420048798496,1,2,
Combined,GPT-2,"grid position (2, 0)",0.09922434548207981,0.04762751751209063,2,0,
Combined,GPT-2,"grid position (2, 1)",0.09906701688747911,0.03191090860211478,2,1,
Combined,GPT-2,"grid position (2, 2)",0.04938229128217992,-0.019372825554417123,2,2,
Combined,GPT-2,"grid position (0, 0)",0.07660859312854926,-0.049230703112190466,0,0,
Combined,GPT-2,"grid position (0, 1)",-0.5913664836394951,0.020809137670279632,0,1,
Combined,GPT-2,"grid position (0, 2)",-0.032271450855159964,-0.068622950748163,0,2,
Combined,GPT-2,"grid position (1, 0)",0.09670959929847224,0.0040036340496411235,1,0,
Combined,GPT-2,"grid position (1, 1)",0.09981301924197146,-0.015663193645300187,1,1,
Combined,GPT-2,"grid position (1, 2)",0.09013454232108119,0.09315030572309241,1,2,
Combined,GPT-2,"grid position (2, 0)",0.07680465377081559,0.04291528155580895,2,0,
Combined,GPT-2,"grid position (2, 1)",0.04950936940596189,-0.013345028769927107,2,1,
Combined,GPT-2,"grid position (2, 2)",-0.014931302977742596,-0.12590602665989079,2,2,
Combined,GPT-2,"grid position (0, 0)",0.08442769072486356,0.14345509978205123,0,0,
Combined,GPT-2,"grid position (0, 1)",0.03819069318578288,0.0752340497147979,0,1,
Combined,GPT-2,"grid position (1, 0)",0.07358546836166895,0.0361672475788455,1,0,
Combined,GPT-2,"grid position (1, 1)",0.07039216421403566,-0.006126784148767708,1,1,
Combined,GPT-2,"grid position (1, 2)",-0.07847691023800088,-0.1768497963821858,1,2,
Combined,GPT-2,"grid position (2, 0)",0.04957593484680063,-0.03285648599374784,2,0,
Combined,GPT-2,"grid position (2, 1)",0.07980980534412321,0.002546913229573311,2,1,
Combined,GPT-2,"grid position (2, 2)",-0.49455927829223173,-0.00031069417087827917,2,2,
Combined,GPT-2,"grid position (0, 0)",-0.4572598930938246,0.07212543561525916,0,0,
Combined,GPT-2,"grid position (0, 1)",0.09066217318316835,0.1221421158620131,0,1,
Combined,GPT-2,"grid position (0, 2)",0.09375290471705683,0.0730039731277689,0,2,
Combined,GPT-2,"grid position (1, 0)",0.01539809865080137,-0.09448140268863228,1,0,
Combined,GPT-2,"grid position (1, 1)",0.05685948766211552,-0.060046704500220316,1,1,
Combined,GPT-2,"grid position (1, 2)",0.12692804799690233,0.02502092225529093,1,2,
Combined,GPT-2,"grid position (2, 0)",0.026045136469180136,-0.1267831452953813,2,0,
Combined,GPT-2,"grid position (2, 1)",0.06534787798424634,-0.0827755785528969,2,1,
Combined,GPT-2,"grid position (2, 2)",0.09655688210059975,0.008459401747160557,2,2,
Combined,GPT-2,"grid position (0, 0)",0.011499902625147159,-0.02073194403991027,0,0,
Combined,GPT-2,"grid position (0, 1)",-0.3041240990486681,0.02287180153404034,0,1,
Combined,GPT-2,"grid position (0, 2)",0.1121872289841293,0.010447778194964265,0,2,
Combined,GPT-2,"grid position (1, 0)",0.06618444162264064,0.03790955714063435,1,0,
Combined,GPT-2,"grid position (1, 1)",0.08730964514070146,-0.04406264898585545,1,1,
Combined,GPT-2,"grid position (1, 2)",0.0968368750257025,-0.06589912121755426,1,2,
Combined,GPT-2,"grid position (2, 0)",0.09250739907372182,0.13887609695420866,2,0,
Combined,GPT-2,"grid position (2, 1)",0.11063768313808169,0.03739664821522388,2,1,
Combined,GPT-2,"grid position (2, 2)",0.04933119363728338,-0.05710208093003424,2,2,
Combined,GPT-2,"grid position (0, 0)",0.10935579242922043,0.13566874290120953,0,0,
Combined,GPT-2,"grid position (0, 1)",0.08897320712390071,0.09949905890107563,0,1,
Combined,GPT-2,"grid position (0, 2)",0.10479951788258621,0.030919113306218455,0,2,
Combined,GPT-2,"grid position (1, 0)",0.1056114537496138,0.02676312874407436,1,0,
Combined,GPT-2,"grid position (1, 1)",0.07219645676523802,-0.008233045493166521,1,1,
Combined,GPT-2,"grid position (1, 2)",0.08099660877777387,-0.048624923632453465,1,2,
Combined,GPT-2,"grid position (2, 0)",0.09610052764433895,-0.057505383492050456,2,0,
Combined,GPT-2,"grid position (2, 1)",-0.5494680791824386,0.0327909955408341,2,1,
Combined,GPT-2,"grid position (2, 2)",0.03840319755030131,-0.0666117105833762,2,2,
Combined,GPT-2,"grid position (0, 0)",0.025372693482233085,-0.06966891465841674,0,0,
Combined,GPT-2,"grid position (0, 1)",0.11064055617653512,0.041718749513770935,0,1,
Combined,GPT-2,"grid position (0, 2)",0.12420093546715613,0.030851938784014307,0,2,
Combined,GPT-2,"grid position (1, 0)",0.004986419995984164,-0.12045425164863449,1,0,
Combined,GPT-2,"grid position (1, 1)",-0.6244958860681347,0.05653255448982969,1,1,
Combined,GPT-2,"grid position (1, 2)",0.07482688637264755,-0.04019238142884739,1,2,
Combined,GPT-2,"grid position (2, 0)",-0.007873524065804762,-0.11086164394831423,2,0,
Combined,GPT-2,"grid position (2, 1)",0.04774132951986406,-0.06449342523225858,2,1,
Combined,GPT-2,"grid position (2, 2)",0.06825489868390795,-0.059555704983887583,2,2,
Combined,GPT-2,"grid position (0, 0)",0.08729262360391807,-0.00922467801760895,0,0,
Combined,GPT-2,"grid position (0, 1)",0.07535326305491988,-0.06321293636285354,0,1,
Combined,GPT-2,"grid position (0, 2)",0.047811557281262185,0.006571508287749494,0,2,
Combined,GPT-2,"grid position (1, 0)",0.10912344683325505,0.013192014586165873,1,0,
Combined,GPT-2,"grid position (1, 1)",0.1212388298953959,-0.0179287131721731,1,1,
Combined,GPT-2,"grid position (1, 2)",-0.41022720837672294,0.05274168617206282,1,2,
Combined,GPT-2,"grid position (2, 0)",-0.01588352509293509,-0.14600215266094493,2,0,
Combined,GPT-2,"grid position (2, 1)",0.07275287660800393,-0.047163275608282186,2,1,
Combined,GPT-2,"grid position (2, 2)",0.09809695393887637,0.03134237517234929,2,2,
Combined,GPT-2,"grid position (0, 0)",0.05035864412409284,-0.031481385024157225,0,0,
Combined,GPT-2,"grid position (0, 1)",0.03677248145698545,-0.023031054774366806,0,1,
Combined,GPT-2,"grid position (0, 2)",0.011321887128322604,-0.04743303199109496,0,2,
Combined,GPT-2,"grid position (1, 0)",0.1037239545886886,0.03185852045622535,1,0,
Combined,GPT-2,"grid position (1, 1)",0.12911044963486346,0.08065861118736649,1,1,
Combined,GPT-2,"grid position (1, 2)",0.02030594763158732,-0.016777661981838683,1,2,
Combined,GPT-2,"grid position (2, 0)",0.0780108720571048,-0.026377345301215552,2,0,
Combined,GPT-2,"grid position (2, 1)",0.12769167310507634,0.07838290201278024,2,1,
Combined,GPT-2,"grid position (2, 2)",-0.6127831705514982,0.0501746373338374,2,2,
Combined,GPT-2,"grid position (0, 0)",0.0898476561270482,0.07908320020103092,0,0,
Combined,GPT-2,"grid position (0, 1)",0.0826395406693656,0.11924023861848901,0,1,
Combined,GPT-2,"grid position (0, 2)",0.03492577257192962,0.07088691907897028,0,2,
Combined,GPT-2,"grid position (1, 0)",0.0875610742970213,0.011277658015301298,1,0,
Combined,GPT-2,"grid position (1, 1)",0.05906383246107148,-0.05553079009770093,1,1,
Combined,GPT-2,"grid position (1, 2)",0.036006620522715894,-0.08458518142896415,1,2,
Combined,GPT-2,"grid position (2, 0)",0.06973267369376089,-0.0075686162276052335,2,0,
Combined,GPT-2,"grid position (2, 1)",-0.509876342602353,0.01756836090739049,2,1,
Combined,GPT-2,"grid position (2, 2)",0.03386453531199129,-0.08721045052045173,2,2,
Combined,GPT-2,"grid position (0, 0)",0.03383410703660825,-0.04275784518085269,0,0,
Combined,GPT-2,"grid position (0, 1)",0.011885659952457151,-0.07708736167823867,0,1,
Combined,GPT-2,"grid position (0, 2)",-0.6101872558312287,0.0480630109758466,0,2,
Combined,GPT-2,"grid position (1, 0)",0.09483010811866933,0.07561160070619108,1,0,
Combined,GPT-2,"grid position (1, 1)",0.06096034152241276,0.014269647203045077,1,1,
Combined,GPT-2,"grid position (1, 2)",0.10370423793317164,0.08231159252299214,1,2,
Combined,GPT-2,"grid position (2, 0)",0.008214782882322687,0.11023047419129177,2,0,
Combined,GPT-2,"grid position (2, 1)",0.052193628498320495,-0.04658355639847045,2,1,
Combined,GPT-2,"grid position (2, 2)",0.07479822050747918,-0.03076787816325941,2,2,
Combined,GPT-2,"grid position (0, 0)",0.04252638120548642,-0.06361961937066496,0,0,
Combined,GPT-2,"grid position (0, 1)",0.059801811590754074,-0.0941454217019596,0,1,
Combined,GPT-2,"grid position (0, 2)",-0.4618568892378007,0.04458913105415421,0,2,
Combined,GPT-2,"grid position (1, 0)",0.07096223418699449,0.048009301572068536,1,0,
Combined,GPT-2,"grid position (1, 1)",0.08293198562647969,-0.02091788839676609,1,1,
Combined,GPT-2,"grid position (1, 2)",0.06802933897954945,0.018387948923960232,1,2,
Combined,GPT-2,"grid position (2, 0)",0.0700042921302502,0.010478004942302624,2,0,
Combined,GPT-2,"grid position (2, 1)",0.05445481188844712,-0.01816092294496987,2,1,
Combined,GPT-2,"grid position (2, 2)",0.021909633591981937,-0.01967978689903787,2,2,
Combined,GPT-2,"grid position (0, 0)",0.07326733344681768,-0.06617038907181001,0,0,
Combined,GPT-2,"grid position (0, 1)",0.07420461459515158,-0.017673280038355447,0,1,
Combined,GPT-2,"grid position (0, 2)",-0.01157258828795499,-0.17887138922406945,0,2,
Combined,GPT-2,"grid position (1, 0)",0.013697665889564609,-0.1253559652324039,1,0,
Combined,GPT-2,"grid position (1, 1)",-0.4790441548266071,0.02869824125821809,1,1,
Combined,GPT-2,"grid position (1, 2)",0.06958822229877644,-0.05334488891947859,1,2,
Combined,GPT-2,"grid position (2, 0)",0.12226771288649159,0.06288712692225057,2,0,
Combined,GPT-2,"grid position (2, 1)",0.1465646756644428,0.09415124327747933,2,1,
Combined,GPT-2,"grid position (2, 2)",0.12812955970077042,0.02631674626365527,2,2,
Combined,GPT-2,"grid position (0, 0)",0.08693762976397451,0.023118723125648385,0,0,
Combined,GPT-2,"grid position (0, 1)",0.0603691640121417,-0.020239277539349034,0,1,
Combined,GPT-2,"grid position (0, 2)",-0.763566692520543,0.05243393348495702,0,2,
Combined,GPT-2,"grid position (1, 0)",0.10049344406174486,0.06611307798912389,1,0,
Combined,GPT-2,"grid position (1, 1)",0.029318379461585477,-0.04800166366308728,1,1,
Combined,GPT-2,"grid position (1, 2)",0.027888393924516044,-0.010691732637966455,1,2,
Combined,GPT-2,"grid position (2, 0)",0.05786912678591566,-0.002915053498807497,2,0,
Combined,GPT-2,"grid position (2, 1)",0.043317905684486874,-0.04791782442439821,2,1,
Combined,GPT-2,"grid position (2, 2)",0.05979163384287871,0.05233020271938841,2,2,
Combined,GPT-2,"grid position (0, 0)",0.07577375554637171,-0.05403034114547697,0,0,
Combined,GPT-2,"grid position (0, 1)",0.030337874599172435,-0.091867575090109,0,1,
Combined,GPT-2,"grid position (0, 2)",-0.6272036388247225,0.02317351189239359,0,2,
Combined,GPT-2,"grid position (1, 0)",0.09859878004946587,-0.010317229119237093,1,0,
Combined,GPT-2,"grid position (1, 1)",0.08880532329603229,0.05633184300918923,1,1,
Combined,GPT-2,"grid position (1, 2)",0.10365860365377763,0.020597266713408974,1,2,
Combined,GPT-2,"grid position (2, 0)",0.08996715487661153,-0.03316617848416272,2,0,
Combined,GPT-2,"grid position (2, 1)",0.08755861073441205,0.01213270011493168,2,1,
Combined,GPT-2,"grid position (2, 2)",0.1374022864227651,0.11016167676595195,2,2,
Combined,GPT-2,"grid position (0, 0)",0.06140484445204606,0.08133338883314517,0,0,
Combined,GPT-2,"grid position (0, 1)",0.02709796352245356,-0.08429407868333953,0,1,
Combined,GPT-2,"grid position (0, 2)",0.055893806098259856,-0.049002824525559874,0,2,
Combined,GPT-2,"grid position (1, 0)",0.08444016007583822,0.07856732600256494,1,0,
Combined,GPT-2,"grid position (1, 1)",0.10590147932657107,0.024951089095276477,1,1,
Combined,GPT-2,"grid position (1, 2)",0.04920595852464234,-0.04126456139689024,1,2,
Combined,GPT-2,"grid position (2, 0)",0.08576605178234899,0.011668445322510866,2,0,
Combined,GPT-2,"grid position (2, 1)",0.10610177493127741,0.05092557235247008,2,1,
Combined,GPT-2,"grid position (2, 2)",-0.6280154545208909,0.0466177009880731,2,2,
Combined,GPT-2,"grid position (0, 0)",0.05622870234607542,0.0024122693295059645,0,0,
Combined,GPT-2,"grid position (0, 1)",0.06766637951233744,-0.03319442710180296,0,1,
Combined,GPT-2,"grid position (0, 2)",0.10518723772145086,-0.011893379537098224,0,2,
Combined,GPT-2,"grid position (1, 0)",0.04444629863682143,-0.01664304091954097,1,0,
Combined,GPT-2,"grid position (1, 1)",0.042313921512489076,0.012150103914752661,1,1,
Combined,GPT-2,"grid position (2, 0)",-0.42580157865702506,0.037222943579312204,2,0,
Combined,GPT-2,"grid position (2, 1)",0.12614062132290016,0.08299973478976687,2,1,
Combined,GPT-2,"grid position (2, 2)",0.054360738032420024,0.0058209794358797156,2,2,
Combined,GPT-2,"grid position (0, 0)",0.1073038677228955,0.030056987166258597,0,0,
Combined,GPT-2,"grid position (0, 1)",0.06149799056501207,-0.028986593091382986,0,1,
Combined,GPT-2,"grid position (0, 2)",0.03862858753181358,-0.11583674429104843,0,2,
Combined,GPT-2,"grid position (1, 0)",0.11596680790215698,0.007295864823678012,1,0,
Combined,GPT-2,"grid position (1, 1)",0.09844269315665857,0.05798819771077219,1,1,
Combined,GPT-2,"grid position (1, 2)",0.07958537632079424,-0.0421284757024179,1,2,
Combined,GPT-2,"grid position (2, 0)",0.0738878118299975,-0.039331637288385055,2,0,
Combined,GPT-2,"grid position (2, 1)",-0.5915945027056042,0.04987438907659364,2,1,
Combined,GPT-2,"grid position (2, 2)",-0.07137689149153965,-0.1594400267554348,2,2,
Combined,GPT-2,"grid position (0, 0)",0.03223553885674786,-0.05328260827716484,0,0,
Combined,GPT-2,"grid position (0, 1)",0.06136860175688527,-0.06960965264559606,0,1,
Combined,GPT-2,"grid position (0, 2)",0.08040429351661427,0.020856057869938965,0,2,
Combined,GPT-2,"grid position (1, 0)",-0.4474633938594334,0.008013310469844822,1,0,
Combined,GPT-2,"grid position (1, 1)",0.09882073682994612,-0.06554236947110806,1,1,
Combined,GPT-2,"grid position (1, 2)",0.12678757965636336,0.073186347197101,1,2,
Combined,GPT-2,"grid position (2, 0)",0.0764025681107805,-0.008256810889523524,2,0,
Combined,GPT-2,"grid position (2, 1)",0.10740563618890261,0.043887020474619315,2,1,
Combined,GPT-2,"grid position (2, 2)",0.1256421564884525,0.0713133555497455,2,2,
Combined,GPT-2,"grid position (0, 0)",0.09326106042715913,-0.0169661335994452,0,0,
Combined,GPT-2,"grid position (0, 1)",0.08742298655514544,0.024469365658179906,0,1,
Combined,GPT-2,"grid position (0, 2)",-0.5539115479549491,0.040948385883608704,0,2,
Combined,GPT-2,"grid position (1, 0)",0.10113667083560794,-0.028606540098336353,1,0,
Combined,GPT-2,"grid position (1, 1)",0.10955182543311988,0.023462775182060698,1,1,
Combined,GPT-2,"grid position (1, 2)",0.050346074059380255,-0.04682733446738866,1,2,
Combined,GPT-2,"grid position (2, 0)",0.11995515259508956,0.03659892476664494,2,0,
Combined,GPT-2,"grid position (2, 1)",0.08039872735250465,0.06654759325372508,2,1,
Combined,GPT-2,"grid position (2, 2)",0.0625638159835873,0.022147455106193842,2,2,
Combined,GPT-2,"grid position (0, 0)",0.07557608338174346,-0.058824768399957615,0,0,
Combined,GPT-2,"grid position (0, 1)",0.08964879535091273,0.0164969795752724,0,1,
Combined,GPT-2,"grid position (0, 2)",-0.07775892675354454,-0.11442900791003673,0,2,
Combined,GPT-2,"grid position (1, 0)",0.09497318484022657,-0.032252572109251185,1,0,
Combined,GPT-2,"grid position (1, 1)",0.054788513294548286,-0.0234965768391582,1,1,
Combined,GPT-2,"grid position (1, 2)",-0.5712192633897052,0.017661212413078765,1,2,
Combined,GPT-2,"grid position (2, 0)",0.08620118724589497,-0.003958025231732254,2,0,
Combined,GPT-2,"grid position (2, 1)",0.0864123657135698,0.045140316799948954,2,1,
Combined,GPT-2,"grid position (2, 2)",0.04569360441336207,0.09822970948835318,2,2,
Combined,GPT-2,"grid position (0, 0)",-0.15533790353722987,-0.23798637634440437,0,0,
Combined,GPT-2,"grid position (0, 1)",0.04489365834198801,-0.06515209294175796,0,1,
Combined,GPT-2,"grid position (0, 2)",0.024197529244854004,-0.08628315712925293,0,2,
Combined,GPT-2,"grid position (1, 0)",0.04835648248311319,-0.020739726392102528,1,0,
Combined,GPT-2,"grid position (1, 1)",-0.438419136724791,0.02743297391065231,1,1,
Combined,GPT-2,"grid position (1, 2)",0.1098876092482462,-0.057559214061552184,1,2,
Combined,GPT-2,"grid position (2, 0)",0.041756660853292805,-0.03669940569816926,2,0,
Combined,GPT-2,"grid position (2, 1)",0.08901381891474709,-0.017161394016344138,2,1,
Combined,GPT-2,"grid position (2, 2)",0.08989128649487693,-0.016611478562248483,2,2,
Combined,GPT-2,"grid position (0, 0)",0.08401731543964441,0.028657059499997806,0,0,
Combined,GPT-2,"grid position (0, 1)",0.02253094965216474,-0.029672392176565462,0,1,
Combined,GPT-2,"grid position (0, 2)",0.047723695714561316,-0.06929706781648255,0,2,
Combined,GPT-2,"grid position (1, 0)",0.10187304518521381,-0.006603202337588162,1,0,
Combined,GPT-2,"grid position (1, 1)",0.03363820965330926,-0.057446960682186465,1,1,
Combined,GPT-2,"grid position (1, 2)",-0.4068071418168005,0.030521054797750656,1,2,
Combined,GPT-2,"grid position (2, 0)",0.06605731267720788,0.03985803668805873,2,0,
Combined,GPT-2,"grid position (2, 1)",0.05375570577557865,-0.0059875275571483234,2,1,
Combined,GPT-2,"grid position (2, 2)",0.11102650316797008,0.01663510147350221,2,2,
Combined,GPT-2,"grid position (0, 0)",0.04054096684892456,-0.018950955299756888,0,0,
Combined,GPT-2,"grid position (0, 1)",0.0535511467046722,-0.014343326594078663,0,1,
Combined,GPT-2,"grid position (0, 2)",0.07092375233340255,0.030960403902454182,0,2,
Combined,GPT-2,"grid position (1, 0)",-0.025638869253713552,-0.11102427607538402,1,0,
Combined,GPT-2,"grid position (1, 1)",0.029721871587858183,-0.05710241090843743,1,1,
Combined,GPT-2,"grid position (1, 2)",0.06270187686459544,-0.002489999268749317,1,2,
Combined,GPT-2,"grid position (2, 0)",-0.7633234600696035,0.04936037689991129,2,0,
Combined,GPT-2,"grid position (2, 1)",0.04206811115759609,0.09984779862612131,2,1,
Combined,GPT-2,"grid position (2, 2)",0.08383326565475475,0.14313672659159482,2,2,
Combined,GPT-2,"grid position (0, 0)",0.022082851531885116,-0.05217531183599515,0,0,
Combined,GPT-2,"grid position (0, 1)",-0.3970955016022145,0.012867396724496131,0,1,
Combined,GPT-2,"grid position (0, 2)",0.07346512772211262,-0.039056766787390756,0,2,
Combined,GPT-2,"grid position (1, 0)",0.06215206191737108,-0.05253481957322208,1,0,
Combined,GPT-2,"grid position (1, 1)",0.07096390222177322,-0.00066880443554208,1,1,
Combined,GPT-2,"grid position (1, 2)",0.12881156013445888,0.01911799553050165,1,2,
Combined,GPT-2,"grid position (2, 0)",0.007839886675180338,-0.015284650798853583,2,0,
Combined,GPT-2,"grid position (2, 1)",0.10257420764243438,0.058105949742918626,2,1,
Combined,GPT-2,"grid position (2, 2)",0.111381186344553,0.06214032622621834,2,2,
Combined,GPT-2,"grid position (0, 0)",0.05752825825831492,-0.047226418797408146,0,0,
Combined,GPT-2,"grid position (0, 1)",0.08167867154369847,-0.011222457641748972,0,1,
Combined,GPT-2,"grid position (0, 2)",0.024633502439858918,0.0768365686949328,0,2,
Combined,GPT-2,"grid position (1, 0)",0.018274877367731833,-0.1518547425793743,1,0,
Combined,GPT-2,"grid position (1, 1)",0.08312094331067262,-0.028524325659008292,1,1,
Combined,GPT-2,"grid position (1, 2)",0.12862104052954582,0.03255520779487061,1,2,
Combined,GPT-2,"grid position (2, 0)",-0.4450341689132203,-0.004020400553652044,2,0,
Combined,GPT-2,"grid position (2, 1)",0.09072322838305924,0.10420570996508502,2,1,
Combined,GPT-2,"grid position (2, 2)",0.11889591261046062,0.07250974045130072,2,2,
Combined,GPT-2,"grid position (0, 0)",0.07305905706228376,-0.04400321123978864,0,0,
Combined,GPT-2,"grid position (0, 1)",0.08414153095292294,0.056667787900042954,0,1,
Combined,GPT-2,"grid position (0, 2)",-0.47217584324446227,0.015368740630970476,0,2,
Combined,GPT-2,"grid position (1, 0)",0.09270129951708588,-0.03538359573961803,1,0,
Combined,GPT-2,"grid position (1, 1)",0.07872617266899917,0.03576245694954038,1,1,
Combined,GPT-2,"grid position (1, 2)",0.04160435455454936,-0.06551865146521692,1,2,
Combined,GPT-2,"grid position (2, 0)",0.054496793209798444,-0.03416163429664504,2,0,
Combined,GPT-2,"grid position (2, 1)",0.06000121621718617,0.050686401980181525,2,1,
Combined,GPT-2,"grid position (2, 2)",0.0384453001174118,0.039344554119316824,2,2,
Combined,GPT-2,"grid position (0, 0)",0.08164475346938034,-0.0061234568092260536,0,0,
Combined,GPT-2,"grid position (0, 1)",0.06291388088404389,-0.0025479792854982627,0,1,
Combined,GPT-2,"grid position (0, 2)",-0.44067228002802084,0.03687954789782647,0,2,
Combined,GPT-2,"grid position (1, 0)",0.0585193761380598,-0.030939785777500246,1,0,
Combined,GPT-2,"grid position (1, 1)",0.04389283207025706,-0.06282216667206708,1,1,
Combined,GPT-2,"grid position (1, 2)",0.10218777199939252,-0.009974732472158944,1,2,
Combined,GPT-2,"grid position (2, 2)",0.11986316432287072,0.02043304772612532,2,2,
Combined,GPT-2,"grid position (0, 0)",0.11571857527052581,0.10214035560257465,0,0,
Combined,GPT-2,"grid position (0, 1)",0.1110201201348659,0.06341515260778867,0,1,
Combined,GPT-2,"grid position (0, 2)",0.051214313342084344,-0.057970320489999255,0,2,
Combined,GPT-2,"grid position (1, 0)",0.10832055872020013,0.11578322956891035,1,0,
Combined,GPT-2,"grid position (1, 1)",-0.48102752932330084,0.02303811735611374,1,1,
Combined,GPT-2,"grid position (1, 2)",0.0485689142812403,-0.10091874474824687,1,2,
Combined,GPT-2,"grid position (2, 0)",0.06328042588465202,0.14025366732052544,2,0,
Combined,GPT-2,"grid position (2, 1)",0.02132354902370701,-0.02157018175885797,2,1,
Combined,GPT-2,"grid position (2, 2)",0.038531957986252224,-0.0937077332778717,2,2,
Combined,GPT-2,"grid position (0, 0)",0.09859479342600515,0.020890247432906694,0,0,
Combined,GPT-2,"grid position (0, 1)",0.07808564361286723,-0.015339103638822904,0,1,
Combined,GPT-2,"grid position (0, 2)",0.05744505576820743,-0.04488123382000868,0,2,
Combined,GPT-2,"grid position (1, 0)",0.06180034365555637,-0.002214231230655505,1,0,
Combined,GPT-2,"grid position (1, 1)",-0.31506310210950367,0.028447724777348804,1,1,
Combined,GPT-2,"grid position (1, 2)",0.09213163696961114,-0.044064359443448574,1,2,
Combined,GPT-2,"grid position (2, 0)",0.03378113626774949,-0.05796273479540591,2,0,
Combined,GPT-2,"grid position (2, 1)",0.11341260229827102,0.026668801735354727,2,1,
Combined,GPT-2,"grid position (2, 2)",0.1403396577322324,0.03295101585709384,2,2,
Combined,GPT-2,"grid position (0, 0)",-0.557068616057605,0.016001459374229702,0,0,
Combined,GPT-2,"grid position (0, 1)",0.018808321631059798,-0.07175369352090541,0,1,
Combined,GPT-2,"grid position (0, 2)",0.014772442872110696,-0.05525146876212478,0,2,
Combined,GPT-2,"grid position (1, 0)",0.0971696283910152,-0.012671069983797856,1,0,
Combined,GPT-2,"grid position (1, 1)",0.0865637805315098,0.02819528422989592,1,1,
Combined,GPT-2,"grid position (1, 2)",0.11678886912729576,0.044428200024455584,1,2,
Combined,GPT-2,"grid position (2, 0)",0.10977248048489638,0.010657888319256688,2,0,
Combined,GPT-2,"grid position (2, 1)",0.14837504520335387,0.10990819553000854,2,1,
Combined,GPT-2,"grid position (2, 2)",0.13838779092179482,0.14960154879076223,2,2,
Combined,GPT-2,"grid position (0, 0)",0.046245278315668464,0.00017065133531675013,0,0,
Combined,GPT-2,"grid position (0, 1)",0.05804483898690914,0.029972672784612412,0,1,
Combined,GPT-2,"grid position (0, 2)",0.012771529781740334,-0.16989780265662566,0,2,
Combined,GPT-2,"grid position (1, 0)",0.0785873045350463,-0.013771383153598755,1,0,
Combined,GPT-2,"grid position (1, 1)",-0.47402414207688987,0.037676341487291355,1,1,
Combined,GPT-2,"grid position (1, 2)",0.03175571319708505,-0.11400857644761846,1,2,
Combined,GPT-2,"grid position (2, 0)",0.12332196668028776,0.09789223860982356,2,0,
Combined,GPT-2,"grid position (2, 1)",0.12461810024549119,0.11995155928987727,2,1,
Combined,GPT-2,"grid position (2, 2)",0.04913402395046737,-0.06226756057401792,2,2,
Combined,GPT-2,"grid position (0, 0)",0.04925289767347854,0.06290805719147408,0,0,
Combined,GPT-2,"grid position (0, 1)",0.058680200894705936,-0.031134551017207857,0,1,
Combined,GPT-2,"grid position (0, 2)",0.04630536901621968,0.05518683011606743,0,2,
Combined,GPT-2,"grid position (1, 0)",0.0665713826920312,0.0008788748858462648,1,0,
Combined,GPT-2,"grid position (1, 1)",0.06643834928416043,-0.035867858941766535,1,1,
Combined,GPT-2,"grid position (1, 2)",0.05656337863266533,0.03301050696349177,1,2,
Combined,GPT-2,"grid position (2, 0)",-0.5043681489926675,0.0330665250501486,2,0,
Combined,GPT-2,"grid position (2, 1)",0.027148266723631898,-0.10808194017441627,2,1,
Combined,GPT-2,"grid position (2, 2)",0.022879527738810447,-0.05661376061026509,2,2,
Combined,GPT-2,"grid position (0, 0)",0.05847145483620576,-0.033754447481943055,0,0,
Combined,GPT-2,"grid position (0, 1)",0.07561676083988436,-0.005429916951583114,0,1,
Combined,GPT-2,"grid position (0, 2)",-0.6219087069403484,0.032430438360159325,0,2,
Combined,GPT-2,"grid position (1, 0)",0.07639516029524576,-0.013640539060176123,1,0,
Combined,GPT-2,"grid position (1, 1)",0.07682693606682661,0.052826897754845205,1,1,
Combined,GPT-2,"grid position (1, 2)",0.104036519219278,0.021709351833264025,1,2,
Combined,GPT-2,"grid position (2, 0)",0.00787579392652377,-0.04630047182650111,2,0,
Combined,GPT-2,"grid position (2, 1)",0.008813513026415669,0.011039663107654295,2,1,
Combined,GPT-2,"grid position (2, 2)",0.10162809906645444,-0.000294018709830488,2,2,
Combined,GPT-2,"grid position (0, 0)",0.0753953778988743,0.01978017935984557,0,0,
Combined,GPT-2,"grid position (0, 1)",0.05318502472587906,-0.0009999283972939965,0,1,
Combined,GPT-2,"grid position (0, 2)",0.06862267583600964,-0.05923984259542522,0,2,
Combined,GPT-2,"grid position (1, 0)",0.10289896066332789,0.02418250978576755,1,0,
Combined,GPT-2,"grid position (1, 1)",0.11131491867033785,0.008569329934073656,1,1,
Combined,GPT-2,"grid position (1, 2)",0.0700111721544151,-0.1001738584465015,1,2,
Combined,GPT-2,"grid position (2, 0)",0.050879733356154075,0.02830486432711426,2,0,
Combined,GPT-2,"grid position (2, 1)",0.009304132939982326,-0.05416796218228608,2,1,
Combined,GPT-2,"grid position (2, 2)",-0.5487291303666143,0.014380915610886297,2,2,
Combined,GPT-2,"grid position (0, 0)",0.008486541963960195,-0.03121415053870493,0,0,
Combined,GPT-2,"grid position (0, 1)",0.1150073909669028,0.08338466714448112,0,1,
Combined,GPT-2,"grid position (0, 2)",0.12411065283298114,0.06626784513629895,0,2,
Combined,GPT-2,"grid position (1, 0)",-0.5273055167333536,-0.010479133845719713,1,0,
Combined,GPT-2,"grid position (1, 1)",0.07573838474328778,0.025310854547021026,1,1,
Combined,GPT-2,"grid position (1, 2)",0.11685865873107099,0.08662163319523557,1,2,
Combined,GPT-2,"grid position (2, 0)",0.07817096813070412,-0.06539028976523292,2,0,
Combined,GPT-2,"grid position (2, 1)",0.08189635596228063,-0.016463363523472257,2,1,
Combined,GPT-2,"grid position (2, 2)",0.07439101505939286,-0.04296788967832783,2,2,
Combined,GPT-2,"grid position (0, 0)",0.08296946412769472,-0.04724294012575532,0,0,
Combined,GPT-2,"grid position (0, 1)",0.061651992858733205,-0.04801707682711537,0,1,
Combined,GPT-2,"grid position (0, 2)",0.05624054923278241,-0.10716416684214025,0,2,
Combined,GPT-2,"grid position (1, 0)",0.09506695363920989,0.02364470805709303,1,0,
Combined,GPT-2,"grid position (1, 1)",-0.4215983277081344,0.02222472361714036,1,1,
Combined,GPT-2,"grid position (1, 2)",0.0775401384847787,-0.055232860350935255,1,2,
Combined,GPT-2,"grid position (2, 0)",0.07170943475653549,0.08783339857892129,2,0,
Combined,GPT-2,"grid position (2, 1)",0.10635052272269967,0.13008619384281492,2,1,
Combined,GPT-2,"grid position (2, 2)",0.0744532740390958,0.07194556537159764,2,2,
Combined,GPT-2,"grid position (0, 0)",0.10149766443426696,0.019513008189271326,0,0,
Combined,GPT-2,"grid position (0, 1)",-0.5054880767020344,0.04565566117136217,0,1,
Combined,GPT-2,"grid position (0, 2)",0.11712908328087596,0.013685098101310945,0,2,
Combined,GPT-2,"grid position (1, 0)",0.10395087878806752,-0.01704366950924824,1,0,
Combined,GPT-2,"grid position (1, 1)",0.06483337555011456,-0.0485579589820498,1,1,
Combined,GPT-2,"grid position (1, 2)",0.10136370517604133,-0.037144107109545764,1,2,
Combined,GPT-2,"grid position (2, 0)",0.07237978896656948,0.024264765039936482,2,0,
Combined,GPT-2,"grid position (2, 1)",0.07820655793515276,0.07125040443598829,2,1,
Combined,GPT-2,"grid position (2, 2)",0.13290417367330143,0.03126544877969042,2,2,
Combined,GPT-2,"grid position (0, 0)",0.13189650792677968,0.09678211213519551,0,0,
Combined,GPT-2,"grid position (0, 1)",0.11537333605771298,0.09740777160174391,0,1,
Combined,GPT-2,"grid position (0, 2)",0.04648816689310515,0.025437008426701196,0,2,
Combined,GPT-2,"grid position (1, 0)",0.10412051491575924,0.0959749116610461,1,0,
Combined,GPT-2,"grid position (1, 1)",0.08035684969952861,0.040538731431755216,1,1,
Combined,GPT-2,"grid position (1, 2)",0.05170141676492667,-0.04470854992321149,1,2,
Combined,GPT-2,"grid position (2, 0)",-0.016974960503244565,-0.11280167701699705,2,0,
Combined,GPT-2,"grid position (2, 1)",-0.4707406176884877,-0.031991474039189796,2,1,
Combined,GPT-2,"grid position (2, 2)",0.013409246055845429,-0.09731183674021826,2,2,
Combined,GPT-2,"grid position (0, 0)",0.11782895217124063,0.0400063153057884,0,0,
Combined,GPT-2,"grid position (0, 1)",0.09913941247212282,-0.003887829077953145,0,1,
Combined,GPT-2,"grid position (0, 2)",-0.49712292028393557,0.012580623612791698,0,2,
Combined,GPT-2,"grid position (1, 0)",0.1162047771199732,0.022002066700210616,1,0,
Combined,GPT-2,"grid position (1, 1)",0.05089726191631816,0.010932774217384169,1,1,
Combined,GPT-2,"grid position (1, 2)",0.02009665412080349,-0.10296659667809471,1,2,
Combined,GPT-2,"grid position (2, 0)",0.12223599208836691,0.04134814559620015,2,0,
Combined,GPT-2,"grid position (2, 1)",0.08479707414786891,0.09121856667116485,2,1,
Combined,GPT-2,"grid position (2, 2)",0.08976126230779269,0.06612938042202941,2,2,
Combined,GPT-2,"grid position (0, 0)",0.09752125269198858,0.06053996766163034,0,0,
Combined,GPT-2,"grid position (0, 1)",0.07439688387039459,-0.010598029023225033,0,1,
Combined,GPT-2,"grid position (0, 2)",0.12992348247515734,0.06627842392196764,0,2,
Combined,GPT-2,"grid position (1, 0)",0.10513856454454609,0.00981313241764076,1,0,
Combined,GPT-2,"grid position (1, 1)",0.09341643261103032,0.036633950469502234,1,1,
Combined,GPT-2,"grid position (1, 2)",0.07753269953787446,0.02350939244567545,1,2,
Combined,GPT-2,"grid position (2, 0)",0.0429176199490357,-0.08606317890566895,2,0,
Combined,GPT-2,"grid position (2, 1)",0.07464624024320493,-0.054740246115912536,2,1,
Combined,GPT-2,"grid position (2, 2)",-0.5492210633278698,0.0117238631661329,2,2,
Combined,GPT-2,"grid position (0, 0)",0.0832723888986103,-0.0867612350271033,0,0,
Combined,GPT-2,"grid position (0, 1)",0.07766666216116355,0.03151594781523974,0,1,
Combined,GPT-2,"grid position (0, 2)",0.09556826090010458,0.11296790021707104,0,2,
Combined,GPT-2,"grid position (1, 0)",0.07784608407573033,-0.027187743137448584,1,0,
Combined,GPT-2,"grid position (1, 1)",0.06673152226634763,0.010195015678480737,1,1,
Combined,GPT-2,"grid position (1, 2)",0.09386667062150503,0.13041910394611492,1,2,
Combined,GPT-2,"grid position (2, 0)",-0.6260602500590164,0.049552500425305436,2,0,
Combined,GPT-2,"grid position (2, 1)",-0.08222137883302456,-0.18101318863472163,2,1,
Combined,GPT-2,"grid position (2, 2)",0.003379195553061742,0.05126520323230096,2,2,
Combined,GPT-2,"grid position (0, 0)",0.038814764935940556,-0.08663396438136281,0,0,
Combined,GPT-2,"grid position (0, 1)",-0.6192718769955704,0.04381522441582459,0,1,
Combined,GPT-2,"grid position (0, 2)",0.10552549181233715,0.07081721147514447,0,2,
Combined,GPT-2,"grid position (1, 0)",0.06452001638553431,-0.01997173669720267,1,0,
Combined,GPT-2,"grid position (1, 1)",0.09056910619267063,0.050920594368191054,1,1,
Combined,GPT-2,"grid position (1, 2)",0.14063594453039813,0.06475629036661021,1,2,
Combined,GPT-2,"grid position (2, 0)",0.04417597398703042,-0.07463446912505445,2,0,
Combined,GPT-2,"grid position (2, 1)",0.08723630515246032,0.028623181595260856,2,1,
Combined,GPT-2,"grid position (2, 2)",0.11494070979547238,0.06978709772621403,2,2,
Combined,GPT-2,"grid position (0, 0)",0.06446186391235005,-0.01415598711615182,0,0,
Combined,GPT-2,"grid position (0, 1)",0.006263953324355583,-0.10776182235073914,0,1,
Combined,GPT-2,"grid position (0, 2)",0.10763236748614238,0.03505402886862113,0,2,
Combined,GPT-2,"grid position (1, 0)",0.12484754767788953,0.10094256464649719,1,0,
Combined,GPT-2,"grid position (1, 1)",-0.452557868340014,0.035355547909624495,1,1,
Combined,GPT-2,"grid position (1, 2)",0.08599522889133832,-0.007582877658757392,1,2,
Combined,GPT-2,"grid position (2, 0)",0.05661310249394152,0.05930444486033087,2,0,
Combined,GPT-2,"grid position (2, 1)",0.05762022048807431,-0.043305227980243735,2,1,
Combined,GPT-2,"grid position (2, 2)",0.07180360056450596,-0.03462397337287833,2,2,
Combined,GPT-2,"grid position (0, 0)",-0.5520669565201054,0.046594896054818015,0,0,
Combined,GPT-2,"grid position (0, 1)",0.015987867026848093,-0.058667708207383616,0,1,
Combined,GPT-2,"grid position (0, 2)",0.1056522418038602,0.054651528124317394,0,2,
Combined,GPT-2,"grid position (1, 0)",0.10586276624676921,0.06414418073045107,1,0,
Combined,GPT-2,"grid position (1, 1)",0.06098306925753807,-0.1131218116555374,1,1,
Combined,GPT-2,"grid position (1, 2)",0.1081555005005538,0.051820421952701964,1,2,
Combined,GPT-2,"grid position (2, 0)",0.08096585937260369,0.041363619719050074,2,0,
Combined,GPT-2,"grid position (2, 1)",0.06298210005163023,-0.06908043865390724,2,1,
Combined,GPT-2,"grid position (2, 2)",0.08028711722343712,0.09972274246025446,2,2,
Combined,GPT-2,"grid position (0, 0)",0.10208043581569286,-0.00848356167024782,0,0,
Combined,GPT-2,"grid position (0, 1)",0.0911577325524325,-0.02147428044268594,0,1,
Combined,GPT-2,"grid position (0, 2)",0.10272006299850246,0.11467593998490355,0,2,
Combined,GPT-2,"grid position (1, 0)",0.08247774388082481,-0.05643566587389933,1,0,
Combined,GPT-2,"grid position (1, 1)",0.08493901605546919,0.05451570376211155,1,1,
Combined,GPT-2,"grid position (1, 2)",0.11264770121991187,0.09108980478661856,1,2,
Combined,GPT-2,"grid position (2, 0)",0.05503514655427294,-0.06191081589252495,2,0,
Combined,GPT-2,"grid position (2, 1)",-0.45331276512316737,0.03245967926284937,2,1,
Combined,GPT-2,"grid position (2, 2)",-0.0008913130393632815,0.023287784729768158,2,2,
Combined,GPT-2,"grid position (0, 0)",0.06875354328887374,0.0038564539425326757,0,0,
Combined,GPT-2,"grid position (0, 1)",0.06227201105382198,-0.040305018538412736,0,1,
Combined,GPT-2,"grid position (0, 2)",0.10196019970245693,0.035387037555278465,0,2,
Combined,GPT-2,"grid position (1, 0)",0.0493136147331856,-0.011629270287404486,1,0,
Combined,GPT-2,"grid position (1, 1)",-0.3666482110780114,0.006772995869696979,1,1,
Combined,GPT-2,"grid position (1, 2)",0.0658460234324087,-0.002213954759612991,1,2,
Combined,GPT-2,"grid position (2, 1)",0.037991670880600174,0.05962252436371511,2,1,
Combined,GPT-2,"grid position (2, 2)",0.035864736776582376,0.044798625981371916,2,2,
Combined,GPT-2,"grid position (0, 0)",0.04525014712000884,-0.07719362617015793,0,0,
Combined,GPT-2,"grid position (0, 1)",0.07837702906311839,-0.016859815246065335,0,1,
Combined,GPT-2,"grid position (0, 2)",0.07315611499435004,-0.10451654597633632,0,2,
Combined,GPT-2,"grid position (1, 0)",0.04285215007336649,-0.040068942032987435,1,0,
Combined,GPT-2,"grid position (1, 1)",0.07972949786543437,0.008277019153776937,1,1,
Combined,GPT-2,"grid position (1, 2)",-0.40939059975769065,0.024344196194996722,1,2,
Combined,GPT-2,"grid position (2, 0)",0.06406613475097382,0.03828002800780317,2,0,
Combined,GPT-2,"grid position (2, 1)",0.09663446096145759,0.11270166555198777,2,1,
Combined,GPT-2,"grid position (2, 2)",0.07728522763673372,-0.0434274256016515,2,2,
Combined,GPT-2,"grid position (0, 0)",0.057776728510199764,-0.029123323620378533,0,0,
Combined,GPT-2,"grid position (0, 1)",0.09081288538546976,0.056442329511442305,0,1,
Combined,GPT-2,"grid position (0, 2)",0.11145702256127638,0.025684021846796627,0,2,
Combined,GPT-2,"grid position (1, 0)",0.007432588316170746,-0.10189600939441919,1,0,
Combined,GPT-2,"grid position (1, 1)",0.10418679014765321,0.04376713341597096,1,1,
Combined,GPT-2,"grid position (1, 2)",0.12213658974753025,0.02582433209607397,1,2,
Combined,GPT-2,"grid position (2, 0)",-0.1824920857413127,-0.23921537487298045,2,0,
Combined,GPT-2,"grid position (2, 1)",-0.6138677591568743,0.06311112510568732,2,1,
Combined,GPT-2,"grid position (2, 2)",0.0719249492887609,0.09725206985298976,2,2,
Combined,GPT-2,"grid position (0, 0)",0.11242558395246038,0.10845532981610821,0,0,
Combined,GPT-2,"grid position (0, 1)",0.1313551062741881,0.09009719909381346,0,1,
Combined,GPT-2,"grid position (0, 2)",-0.07114321102682211,-0.23279184321611998,0,2,
Combined,GPT-2,"grid position (1, 0)",0.0965147127738858,0.07523788762906096,1,0,
Combined,GPT-2,"grid position (1, 1)",0.11938303352394951,0.06431003162755855,1,1,
Combined,GPT-2,"grid position (1, 2)",0.017937066243912895,-0.17145952266136102,1,2,
Combined,GPT-2,"grid position (2, 0)",0.05510217928635684,-0.04535252444170254,2,0,
Combined,GPT-2,"grid position (2, 1)",0.051244273291718184,-0.05336523746166037,2,1,
Combined,GPT-2,"grid position (2, 2)",-0.5513434749579398,-0.011614686693001718,2,2,
Combined,GPT-2,"grid position (0, 0)",0.0785117018001165,0.014610293570943247,0,0,
Combined,GPT-2,"grid position (0, 1)",0.040894255961907405,-0.05076480734709986,0,1,
Combined,GPT-2,"grid position (0, 2)",0.03223535554757424,-0.057891489311762134,0,2,
Combined,GPT-2,"grid position (1, 0)",0.058818787087642314,-0.01464232209116588,1,0,
Combined,GPT-2,"grid position (1, 1)",0.1093975839802378,0.0015358417687971284,1,1,
Combined,GPT-2,"grid position (1, 2)",0.06196444706393689,-0.068353018242781,1,2,
Combined,GPT-2,"grid position (2, 0)",0.02362789588265749,-0.02233315446972573,2,0,
Combined,GPT-2,"grid position (2, 1)",-0.35578573176867345,0.041879590279618586,2,1,
Combined,GPT-2,"grid position (2, 2)",0.013393808936243241,-0.11155996123052843,2,2,
Combined,GPT-2,"grid position (0, 0)",-0.13203790069571952,-0.22313448552737727,0,0,
Combined,GPT-2,"grid position (0, 1)",0.018906779208483493,-0.09557990883613833,0,1,
Combined,GPT-2,"grid position (0, 2)",-0.4808109284908734,0.03327179827521001,0,2,
Combined,GPT-2,"grid position (1, 0)",0.056966645905996066,-0.00439477408589574,1,0,
Combined,GPT-2,"grid position (1, 1)",0.07969716276915649,-0.0503676775350393,1,1,
Combined,GPT-2,"grid position (1, 2)",0.10256937059905306,-0.019387357838833462,1,2,
Combined,GPT-2,"grid position (2, 0)",0.06501578592241156,0.08719528023812616,2,0,
Combined,GPT-2,"grid position (2, 1)",0.09287586282554901,0.041566528128090086,2,1,
Combined,GPT-2,"grid position (2, 2)",0.10452486795360821,0.08398018588808402,2,2,
Combined,GPT-2,"grid position (0, 0)",0.058616822716978254,0.02139875364235222,0,0,
Combined,GPT-2,"grid position (0, 1)",0.08376262078386877,0.024326894599293963,0,1,
Combined,GPT-2,"grid position (0, 2)",-0.46507573306789934,0.06551800578172182,0,2,
Combined,GPT-2,"grid position (1, 0)",-0.014796240579149914,-0.03702578755570297,1,0,
Combined,GPT-2,"grid position (1, 1)",0.08426162984862821,-0.04490376570904244,1,1,
Combined,GPT-2,"grid position (2, 0)",-0.016448266856156385,-0.1043419402689219,2,0,
Combined,GPT-2,"grid position (2, 1)",0.048948185268794,-0.06351053943396398,2,1,
Combined,GPT-2,"grid position (0, 0)",-0.026991594178274163,0.12219263925949579,0,0,
Combined,GPT-2,"grid position (0, 1)",0.11662205076768518,0.08856714951324399,0,1,
Combined,GPT-2,"grid position (0, 2)",0.12868219477803672,0.05136190802318855,0,2,
Combined,GPT-2,"grid position (1, 0)",-0.020863083551547045,-0.031609472009280506,1,0,
Combined,GPT-2,"grid position (1, 1)",0.08101028908436646,0.02829423846493742,1,1,
Combined,GPT-2,"grid position (1, 2)",0.12889492947101097,0.07682394861268878,1,2,
Combined,GPT-2,"grid position (2, 0)",0.025949825108169868,-0.01953173967475398,2,0,
Combined,GPT-2,"grid position (2, 1)",0.020967793471601544,-0.09372416073802688,2,1,
Combined,GPT-2,"grid position (2, 2)",-0.5534239412467301,0.018166908567940915,2,2,
Combined,GPT-2,"grid position (0, 0)",0.05084532492667415,-0.025371928808275962,0,0,
Combined,GPT-2,"grid position (0, 1)",0.08374461472793135,0.05757327597694998,0,1,
Combined,GPT-2,"grid position (0, 2)",0.06595668292513215,-0.00267503178047038,0,2,
Combined,GPT-2,"grid position (1, 0)",0.07321221621325215,-0.04872794158931286,1,0,
Combined,GPT-2,"grid position (1, 1)",0.0737428773808025,-0.005323757148925751,1,1,
Combined,GPT-2,"grid position (1, 2)",0.09854557093141954,0.06104770784583297,1,2,
Combined,GPT-2,"grid position (2, 0)",0.05212542731815459,0.011840522300729595,2,0,
Combined,GPT-2,"grid position (2, 1)",-0.6225277477642028,0.040288083304496534,2,1,
Combined,GPT-2,"grid position (2, 2)",0.05812516650085303,0.08994776177784539,2,2,
Combined,GPT-2,"grid position (0, 0)",0.05441149173375604,0.08630896062102106,0,0,
Combined,GPT-2,"grid position (0, 1)",0.0879346139867619,0.01246710257871197,0,1,
Combined,GPT-2,"grid position (0, 2)",0.10781996842168752,0.05497980334540141,0,2,
Combined,GPT-2,"grid position (1, 0)",0.02759380090329567,-0.016357285493306818,1,0,
Combined,GPT-2,"grid position (1, 1)",-0.31959202748373405,-0.007665079626115642,1,1,
Combined,GPT-2,"grid position (1, 2)",0.10475911197228284,0.03283633877773601,1,2,
Combined,GPT-2,"grid position (2, 1)",0.015212675542780522,-0.040831946229523165,2,1,
Combined,GPT-2,"grid position (2, 2)",0.08128813630765283,0.02266791186143757,2,2,
Combined,GPT-2,"grid position (0, 0)",0.045712593912228205,0.066494285575793,0,0,
Combined,GPT-2,"grid position (0, 1)",0.07674936544246952,0.0037285737628664994,0,1,
Combined,GPT-2,"grid position (0, 2)",0.1178718348582484,0.056779036570223713,0,2,
Combined,GPT-2,"grid position (1, 0)",0.060865302451122524,-0.01636505731408536,1,0,
Combined,GPT-2,"grid position (1, 1)",-0.4240846014206944,0.005024406278354655,1,1,
Combined,GPT-2,"grid position (1, 2)",0.1144082413859588,0.02232403583360872,1,2,
Combined,GPT-2,"grid position (2, 0)",-0.062032755441900525,-0.14261491069911703,2,0,
Combined,GPT-2,"grid position (2, 1)",-0.030226406478600643,-0.14129361213246525,2,1,
Combined,GPT-2,"grid position (2, 2)",0.07502569204874175,-0.029354268562051374,2,2,
Combined,GPT-2,"grid position (0, 0)",0.07013448690290826,-0.061953810315850705,0,0,
Combined,GPT-2,"grid position (0, 1)",0.10145514180012105,0.06284708131362786,0,1,
Combined,GPT-2,"grid position (0, 2)",-0.38046446529731676,0.020736412427741897,0,2,
Combined,GPT-2,"grid position (1, 0)",0.08696023042519524,0.03861514211373847,1,0,
Combined,GPT-2,"grid position (1, 1)",0.07905112512902021,0.03592583189909866,1,1,
Combined,GPT-2,"grid position (1, 2)",0.08417396906089476,-0.06572702241199958,1,2,
Combined,GPT-2,"grid position (2, 0)",0.04653763578985211,0.09900609835925123,2,0,
Combined,GPT-2,"grid position (2, 1)",0.06484945481699411,0.006044964371942453,2,1,
Combined,GPT-2,"grid position (2, 2)",0.10663625895105332,-0.04528474463097476,2,2,
Combined,GPT-2,"grid position (0, 0)",0.03214541704455436,-0.0010951377064840613,0,0,
Combined,GPT-2,"grid position (0, 1)",0.047847786901354473,-0.04022577491196184,0,1,
Combined,GPT-2,"grid position (0, 2)",0.09280063107561325,-2.782431499141315e-05,0,2,
Combined,GPT-2,"grid position (1, 0)",0.11334219165674024,0.04552927708345151,1,0,
Combined,GPT-2,"grid position (1, 1)",0.0788310699220664,-0.034765920635383536,1,1,
Combined,GPT-2,"grid position (1, 2)",0.1024915767921212,0.01174971966729341,1,2,
Combined,GPT-2,"grid position (2, 0)",0.11627361397636468,0.04635980958573953,2,0,
Combined,GPT-2,"grid position (2, 1)",0.061466878286100035,-0.03750652352679481,2,1,
Combined,GPT-2,"grid position (2, 2)",-0.5376584334706082,0.040075655336146446,2,2,
Combined,GPT-2,"grid position (0, 0)",0.00564817566424773,-0.10318001600752524,0,0,
Combined,GPT-2,"grid position (0, 1)",-0.3121226972303185,0.017073833072120775,0,1,
Combined,GPT-2,"grid position (0, 2)",0.10109844153979353,0.03643092027733305,0,2,
Combined,GPT-2,"grid position (1, 0)",0.05051283775819212,0.0013841925562514022,1,0,
Combined,GPT-2,"grid position (1, 1)",0.1334613470459766,0.03285142848424347,1,1,
Combined,GPT-2,"grid position (1, 2)",0.13007729985653335,0.04866585372520324,1,2,
Combined,GPT-2,"grid position (2, 0)",0.05048886350338739,-0.00996333418659685,2,0,
Combined,GPT-2,"grid position (0, 0)",0.009511380851452185,-0.02564221618805339,0,0,
Combined,GPT-2,"grid position (0, 1)",-0.6344623521346444,0.030318088252830982,0,1,
Combined,GPT-2,"grid position (0, 2)",-0.006548581473445662,-0.02338083982363883,0,2,
Combined,GPT-2,"grid position (1, 0)",0.0911604505582548,0.02032760463516651,1,0,
Combined,GPT-2,"grid position (1, 1)",0.11080153317717506,0.03594443348472413,1,1,
Combined,GPT-2,"grid position (1, 2)",0.0890966359910505,0.005031797736682626,1,2,
Combined,GPT-2,"grid position (2, 0)",0.09345815991465545,0.002675549508621028,2,0,
Combined,GPT-2,"grid position (2, 1)",0.09997846272111695,0.03266742167702248,2,1,
Combined,GPT-2,"grid position (2, 2)",0.09454395668566516,-0.03347624849740525,2,2,
Combined,GPT-2,"grid position (0, 0)",0.028523419399577577,-0.042700145965871045,0,0,
Combined,GPT-2,"grid position (0, 1)",-0.41101928222820666,0.0016196451318871094,0,1,
Combined,GPT-2,"grid position (0, 2)",0.047414663502057315,0.01129348203337333,0,2,
Combined,GPT-2,"grid position (1, 0)",0.09719347381042358,0.009271209107850698,1,0,
Combined,GPT-2,"grid position (1, 1)",0.08420150861067734,-0.03481152451607345,1,1,
Combined,GPT-2,"grid position (1, 2)",0.12973931488175938,0.0776253091943967,1,2,
Combined,GPT-2,"grid position (2, 0)",0.09690298111140841,-0.07906323225566349,2,0,
Combined,GPT-2,"grid position (2, 1)",0.0813966865014077,0.04044656306778703,2,1,
Combined,GPT-2,"grid position (2, 2)",0.1479489114309759,0.14153797734092077,2,2,
Combined,GPT-2,"grid position (0, 0)",-0.46814677147205086,0.025377515715732914,0,0,
Combined,GPT-2,"grid position (0, 1)",0.08008441604200586,0.05428288005998315,0,1,
Combined,GPT-2,"grid position (0, 2)",0.05306358377937815,0.10812677479540421,0,2,
Combined,GPT-2,"grid position (1, 0)",0.020979401896507092,-0.04178488736457554,1,0,
Combined,GPT-2,"grid position (1, 1)",0.07183046941516216,-0.01798428599230594,1,1,
Combined,GPT-2,"grid position (1, 2)",-0.006392666221529815,-0.054354025009128774,1,2,
Combined,GPT-2,"grid position (2, 0)",0.06489740656109272,-0.06769824458861565,2,0,
Combined,GPT-2,"grid position (2, 1)",0.07928747879453096,-0.016380990762913543,2,1,
Combined,GPT-2,"grid position (2, 2)",0.08231282476117344,0.09511328720523311,2,2,
Combined,GPT-2,"grid position (0, 0)",0.02115796126523382,-0.013949159226054282,0,0,
Combined,GPT-2,"grid position (0, 1)",0.021171276881605302,-0.07148327452265864,0,1,
Combined,GPT-2,"grid position (0, 2)",-0.5153498681580397,0.008868863697350482,0,2,
Combined,GPT-2,"grid position (1, 0)",0.12370018373650928,0.0911230565162601,1,0,
Combined,GPT-2,"grid position (1, 1)",0.11531401720236234,0.042150321325995485,1,1,
Combined,GPT-2,"grid position (1, 2)",0.03564363231348602,-0.07549106467830906,1,2,
Combined,GPT-2,"grid position (2, 0)",0.09630252857475276,0.043155590110720475,2,0,
Combined,GPT-2,"grid position (2, 1)",0.046052727606524776,-0.056772985228720436,2,1,
Combined,GPT-2,"grid position (2, 2)",0.029303012999650165,-0.11337610020354973,2,2,
Combined,GPT-2,"grid position (0, 0)",0.12733588271107962,0.12906668967241378,0,0,
Combined,GPT-2,"grid position (0, 1)",0.0599885435954479,0.12173804822246735,0,1,
Combined,GPT-2,"grid position (0, 2)",0.1279515855802862,0.07874676132822694,0,2,
Combined,GPT-2,"grid position (1, 0)",0.13172258609469717,0.09069375962409712,1,0,
Combined,GPT-2,"grid position (1, 1)",0.06807430803312232,-0.0682827966259576,1,1,
Combined,GPT-2,"grid position (1, 2)",0.11255750993294732,-0.013961271690057899,1,2,
Combined,GPT-2,"grid position (2, 0)",0.046371470754697816,0.023190575799318346,2,0,
Combined,GPT-2,"grid position (2, 1)",-0.5618300900340661,0.006641193626758853,2,1,
Combined,GPT-2,"grid position (2, 2)",0.039919709170861156,-0.08400453369354154,2,2,
Combined,GPT-2,"grid position (0, 0)",0.009499959880390995,0.009531731122805077,0,0,
Combined,GPT-2,"grid position (0, 1)",-0.7238770595301841,0.023166320586549653,0,1,
Combined,GPT-2,"grid position (0, 2)",0.03239516983861996,-0.1496289034515757,0,2,
Combined,GPT-2,"grid position (1, 0)",0.07207289740843933,0.044062037096439556,1,0,
Combined,GPT-2,"grid position (1, 1)",0.0016040920210375251,-0.02923992497011549,1,1,
Combined,GPT-2,"grid position (1, 2)",0.04666519984250882,-0.08354644037764283,1,2,
Combined,GPT-2,"grid position (2, 0)",0.09472598087394718,0.05831776516061638,2,0,
Combined,GPT-2,"grid position (2, 1)",0.08620551100448251,0.02292139682403987,2,1,
Combined,GPT-2,"grid position (2, 2)",0.06998911375296465,-0.00664967146802728,2,2,
Combined,GPT-2,"grid position (0, 0)",-0.0485064887405079,-0.10909492858914098,0,0,
Combined,GPT-2,"grid position (0, 1)",0.06549184517239985,0.01454158003987149,0,1,
Combined,GPT-2,"grid position (0, 2)",0.10512762884424341,0.15902800310193418,0,2,
Combined,GPT-2,"grid position (1, 0)",-0.5033454114209359,0.01227759291647999,1,0,
Combined,GPT-2,"grid position (1, 1)",0.0828227683593827,-0.007481131783210881,1,1,
Combined,GPT-2,"grid position (1, 2)",0.10082757493674142,0.0848065968208703,1,2,
Combined,GPT-2,"grid position (2, 0)",0.04247045584762445,-0.05998659499583497,2,0,
Combined,GPT-2,"grid position (2, 1)",0.02976563205175244,-0.03551239078684746,2,1,
Combined,GPT-2,"grid position (2, 2)",0.035762274637527035,0.07162502181615317,2,2,
Combined,GPT-2,"grid position (0, 0)",0.05672580671538704,0.12386314248729813,0,0,
Combined,GPT-2,"grid position (0, 1)",0.05002670446491426,0.12191312699025261,0,1,
Combined,GPT-2,"grid position (1, 0)",0.08089232549090217,0.06708732668446274,1,0,
Combined,GPT-2,"grid position (1, 1)",0.08436917957250853,0.037091305923378955,1,1,
Combined,GPT-2,"grid position (1, 2)",0.08750001504431129,-0.06069416700691579,1,2,
Combined,GPT-2,"grid position (2, 0)",0.03201345404982153,-0.04506299357726325,2,0,
Combined,GPT-2,"grid position (2, 1)",-0.33368746831458024,0.01824193683629726,2,1,
Combined,GPT-2,"grid position (2, 2)",0.0953287309615646,-0.04764456108909531,2,2,
Combined,GPT-2,"grid position (0, 0)",0.03649084004518483,-0.17325851821957594,0,0,
Combined,GPT-2,"grid position (0, 1)",0.022443690980854334,-0.0745729955326917,0,1,
Combined,GPT-2,"grid position (0, 2)",0.07691115570145732,-0.005241365204004463,0,2,
Combined,GPT-2,"grid position (1, 0)",0.07648123994179164,-0.07920549891718721,1,0,
Combined,GPT-2,"grid position (1, 1)",0.06570408845649808,0.03537172972155113,1,1,
Combined,GPT-2,"grid position (1, 2)",0.10266072305421328,0.020432951133045114,1,2,
Combined,GPT-2,"grid position (2, 0)",0.12495965604238772,0.010729445365213607,2,0,
Combined,GPT-2,"grid position (2, 1)",-0.4377917366426352,0.04062295468800797,2,1,
Combined,GPT-2,"grid position (2, 2)",0.06337188055402553,-0.004032903877755624,2,2,
Combined,GPT-2,"grid position (0, 0)",0.079109959206672,0.03511676014597213,0,0,
Combined,GPT-2,"grid position (0, 1)",0.09865082706673045,0.04160267746723977,0,1,
Combined,GPT-2,"grid position (0, 2)",0.0981403528211561,0.05208007020553938,0,2,
Combined,GPT-2,"grid position (1, 0)",0.04162772313775161,-0.06476460358124277,1,0,
Combined,GPT-2,"grid position (1, 1)",0.06785173986261969,-0.05662388290004552,1,1,
Combined,GPT-2,"grid position (1, 2)",0.0752650273693004,0.006699411193273433,1,2,
Combined,GPT-2,"grid position (2, 0)",-0.7154181081506493,0.0538112306475542,2,0,
Combined,GPT-2,"grid position (2, 1)",-0.04169071030056121,-0.02996823124728497,2,1,
Combined,GPT-2,"grid position (2, 2)",0.029410538327107518,-0.01264837886064047,2,2,
Combined,GPT-2,"grid position (0, 0)",0.01903297306638748,-0.0177580835741014,0,0,
Combined,GPT-2,"grid position (0, 1)",0.09362787682934967,0.060628026568578575,0,1,
Combined,GPT-2,"grid position (0, 2)",0.06961743544105652,0.007279333135435661,0,2,
Combined,GPT-2,"grid position (1, 0)",-0.4522600443897342,-0.001786153773659272,1,0,
Combined,GPT-2,"grid position (1, 1)",0.10104702181037066,0.019186833566247053,1,1,
Combined,GPT-2,"grid position (1, 2)",0.11519303671983654,0.030639411789167462,1,2,
Combined,GPT-2,"grid position (2, 0)",-0.028068730609736834,-0.14305277502708955,2,0,
Combined,GPT-2,"grid position (2, 1)",0.07311775670847266,-0.04189725593324142,2,1,
Combined,GPT-2,"grid position (2, 2)",0.12052542895953029,0.04077678635159678,2,2,
Combined,GPT-2,"grid position (0, 0)",0.06599664641538847,0.05091905864745241,0,0,
Combined,GPT-2,"grid position (0, 1)",0.03503848242249035,-0.060071351021548744,0,1,
Combined,GPT-2,"grid position (0, 2)",0.058176212994274,-0.08803144257119563,0,2,
Combined,GPT-2,"grid position (1, 0)",0.11242003753882196,0.11029737590086415,1,0,
Combined,GPT-2,"grid position (1, 1)",0.05505360126529202,-0.013648798600966716,1,1,
Combined,GPT-2,"grid position (1, 2)",-0.5422903074260894,0.04248803154287071,1,2,
Combined,GPT-2,"grid position (2, 0)",0.09631690350978006,0.1317427372553269,2,0,
Combined,GPT-2,"grid position (2, 1)",0.01839023855088378,0.014397042428389458,2,1,
Combined,GPT-2,"grid position (2, 2)",0.06502267504012768,-0.02396782120257797,2,2,
Combined,GPT-2,"grid position (0, 0)",-0.03979761194731244,-0.21590305119667066,0,0,
Combined,GPT-2,"grid position (0, 1)",0.09155983225523431,-0.03446603284458903,0,1,
Combined,GPT-2,"grid position (0, 2)",0.11220445273536683,0.09055518632478568,0,2,
Combined,GPT-2,"grid position (1, 0)",0.0662920600487303,-0.02651966705510521,1,0,
Combined,GPT-2,"grid position (1, 1)",-0.3226088991991073,0.009516008924983358,1,1,
Combined,GPT-2,"grid position (1, 2)",0.12451239816132577,0.05552300320323362,1,2,
Combined,GPT-2,"grid position (2, 0)",0.0007466253543648748,-0.042180728951466066,2,0,
Combined,GPT-2,"grid position (2, 1)",0.06018006720052957,-0.006148648171915643,2,1,
Combined,GPT-2,"grid position (2, 2)",0.10022889511879861,0.10447385570708123,2,2,
Combined,GPT-2,"grid position (0, 0)",0.06486341622970149,0.05597812394425096,0,0,
Combined,GPT-2,"grid position (0, 1)",0.050123696904037174,-0.026133217503856793,0,1,
Combined,GPT-2,"grid position (0, 2)",0.04431753947400511,-0.06688757007856218,0,2,
Combined,GPT-2,"grid position (1, 0)",0.06137984820832649,0.04407473088354942,1,0,
Combined,GPT-2,"grid position (1, 1)",0.08040629792267004,-0.00963210987482745,1,1,
Combined,GPT-2,"grid position (1, 2)",0.068803829798451,-0.07326063302798161,1,2,
Combined,GPT-2,"grid position (2, 0)",0.009058292090498073,-0.05205657701103014,2,0,
Combined,GPT-2,"grid position (2, 1)",-0.6280141971515529,0.04795380580140616,2,1,
Combined,GPT-2,"grid position (2, 2)",0.08305926261067788,0.034376058566397756,2,2,
Combined,GPT-2,"grid position (0, 0)",0.06048924523092474,0.03503315037278267,0,0,
Combined,GPT-2,"grid position (0, 1)",0.006817281386376309,-0.07779782377435837,0,1,
Combined,GPT-2,"grid position (0, 2)",0.004547776519523372,-0.15202395414666287,0,2,
Combined,GPT-2,"grid position (1, 0)",0.10310481519176416,0.09956745976922846,1,0,
Combined,GPT-2,"grid position (1, 1)",-0.5433796176583272,0.0513201749029798,1,1,
Combined,GPT-2,"grid position (1, 2)",0.0495336614289884,-0.07403718397041065,1,2,
Combined,GPT-2,"grid position (2, 0)",0.03656396797167055,0.059246421232453515,2,0,
Combined,GPT-2,"grid position (2, 1)",0.021632757332878946,-0.012034453269614796,2,1,
Combined,GPT-2,"grid position (2, 2)",0.03939178811343743,-0.08136280145204261,2,2,
Combined,GPT-2,"grid position (0, 0)",0.08872652331215018,0.08087670750506078,0,0,
Combined,GPT-2,"grid position (0, 1)",0.08022465680509006,0.009336948302740596,0,1,
Combined,GPT-2,"grid position (0, 2)",-0.5166196764836151,0.012108639173221762,0,2,
Combined,GPT-2,"grid position (1, 0)",0.1067792077104114,-0.013270841171653953,1,0,
Combined,GPT-2,"grid position (1, 1)",0.0777087382814315,0.013642881299854559,1,1,
Combined,GPT-2,"grid position (1, 2)",0.06862541411588158,0.0009560018785803328,1,2,
Combined,GPT-2,"grid position (2, 0)",0.07838872344897745,-0.018633043155492524,2,0,
Combined,GPT-2,"grid position (2, 1)",0.067441730954976,0.0005335128553658723,2,1,
Combined,GPT-2,"grid position (2, 2)",0.05045025185792246,0.10755484211429542,2,2,
Combined,GPT-2,"grid position (0, 0)",0.08523291768279849,0.10092969942108297,0,0,
Combined,GPT-2,"grid position (0, 1)",0.07871650759679329,0.01698716168444649,0,1,
Combined,GPT-2,"grid position (0, 2)",0.02147532397794389,-0.0985599005172286,0,2,
Combined,GPT-2,"grid position (1, 0)",0.10270950752091379,0.07744572041327605,1,0,
Combined,GPT-2,"grid position (1, 1)",0.10212798507490617,0.007627522649220778,1,1,
Combined,GPT-2,"grid position (1, 2)",-0.42671619313052717,-0.010522171867483218,1,2,
Combined,GPT-2,"grid position (2, 0)",0.11441426943833075,0.11089397703327601,2,0,
Combined,GPT-2,"grid position (2, 1)",0.07733880582659251,0.05481991460802336,2,1,
Combined,GPT-2,"grid position (2, 2)",0.07191036912126585,0.04739391599423338,2,2,
Combined,GPT-2,"grid position (0, 0)",-0.001778449081361932,-0.09397266009155779,0,0,
Combined,GPT-2,"grid position (0, 1)",0.05452520371421787,-0.013741512886990236,0,1,
Combined,GPT-2,"grid position (0, 2)",0.051788568501183636,0.07805481942072905,0,2,
Combined,GPT-2,"grid position (1, 0)",0.055693007125234575,-0.0858792515453133,1,0,
Combined,GPT-2,"grid position (1, 1)",0.09286628636306904,0.037268203502620965,1,1,
Combined,GPT-2,"grid position (1, 2)",0.08648158806921163,0.022521832677186715,1,2,
Combined,GPT-2,"grid position (2, 0)",0.06217090947671107,-0.03768630408290577,2,0,
Combined,GPT-2,"grid position (2, 1)",0.0895106327304379,0.023004842810551443,2,1,
Combined,GPT-2,"grid position (2, 2)",-0.4978291743099528,0.042045753437825496,2,2,
Combined,GPT-2,"grid position (0, 0)",0.11909327069353895,0.035638582109104665,0,0,
Combined,GPT-2,"grid position (0, 1)",0.12088727295465572,0.0654080530614531,0,1,
Combined,GPT-2,"grid position (0, 2)",0.05586202864714842,-0.10753289986861628,0,2,
Combined,GPT-2,"grid position (1, 0)",0.13610253386342935,0.0317896104604643,1,0,
Combined,GPT-2,"grid position (1, 1)",0.05383257728285977,-0.017075716124629183,1,1,
Combined,GPT-2,"grid position (1, 2)",0.0359824880233666,-0.059298687511897596,1,2,
Combined,GPT-2,"grid position (2, 0)",0.09712967317031268,-0.02504870885318917,2,0,
Combined,GPT-2,"grid position (2, 1)",-0.6207706568789965,0.018699778960464278,2,1,
Combined,GPT-2,"grid position (2, 2)",0.0601679729813327,0.025560940672771267,2,2,
Combined,GPT-2,"grid position (0, 0)",-0.03907459271034453,-0.1405396212965959,0,0,
Combined,GPT-2,"grid position (0, 1)",-0.48034045832559397,0.008889074033814842,0,1,
Combined,GPT-2,"grid position (0, 2)",0.07094312988879681,-0.05025988225848129,0,2,
Combined,GPT-2,"grid position (1, 0)",-0.02691806627947895,-0.14011277717501353,1,0,
Combined,GPT-2,"grid position (1, 1)",0.10777609035762234,-0.021986690534032648,1,1,
Combined,GPT-2,"grid position (1, 2)",0.09486625075183919,-0.05050586676721567,1,2,
Combined,GPT-2,"grid position (2, 0)",0.09214575110580597,0.11992887254994337,2,0,
Combined,GPT-2,"grid position (2, 1)",0.11409838902364552,0.07696368391118023,2,1,
Combined,GPT-2,"grid position (2, 2)",0.10641736991891604,0.08704857717179851,2,2,
Combined,GPT-2,"grid position (0, 0)",-0.08521424761960841,-0.22564644961709646,0,0,
Combined,GPT-2,"grid position (0, 1)",0.06837624112930349,-0.007663981014990101,0,1,
Combined,GPT-2,"grid position (0, 2)",0.1287680383223359,0.06021808325797833,0,2,
Combined,GPT-2,"grid position (1, 0)",0.041976878245431296,-0.07571245913872902,1,0,
Combined,GPT-2,"grid position (1, 1)",-0.3352438151327993,0.03143507466677603,1,1,
Combined,GPT-2,"grid position (1, 2)",0.11513721074594634,0.019977096948560803,1,2,
Combined,GPT-2,"grid position (2, 0)",0.026074738260284138,-0.06439755731240616,2,0,
Combined,GPT-2,"grid position (2, 1)",0.06279167171062429,-0.05749156417040643,2,1,
Combined,GPT-2,"grid position (2, 2)",0.029420197109185666,-0.04112323945752843,2,2,
Combined,GPT-2,"grid position (0, 0)",0.024520073150109824,0.05054310945842511,0,0,
Combined,GPT-2,"grid position (0, 1)",0.05034245066092425,-0.03315156187010709,0,1,
Combined,GPT-2,"grid position (0, 2)",0.03420623985308542,-0.12390562989336437,0,2,
Combined,GPT-2,"grid position (1, 0)",-0.585609975299875,0.05517993906459663,1,0,
Combined,GPT-2,"grid position (1, 1)",0.0825205790695219,0.013491746644084318,1,1,
Combined,GPT-2,"grid position (1, 2)",0.06658458111026476,-0.0527298104345899,1,2,
Combined,GPT-2,"grid position (2, 0)",0.07920643120985725,0.03332790620145417,2,0,
Combined,GPT-2,"grid position (2, 1)",0.05137565904654204,-0.01733697418611542,2,1,
Combined,GPT-2,"grid position (2, 2)",0.06297521054292904,-0.010318271822733493,2,2,
Combined,GPT-2,"grid position (0, 0)",0.03322901375637319,-0.025058642907250406,0,0,
Combined,GPT-2,"grid position (0, 1)",0.057373173096026825,-0.005220172815555774,0,1,
Combined,GPT-2,"grid position (0, 2)",0.05604678130167058,-0.027222577528792296,0,2,
Combined,GPT-2,"grid position (1, 0)",-0.3948490197642358,0.021401411691410223,1,0,
Combined,GPT-2,"grid position (1, 1)",0.05570474650994224,0.0022383585659092563,1,1,
Combined,GPT-2,"grid position (1, 2)",0.06738175278515914,-0.04190071646745329,1,2,
Combined,GPT-2,"grid position (2, 0)",0.0660024763882173,0.018693605522477445,2,0,
Combined,GPT-2,"grid position (2, 1)",0.05044069017741689,0.09903532873658508,2,1,
Combined,GPT-2,"grid position (2, 2)",0.05849321981633413,0.004434205051957991,2,2,
Combined,GPT-2,"grid position (0, 0)",0.0846404290405817,0.0029764609393304795,0,0,
Combined,GPT-2,"grid position (0, 1)",0.1121016922444358,0.02735892943441017,0,1,
Combined,GPT-2,"grid position (0, 2)",0.07966538486080738,0.027228535593069255,0,2,
Combined,GPT-2,"grid position (1, 0)",0.09520084643195303,-0.010351237793635963,1,0,
Combined,GPT-2,"grid position (1, 1)",-0.4139660106652765,0.016307200332427736,1,1,
Combined,GPT-2,"grid position (1, 2)",0.09660389670675276,0.007632744734483883,1,2,
Combined,GPT-2,"grid position (2, 0)",0.07638865678909443,0.08325523181802091,2,0,
Combined,GPT-2,"grid position (2, 1)",0.049718936010138236,-0.034138270996857796,2,1,
Combined,GPT-2,"grid position (2, 2)",0.04847837256401395,-0.02203044236575699,2,2,
Combined,GPT-2,"grid position (0, 0)",0.07122396045040419,0.09142451712714193,0,0,
Combined,GPT-2,"grid position (0, 1)",0.04934554654296411,-0.03278493137415122,0,1,
Combined,GPT-2,"grid position (0, 2)",-0.022982944401136816,-0.14308210484137193,0,2,
Combined,GPT-2,"grid position (1, 0)",0.09861153585245126,0.10936442938582507,1,0,
Combined,GPT-2,"grid position (1, 1)",0.08772009085396888,0.03239825428487945,1,1,
Combined,GPT-2,"grid position (1, 2)",-0.5550513652730272,-0.005413005049665964,1,2,
Combined,GPT-2,"grid position (2, 0)",0.10115682640822862,0.06736386767245413,2,0,
Combined,GPT-2,"grid position (2, 1)",0.09091328575134522,0.03988787933722177,2,1,
Combined,GPT-2,"grid position (2, 2)",0.049318364231183916,-0.04871521815016537,2,2,
Combined,GPT-2,"grid position (0, 0)",0.11106260500932084,0.06231209095925687,0,0,
Combined,GPT-2,"grid position (0, 1)",0.09910985680106611,0.01678412934998132,0,1,
Combined,GPT-2,"grid position (0, 2)",0.016885411120812176,-0.14458016500204224,0,2,
Combined,GPT-2,"grid position (1, 0)",0.05954118788153551,0.018853290852030545,1,0,
Combined,GPT-2,"grid position (1, 1)",0.03060024761239309,-0.05355573802833824,1,1,
Combined,GPT-2,"grid position (1, 2)",0.06775373842325116,-0.06631533936348308,1,2,
Combined,GPT-2,"grid position (2, 0)",-0.5860937340016579,0.06769148457768463,2,0,
Combined,GPT-2,"grid position (2, 1)",0.022753168606948364,0.03505786099841531,2,1,
Combined,GPT-2,"grid position (2, 2)",0.09000657043400173,0.06529206363918695,2,2,
Combined,GPT-2,"grid position (0, 0)",0.06078585493469437,-0.044385645758272536,0,0,
Combined,GPT-2,"grid position (0, 1)",0.11280595178166762,0.07740600179880336,0,1,
Combined,GPT-2,"grid position (0, 2)",0.09330962079765286,0.03646874021201572,0,2,
Combined,GPT-2,"grid position (1, 0)",-0.4909030438918082,-0.009000745514449059,1,0,
Combined,GPT-2,"grid position (1, 1)",0.04625234175455805,-0.03582282913900929,1,1,
Combined,GPT-2,"grid position (1, 2)",0.10712846059790232,0.030794444909153996,1,2,
Combined,GPT-2,"grid position (2, 0)",0.02408488628254559,-0.0614724721281315,2,0,
Combined,GPT-2,"grid position (2, 1)",0.027460727708306078,-0.025339604879486975,2,1,
Combined,GPT-2,"grid position (2, 2)",0.09393416484257437,0.07318567677754512,2,2,
Combined,GPT-2,"grid position (0, 0)",-0.0016783650801021955,-0.08641218191857761,0,0,
Combined,GPT-2,"grid position (0, 1)",0.106662266665625,0.028400974179381297,0,1,
Combined,GPT-2,"grid position (0, 2)",0.07753155040773678,0.11499655285772882,0,2,
Combined,GPT-2,"grid position (1, 0)",0.029046326285952256,-0.17474517215739988,1,0,
Combined,GPT-2,"grid position (1, 1)",0.08669684023428323,-0.03768319487578556,1,1,
Combined,GPT-2,"grid position (1, 2)",-0.5015806116186097,0.04541027557024966,1,2,
Combined,GPT-2,"grid position (2, 0)",0.01720096799019743,-0.09966618404103605,2,0,
Combined,GPT-2,"grid position (2, 1)",0.05471087497519169,-0.021109473687536198,2,1,
Combined,GPT-2,"grid position (2, 2)",0.07135460530531845,0.03950919829464255,2,2,
Combined,GPT-2,"grid position (0, 0)",-0.4783583986991531,-0.005590061674427824,0,0,
Combined,GPT-2,"grid position (0, 1)",0.0422157424359646,-0.07839572229714112,0,1,
Combined,GPT-2,"grid position (0, 2)",0.058967723720503094,-0.05063841210848262,0,2,
Combined,GPT-2,"grid position (1, 0)",0.09659055833955267,-0.022860096677599466,1,0,
Combined,GPT-2,"grid position (1, 1)",0.08707507981857587,0.05629925950692481,1,1,
Combined,GPT-2,"grid position (1, 2)",0.07206178213074999,0.018534926244813826,1,2,
Combined,GPT-2,"grid position (2, 0)",0.06736286283704024,0.09522464557821303,2,0,
Combined,GPT-2,"grid position (2, 1)",0.09299880237910814,0.11256767740194343,2,1,
Combined,GPT-2,"grid position (0, 0)",0.11251005422333094,0.06420286616188545,0,0,
Combined,GPT-2,"grid position (0, 1)",0.09594401269455798,0.06675970473244662,0,1,
Combined,GPT-2,"grid position (0, 2)",0.0905423200244985,0.0510400110907451,0,2,
Combined,GPT-2,"grid position (1, 0)",-0.4643284266484283,0.019393819058396336,1,0,
Combined,GPT-2,"grid position (1, 1)",0.04096956453486582,-0.03190568509649659,1,1,
Combined,GPT-2,"grid position (1, 2)",0.08725478182981906,0.020523631828898388,1,2,
Combined,GPT-2,"grid position (2, 0)",0.02285686502805049,-0.0818275724166235,2,0,
Combined,GPT-2,"grid position (2, 1)",0.09218877988243446,-0.00502437005621221,2,1,
Combined,GPT-2,"grid position (2, 2)",0.10950954100961724,0.05450891472418945,2,2,
Combined,GPT-2,"grid position (0, 0)",0.07476863197911533,0.06664667137649105,0,0,
Combined,GPT-2,"grid position (0, 1)",0.05081528548445535,-0.03672485314783642,0,1,
Combined,GPT-2,"grid position (0, 2)",0.03449780877963365,-0.11570524642825172,0,2,
Combined,GPT-2,"grid position (1, 0)",0.0038795338787730575,-0.03535278225038874,1,0,
Combined,GPT-2,"grid position (1, 1)",-0.3490447329713246,-0.0027490863372143714,1,1,
Combined,GPT-2,"grid position (1, 2)",0.1142744756251974,-9.783532624909077e-06,1,2,
Combined,GPT-2,"grid position (2, 0)",0.08997894325970564,0.058600768368203375,2,0,
Combined,GPT-2,"grid position (2, 1)",0.12851932394321933,0.04906685601481333,2,1,
Combined,GPT-2,"grid position (2, 2)",0.08878534774269708,0.0389419993701037,2,2,
Combined,GPT-2,"grid position (0, 0)",0.08865198016371136,-0.028568093110448115,0,0,
Combined,GPT-2,"grid position (0, 1)",0.06992105652856281,0.03470251065195348,0,1,
Combined,GPT-2,"grid position (0, 2)",0.06353761377310299,-0.011240520801242859,0,2,
Combined,GPT-2,"grid position (1, 0)",0.10065573336524467,-0.049960779623572434,1,0,
Combined,GPT-2,"grid position (1, 1)",0.04858564833024803,0.035163290347946366,1,1,
Combined,GPT-2,"grid position (1, 2)",0.02886204183468168,-0.06266740054472934,1,2,
Combined,GPT-2,"grid position (2, 0)",0.07250843747925045,-0.008167080102500637,2,0,
Combined,GPT-2,"grid position (2, 1)",0.04181741894316503,0.039685590965765634,2,1,
Combined,GPT-2,"grid position (2, 2)",-0.4814322376069944,0.036719589815841634,2,2,
Combined,GPT-2,"grid position (0, 0)",0.11668789112034682,0.048402168698494875,0,0,
Combined,GPT-2,"grid position (0, 1)",0.11722221934029882,0.054709272921721425,0,1,
Combined,GPT-2,"grid position (0, 2)",0.0793104954242567,-0.02771820890646843,0,2,
Combined,GPT-2,"grid position (1, 0)",0.09242296962465998,-0.013187458164860751,1,0,
Combined,GPT-2,"grid position (1, 1)",0.05806560924966199,-0.036396799683399476,1,1,
Combined,GPT-2,"grid position (1, 2)",0.04736968190505017,-0.06786988349030247,1,2,
Combined,GPT-2,"grid position (2, 0)",0.09239307908969228,0.09748077769765681,2,0,
Combined,GPT-2,"grid position (2, 1)",-0.6054477506661561,0.041813447776335715,2,1,
Combined,GPT-2,"grid position (2, 2)",-0.05211801477297399,-0.19521370344123543,2,2,
Combined,GPT-2,"grid position (0, 0)",0.0679586566413361,0.0952456397762064,0,0,
Combined,GPT-2,"grid position (0, 1)",0.038535133974523,-0.03670250087631907,0,1,
Combined,GPT-2,"grid position (0, 2)",-0.5290345683757002,-0.0020306458869381173,0,2,
Combined,GPT-2,"grid position (1, 0)",0.1147224493388304,0.06454209063519026,1,0,
Combined,GPT-2,"grid position (1, 1)",0.11161702530749859,0.0741321036878209,1,1,
Combined,GPT-2,"grid position (1, 2)",0.06846350033412368,-0.10974200889466305,1,2,
Combined,GPT-2,"grid position (2, 0)",0.08733854445113186,0.01282270074152463,2,0,
Combined,GPT-2,"grid position (2, 1)",0.0819377660550844,0.036983431749372825,2,1,
Combined,GPT-2,"grid position (2, 2)",0.0734650245987597,-0.05844899347127506,2,2,
Combined,GPT-2,"grid position (0, 0)",0.1144212717719201,0.01656700059475837,0,0,
Combined,GPT-2,"grid position (0, 1)",-0.6324140912257505,0.019357185392890386,0,1,
Combined,GPT-2,"grid position (0, 2)",0.07981647479755868,-0.01296336198003773,0,2,
Combined,GPT-2,"grid position (1, 0)",0.12471151114151112,0.07514264119617084,1,0,
Combined,GPT-2,"grid position (1, 1)",0.07205974461141341,-0.001103008422836854,1,1,
Combined,GPT-2,"grid position (1, 2)",0.106994608484246,-0.012270295864057906,1,2,
Combined,GPT-2,"grid position (2, 0)",0.08729046915617104,0.040777906250860384,2,0,
Combined,GPT-2,"grid position (2, 1)",0.09953061860964504,0.015427141300012558,2,1,
Combined,GPT-2,"grid position (2, 2)",0.09165220589786843,-0.03059059011654978,2,2,
Combined,GPT-2,"grid position (0, 0)",0.08534284661448426,0.0669203435887066,0,0,
Combined,GPT-2,"grid position (0, 1)",0.04583750063815472,-0.06361261104181073,0,1,
Combined,GPT-2,"grid position (0, 2)",0.045202768131185914,-0.11282484284287,0,2,
Combined,GPT-2,"grid position (1, 0)",0.10314790485994685,0.03180106533905729,1,0,
Combined,GPT-2,"grid position (1, 1)",0.09537854272561949,0.018112720642652257,1,1,
Combined,GPT-2,"grid position (1, 2)",0.07329430523305476,-0.0647465733605077,1,2,
Combined,GPT-2,"grid position (2, 0)",-0.49734577737757024,0.043168979717644725,2,0,
Combined,GPT-2,"grid position (2, 1)",0.06476467836461393,-0.023175228994184966,2,1,
Combined,GPT-2,"grid position (2, 2)",0.024348193214246826,-0.06563618583378765,2,2,
Combined,GPT-2,"grid position (0, 0)",-0.08177501289414459,-0.1598438312506007,0,0,
Combined,GPT-2,"grid position (0, 1)",0.09352919764736999,-0.006031106765643703,0,1,
Combined,GPT-2,"grid position (0, 2)",0.04748735752535226,-0.02580623912844621,0,2,
Combined,GPT-2,"grid position (1, 0)",-0.6025706163784688,0.009473732208949032,1,0,
Combined,GPT-2,"grid position (1, 1)",0.07710792767570289,-0.025285702012379164,1,1,
Combined,GPT-2,"grid position (1, 2)",0.07142629578085961,-0.017858653266744427,1,2,
Combined,GPT-2,"grid position (2, 0)",0.08738398373415945,0.09625284084138261,2,0,
Combined,GPT-2,"grid position (2, 1)",0.09751649160022248,0.057704669904373056,2,1,
Combined,GPT-2,"grid position (2, 2)",0.1214398636193353,0.05562435372252144,2,2,
Combined,GPT-2,"grid position (0, 0)",0.09225408902176993,0.07132890512944624,0,0,
Combined,GPT-2,"grid position (0, 1)",0.08621397264245736,0.03526580772223914,0,1,
Combined,GPT-2,"grid position (0, 2)",0.07831025753280957,0.10600505794894106,0,2,
Combined,GPT-2,"grid position (1, 0)",0.08123988601294872,0.007659858884415654,1,0,
Combined,GPT-2,"grid position (1, 1)",0.062362194025665715,-0.052820506971117565,1,1,
Combined,GPT-2,"grid position (1, 2)",0.10560570511724564,0.022245984038300182,1,2,
Combined,GPT-2,"grid position (2, 0)",0.0912797420362604,0.01831821802383339,2,0,
Combined,GPT-2,"grid position (2, 1)",-0.4560989560320434,-0.03605211847235746,2,1,
Combined,GPT-2,"grid position (2, 2)",0.0551561535212943,-0.09249322372094294,2,2,
Combined,GPT-2,"grid position (0, 0)",0.07573171148092228,0.06172971609424096,0,0,
Combined,GPT-2,"grid position (0, 1)",0.07956977580487538,0.1092096140319883,0,1,
Combined,GPT-2,"grid position (0, 2)",0.08428983955664081,0.009667837100234446,0,2,
Combined,GPT-2,"grid position (1, 0)",-0.005943233782000377,-0.11205315808833016,1,0,
Combined,GPT-2,"grid position (1, 1)",0.08155299910801352,-0.008692461621458694,1,1,
Combined,GPT-2,"grid position (1, 2)",0.11311852542168192,-0.0012613258319089634,1,2,
Combined,GPT-2,"grid position (2, 0)",-0.717896963613448,0.017478663832670462,2,0,
Combined,GPT-2,"grid position (2, 1)",0.1125165494656692,0.09656211155648303,2,1,
Combined,GPT-2,"grid position (2, 2)",0.11575258965536085,0.05652802271695839,2,2,
Combined,GPT-2,"grid position (0, 0)",-0.7644864034478351,0.05408724013550078,0,0,
Combined,GPT-2,"grid position (0, 1)",-0.012053034554539597,-0.1046130771905866,0,1,
Combined,GPT-2,"grid position (0, 2)",0.019917613418520958,-0.1467717963304372,0,2,
Combined,GPT-2,"grid position (1, 0)",0.043919444125137264,7.5272361488143e-05,1,0,
Combined,GPT-2,"grid position (1, 1)",0.07207849790696054,0.0037844662013536575,1,1,
Combined,GPT-2,"grid position (1, 2)",0.01151809255805918,-0.11838983298628117,1,2,
Combined,GPT-2,"grid position (2, 0)",0.05830982786741711,0.055116580584509856,2,0,
Combined,GPT-2,"grid position (2, 1)",0.10018282167592567,0.08271629432916713,2,1,
Combined,GPT-2,"grid position (2, 2)",0.03354379182316148,0.012004550737505632,2,2,
Combined,GPT-2,"grid position (0, 0)",-0.6675650303446402,0.03561687996036444,0,0,
Combined,GPT-2,"grid position (0, 1)",0.10167918209550594,-0.020598358718220258,0,1,
Combined,GPT-2,"grid position (0, 2)",0.05286412475949998,0.04413486357413186,0,2,
Combined,GPT-2,"grid position (1, 0)",-0.06750161739721111,-0.08669315497712937,1,0,
Combined,GPT-2,"grid position (1, 1)",0.10163073766895521,-0.011892547607636066,1,1,
Combined,GPT-2,"grid position (1, 2)",0.09258509311443466,-0.007578766312204797,1,2,
Combined,GPT-2,"grid position (2, 0)",0.07101267083230822,0.057766820771025344,2,0,
Combined,GPT-2,"grid position (2, 1)",0.06543560173848952,-0.009712519357720427,2,1,
Combined,GPT-2,"grid position (2, 2)",0.08220952350656462,-0.011112025843284287,2,2,
Combined,GPT-2,"grid position (0, 0)",-0.5980228120633987,0.013918218529183587,0,0,
Combined,GPT-2,"grid position (0, 1)",0.016275586832446693,-0.09191572554836497,0,1,
Combined,GPT-2,"grid position (0, 2)",0.007863516052406186,-0.06693909708697865,0,2,
Combined,GPT-2,"grid position (1, 0)",0.06574192240894873,-0.0637628759949659,1,0,
Combined,GPT-2,"grid position (1, 1)",0.09237913865300847,0.00336515000733904,1,1,
Combined,GPT-2,"grid position (1, 2)",0.08723971498495316,0.06224613365955399,1,2,
Combined,GPT-2,"grid position (2, 0)",0.07301118780102163,-0.023093253076574595,2,0,
Combined,GPT-2,"grid position (2, 1)",0.1029919238120286,0.08321852424747535,2,1,
Combined,GPT-2,"grid position (2, 2)",0.07851609225458633,0.05307950072947654,2,2,
Combined,GPT-2,"grid position (0, 0)",-0.011210346237011174,-0.12006609328951613,0,0,
Combined,GPT-2,"grid position (0, 1)",-0.3817206314837904,0.003379073077156363,0,1,
Combined,GPT-2,"grid position (0, 2)",0.06294140309699192,0.033312624702047836,0,2,
Combined,GPT-2,"grid position (1, 0)",0.039510717103785724,-0.0443892717339636,1,0,
Combined,GPT-2,"grid position (1, 1)",0.10805052808927701,0.09059652103376471,1,1,
Combined,GPT-2,"grid position (1, 2)",0.07345281710905606,0.031660147486816836,1,2,
Combined,GPT-2,"grid position (2, 0)",0.06807518840771519,0.11647247763185019,2,0,
Combined,GPT-2,"grid position (2, 1)",0.09902799483511092,0.06574372416360731,2,1,
Combined,GPT-2,"grid position (2, 2)",0.0582825854221927,0.04197699722123377,2,2,
Combined,GPT-2,"grid position (0, 0)",0.030713767194643603,-0.022526689745654596,0,0,
Combined,GPT-2,"grid position (0, 1)",0.10586894169003667,0.08258416824044512,0,1,
Combined,GPT-2,"grid position (0, 2)",0.0877155284156266,0.06360309927254501,0,2,
Combined,GPT-2,"grid position (1, 0)",0.04631511737313293,-0.09702114122934535,1,0,
Combined,GPT-2,"grid position (1, 1)",0.07758907298078367,-0.04687942522512335,1,1,
Combined,GPT-2,"grid position (1, 2)",-0.5004634990177811,0.036654863529305304,1,2,
Combined,GPT-2,"grid position (2, 0)",0.05567439394832683,-0.04207476302861743,2,0,
Combined,GPT-2,"grid position (2, 1)",0.08657966346182953,-0.008785040880430852,2,1,
Combined,GPT-2,"grid position (2, 2)",0.12207432967759607,0.04228919059518747,2,2,
Combined,GPT-2,"grid position (0, 0)",0.07782938959787797,0.018299011689103604,0,0,
Combined,GPT-2,"grid position (0, 1)",0.08946252383965987,0.06440607451626817,0,1,
Combined,GPT-2,"grid position (0, 2)",0.09626690518430729,0.020005603582175336,0,2,
Combined,GPT-2,"grid position (1, 0)",0.10641286763774421,0.10478908433636998,1,0,
Combined,GPT-2,"grid position (1, 1)",0.1016337849768375,0.0732861589498568,1,1,
Combined,GPT-2,"grid position (1, 2)",0.09615075802799516,-0.023745535876193893,1,2,
Combined,GPT-2,"grid position (2, 0)",0.0051764916784198456,-0.11049013558839671,2,0,
Combined,GPT-2,"grid position (2, 1)",-0.5248120147551947,0.028292724412973768,2,1,
Combined,GPT-2,"grid position (2, 2)",0.030229477712015184,-0.044915392180951225,2,2,
Combined,GPT-2,"grid position (0, 0)",-0.006900535282702176,-0.07813458241409596,0,0,
Combined,GPT-2,"grid position (0, 1)",-0.4303529171454878,0.040766086739343066,0,1,
Combined,GPT-2,"grid position (0, 2)",0.05578153015604684,0.0492551146290944,0,2,
Combined,GPT-2,"grid position (1, 0)",0.10465411046069563,0.06556064289404073,1,0,
Combined,GPT-2,"grid position (1, 1)",0.10232326042374987,0.0032321708373790744,1,1,
Combined,GPT-2,"grid position (1, 2)",0.04236772546894245,-0.017707349954991652,1,2,
Combined,GPT-2,"grid position (2, 0)",0.05072380129826594,-0.04160209647759494,2,0,
Combined,GPT-2,"grid position (2, 1)",0.05613955361393064,-0.07027317948712754,2,1,
Combined,GPT-2,"grid position (2, 2)",0.03725824825919803,-0.08849545167365622,2,2,
Combined,GPT-2,"grid position (0, 0)",0.09573284876042262,0.019086722448421224,0,0,
Combined,GPT-2,"grid position (0, 1)",0.04495249661539186,-0.02713193655667314,0,1,
Combined,GPT-2,"grid position (0, 2)",-0.03281900741662865,-0.19628641621281553,0,2,
Combined,GPT-2,"grid position (1, 0)",0.10321387327478879,0.004478581360204972,1,0,
Combined,GPT-2,"grid position (1, 1)",0.08001052789961628,0.008899213470883025,1,1,
Combined,GPT-2,"grid position (2, 0)",-0.4016453278393695,0.06133465136219113,2,0,
Combined,GPT-2,"grid position (2, 1)",0.1345497003594111,0.07655582590876463,2,1,
Combined,GPT-2,"grid position (0, 0)",0.10721211676426257,0.034067575789452624,0,0,
Combined,GPT-2,"grid position (0, 1)",0.06280604487112929,-0.0346876802170607,0,1,
Combined,GPT-2,"grid position (0, 2)",0.07973208846909383,-0.009273039140658527,0,2,
Combined,GPT-2,"grid position (1, 0)",-0.315725487916198,0.03991703908204281,1,0,
Combined,GPT-2,"grid position (1, 1)",0.029505216145686068,-0.03815817462292733,1,1,
Combined,GPT-2,"grid position (1, 2)",0.06767728895391151,0.05610452918431157,1,2,
Combined,GPT-2,"grid position (2, 0)",0.02443398817729182,0.11548173065145373,2,0,
Combined,GPT-2,"grid position (2, 1)",0.03392089024097043,-0.0509906119242496,2,1,
Combined,GPT-2,"grid position (2, 2)",0.035410945091173034,-0.023518716693148554,2,2,
Combined,GPT-2,"grid position (0, 0)",-0.5555577932471859,-0.008721754151099602,0,0,
Combined,GPT-2,"grid position (0, 1)",0.09294608708433408,-0.02739846331659721,0,1,
Combined,GPT-2,"grid position (0, 2)",0.09516458379842618,0.00012551140442050986,0,2,
Combined,GPT-2,"grid position (1, 0)",0.007609462132449918,-0.08260695852942035,1,0,
Combined,GPT-2,"grid position (1, 1)",0.12287292313482925,0.03658498922470838,1,1,
Combined,GPT-2,"grid position (1, 2)",0.11179247914111073,0.06467904227006316,1,2,
Combined,GPT-2,"grid position (2, 0)",0.0328317443529493,-0.07049513621424995,2,0,
Combined,GPT-2,"grid position (2, 1)",0.04371087492038807,-0.024767396949913062,2,1,
Combined,GPT-2,"grid position (2, 2)",0.052149775533475856,0.12254166337276874,2,2,
Combined,GPT-2,"grid position (0, 0)",0.10070699393154951,0.09930399089498758,0,0,
Combined,GPT-2,"grid position (0, 1)",0.05530103003688403,0.02470008813771035,0,1,
Combined,GPT-2,"grid position (0, 2)",0.09364624077149115,-0.06271666936101501,0,2,
Combined,GPT-2,"grid position (1, 0)",-0.443727470992689,0.03492892948704876,1,0,
Combined,GPT-2,"grid position (1, 1)",0.10612956080516202,0.03230467852146348,1,1,
Combined,GPT-2,"grid position (1, 2)",0.10116874097023973,-0.01987592879572081,1,2,
Combined,GPT-2,"grid position (2, 0)",0.009042489642055071,-0.060962875540194084,2,0,
Combined,GPT-2,"grid position (2, 1)",0.02704651402972952,-0.0620408866504528,2,1,
Combined,GPT-2,"grid position (2, 2)",0.06155517257793335,-0.007228058925559506,2,2,
Combined,GPT-2,"grid position (0, 0)",0.08343382218096829,-0.04809864477356321,0,0,
Combined,GPT-2,"grid position (0, 1)",0.06385663756874277,-0.013787572706269338,0,1,
Combined,GPT-2,"grid position (1, 0)",-0.3100983237368995,0.015016123227747204,1,0,
Combined,GPT-2,"grid position (1, 1)",0.09777687904434977,0.008961254693643788,1,1,
Combined,GPT-2,"grid position (1, 2)",0.01350605310303031,0.11282589463245722,1,2,
Combined,GPT-2,"grid position (2, 0)",-0.0009810689994569739,-0.0234583588148787,2,0,
Combined,GPT-2,"grid position (2, 1)",0.04617274712321315,-0.04579345267437183,2,1,
Combined,GPT-2,"grid position (2, 2)",-0.039922694747665514,-0.1355618551108149,2,2,
Combined,GPT-2,"grid position (0, 0)",0.07719708304089173,0.053207795182407806,0,0,
Combined,GPT-2,"grid position (0, 1)",0.088197376314845,0.14462384535282702,0,1,
Combined,GPT-2,"grid position (1, 0)",0.09067953084325892,-0.024330609529666966,1,0,
Combined,GPT-2,"grid position (1, 1)",0.0974011732337494,-0.020262674981000053,1,1,
Combined,GPT-2,"grid position (1, 2)",-0.7634827119632286,0.049989481140983776,1,2,
Combined,GPT-2,"grid position (2, 0)",0.08622215274123532,0.026470822528611257,2,0,
Combined,GPT-2,"grid position (2, 1)",0.0630539019822645,-0.09925753747586513,2,1,
Combined,GPT-2,"grid position (2, 2)",-0.07331535112342576,-0.20729019164715953,2,2,
Combined,GPT-2,"grid position (0, 0)",-0.42596794728303883,0.05044676654221093,0,0,
Combined,GPT-2,"grid position (0, 1)",0.018607984053924304,-0.017901931174424356,0,1,
Combined,GPT-2,"grid position (0, 2)",-0.01977019315598122,-0.06882516811815678,0,2,
Combined,GPT-2,"grid position (1, 0)",0.11984792385516599,0.02996555910834563,1,0,
Combined,GPT-2,"grid position (1, 1)",0.037107761707429694,-0.044685992016781265,1,1,
Combined,GPT-2,"grid position (1, 2)",0.10328640128112714,0.03829838768838378,1,2,
Combined,GPT-2,"grid position (2, 0)",0.08219604419813553,0.013347589350756674,2,0,
Combined,GPT-2,"grid position (2, 1)",0.00038174773414727334,-0.05323917592745458,2,1,
Combined,GPT-2,"grid position (2, 2)",0.09856119640373656,0.06407318824212477,2,2,
Combined,GPT-2,"grid position (0, 0)",0.06877761636064152,0.04388933179212448,0,0,
Combined,GPT-2,"grid position (0, 1)",0.05475311428491006,-0.0547785073567684,0,1,
Combined,GPT-2,"grid position (0, 2)",0.017413510901280526,-0.07902679736741207,0,2,
Combined,GPT-2,"grid position (1, 0)",0.07016660541259005,0.060509279230027545,1,0,
Combined,GPT-2,"grid position (1, 1)",0.03844439583874599,-0.08073507586909387,1,1,
Combined,GPT-2,"grid position (1, 2)",-0.509205503720695,-0.001257232718932468,1,2,
Combined,GPT-2,"grid position (2, 0)",0.0694535416648059,0.006940348472240525,2,0,
Combined,GPT-2,"grid position (2, 1)",0.08110850379445649,0.03178687739859476,2,1,
Combined,GPT-2,"grid position (2, 2)",0.05446444146161722,0.09827596848604983,2,2,
Combined,GPT-2,"grid position (0, 0)",0.03459878774713932,-0.04611340974137419,0,0,
Combined,GPT-2,"grid position (0, 1)",0.06452115901896573,0.014109770393344209,0,1,
Combined,GPT-2,"grid position (0, 2)",0.09729156737145286,0.05952002738980237,0,2,
Combined,GPT-2,"grid position (1, 0)",-0.4554510081902954,-0.012054545134848941,1,0,
Combined,GPT-2,"grid position (1, 1)",0.06284930934497601,-0.050260413686174066,1,1,
Combined,GPT-2,"grid position (1, 2)",0.10240497867467681,0.04968330613886998,1,2,
Combined,GPT-2,"grid position (2, 0)",0.00273496355492148,-0.10233439321545862,2,0,
Combined,GPT-2,"grid position (2, 1)",0.02524397742043159,-0.08655824625451225,2,1,
Combined,GPT-2,"grid position (2, 2)",0.061447167781727194,0.11772372000340545,2,2,
Combined,GPT-2,"grid position (0, 0)",0.09576851653271656,0.053030529154480324,0,0,
Combined,GPT-2,"grid position (0, 1)",0.044685442675405695,0.040867814024721685,0,1,
Combined,GPT-2,"grid position (0, 2)",0.028639735909845362,-0.07224950071816003,0,2,
Combined,GPT-2,"grid position (1, 0)",-0.32818650786170844,0.02410687084416061,1,0,
Combined,GPT-2,"grid position (1, 1)",0.04788843566554361,-0.05700265496134854,1,1,
Combined,GPT-2,"grid position (1, 2)",0.07675113669232542,-0.04359785777008532,1,2,
Combined,GPT-2,"grid position (2, 0)",-0.014703274450076015,-0.09339662690521011,2,0,
Combined,GPT-2,"grid position (2, 1)",0.0636828674768514,-0.02044490099417329,2,1,
Combined,GPT-2,"grid position (2, 2)",0.07378092376299827,0.04467593577278916,2,2,
Combined,GPT-2,"grid position (0, 0)",0.017160194585701994,-0.010120113448864237,0,0,
Combined,GPT-2,"grid position (0, 1)",0.029836603083194798,-0.056594718426242134,0,1,
Combined,GPT-2,"grid position (0, 2)",-0.016877284373120457,-0.044450794493606886,0,2,
Combined,GPT-2,"grid position (1, 0)",0.028857859570711304,-0.05897224985484733,1,0,
Combined,GPT-2,"grid position (1, 1)",0.031068411625568684,-0.044111820566744356,1,1,
Combined,GPT-2,"grid position (1, 2)",0.0560432638418555,-0.009126171719865985,1,2,
Combined,GPT-2,"grid position (2, 0)",-0.5466473477392545,0.03429979585818409,2,0,
Combined,GPT-2,"grid position (2, 1)",0.10639905749861209,0.03960962372874121,2,1,
Combined,GPT-2,"grid position (2, 2)",0.10480351829892853,0.04502907217533442,2,2,
Combined,GPT-2,"grid position (0, 0)",-0.0022198367868531067,-0.03152027329955796,0,0,
Combined,GPT-2,"grid position (0, 1)",0.10362451295386686,0.07496922082712403,0,1,
Combined,GPT-2,"grid position (0, 2)",0.09296408379807683,0.08256515296934802,0,2,
Combined,GPT-2,"grid position (1, 0)",-0.5298619892131009,0.00680660244206923,1,0,
Combined,GPT-2,"grid position (1, 1)",0.08134348983796177,-0.03794800345810478,1,1,
Combined,GPT-2,"grid position (1, 2)",0.05903498076321303,0.047235162373969346,1,2,
Combined,GPT-2,"grid position (2, 0)",0.0402111019182466,-0.09148593091192943,2,0,
Combined,GPT-2,"grid position (2, 1)",0.05043768071902527,-0.05226565861306602,2,1,
Combined,GPT-2,"grid position (2, 2)",0.05737730941317336,0.06007883548588892,2,2,
Combined,GPT-2,"grid position (0, 0)",0.05390377152777671,0.051747559826160264,0,0,
Combined,GPT-2,"grid position (0, 1)",0.08038096951992404,0.05494328151315051,0,1,
Combined,GPT-2,"grid position (0, 2)",0.0755586564079508,0.07726987312597236,0,2,
Combined,GPT-2,"grid position (1, 0)",0.0697771396823359,-0.02271144742407589,1,0,
Combined,GPT-2,"grid position (1, 1)",0.10857293916439467,0.00553348757396881,1,1,
Combined,GPT-2,"grid position (1, 2)",0.11429921132826396,0.07371390811840556,1,2,
Combined,GPT-2,"grid position (2, 0)",0.013409893672936704,-0.0570203727917278,2,0,
Combined,GPT-2,"grid position (2, 1)",-0.3745016900642425,-0.025539517093486556,2,1,
Combined,GPT-2,"grid position (2, 2)",0.05078718700579172,-0.08603727879409195,2,2,
Combined,GPT-2,"grid position (0, 0)",0.13340085823881576,0.046263080147987724,0,0,
Combined,GPT-2,"grid position (0, 1)",-0.5210404636965968,0.015087089263635596,0,1,
Combined,GPT-2,"grid position (0, 2)",0.06283130658335989,-0.03431906670162226,0,2,
Combined,GPT-2,"grid position (1, 0)",0.131714535669933,0.0419339540031305,1,0,
Combined,GPT-2,"grid position (1, 1)",0.06391551527979071,-0.054202330309536854,1,1,
Combined,GPT-2,"grid position (1, 2)",0.07315288401491567,-0.02135510174125776,1,2,
Combined,GPT-2,"grid position (2, 0)",0.0780689983015436,0.0392534293530508,2,0,
Combined,GPT-2,"grid position (2, 1)",0.0649752171143936,0.010502367435883031,2,1,
Combined,GPT-2,"grid position (2, 2)",0.08896928693946451,0.1293113084699497,2,2,
Combined,GPT-2,"grid position (0, 0)",0.0900629229207961,0.026122539944735065,0,0,
Combined,GPT-2,"grid position (0, 1)",-0.3698677370759209,0.04165295704639599,0,1,
Combined,GPT-2,"grid position (0, 2)",0.01472358925747949,-0.09688010198920013,0,2,
Combined,GPT-2,"grid position (1, 0)",0.10102953112184741,0.026788080422712635,1,0,
Combined,GPT-2,"grid position (1, 1)",0.08351679329235479,0.006336286421606671,1,1,
Combined,GPT-2,"grid position (1, 2)",0.06310584112280568,-0.11095976161977857,1,2,
Combined,GPT-2,"grid position (2, 0)",0.03112746767973091,0.06269871620574693,2,0,
Combined,GPT-2,"grid position (2, 1)",-0.003740385351094822,-0.0663647425219795,2,1,
Combined,GPT-2,"grid position (2, 2)",0.0050151608371876155,-0.07120670955060147,2,2,
Combined,GPT-2,"grid position (0, 0)",0.008508808844791035,-0.02812722057170077,0,0,
Combined,GPT-2,"grid position (0, 1)",0.08972361490169753,0.006982084305457991,0,1,
Combined,GPT-2,"grid position (0, 2)",0.08872104981152233,0.025238022019691695,0,2,
Combined,GPT-2,"grid position (1, 0)",0.06880471907267066,-0.023930358779582078,1,0,
Combined,GPT-2,"grid position (1, 1)",0.06871240993403062,-0.0439510414137363,1,1,
Combined,GPT-2,"grid position (1, 2)",0.09958549457833965,-0.023804190465731536,1,2,
Combined,GPT-2,"grid position (2, 0)",0.07315382368592517,-0.02712847267594209,2,0,
Combined,GPT-2,"grid position (2, 1)",0.02966971440119434,-0.07173811567250787,2,1,
Combined,GPT-2,"grid position (2, 2)",-0.5077035868937282,0.008553159157872277,2,2,
Combined,GPT-2,"grid position (0, 0)",0.10231579124394549,0.05243327321619864,0,0,
Combined,GPT-2,"grid position (0, 1)",0.00869680585118417,-0.09920201683970607,0,1,
Combined,GPT-2,"grid position (0, 2)",0.0684385888235109,-0.0060944247617740295,0,2,
Combined,GPT-2,"grid position (1, 0)",0.08040573778125733,-0.008116648847022992,1,0,
Combined,GPT-2,"grid position (1, 1)",-0.3623879432448994,0.005408019485292993,1,1,
Combined,GPT-2,"grid position (1, 2)",0.0947968469018324,0.07889920240634114,1,2,
Combined,GPT-2,"grid position (2, 0)",0.026595191509622654,-0.07501112565478993,2,0,
Combined,GPT-2,"grid position (2, 1)",0.07171242557897488,-0.014443608134253959,2,1,
Combined,GPT-2,"grid position (2, 2)",0.07725276014079113,0.1065967808106308,2,2,
Combined,GPT-2,"grid position (0, 0)",0.07740324536989542,-0.03179157098762691,0,0,
Combined,GPT-2,"grid position (0, 1)",0.04395261508192423,-0.05201726483479661,0,1,
Combined,GPT-2,"grid position (0, 2)",0.05453632898033036,-0.11505645511003469,0,2,
Combined,GPT-2,"grid position (1, 0)",0.06236716234693817,-0.02770002904565949,1,0,
Combined,GPT-2,"grid position (1, 1)",0.07545615799575957,-0.017979717796479795,1,1,
Combined,GPT-2,"grid position (1, 2)",-0.4808315647512394,0.010816085357120848,1,2,
Combined,GPT-2,"grid position (2, 0)",0.031638862966326536,0.09704993801444488,2,0,
Combined,GPT-2,"grid position (2, 1)",0.11435770283285837,0.06368049709837954,2,1,
Combined,GPT-2,"grid position (2, 2)",0.06241885573043793,-0.0038369659328358102,2,2,
Combined,GPT-2,"grid position (0, 0)",-0.35058499572378127,0.04398698084154805,0,0,
Combined,GPT-2,"grid position (0, 1)",0.06568724480567717,-0.03824518722599601,0,1,
Combined,GPT-2,"grid position (0, 2)",-0.0009471934294306243,-0.14385342204331428,0,2,
Combined,GPT-2,"grid position (1, 0)",0.10447916052317104,0.05493938259991208,1,0,
Combined,GPT-2,"grid position (1, 1)",0.10348856800957787,0.06946692398817828,1,1,
Combined,GPT-2,"grid position (1, 2)",0.0505540225310107,-0.030412430849150084,1,2,
Combined,GPT-2,"grid position (2, 0)",0.09524214749129721,0.07160283327820312,2,0,
Combined,GPT-2,"grid position (2, 1)",0.0026067142424744424,-0.14954075680466605,2,1,
Combined,GPT-2,"grid position (2, 2)",-0.004723382494669662,-0.15983795497014666,2,2,
Combined,GPT-2,"grid position (0, 0)",0.016603091315606083,0.09843628603364,0,0,
Combined,GPT-2,"grid position (0, 1)",0.09819490010166194,0.11490564840037952,0,1,
Combined,GPT-2,"grid position (0, 2)",0.12276787039085098,0.0983780843458408,0,2,
Combined,GPT-2,"grid position (1, 0)",0.029191728165927217,-0.08600862729998689,1,0,
Combined,GPT-2,"grid position (1, 1)",0.08850651092837815,0.05068739920148779,1,1,
Combined,GPT-2,"grid position (1, 2)",0.12396281078518483,0.065637511804852,1,2,
Combined,GPT-2,"grid position (2, 0)",-0.023842010695844917,-0.16906200713235076,2,0,
Combined,GPT-2,"grid position (2, 1)",-0.0031684486734639187,-0.10956342864527852,2,1,
Combined,GPT-2,"grid position (2, 2)",-0.3787511633217997,0.015225906185926223,2,2,
Combined,GPT-2,"grid position (0, 0)",0.1160517526010224,0.03050852031048995,0,0,
Combined,GPT-2,"grid position (0, 1)",0.1113217332575143,0.010832051584602867,0,1,
Combined,GPT-2,"grid position (0, 2)",0.07145718444904671,-0.055478596224374344,0,2,
Combined,GPT-2,"grid position (1, 0)",0.08760949309203994,0.06964548082865925,1,0,
Combined,GPT-2,"grid position (1, 1)",0.055682381632812354,0.03878844562217497,1,1,
Combined,GPT-2,"grid position (1, 2)",0.035256307645879864,-0.08540477227816741,1,2,
Combined,GPT-2,"grid position (2, 0)",0.04187592520545493,0.051459565197701514,2,0,
Combined,GPT-2,"grid position (2, 1)",-0.7128599598221601,0.05577141818402074,2,1,
Combined,GPT-2,"grid position (2, 2)",-0.038082596269713734,-0.12894623418473317,2,2,
Combined,GPT-2,"grid position (0, 0)",0.09903984892841727,0.10140413490135662,0,0,
Combined,GPT-2,"grid position (0, 1)",0.0907010397829475,0.12188064376543198,0,1,
Combined,GPT-2,"grid position (0, 2)",-0.05370344696058432,-0.07194623264256056,0,2,
Combined,GPT-2,"grid position (1, 0)",0.09452619072318452,0.03312974001133871,1,0,
Combined,GPT-2,"grid position (1, 1)",0.05844627523687605,-0.04709058288386472,1,1,
Combined,GPT-2,"grid position (1, 2)",-0.02328787979625216,-0.1730691462542032,1,2,
Combined,GPT-2,"grid position (2, 0)",0.06785414093995658,-0.006643853856421745,2,0,
Combined,GPT-2,"grid position (2, 1)",-0.4333000698393737,-0.01795520304457925,2,1,
Combined,GPT-2,"grid position (2, 2)",-0.112804453548977,-0.21962511210849558,2,2,
Combined,GPT-2,"grid position (0, 0)",-0.6247864923547047,-0.007932091492997678,0,0,
Combined,GPT-2,"grid position (0, 1)",-0.05346387377054812,-0.16315464982327213,0,1,
Combined,GPT-2,"grid position (0, 2)",0.07305085086846543,0.10358352290732294,0,2,
Combined,GPT-2,"grid position (1, 0)",0.03334972955587597,-0.017707980184743993,1,0,
Combined,GPT-2,"grid position (1, 1)",0.07183956206071729,-0.0031165434042828353,1,1,
Combined,GPT-2,"grid position (1, 2)",0.10286908778468593,0.08548074740493844,1,2,
Combined,GPT-2,"grid position (2, 0)",0.03812430469836296,-0.039571073194621526,2,0,
Combined,GPT-2,"grid position (2, 1)",0.10661614389480784,0.016073963227692938,2,1,
Combined,GPT-2,"grid position (2, 2)",0.09210193550263285,0.060529439613005546,2,2,
Combined,GPT-2,"grid position (0, 0)",-0.0017516475116958388,-0.11036122905439638,0,0,
Combined,GPT-2,"grid position (0, 1)",0.02506680515018331,-0.051890677490894946,0,1,
Combined,GPT-2,"grid position (0, 2)",0.09526305694039205,-0.0021038380565497894,0,2,
Combined,GPT-2,"grid position (1, 0)",-0.5564167190113672,0.012321885571742257,1,0,
Combined,GPT-2,"grid position (1, 1)",0.07997245534424555,0.05332390381782053,1,1,
Combined,GPT-2,"grid position (1, 2)",0.11066441413359705,0.060358969299109,1,2,
Combined,GPT-2,"grid position (2, 0)",0.032723852618767334,-0.024817926479987908,2,0,
Combined,GPT-2,"grid position (2, 1)",0.08427950545511526,0.061915016821618846,2,1,
Combined,GPT-2,"grid position (2, 2)",0.06101363572158793,0.03488104612897627,2,2,
Combined,GPT-2,"grid position (0, 0)",0.048937055041126276,0.12609607037701595,0,0,
Combined,GPT-2,"grid position (0, 1)",0.056057148176752,-0.0035941823787484315,0,1,
Combined,GPT-2,"grid position (0, 2)",0.06894591370181477,-0.009017002813101293,0,2,
Combined,GPT-2,"grid position (1, 0)",0.06012991236402621,0.001447911661746226,1,0,
Combined,GPT-2,"grid position (1, 1)",0.09688338184097653,-0.011891090482821722,1,1,
Combined,GPT-2,"grid position (1, 2)",0.11245825447053565,0.015085118973696974,1,2,
Combined,GPT-2,"grid position (2, 0)",-0.4523109470717331,0.027902709746970535,2,0,
Combined,GPT-2,"grid position (2, 1)",0.10543405713345852,-0.025805265044305643,2,1,
Combined,GPT-2,"grid position (2, 2)",0.09024072726649841,0.018418012566703404,2,2,
Combined,GPT-2,"grid position (0, 0)",-0.5779268372257033,0.016865400709096368,0,0,
Combined,GPT-2,"grid position (0, 1)",-0.0013041189502666826,-0.05969621421635056,0,1,
Combined,GPT-2,"grid position (0, 2)",-0.02425510034284853,-0.07343905309270526,0,2,
Combined,GPT-2,"grid position (1, 0)",0.08718426964894319,-0.046111380842249,1,0,
Combined,GPT-2,"grid position (1, 1)",0.12029356566264866,0.015805531230605355,1,1,
Combined,GPT-2,"grid position (1, 2)",0.045854860704110274,-0.09330809935607064,1,2,
Combined,GPT-2,"grid position (2, 0)",0.041043787407883434,0.052730741343681484,2,0,
Combined,GPT-2,"grid position (2, 1)",0.09635531413418881,0.04471268973693543,2,1,
Combined,GPT-2,"grid position (2, 2)",0.07368570968128148,-0.018122281387425943,2,2,
Combined,GPT-2,"grid position (0, 0)",0.10663155958575961,0.024920624807978922,0,0,
Combined,GPT-2,"grid position (0, 1)",-0.36516672370553754,0.024686504809888862,0,1,
Combined,GPT-2,"grid position (0, 2)",-0.0009302078009515618,-0.14514483261654845,0,2,
Combined,GPT-2,"grid position (1, 0)",0.09380745847981976,-0.0194274214043074,1,0,
Combined,GPT-2,"grid position (1, 1)",0.07084850811975953,-0.04265131814712637,1,1,
Combined,GPT-2,"grid position (1, 2)",0.04321680467720411,-0.07907349880699105,1,2,
Combined,GPT-2,"grid position (2, 0)",0.08584292009413946,0.07471247530342648,2,0,
Combined,GPT-2,"grid position (2, 1)",0.0747232211396976,0.03015122820788496,2,1,
Combined,GPT-2,"grid position (2, 2)",0.10322414336644287,0.10616598510874463,2,2,
Combined,GPT-2,"grid position (0, 0)",-0.4241037403579214,0.03625776132958651,0,0,
Combined,GPT-2,"grid position (0, 1)",0.11259499616924656,0.04578448425613535,0,1,
Combined,GPT-2,"grid position (0, 2)",0.11589171959738784,0.06008769321986109,0,2,
Combined,GPT-2,"grid position (1, 0)",0.040773606664371694,-0.04270632087750606,1,0,
Combined,GPT-2,"grid position (1, 1)",0.10720469769486854,0.004199491686018222,1,1,
Combined,GPT-2,"grid position (1, 2)",0.1157192797583394,0.04457486553898494,1,2,
Combined,GPT-2,"grid position (2, 0)",0.007772087630636482,-0.1192437178252559,2,0,
Combined,GPT-2,"grid position (2, 1)",0.025987352850420826,-0.027628882995820784,2,1,
Combined,GPT-2,"grid position (2, 2)",0.09068121944508992,0.07256384447552842,2,2,
Combined,GPT-2,"grid position (0, 0)",0.04376633781174623,-0.09096767379918541,0,0,
Combined,GPT-2,"grid position (0, 1)",0.07922352917123797,0.002831689195110031,0,1,
Combined,GPT-2,"grid position (0, 2)",-0.07930835828004808,-0.10058541279024934,0,2,
Combined,GPT-2,"grid position (1, 0)",0.012776148053370122,-0.038586793715414375,1,0,
Combined,GPT-2,"grid position (1, 1)",0.1138988574928316,0.03419642458814865,1,1,
Combined,GPT-2,"grid position (1, 2)",-0.47121115436802996,0.05738268001133773,1,2,
Combined,GPT-2,"grid position (2, 0)",0.015467707514575343,0.0026261138213525353,2,0,
Combined,GPT-2,"grid position (2, 1)",0.048674857868960676,-0.05029813838195992,2,1,
Combined,GPT-2,"grid position (2, 2)",0.08172543693079232,-0.035221697211990276,2,2,
Combined,GPT-2,"grid position (0, 0)",0.0010549897478079225,0.09967847352387799,0,0,
Combined,GPT-2,"grid position (0, 1)",0.0879422527140137,0.06340479382382416,0,1,
Combined,GPT-2,"grid position (0, 2)",-0.43252734046365493,0.006274077279282385,0,2,
Combined,GPT-2,"grid position (1, 1)",0.08883569509559709,0.04233208207013277,1,1,
Combined,GPT-2,"grid position (1, 2)",0.08763821024190944,-0.0171829093087266,1,2,
Combined,GPT-2,"grid position (2, 1)",-0.005035691065515558,-0.02044661759602149,2,1,
Combined,GPT-2,"grid position (2, 2)",0.0854607136357656,0.002196772685873066,2,2,
Combined,GPT-2,"grid position (0, 0)",0.04927128420791248,-0.05699136165729547,0,0,
Combined,GPT-2,"grid position (0, 1)",0.012790422749425242,-0.0893239689458253,0,1,
Combined,GPT-2,"grid position (0, 2)",0.05492549952193866,-0.05753280678025685,0,2,
Combined,GPT-2,"grid position (1, 0)",0.0947790843658323,0.09362304824129634,1,0,
Combined,GPT-2,"grid position (1, 1)",0.09134719119453537,0.03725176922907192,1,1,
Combined,GPT-2,"grid position (1, 2)",-0.33855389439898076,0.028032692180474255,1,2,
Combined,GPT-2,"grid position (2, 0)",0.06702707372964889,0.11236358931906727,2,0,
Combined,GPT-2,"grid position (2, 1)",0.07133712921150627,0.05586930133642561,2,1,
Combined,GPT-2,"grid position (2, 2)",0.1063555812556893,0.08474007352538651,2,2,
Combined,GPT-2,"grid position (0, 0)",0.07946941511883229,-0.03044312633140412,0,0,
Combined,GPT-2,"grid position (0, 1)",0.1486369754491021,0.07786215511466436,0,1,
Combined,GPT-2,"grid position (0, 2)",0.01806110046510911,-0.05965786016844223,0,2,
Combined,GPT-2,"grid position (1, 0)",0.10946713214419215,-0.015078722084357704,1,0,
Combined,GPT-2,"grid position (1, 1)",0.12502973932142683,0.03418099218509067,1,1,
Combined,GPT-2,"grid position (1, 2)",-0.0026518519249645817,-0.125506403262175,1,2,
Combined,GPT-2,"grid position (2, 0)",0.1298451049434491,0.011976078572917808,2,0,
Combined,GPT-2,"grid position (2, 1)",0.11361023696785795,0.021326864818084847,2,1,
Combined,GPT-2,"grid position (2, 2)",-0.6230258115046403,0.052526468116782854,2,2,
Combined,GPT-2,"grid position (0, 0)",0.09741617289176974,0.07124609619930437,0,0,
Combined,GPT-2,"grid position (0, 1)",0.06997703644731887,0.017122896968876963,0,1,
Combined,GPT-2,"grid position (0, 2)",0.08189062942575139,0.07240479451836498,0,2,
Combined,GPT-2,"grid position (1, 0)",0.03670619186928566,-0.0994036377728733,1,0,
Combined,GPT-2,"grid position (1, 1)",0.03859930439155882,-0.027271753457544543,1,1,
Combined,GPT-2,"grid position (1, 2)",0.1170971703357151,0.07577138838241851,1,2,
Combined,GPT-2,"grid position (2, 0)",-0.5822893593019133,-0.002857596094096593,2,0,
Combined,GPT-2,"grid position (2, 1)",0.016386566728893617,-0.11582765670860434,2,1,
Combined,GPT-2,"grid position (2, 2)",0.060719868289072804,-0.03497607829097671,2,2,
Combined,GPT-2,"grid position (0, 0)",0.09212162620288608,0.053958812473827666,0,0,
Combined,GPT-2,"grid position (0, 1)",0.11503621248712888,0.0710706238890104,0,1,
Combined,GPT-2,"grid position (0, 2)",0.11287080944166131,0.06936942669764333,0,2,
Combined,GPT-2,"grid position (1, 0)",0.11742682278953859,0.02773582312957327,1,0,
Combined,GPT-2,"grid position (1, 1)",0.06595493041492957,-0.03657286265331205,1,1,
Combined,GPT-2,"grid position (1, 2)",0.05343480453612198,-0.08964126419836413,1,2,
Combined,GPT-2,"grid position (2, 0)",0.13736148951574637,0.03085744831698158,2,0,
Combined,GPT-2,"grid position (2, 1)",-0.5981527254551368,0.003907705891441049,2,1,
Combined,GPT-2,"grid position (2, 2)",-0.0006273306947628458,-0.1605067373202304,2,2,
Combined,GPT-2,"grid position (0, 0)",0.03400953549641522,0.0003806629346044509,0,0,
Combined,GPT-2,"grid position (0, 1)",0.09932226992169112,0.11738428106261216,0,1,
Combined,GPT-2,"grid position (1, 0)",0.01983506094354877,-0.1184752267717787,1,0,
Combined,GPT-2,"grid position (1, 1)",0.0681811501473329,-0.007929199177299824,1,1,
Combined,GPT-2,"grid position (1, 2)",0.06808357377444102,0.013877139770473166,1,2,
Combined,GPT-2,"grid position (2, 0)",0.08204838890927077,0.03407721498144406,2,0,
Combined,GPT-2,"grid position (2, 1)",-0.38640557872808684,0.04769147892931429,2,1,
Combined,GPT-2,"grid position (2, 2)",0.09497828841982409,0.07527772578336786,2,2,
Combined,GPT-2,"grid position (0, 0)",0.11960244234588943,0.05868345329091418,0,0,
Combined,GPT-2,"grid position (0, 1)",0.10492626565707341,0.03158822761148765,0,1,
Combined,GPT-2,"grid position (0, 2)",0.04413017522052443,-0.12300553250885553,0,2,
Combined,GPT-2,"grid position (1, 0)",0.045003333104895356,-0.030929056401047796,1,0,
Combined,GPT-2,"grid position (1, 1)",-0.3918763181613069,-0.0008279357249660833,1,1,
Combined,GPT-2,"grid position (1, 2)",0.02234877930171801,-0.11484627150080845,1,2,
Combined,GPT-2,"grid position (2, 0)",0.06713874693145654,0.10065856715461272,2,0,
Combined,GPT-2,"grid position (2, 1)",0.08169878572573644,0.02253105339786106,2,1,
Combined,GPT-2,"grid position (2, 2)",0.09839115355359235,0.058315931335821435,2,2,
Combined,GPT-2,"grid position (0, 0)",-0.006487467399569801,-0.13806828952737565,0,0,
Combined,GPT-2,"grid position (0, 1)",0.03402075937869851,-0.07750138332769983,0,1,
Combined,GPT-2,"grid position (0, 2)",0.09582673569277005,0.044513013030448606,0,2,
Combined,GPT-2,"grid position (1, 0)",0.0900431029788485,-0.0178800597030777,1,0,
Combined,GPT-2,"grid position (1, 1)",0.06959788625536852,-0.0683199028028834,1,1,
Combined,GPT-2,"grid position (1, 2)",0.09249797247023982,-0.0006545786321662873,1,2,
Combined,GPT-2,"grid position (2, 0)",0.09762217600102414,0.11666397678763345,2,0,
Combined,GPT-2,"grid position (2, 1)",0.06774483022103799,0.027673218456022552,2,1,
Combined,GPT-2,"grid position (2, 2)",-0.46786910097648365,0.06581115854080288,2,2,
Combined,GPT-2,"grid position (0, 0)",0.07807925145413834,0.0050202919628055025,0,0,
Combined,GPT-2,"grid position (0, 1)",0.07764407931151551,0.022245999201045894,0,1,
Combined,GPT-2,"grid position (0, 2)",0.08800593579491996,0.0229185276651099,0,2,
Combined,GPT-2,"grid position (1, 0)",0.0731382416146886,-0.04336765525325741,1,0,
Combined,GPT-2,"grid position (1, 1)",-0.01800626367005162,-0.13686350095118507,1,1,
Combined,GPT-2,"grid position (1, 2)",-0.4090290601447801,0.013830944240670813,1,2,
Combined,GPT-2,"grid position (2, 0)",0.11029578087663632,0.04326336009233145,2,0,
Combined,GPT-2,"grid position (2, 1)",0.08742105329686209,0.09488033220832169,2,1,
Combined,GPT-2,"grid position (2, 2)",0.012838840092212216,-0.05482199585721504,2,2,
Combined,GPT-2,"grid position (0, 0)",0.07185419543628353,-0.0019808612694696987,0,0,
Combined,GPT-2,"grid position (0, 1)",0.06735729138412112,-0.04022517278509165,0,1,
Combined,GPT-2,"grid position (0, 2)",0.07507707472921267,-0.00017049095291552993,0,2,
Combined,GPT-2,"grid position (1, 0)",0.09777488624935804,0.08541610445439711,1,0,
Combined,GPT-2,"grid position (1, 1)",-0.4557861658163856,-0.013297898424426585,1,1,
Combined,GPT-2,"grid position (1, 2)",0.08083336444454876,-0.029020209591413198,1,2,
Combined,GPT-2,"grid position (2, 0)",0.11489852373438501,0.11996147326274659,2,0,
Combined,GPT-2,"grid position (2, 1)",0.08101553188245199,-0.06405454672810061,2,1,
Combined,GPT-2,"grid position (2, 2)",0.0929744408904099,-0.006479016091817336,2,2,
Combined,GPT-2,"grid position (0, 0)",0.017875897007668853,-0.03503574765626337,0,0,
Combined,GPT-2,"grid position (0, 1)",0.059255626776844844,0.11597530821977595,0,1,
Combined,GPT-2,"grid position (0, 2)",0.09326450861964358,0.07639470848891866,0,2,
Combined,GPT-2,"grid position (1, 0)",0.048313738572675166,-0.14980919133924314,1,0,
Combined,GPT-2,"grid position (1, 1)",0.030070282051178367,-0.014383528257841274,1,1,
Combined,GPT-2,"grid position (1, 2)",0.07462723820983339,0.057992041400692404,1,2,
Combined,GPT-2,"grid position (2, 0)",0.047638203116849076,-0.07276220267786687,2,0,
Combined,GPT-2,"grid position (2, 1)",-0.40208199732471656,0.00208797152020155,2,1,
Combined,GPT-2,"grid position (2, 2)",0.08737726128262038,0.04635761929672349,2,2,
Combined,GPT-2,"grid position (0, 0)",0.06089771879807801,-0.008813404360299546,0,0,
Combined,GPT-2,"grid position (0, 1)",0.0980339218015817,0.08151793225518722,0,1,
Combined,GPT-2,"grid position (0, 2)",0.1125786055661872,0.03571510334562836,0,2,
Combined,GPT-2,"grid position (1, 0)",0.04969058773362272,-0.0818785576047984,1,0,
Combined,GPT-2,"grid position (1, 1)",0.03770686570715823,-0.03432315037934082,1,1,
Combined,GPT-2,"grid position (1, 2)",0.08674754997864909,-0.04510703747064697,1,2,
Combined,GPT-2,"grid position (2, 0)",0.07062478502512146,-0.02903212872113717,2,0,
Combined,GPT-2,"grid position (2, 1)",-0.547219423983823,0.014117901082892834,2,1,
Combined,GPT-2,"grid position (2, 2)",0.059583968113422044,-0.07019232919360414,2,2,
Combined,GPT-2,"grid position (0, 0)",0.09510189342345517,0.046916111283592375,0,0,
Combined,GPT-2,"grid position (0, 1)",0.11596414736399713,0.07834324450822198,0,1,
Combined,GPT-2,"grid position (0, 2)",0.04820309110590128,0.009685190825158545,0,2,
Combined,GPT-2,"grid position (1, 0)",0.08682334454991339,0.0002940022771291811,1,0,
Combined,GPT-2,"grid position (1, 1)",0.06579357267967328,-0.018409811767295423,1,1,
Combined,GPT-2,"grid position (1, 2)",-0.08513781595847912,-0.18004864532703452,1,2,
Combined,GPT-2,"grid position (2, 0)",0.0692395034938892,-0.014285663637847912,2,0,
Combined,GPT-2,"grid position (2, 1)",0.024604642957923657,-0.06107935891486416,2,1,
Combined,GPT-2,"grid position (2, 2)",-0.6716863361117511,0.012775353786034685,2,2,
Combined,GPT-2,"grid position (0, 0)",-0.012792654888328573,-0.02095807948262658,0,0,
Combined,GPT-2,"grid position (0, 1)",0.04175757036797352,-0.05186307015737634,0,1,
Combined,GPT-2,"grid position (0, 2)",0.07932373651166524,-0.010185168169639302,0,2,
Combined,GPT-2,"grid position (1, 0)",-0.41070424634055314,0.07121031169494345,1,0,
Combined,GPT-2,"grid position (1, 1)",0.08620081695783283,-0.020354824893331177,1,1,
Combined,GPT-2,"grid position (1, 2)",0.06946220326735819,-0.08960372065347673,1,2,
Combined,GPT-2,"grid position (2, 0)",0.12722376697177173,0.08508004307050294,2,0,
Combined,GPT-2,"grid position (2, 1)",0.10094802658500225,0.03578197781397752,2,1,
Combined,GPT-2,"grid position (2, 2)",0.07187609462206396,-0.04962447338767099,2,2,
Combined,GPT-2,"grid position (0, 0)",0.0869086293381798,0.09360727142163064,0,0,
Combined,GPT-2,"grid position (0, 1)",0.11512340008806728,0.08647836066578837,0,1,
Combined,GPT-2,"grid position (0, 2)",-0.0809881792862654,-0.09719969537329547,0,2,
Combined,GPT-2,"grid position (1, 0)",0.1081665993988544,0.04930228014593732,1,0,
Combined,GPT-2,"grid position (1, 1)",0.07910065200072804,-0.04641829375843364,1,1,
Combined,GPT-2,"grid position (1, 2)",-0.6019698526037688,-0.009537085701262238,1,2,
Combined,GPT-2,"grid position (2, 0)",0.09976226100307513,-0.002900585609010344,2,0,
Combined,GPT-2,"grid position (2, 1)",0.06898375566014579,-0.027849185459332394,2,1,
Combined,GPT-2,"grid position (2, 2)",0.06627547766504024,-0.0934297919808049,2,2,
Combined,GPT-2,"grid position (0, 0)",0.006256615248184308,-0.009975012337969992,0,0,
Combined,GPT-2,"grid position (0, 1)",0.0923451068152672,0.07464308125559614,0,1,
Combined,GPT-2,"grid position (0, 2)",0.12847300814001045,0.07569575694763886,0,2,
Combined,GPT-2,"grid position (1, 0)",-0.5164113794489069,-0.0036232607356032113,1,0,
Combined,GPT-2,"grid position (1, 1)",0.04447124235639426,-0.06757291581702303,1,1,
Combined,GPT-2,"grid position (1, 2)",0.12329464371045108,0.01368552951051914,1,2,
Combined,GPT-2,"grid position (2, 0)",0.08850187450663577,0.010869323186199858,2,0,
Combined,GPT-2,"grid position (2, 1)",0.057562847090268876,-0.031152041196006133,2,1,
Combined,GPT-2,"grid position (2, 2)",0.07374571030152896,-0.01176037784872495,2,2,
Combined,GPT-2,"grid position (0, 0)",0.07690874892408679,0.13246412300789617,0,0,
Combined,GPT-2,"grid position (0, 1)",0.0018788981329617394,0.10022917889243857,0,1,
Combined,GPT-2,"grid position (0, 2)",0.04536642266908158,0.007923085728194378,0,2,
Combined,GPT-2,"grid position (1, 0)",-0.548572718243213,0.06919826750708719,1,0,
Combined,GPT-2,"grid position (1, 1)",0.03540918719469718,0.03086255628550732,1,1,
Combined,GPT-2,"grid position (1, 2)",0.0674493547990821,-0.053963285690253396,1,2,
Combined,GPT-2,"grid position (2, 0)",0.06779480865802841,0.07521852025904706,2,0,
Combined,GPT-2,"grid position (2, 1)",0.06743306221268656,0.021878048204740118,2,1,
Combined,GPT-2,"grid position (2, 2)",0.08560522902608887,-0.05004459449289246,2,2,
Combined,GPT-2,"grid position (0, 0)",0.07425768596356827,0.02245405011095865,0,0,
Combined,GPT-2,"grid position (0, 1)",0.09717333915058292,0.04285502798200705,0,1,
Combined,GPT-2,"grid position (0, 2)",0.0367749938246983,0.1261574167162019,0,2,
Combined,GPT-2,"grid position (1, 0)",0.10766420756115046,0.004632502266969665,1,0,
Combined,GPT-2,"grid position (1, 1)",0.07216450717968781,0.010165984152351221,1,1,
Combined,GPT-2,"grid position (1, 2)",-0.052812039941285076,-0.08296754665312027,1,2,
Combined,GPT-2,"grid position (2, 0)",0.10298959378578204,0.015317290655936991,2,0,
Combined,GPT-2,"grid position (2, 1)",-0.45101533773024227,0.005139978353751322,2,1,
Combined,GPT-2,"grid position (2, 2)",0.003277355675383875,-0.11383964798355171,2,2,
Combined,GPT-2,"grid position (0, 0)",0.0914569487471297,-0.028099549126607944,0,0,
Combined,GPT-2,"grid position (0, 1)",0.011639613862179226,-0.1340138193402151,0,1,
Combined,GPT-2,"grid position (0, 2)",-0.014818400215075763,-0.043858750288475655,0,2,
Combined,GPT-2,"grid position (1, 0)",0.12762551173740427,-0.010594447260546619,1,0,
Combined,GPT-2,"grid position (1, 1)",-0.4567254358223086,0.004556929507590207,1,1,
Combined,GPT-2,"grid position (1, 2)",0.020423289429072587,-0.015959613339409557,1,2,
Combined,GPT-2,"grid position (2, 0)",0.09028627802053507,0.0075914668513595565,2,0,
Combined,GPT-2,"grid position (2, 1)",0.09774098197809775,0.022895480357981127,2,1,
Combined,GPT-2,"grid position (2, 2)",0.10776623960773936,0.036238000896149265,2,2,
Combined,GPT-2,"grid position (0, 0)",0.07640026584301517,0.016912564872767117,0,0,
Combined,GPT-2,"grid position (0, 1)",0.031199857088405888,0.004643575083862284,0,1,
Combined,GPT-2,"grid position (0, 2)",0.06112691773992838,-0.012258413606388885,0,2,
Combined,GPT-2,"grid position (1, 0)",0.07732892618558826,-0.0005192098441375267,1,0,
Combined,GPT-2,"grid position (1, 1)",0.0749551852680369,0.014154815382391243,1,1,
Combined,GPT-2,"grid position (1, 2)",-0.23331963429271438,0.03409233006223826,1,2,
Combined,GPT-2,"grid position (2, 0)",0.041473530796712545,-0.02345349538906838,2,0,
Combined,GPT-2,"grid position (2, 1)",0.05559018252133332,-0.08235877200809595,2,1,
Combined,GPT-2,"grid position (2, 2)",0.0927170838581451,0.04205261101347985,2,2,
Combined,GPT-2,"grid position (0, 0)",0.06433834611449946,-0.02409753156974039,0,0,
Combined,GPT-2,"grid position (0, 1)",-0.4982161098315301,-0.0006255273445061145,0,1,
Combined,GPT-2,"grid position (0, 2)",0.03793714439925497,-0.08132022843894522,0,2,
Combined,GPT-2,"grid position (1, 0)",0.10966561521071154,0.02694445258820959,1,0,
Combined,GPT-2,"grid position (1, 1)",0.07941147811308404,-0.09552320436879419,1,1,
Combined,GPT-2,"grid position (1, 2)",0.09466138644760835,0.036161200938859106,1,2,
Combined,GPT-2,"grid position (2, 0)",0.10274080566615532,0.10548396197569097,2,0,
Combined,GPT-2,"grid position (2, 1)",0.11505970615034243,0.056753505122489556,2,1,
Combined,GPT-2,"grid position (2, 2)",0.08265748862483477,0.03340838988825159,2,2,
Combined,GPT-2,"grid position (0, 0)",0.057420248123921325,0.04919968732948891,0,0,
Combined,GPT-2,"grid position (0, 1)",0.0972610260741711,0.036290552056432654,0,1,
Combined,GPT-2,"grid position (0, 2)",0.09505504961976878,0.03984926048118234,0,2,
Combined,GPT-2,"grid position (1, 0)",0.08037857952087225,0.03622349921032748,1,0,
Combined,GPT-2,"grid position (1, 1)",0.07846261709881705,-0.025185979812121603,1,1,
Combined,GPT-2,"grid position (1, 2)",-0.585378940426208,0.036673422535074184,1,2,
Combined,GPT-2,"grid position (2, 0)",0.04816523591438735,-0.02140229935346093,2,0,
Combined,GPT-2,"grid position (2, 1)",0.06253214958496961,-0.030498187341679427,2,1,
Combined,GPT-2,"grid position (2, 2)",0.04200314226895428,-0.04877263712903141,2,2,
Combined,GPT-2,"grid position (0, 0)",-0.4942268460088428,0.04635052943489302,0,0,
Combined,GPT-2,"grid position (0, 1)",0.08114332994969503,-0.028063223306818628,0,1,
Combined,GPT-2,"grid position (0, 2)",0.0579920766335965,-0.016981419288659885,0,2,
Combined,GPT-2,"grid position (1, 0)",0.10847224025627543,0.020605678533211658,1,0,
Combined,GPT-2,"grid position (1, 1)",0.06121656721339288,-0.01816219479355131,1,1,
Combined,GPT-2,"grid position (1, 2)",0.03694372670558386,-0.08344068209967968,1,2,
Combined,GPT-2,"grid position (2, 0)",0.11635859636808528,0.07897723118473254,2,0,
Combined,GPT-2,"grid position (2, 1)",0.057838652402357985,-0.01893734625399276,2,1,
Combined,GPT-2,"grid position (2, 2)",-0.02479622124615196,-0.20733113034235595,2,2,
Combined,GPT-2,"grid position (0, 0)",-0.0389874268598932,0.06380711579482821,0,0,
Combined,GPT-2,"grid position (0, 1)",0.08400532909296282,0.04290099502084943,0,1,
Combined,GPT-2,"grid position (0, 2)",0.09695581686499538,0.033202352926142355,0,2,
Combined,GPT-2,"grid position (1, 0)",-0.6286451577875258,0.03989257203683963,1,0,
Combined,GPT-2,"grid position (1, 1)",0.029838932133679975,-0.07705914193727038,1,1,
Combined,GPT-2,"grid position (1, 2)",0.0969633528742953,-0.008131809585522908,1,2,
Combined,GPT-2,"grid position (2, 0)",0.04966731280484225,0.02291379572665152,2,0,
Combined,GPT-2,"grid position (2, 1)",0.036258436330581366,-0.0713998127588159,2,1,
Combined,GPT-2,"grid position (2, 2)",0.04025500137202983,-0.11549526171375733,2,2,
Combined,GPT-2,"grid position (0, 0)",-0.6376507253246634,0.011050790972981587,0,0,
Combined,GPT-2,"grid position (0, 1)",0.03682785593671742,-0.06636438583104397,0,1,
Combined,GPT-2,"grid position (0, 2)",0.04490893814102282,-0.031059075566473908,0,2,
Combined,GPT-2,"grid position (1, 0)",-0.24482543912330662,-0.23082019653202843,1,0,
Combined,GPT-2,"grid position (1, 1)",0.051083208754192096,0.004139066173239971,1,1,
Combined,GPT-2,"grid position (1, 2)",0.08610122615531762,-0.004619411683387938,1,2,
Combined,GPT-2,"grid position (2, 0)",-0.003832173342438955,-0.012243927947522508,2,0,
Combined,GPT-2,"grid position (2, 1)",0.08435062735161813,0.006775339414865762,2,1,
Combined,GPT-2,"grid position (2, 2)",0.08920072058094507,-0.0006484104959986828,2,2,
Combined,GPT-2,"grid position (0, 0)",-0.02596836764798151,-0.14147434353680238,0,0,
Combined,GPT-2,"grid position (0, 1)",0.06842853985059513,-0.0551489177559977,0,1,
Combined,GPT-2,"grid position (0, 2)",0.1113279595716455,-0.026311520641082903,0,2,
Combined,GPT-2,"grid position (1, 0)",-0.04173295339110636,-0.05099654011356041,1,0,
Combined,GPT-2,"grid position (1, 1)",0.0741961713453139,0.0005543299895692064,1,1,
Combined,GPT-2,"grid position (1, 2)",-0.42576484295746,0.05827195001441043,1,2,
Combined,GPT-2,"grid position (2, 0)",0.014644121230642087,0.08047097872172652,2,0,
Combined,GPT-2,"grid position (2, 1)",0.07939185055774661,0.10746024264918283,2,1,
Combined,GPT-2,"grid position (2, 2)",0.07852549889952377,0.08650931808288491,2,2,
Combined,GPT-2,"grid position (0, 0)",0.08634946263619471,0.011996066584512938,0,0,
Combined,GPT-2,"grid position (0, 1)",0.09887302336248611,0.0444631582057603,0,1,
Combined,GPT-2,"grid position (0, 2)",0.1384163047945635,0.05418198348183113,0,2,
Combined,GPT-2,"grid position (1, 0)",0.06616710083294593,-0.057999031612595835,1,0,
Combined,GPT-2,"grid position (1, 1)",0.0709158743834325,-0.020265974718116902,1,1,
Combined,GPT-2,"grid position (1, 2)",0.09635690344444614,0.027489843820937797,1,2,
Combined,GPT-2,"grid position (2, 0)",0.05801148365668768,0.1127432228036559,2,0,
Combined,GPT-2,"grid position (2, 1)",-0.3833274074850431,0.062270433120925534,2,1,
Combined,GPT-2,"grid position (2, 2)",0.04865020793525473,0.004991323268872386,2,2,
Combined,GPT-2,"grid position (0, 0)",0.058536665219747167,-0.008948213652796905,0,0,
Combined,GPT-2,"grid position (0, 1)",0.05382491635705477,0.017114160369129727,0,1,
Combined,GPT-2,"grid position (0, 2)",0.04453613440971158,-0.006124620911730915,0,2,
Combined,GPT-2,"grid position (1, 0)",0.05108270129162228,0.022531113342783834,1,0,
Combined,GPT-2,"grid position (1, 1)",0.053351703508041214,0.05057392451608781,1,1,
Combined,GPT-2,"grid position (1, 2)",0.012744784332874211,0.008104303837852893,1,2,
Combined,GPT-2,"grid position (2, 0)",-0.4966832680979482,0.012933630062601193,2,0,
Combined,GPT-2,"grid position (2, 1)",0.012390481341008504,-0.06126678497324796,2,1,
Combined,GPT-2,"grid position (2, 2)",-0.08954105862910616,-0.1722860697654078,2,2,
Combined,GPT-2,"grid position (0, 0)",0.03468075875782577,0.018248503196919078,0,0,
Combined,GPT-2,"grid position (0, 1)",0.09115912269835387,0.02913571354382593,0,1,
Combined,GPT-2,"grid position (0, 2)",0.10518776461278806,0.019486596283868042,0,2,
Combined,GPT-2,"grid position (1, 0)",-0.012012137385586777,-0.1792293819153538,1,0,
Combined,GPT-2,"grid position (1, 1)",0.03792358971019829,-0.0942224805554753,1,1,
Combined,GPT-2,"grid position (1, 2)",0.11105954681120894,-0.0013281825217913374,1,2,
Combined,GPT-2,"grid position (2, 0)",0.013794125819343916,-0.049466916982641655,2,0,
Combined,GPT-2,"grid position (2, 1)",0.06206330656759991,0.043758356337994596,2,1,
Combined,GPT-2,"grid position (2, 2)",-0.39529729388179086,0.04849486919794815,2,2,
Combined,GPT-2,"grid position (0, 0)",-0.5184911035182408,0.031099218005379667,0,0,
Combined,GPT-2,"grid position (0, 1)",0.10450328835699531,0.09648598286091402,0,1,
Combined,GPT-2,"grid position (0, 2)",0.1191084707496017,0.06396071724971744,0,2,
Combined,GPT-2,"grid position (1, 0)",0.02620752375810241,-0.09965239746366464,1,0,
Combined,GPT-2,"grid position (1, 1)",0.06979114605645709,-0.05097342120620721,1,1,
Combined,GPT-2,"grid position (1, 2)",0.1267833810110043,0.017238064645333093,1,2,
Combined,GPT-2,"grid position (2, 0)",0.05353894825460484,-0.02470688403370369,2,0,
Combined,GPT-2,"grid position (2, 1)",0.07336389227021772,-0.020233860271644664,2,1,
Combined,GPT-2,"grid position (2, 2)",0.11623368774224517,-0.002444811659168164,2,2,
Combined,GPT-2,"grid position (0, 0)",0.001144547070615247,-0.14215685287736443,0,0,
Combined,GPT-2,"grid position (0, 1)",0.05313653591865338,-0.06670315928990546,0,1,
Combined,GPT-2,"grid position (0, 2)",0.08970033518991609,0.04121986379844904,0,2,
Combined,GPT-2,"grid position (1, 0)",-0.4723924750900494,0.014081840660506047,1,0,
Combined,GPT-2,"grid position (1, 1)",0.09388378963902144,0.033201357849426315,1,1,
Combined,GPT-2,"grid position (1, 2)",0.06351777946163545,0.0115756406732454,1,2,
Combined,GPT-2,"grid position (2, 0)",0.06513706434306245,-0.017943857424612554,2,0,
Combined,GPT-2,"grid position (2, 1)",0.09531967022006094,0.05787878092405609,2,1,
Combined,GPT-2,"grid position (2, 2)",0.07270210447468547,0.04769230620923248,2,2,
Combined,GPT-2,"grid position (0, 0)",0.06724328625408019,-0.03655258824461348,0,0,
Combined,GPT-2,"grid position (0, 1)",0.0839338830286609,-0.023188472621125483,0,1,
Combined,GPT-2,"grid position (0, 2)",-0.466869236212366,0.009067842784410198,0,2,
Combined,GPT-2,"grid position (1, 0)",0.08468900808916649,0.0700954863476497,1,0,
Combined,GPT-2,"grid position (1, 1)",0.09621708528706932,0.016709920469431233,1,1,
Combined,GPT-2,"grid position (1, 2)",0.06596495403828322,-0.020759326287617768,1,2,
Combined,GPT-2,"grid position (2, 0)",0.1202221338511018,0.0932938813661051,2,0,
Combined,GPT-2,"grid position (2, 1)",0.12305449180238746,0.08018497627382822,2,1,
Combined,GPT-2,"grid position (2, 2)",0.07474399031504975,0.057672804404282685,2,2,
Combined,GPT-2,"grid position (0, 1)",-0.035363479346312406,-0.09915495069557079,0,1,
Combined,GPT-2,"grid position (0, 2)",-0.48676094644738926,0.009118889417054231,0,2,
Combined,GPT-2,"grid position (1, 0)",0.07733044566821441,0.08021704554525265,1,0,
Combined,GPT-2,"grid position (1, 1)",0.09180286359930756,0.060396646184726094,1,1,
Combined,GPT-2,"grid position (1, 2)",0.06723528973890862,-0.058566060095600954,1,2,
Combined,GPT-2,"grid position (2, 0)",0.08241033845843834,0.12841641648702454,2,0,
Combined,GPT-2,"grid position (2, 1)",0.11097605178397311,0.09401506582065235,2,1,
Combined,GPT-2,"grid position (2, 2)",0.07691294071362709,-0.043780793974374135,2,2,
Combined,GPT-2,"grid position (0, 0)",0.06880282862330105,-0.06438091064455191,0,0,
Combined,GPT-2,"grid position (0, 1)",0.06835452256728383,0.004248351220101777,0,1,
Combined,GPT-2,"grid position (0, 2)",-0.5892739498720763,0.019943625141103163,0,2,
Combined,GPT-2,"grid position (1, 0)",0.08404703102041099,-0.055539563733077245,1,0,
Combined,GPT-2,"grid position (1, 1)",0.11894026265770817,0.06962112358462214,1,1,
Combined,GPT-2,"grid position (1, 2)",0.05962838872568126,-0.00675528742393602,1,2,
Combined,GPT-2,"grid position (2, 0)",0.08806758762046432,0.008484561565759073,2,0,
Combined,GPT-2,"grid position (2, 1)",0.12950701483444127,0.100007534014451,2,1,
Combined,GPT-2,"grid position (2, 2)",0.09387382059805169,0.14234081759658387,2,2,
Combined,GPT-2,"grid position (0, 0)",0.029807330066552288,0.01177013605255637,0,0,
Combined,GPT-2,"grid position (0, 1)",0.043580657309342054,-0.01888692502258193,0,1,
Combined,GPT-2,"grid position (0, 2)",0.06971561998929268,-0.003716962454247866,0,2,
Combined,GPT-2,"grid position (1, 0)",0.006992321252806132,-0.04363490238802803,1,0,
Combined,GPT-2,"grid position (1, 1)",0.03371287311921575,0.06662560241745856,1,1,
Combined,GPT-2,"grid position (1, 2)",0.0900915751536856,-3.388835598273183e-05,1,2,
Combined,GPT-2,"grid position (2, 0)",-0.6295949163144988,0.011779016071644766,2,0,
Combined,GPT-2,"grid position (2, 1)",-0.08039089634852874,-0.10281004387359112,2,1,
Combined,GPT-2,"grid position (2, 2)",0.09591354061805073,-0.005154132083310001,2,2,
Combined,GPT-2,"grid position (0, 0)",0.05553634184487519,0.054607478457673574,0,0,
Combined,GPT-2,"grid position (0, 1)",0.04558801557698995,0.051741437531030034,0,1,
Combined,GPT-2,"grid position (0, 2)",0.04006903478683829,0.08507399100429441,0,2,
Combined,GPT-2,"grid position (1, 0)",0.12006568008053686,0.03316482778875389,1,0,
Combined,GPT-2,"grid position (1, 1)",0.10442860160364385,0.06285206040821009,1,1,
Combined,GPT-2,"grid position (1, 2)",0.07629155188316344,0.11161324591254959,1,2,
Combined,GPT-2,"grid position (2, 0)",-0.3116311868179808,-0.0009530681712811508,2,0,
Combined,GPT-2,"grid position (2, 1)",0.06471166212151372,-0.03800911537902301,2,1,
Combined,GPT-2,"grid position (2, 2)",0.05334391273838398,-0.0005715074484681777,2,2,
Combined,GPT-2,"grid position (0, 0)",0.06974455103279177,-0.023017153002241192,0,0,
Combined,GPT-2,"grid position (0, 1)",0.10395344685432596,0.06431008240095866,0,1,
Combined,GPT-2,"grid position (0, 2)",0.07047147191768834,0.007409655690281678,0,2,
Combined,GPT-2,"grid position (1, 0)",0.03959113156862157,-0.0725678514238664,1,0,
Combined,GPT-2,"grid position (1, 1)",0.08766445757716439,0.01287992169174318,1,1,
Combined,GPT-2,"grid position (1, 2)",-0.37819761650822387,0.04387601100406574,1,2,
Combined,GPT-2,"grid position (2, 0)",0.0869231766700409,-0.006636901804026269,2,0,
Combined,GPT-2,"grid position (2, 1)",0.1079083763527969,0.024354106509298062,2,1,
Combined,GPT-2,"grid position (2, 2)",0.10717303321138093,0.0205425033685362,2,2,
Combined,GPT-2,"grid position (0, 0)",-0.6260402389643753,0.03400927988998077,0,0,
Combined,GPT-2,"grid position (0, 1)",0.10196659276852632,0.01978804616673414,0,1,
Combined,GPT-2,"grid position (0, 2)",0.087210527721702,-0.011001685468484625,0,2,
Combined,GPT-2,"grid position (1, 0)",-0.006763920022510692,-0.11597887533499211,1,0,
Combined,GPT-2,"grid position (1, 1)",0.02121698786168954,-0.07666221075389122,1,1,
Combined,GPT-2,"grid position (1, 2)",0.02632240717580573,-0.10182918653102245,1,2,
Combined,GPT-2,"grid position (2, 0)",0.08831909647997511,0.07634594343417785,2,0,
Combined,GPT-2,"grid position (2, 1)",0.08842432853474251,0.07824363465667714,2,1,
Combined,GPT-2,"grid position (2, 2)",0.055311115875300944,0.12590202766236405,2,2,
Combined,GPT-2,"grid position (0, 0)",0.0508654690779013,-0.07352054269229331,0,0,
Combined,GPT-2,"grid position (0, 1)",0.041795462870117046,-0.09510037064978864,0,1,
Combined,GPT-2,"grid position (0, 2)",0.046438399320956135,-0.10506854200774594,0,2,
Combined,GPT-2,"grid position (1, 0)",0.06642958015974293,0.006294332950036058,1,0,
Combined,GPT-2,"grid position (1, 1)",0.09828878331515391,0.07584765397311591,1,1,
Combined,GPT-2,"grid position (1, 2)",0.09050900912192869,0.09328714451262912,1,2,
Combined,GPT-2,"grid position (2, 0)",0.008137064789504482,-0.03757076440040899,2,0,
Combined,GPT-2,"grid position (2, 1)",-0.45596930607798714,0.06627622454157543,2,1,
Combined,GPT-2,"grid position (2, 2)",0.10026560567605539,0.12556455634927144,2,2,
Combined,GPT-2,"grid position (0, 0)",0.07867699143070905,-0.011872320731209167,0,0,
Combined,GPT-2,"grid position (0, 1)",0.07383573710624496,0.00717023699537367,0,1,
Combined,GPT-2,"grid position (0, 2)",0.01686270495080003,0.004300754427084376,0,2,
Combined,GPT-2,"grid position (1, 0)",0.08745758928351377,0.02361235858168815,1,0,
Combined,GPT-2,"grid position (1, 1)",-0.35346458403756403,0.03466846911849716,1,1,
Combined,GPT-2,"grid position (1, 2)",0.05405477105041456,0.07457965538640007,1,2,
Combined,GPT-2,"grid position (2, 0)",0.07983546768836641,0.029229655624353718,2,0,
Combined,GPT-2,"grid position (2, 1)",0.06335974142532079,-0.06878177061083883,2,1,
Combined,GPT-2,"grid position (2, 2)",0.07600770825447292,0.09414900459983344,2,2,
Combined,GPT-2,"grid position (0, 0)",0.09935322646827024,0.045150867547761674,0,0,
Combined,GPT-2,"grid position (0, 1)",0.06749740497015569,0.003578323941223152,0,1,
Combined,GPT-2,"grid position (0, 2)",0.0073068664199127525,-0.0931894046629706,0,2,
Combined,GPT-2,"grid position (1, 0)",0.1063232789409162,0.10474336494540837,1,0,
Combined,GPT-2,"grid position (1, 1)",0.09267646277002407,0.0789865584918517,1,1,
Combined,GPT-2,"grid position (1, 2)",0.05019346419201417,-0.11867850713716045,1,2,
Combined,GPT-2,"grid position (2, 0)",0.10351981627173908,0.12716774813959106,2,0,
Combined,GPT-2,"grid position (2, 1)",0.020209358987126377,0.007634749252403442,2,1,
Combined,GPT-2,"grid position (2, 2)",-0.5001674499735906,-0.0281234107342178,2,2,
Combined,GPT-2,"grid position (0, 0)",0.08065753977071745,-0.05382744881359066,0,0,
Combined,GPT-2,"grid position (0, 1)",0.07673478067215422,-0.02118154246978254,0,1,
Combined,GPT-2,"grid position (0, 2)",0.04076718695155454,-0.022790540966710012,0,2,
Combined,GPT-2,"grid position (1, 0)",0.08757739541919649,-0.05344239166721072,1,0,
Combined,GPT-2,"grid position (1, 1)",0.08450186536328715,0.03649575767975183,1,1,
Combined,GPT-2,"grid position (1, 2)",0.037502054528868047,-0.03676248824531617,1,2,
Combined,GPT-2,"grid position (2, 1)",-0.6308659199531534,0.05808009218503863,2,1,
Combined,GPT-2,"grid position (2, 2)",-0.0031366489502544174,-0.06304901848987171,2,2,
Combined,GPT-2,"grid position (0, 0)",0.09613248360916891,0.06913874144591714,0,0,
Combined,GPT-2,"grid position (0, 1)",0.10680721731165908,0.07272962228287431,0,1,
Combined,GPT-2,"grid position (0, 2)",0.07453760050547092,0.03601726130083326,0,2,
Combined,GPT-2,"grid position (1, 0)",0.12663310837157493,0.05478636218564367,1,0,
Combined,GPT-2,"grid position (1, 1)",0.022498244846717495,-0.08983123594894772,1,1,
Combined,GPT-2,"grid position (1, 2)",-0.6260593563928876,0.005410849110438109,1,2,
Combined,GPT-2,"grid position (2, 0)",0.07037741617222174,0.027337683392551177,2,0,
Combined,GPT-2,"grid position (2, 1)",0.03948303310985587,-0.07912766436394929,2,1,
Combined,GPT-2,"grid position (2, 2)",0.023732045535794076,-0.1225620579102891,2,2,
Combined,GPT-2,"grid position (0, 0)",-0.7155123499189573,0.051591056051007,0,0,
Combined,GPT-2,"grid position (0, 1)",0.08146470410808135,-0.023762429689866423,0,1,
Combined,GPT-2,"grid position (0, 2)",0.06879145542473245,-0.052855770839027656,0,2,
Combined,GPT-2,"grid position (1, 0)",0.03236679947473135,-0.029478745101980428,1,0,
Combined,GPT-2,"grid position (1, 1)",0.09085048391997724,0.020764543864520067,1,1,
Combined,GPT-2,"grid position (1, 2)",0.09881145335014327,0.00010386519888274318,1,2,
Combined,GPT-2,"grid position (2, 0)",-0.04963088421400853,-0.15493332322474684,2,0,
Combined,GPT-2,"grid position (2, 1)",0.09296990270840287,0.03228144841915461,2,1,
Combined,GPT-2,"grid position (2, 2)",0.07813544649275996,0.009715648527675032,2,2,
Combined,GPT-2,"grid position (0, 0)",-0.004668500417647095,0.05129266899336804,0,0,
Combined,GPT-2,"grid position (0, 1)",0.06623749744880857,0.04193506768020331,0,1,
Combined,GPT-2,"grid position (0, 2)",0.0950073349363996,0.03601078643762352,0,2,
Combined,GPT-2,"grid position (1, 0)",0.024482806644316235,0.0860876724254322,1,0,
Combined,GPT-2,"grid position (1, 1)",0.09935834583629781,0.02831556663328203,1,1,
Combined,GPT-2,"grid position (1, 2)",0.07585266009975661,-0.056596284366107065,1,2,
Combined,GPT-2,"grid position (2, 0)",-0.7646788620584166,0.053967905558662266,2,0,
Combined,GPT-2,"grid position (2, 1)",0.05245593728365662,0.03245672106840429,2,1,
Combined,GPT-2,"grid position (2, 2)",0.07372775133463395,-0.01892965238638974,2,2,
Combined,GPT-2,"grid position (0, 0)",0.12862107627785838,0.09238589818064107,0,0,
Combined,GPT-2,"grid position (0, 1)",0.12526127404397966,0.08541011498730258,0,1,
Combined,GPT-2,"grid position (0, 2)",0.10883479205168425,0.04976129648936086,0,2,
Combined,GPT-2,"grid position (1, 0)",0.10488976726862628,0.025375984096820126,1,0,
Combined,GPT-2,"grid position (1, 1)",0.08671444894344693,-0.01056244203187628,1,1,
Combined,GPT-2,"grid position (1, 2)",0.0498505583371092,-0.06843227353368969,1,2,
Combined,GPT-2,"grid position (2, 0)",0.07171767819764825,-0.04989863422524186,2,0,
Combined,GPT-2,"grid position (2, 1)",0.0944030363190176,-0.0495389947463515,2,1,
Combined,GPT-2,"grid position (2, 2)",-0.5862377265550278,0.013132092344651933,2,2,
Combined,GPT-2,"grid position (0, 0)",0.043169207473243744,0.028126220808340152,0,0,
Combined,GPT-2,"grid position (0, 1)",-0.6226330722760989,0.06306910291213025,0,1,
Combined,GPT-2,"grid position (0, 2)",0.03655201928170254,0.11619649782199963,0,2,
Combined,GPT-2,"grid position (1, 0)",0.05287037612496983,-0.041461776784334416,1,0,
Combined,GPT-2,"grid position (1, 1)",0.04495278394764335,0.02365096263739336,1,1,
Combined,GPT-2,"grid position (1, 2)",0.09934461752526891,0.022824453357382816,1,2,
Combined,GPT-2,"grid position (2, 0)",-0.04498613641821973,-0.20808305459313936,2,0,
Combined,GPT-2,"grid position (2, 1)",0.060114681164066604,-0.0467165502307098,2,1,
Combined,GPT-2,"grid position (2, 2)",0.08856390031535388,-0.02223180429612061,2,2,
Combined,GPT-2,"grid position (0, 0)",0.08523726119733538,0.08945170907813267,0,0,
Combined,GPT-2,"grid position (0, 1)",0.06849774407666134,0.08532714078878166,0,1,
Combined,GPT-2,"grid position (0, 2)",0.08542781866126228,0.07295190284258976,0,2,
Combined,GPT-2,"grid position (1, 0)",-0.5365164525517856,0.04480897476377819,1,0,
Combined,GPT-2,"grid position (1, 1)",0.03916408977949527,-0.018916038638141078,1,1,
Combined,GPT-2,"grid position (1, 2)",0.09426066531476744,-0.01631054404843599,1,2,
Combined,GPT-2,"grid position (2, 0)",0.0012711946501652344,-0.07618942992223411,2,0,
Combined,GPT-2,"grid position (2, 1)",0.018908897007118973,-0.12159165310075919,2,1,
Combined,GPT-2,"grid position (2, 2)",0.06420816433926091,-0.06790214109944678,2,2,
Combined,GPT-2,"grid position (0, 0)",0.10224615621627552,0.12921829837514773,0,0,
Combined,GPT-2,"grid position (0, 1)",0.06311271792439596,0.021514490782346966,0,1,
Combined,GPT-2,"grid position (0, 2)",0.06066811743915156,-0.045647824578613536,0,2,
Combined,GPT-2,"grid position (1, 0)",0.09636077782226143,0.13827868059014276,1,0,
Combined,GPT-2,"grid position (1, 1)",-0.3401560871291991,0.009957298813533513,1,1,
Combined,GPT-2,"grid position (1, 2)",0.10130293252824038,-0.07487951521162418,1,2,
Combined,GPT-2,"grid position (2, 1)",0.10555475580900182,-0.01834947963848073,2,1,
Combined,GPT-2,"grid position (2, 2)",0.10480661093411063,-0.01616683095363779,2,2,
Combined,GPT-2,"grid position (0, 0)",0.013337517355240478,-0.09849026922819146,0,0,
Combined,GPT-2,"grid position (0, 1)",-0.40464367132837775,-0.01076489244088069,0,1,
Combined,GPT-2,"grid position (0, 2)",-0.00048453307926189603,-0.10691822406188657,0,2,
Combined,GPT-2,"grid position (1, 0)",0.03421659788085561,-0.06367408370735686,1,0,
Combined,GPT-2,"grid position (1, 1)",0.10328238361259318,0.06823539543564369,1,1,
Combined,GPT-2,"grid position (1, 2)",0.12692964244945246,0.049409112430498336,1,2,
Combined,GPT-2,"grid position (2, 0)",0.08360746470387329,0.1019175213019604,2,0,
Combined,GPT-2,"grid position (2, 1)",0.13912928443103062,0.08305205019678392,2,1,
Combined,GPT-2,"grid position (2, 2)",0.13367129459117588,0.07054526397747496,2,2,
Combined,GPT-2,"grid position (0, 0)",0.10139765204491971,0.09647288964897029,0,0,
Combined,GPT-2,"grid position (0, 1)",0.09630565554634878,0.0999815211090704,0,1,
Combined,GPT-2,"grid position (0, 2)",0.0910169468925842,0.049147446593663636,0,2,
Combined,GPT-2,"grid position (1, 0)",-0.5012912778990136,0.05373977654350664,1,0,
Combined,GPT-2,"grid position (1, 1)",0.12034231357939128,0.028273475385484644,1,1,
Combined,GPT-2,"grid position (1, 2)",0.049024296700973635,-0.08422135226783632,1,2,
Combined,GPT-2,"grid position (2, 0)",-0.00805656916727739,-0.08737908923352983,2,0,
Combined,GPT-2,"grid position (2, 1)",0.03776284793256248,-0.07862902252412766,2,1,
Combined,GPT-2,"grid position (2, 2)",0.03221835236529489,-0.07012155370501016,2,2,
Combined,GPT-2,"grid position (0, 0)",0.07248883821545776,0.04128602675491874,0,0,
Combined,GPT-2,"grid position (0, 1)",0.10229293067883594,0.057750390819589104,0,1,
Combined,GPT-2,"grid position (0, 2)",0.13032822680948786,0.04052381101248177,0,2,
Combined,GPT-2,"grid position (1, 0)",0.08168823351681785,-0.009253759414690917,1,0,
Combined,GPT-2,"grid position (1, 1)",0.05179054567581806,-0.03432650268498534,1,1,
Combined,GPT-2,"grid position (1, 2)",0.07326336479382092,-0.05609159659775074,1,2,
Combined,GPT-2,"grid position (2, 0)",0.07657074300041503,-0.04772496806556374,2,0,
Combined,GPT-2,"grid position (2, 1)",0.013328956464506455,-0.05770707503452566,2,1,
Combined,GPT-2,"grid position (2, 2)",-0.6115822729974659,0.026852431924565698,2,2,
Combined,GPT-2,"grid position (0, 0)",0.04900392277678511,0.016366471119297718,0,0,
Combined,GPT-2,"grid position (0, 1)",0.0705076209404606,0.036879398426706185,0,1,
Combined,GPT-2,"grid position (0, 2)",0.06594387188535508,0.02244529975659011,0,2,
Combined,GPT-2,"grid position (1, 0)",0.09132621149054661,0.0143359515291459,1,0,
Combined,GPT-2,"grid position (1, 1)",-0.3353018343364457,0.00771017633933188,1,1,
Combined,GPT-2,"grid position (1, 2)",0.040519812143386784,-0.07088026519346319,1,2,
Combined,GPT-2,"grid position (2, 0)",0.09948155934331093,0.02533568429799894,2,0,
Combined,GPT-2,"grid position (2, 1)",0.10963627056108215,0.05534093214485686,2,1,
Combined,GPT-2,"grid position (2, 2)",0.1089983753850041,0.0748922481568699,2,2,
Combined,GPT-2,"grid position (0, 0)",0.02591119357978795,-0.023559515174368984,0,0,
Combined,GPT-2,"grid position (0, 1)",0.050883597374738056,-0.0526407773793347,0,1,
Combined,GPT-2,"grid position (0, 2)",0.048429961951736364,-0.06236359321716034,0,2,
Combined,GPT-2,"grid position (1, 0)",-0.6208760217101245,0.05121749371906701,1,0,
Combined,GPT-2,"grid position (1, 1)",0.12464295799377602,0.03908359285550944,1,1,
Combined,GPT-2,"grid position (1, 2)",0.09696301440450737,-0.01080465773967243,1,2,
Combined,GPT-2,"grid position (2, 1)",0.06817616234709879,-0.05936762294567425,2,1,
Combined,GPT-2,"grid position (2, 2)",0.09293687660039616,0.04339248172868951,2,2,
Combined,GPT-2,"grid position (0, 0)",-0.04227268212029342,-0.10383169225766885,0,0,
Combined,GPT-2,"grid position (0, 1)",-0.4389547039844516,-0.00757307730378473,0,1,
Combined,GPT-2,"grid position (0, 2)",0.029483482973571663,-0.09374151798447863,0,2,
Combined,GPT-2,"grid position (1, 0)",0.11302575770798402,0.08432479838371397,1,0,
Combined,GPT-2,"grid position (1, 1)",0.08671437706108769,-0.0046730387324014485,1,1,
Combined,GPT-2,"grid position (1, 2)",0.07238970791572034,-0.02012437588726614,1,2,
Combined,GPT-2,"grid position (2, 0)",0.11924417052323505,0.09942167002725569,2,0,
Combined,GPT-2,"grid position (2, 1)",0.08437735653536722,0.1039561036896537,2,1,
Combined,GPT-2,"grid position (2, 2)",0.08364004170667497,0.03685200566475893,2,2,
Combined,GPT-2,"grid position (0, 0)",0.09287954031959049,0.06117856794291017,0,0,
Combined,GPT-2,"grid position (0, 1)",-0.2697114881733348,0.04455013671571205,0,1,
Combined,GPT-2,"grid position (0, 2)",0.141531680780432,0.06062176665842227,0,2,
Combined,GPT-2,"grid position (1, 0)",0.052509289319532346,0.02551087587631698,1,0,
Combined,GPT-2,"grid position (1, 1)",0.055283910083661375,-0.019596422043720613,1,1,
Combined,GPT-2,"grid position (1, 2)",0.1300576048642253,0.057712473138713694,1,2,
Combined,GPT-2,"grid position (2, 0)",0.012967746064841567,-0.06535321592372326,2,0,
Combined,GPT-2,"grid position (2, 1)",-0.0024293384090310105,-0.09420147152794521,2,1,
Combined,GPT-2,"grid position (2, 2)",0.0229915355285018,0.0413954343652812,2,2,
Combined,GPT-2,"grid position (0, 0)",0.05054114714421082,-0.011946946572642156,0,0,
Combined,GPT-2,"grid position (0, 1)",0.0967920924354654,0.04505845413987728,0,1,
Combined,GPT-2,"grid position (0, 2)",0.08520750150580324,0.07201921465735134,0,2,
Combined,GPT-2,"grid position (1, 0)",0.03706508109059282,-0.0416484677337288,1,0,
Combined,GPT-2,"grid position (1, 1)",0.10277818210379061,0.017040136303263145,1,1,
Combined,GPT-2,"grid position (1, 2)",0.0689034962527416,-0.001293235325505081,1,2,
Combined,GPT-2,"grid position (2, 0)",-0.6682239427683703,0.038153401283674226,2,0,
Combined,GPT-2,"grid position (2, 1)",0.049959275563076895,-0.07586195174734672,2,1,
Combined,GPT-2,"grid position (2, 2)",0.011014321377131382,-0.13459858208178757,2,2,
Combined,GPT-2,"grid position (0, 0)",0.06998019032343704,0.018141969204978493,0,0,
Combined,GPT-2,"grid position (0, 1)",0.09339013504442921,-0.023075122465071315,0,1,
Combined,GPT-2,"grid position (0, 2)",-0.4198006740279038,-0.004743170943974634,0,2,
Combined,GPT-2,"grid position (1, 0)",0.09063439141573633,-0.00014152770213731619,1,0,
Combined,GPT-2,"grid position (1, 1)",0.050839072894440986,-0.04507075184359076,1,1,
Combined,GPT-2,"grid position (1, 2)",0.06686370281292263,-0.03692318191746914,1,2,
Combined,GPT-2,"grid position (2, 0)",0.06009403447877367,0.08682796399115228,2,0,
Combined,GPT-2,"grid position (2, 1)",0.051635803680725595,0.042975025588832864,2,1,
Combined,GPT-2,"grid position (2, 2)",0.12063307267918777,0.08089242082732101,2,2,
Combined,GPT-2,"grid position (0, 0)",0.09871645879292953,0.02006783286360558,0,0,
Combined,GPT-2,"grid position (0, 1)",0.061864734975893225,-0.0060197272001241905,0,1,
Combined,GPT-2,"grid position (0, 2)",0.015923875295329182,-0.0910158927240402,0,2,
Combined,GPT-2,"grid position (1, 0)",0.09385654470762048,0.05253049730892389,1,0,
Combined,GPT-2,"grid position (1, 1)",0.09355190153201881,0.022674426117637345,1,1,
Combined,GPT-2,"grid position (1, 2)",-0.013740631559649765,-0.12467344501439932,1,2,
Combined,GPT-2,"grid position (2, 0)",-0.536368146067867,0.07491381976807107,2,0,
Combined,GPT-2,"grid position (2, 1)",0.028968684785264116,0.0472485481014388,2,1,
Combined,GPT-2,"grid position (2, 2)",-0.059567726985780126,-0.14504443824714583,2,2,
Combined,GPT-2,"grid position (0, 0)",0.052304565835710415,-0.04354730018048917,0,0,
Combined,GPT-2,"grid position (0, 1)",0.10370650448725584,0.016554507458281006,0,1,
Combined,GPT-2,"grid position (0, 2)",0.003069284462489629,-0.005367677006658077,0,2,
Combined,GPT-2,"grid position (1, 0)",0.056142462123770435,-0.03084974918363041,1,0,
Combined,GPT-2,"grid position (1, 1)",0.12959408191814428,0.07905347461913359,1,1,
Combined,GPT-2,"grid position (1, 2)",0.11287958486785056,0.05300053523063622,1,2,
Combined,GPT-2,"grid position (2, 0)",-0.5859944990207367,0.020585796646037734,2,0,
Combined,GPT-2,"grid position (2, 1)",0.06649465930237916,0.018385295161707137,2,1,
Combined,GPT-2,"grid position (2, 2)",0.07465695148981463,0.055952532352184295,2,2,
Combined,GPT-2,"grid position (0, 0)",0.05775349437760639,-0.013556414245850258,0,0,
Combined,GPT-2,"grid position (0, 1)",-0.48038984763801157,0.059121479319151606,0,1,
Combined,GPT-2,"grid position (0, 2)",0.09694075842161694,0.05468175899481544,0,2,
Combined,GPT-2,"grid position (1, 0)",0.09661267125822273,-0.027895882240561186,1,0,
Combined,GPT-2,"grid position (1, 1)",0.10703452073543426,0.020257322055522668,1,1,
Combined,GPT-2,"grid position (1, 2)",0.09961285157924081,0.021917225920103457,1,2,
Combined,GPT-2,"grid position (2, 0)",0.05089908878400595,-0.10535858138005295,2,0,
Combined,GPT-2,"grid position (2, 1)",0.051347420613815566,-0.11106583989954404,2,1,
Combined,GPT-2,"grid position (2, 2)",0.07006284675320912,-0.09089307778215233,2,2,
Combined,GPT-2,"grid position (0, 0)",-0.4940403188583379,-0.005101153566614818,0,0,
Combined,GPT-2,"grid position (0, 1)",0.030548917333877712,-0.07472033396990305,0,1,
Combined,GPT-2,"grid position (0, 2)",0.03097327886117144,0.023148711409054012,0,2,
Combined,GPT-2,"grid position (1, 0)",0.06106931921150289,-0.09456516630392754,1,0,
Combined,GPT-2,"grid position (1, 1)",0.08676647961323515,0.015740395961617193,1,1,
Combined,GPT-2,"grid position (1, 2)",0.07922300925617633,0.04906057309501762,1,2,
Combined,GPT-2,"grid position (2, 0)",0.03521884924807974,0.024369915083264297,2,0,
Combined,GPT-2,"grid position (2, 1)",0.10463367753080123,0.10658805068270481,2,1,
Combined,GPT-2,"grid position (2, 2)",0.08392131675112191,0.09968979047812333,2,2,
Combined,GPT-2,"grid position (0, 0)",0.11257084035021277,0.09825412091376251,0,0,
Combined,GPT-2,"grid position (0, 1)",0.11015534274429069,0.048230160199439584,0,1,
Combined,GPT-2,"grid position (0, 2)",0.09539377191896732,0.017241889193851202,0,2,
Combined,GPT-2,"grid position (1, 0)",0.07593717387310334,-0.02072788935757515,1,0,
Combined,GPT-2,"grid position (1, 1)",0.0632744839155065,-0.06804992106162677,1,1,
Combined,GPT-2,"grid position (1, 2)",0.09252211267066222,-0.01833710262279346,1,2,
Combined,GPT-2,"grid position (2, 0)",0.017587793983165508,-0.05847965792886783,2,0,
Combined,GPT-2,"grid position (2, 1)",-0.0049833997746107014,-0.10758128799579861,2,1,
Combined,GPT-2,"grid position (2, 2)",-0.6172794646504576,0.04003840312443767,2,2,
Combined,GPT-2,"grid position (0, 0)",0.057874641678776,-0.05874039105630308,0,0,
Combined,GPT-2,"grid position (0, 1)",0.11659788152626199,0.02675828836964849,0,1,
Combined,GPT-2,"grid position (0, 2)",0.10308608577627629,0.001680729778227911,0,2,
Combined,GPT-2,"grid position (1, 0)",0.041030723801428505,-0.07763914631182031,1,0,
Combined,GPT-2,"grid position (1, 1)",0.05527666427143378,-0.08917782180566784,1,1,
Combined,GPT-2,"grid position (1, 2)",0.1043414303421521,-0.013994993014756154,1,2,
Combined,GPT-2,"grid position (2, 0)",0.09506124133283754,0.13763282708329302,2,0,
Combined,GPT-2,"grid position (2, 1)",-0.41744592511427975,0.03992600088255475,2,1,
Combined,GPT-2,"grid position (2, 2)",0.12708771903378147,0.08291629538497934,2,2,
Combined,GPT-2,"grid position (0, 0)",-0.07341485340747754,-0.08606389622128272,0,0,
Combined,GPT-2,"grid position (0, 1)",-0.581960960257502,0.06645669301116994,0,1,
Combined,GPT-2,"grid position (0, 2)",0.07545991749945626,0.04235356510302731,0,2,
Combined,GPT-2,"grid position (1, 0)",0.015620490012488787,-0.040420826466490124,1,0,
Combined,GPT-2,"grid position (1, 1)",0.11721770859450771,0.02911046101902726,1,1,
Combined,GPT-2,"grid position (1, 2)",0.09577056414600328,-0.03351829334002126,1,2,
Combined,GPT-2,"grid position (2, 0)",0.04860709833267842,0.02557513648702636,2,0,
Combined,GPT-2,"grid position (2, 1)",0.07377627016914787,0.038876381436216544,2,1,
Combined,GPT-2,"grid position (2, 2)",0.06337845806333796,-0.05799159983445909,2,2,
Combined,GPT-2,"grid position (0, 0)",0.03548975896539567,-0.002326075696381333,0,0,
Combined,GPT-2,"grid position (0, 1)",0.06121660057807077,0.0162706208959372,0,1,
Combined,GPT-2,"grid position (0, 2)",0.004694353935442558,0.11883776300762376,0,2,
Combined,GPT-2,"grid position (1, 0)",-0.3973259909627206,-0.015102082839251211,1,0,
Combined,GPT-2,"grid position (1, 1)",0.08256485493755321,0.018529850120584,1,1,
Combined,GPT-2,"grid position (1, 2)",0.04935205646398907,0.10458051310916446,1,2,
Combined,GPT-2,"grid position (2, 0)",0.06540007706452086,-0.08022911893714922,2,0,
Combined,GPT-2,"grid position (2, 1)",0.05966868618260665,-0.04059551426086369,2,1,
Combined,GPT-2,"grid position (2, 2)",0.021174445748728093,0.1335278260744897,2,2,
Combined,GPT-2,"grid position (0, 0)",0.08774798974680412,0.0732227137119682,0,0,
Combined,GPT-2,"grid position (0, 1)",0.10783682321823741,0.10783319411599986,0,1,
Combined,GPT-2,"grid position (0, 2)",0.10137318960949179,0.16349833848397213,0,2,
Combined,GPT-2,"grid position (1, 0)",0.08647797312674675,-0.020885821535297232,1,0,
Combined,GPT-2,"grid position (1, 1)",0.0767543075337656,0.029981044721310857,1,1,
Combined,GPT-2,"grid position (1, 2)",0.0073609171852247555,0.00791302482888049,1,2,
Combined,GPT-2,"grid position (2, 0)",0.06042710553963553,-0.014211112299285851,2,0,
Combined,GPT-2,"grid position (2, 1)",-0.326809443179587,-0.011014639047523454,2,1,
Combined,GPT-2,"grid position (2, 2)",-0.03846121022509694,-0.10941054379934986,2,2,
Combined,GPT-2,"grid position (0, 0)",-0.572051028124183,0.01554161263355058,0,0,
Combined,GPT-2,"grid position (0, 1)",0.06913463848245655,0.03701245296028162,0,1,
Combined,GPT-2,"grid position (0, 2)",0.07377005081800128,-0.005854313756188318,0,2,
Combined,GPT-2,"grid position (1, 0)",0.029562150583980946,-0.10911679922106754,1,0,
Combined,GPT-2,"grid position (1, 1)",0.0387060187944764,-0.03538142537503105,1,1,
Combined,GPT-2,"grid position (1, 2)",0.06132442301200724,-0.01567095088311946,1,2,
Combined,GPT-2,"grid position (2, 0)",0.07089989310996674,-0.0040711630045803015,2,0,
Combined,GPT-2,"grid position (2, 1)",0.04631980298513684,0.06494658285360864,2,1,
Combined,GPT-2,"grid position (2, 2)",0.04872261157787174,0.0041672260134246,2,2,
Combined,GPT-2,"grid position (0, 0)",-0.5831235254179588,0.060109332868059244,0,0,
Combined,GPT-2,"grid position (0, 1)",0.07606428967591079,0.09260850822873341,0,1,
Combined,GPT-2,"grid position (0, 2)",0.08145214509745496,0.1112058358758346,0,2,
Combined,GPT-2,"grid position (1, 0)",0.021139751613731952,-0.016538007028909788,1,0,
Combined,GPT-2,"grid position (1, 1)",0.072743828438343,0.05117156880990013,1,1,
Combined,GPT-2,"grid position (1, 2)",0.06533944735805543,0.0008200146106156478,1,2,
Combined,GPT-2,"grid position (2, 0)",-0.006067256422262562,-0.15807358157871873,2,0,
Combined,GPT-2,"grid position (2, 1)",0.07240168574275922,-0.05454124269837915,2,1,
Combined,GPT-2,"grid position (2, 2)",0.07691471058997484,-0.06481151871531662,2,2,
Combined,GPT-2,"grid position (0, 0)",-0.5264397980015478,-0.017441971190484337,0,0,
Combined,GPT-2,"grid position (0, 1)",0.06594853040995147,-0.046655119059502585,0,1,
Combined,GPT-2,"grid position (0, 2)",0.12032507111024418,0.01878231011301834,0,2,
Combined,GPT-2,"grid position (1, 0)",-0.04357994692099632,-0.14070008083293262,1,0,
Combined,GPT-2,"grid position (1, 1)",0.0648492861632469,-0.05812308869812275,1,1,
Combined,GPT-2,"grid position (1, 2)",0.143819694994106,0.04462561805194151,1,2,
Combined,GPT-2,"grid position (2, 0)",0.03954104591580958,0.14841902933040763,2,0,
Combined,GPT-2,"grid position (2, 1)",0.08398936946182373,0.13129009084428953,2,1,
Combined,GPT-2,"grid position (2, 2)",0.13772931892058068,0.07143300975206175,2,2,
Combined,GPT-2,"grid position (0, 0)",0.05536575979346559,-0.06171736920216048,0,0,
Combined,GPT-2,"grid position (0, 1)",0.09553079008361147,-0.04432843058891809,0,1,
Combined,GPT-2,"grid position (0, 2)",0.05864893393620047,-0.05386129035790619,0,2,
Combined,GPT-2,"grid position (1, 0)",0.08330495079930324,-0.04171986671112877,1,0,
Combined,GPT-2,"grid position (1, 1)",0.07453710985782594,0.01808191157058926,1,1,
Combined,GPT-2,"grid position (1, 2)",0.09863027073881037,0.07954866447361619,1,2,
Combined,GPT-2,"grid position (2, 0)",0.17146512083071422,0.13659154585178318,2,0,
Combined,GPT-2,"grid position (2, 1)",-0.5019629760878617,0.05291976450902068,2,1,
Combined,GPT-2,"grid position (2, 2)",0.08653795469878676,0.02529123575700431,2,2,
Combined,GPT-2,"grid position (0, 0)",0.04552566540345938,0.02677382984307422,0,0,
Combined,GPT-2,"grid position (0, 1)",0.049001463219179295,-0.04050622868427501,0,1,
Combined,GPT-2,"grid position (0, 2)",0.11003790096264116,0.06017265826899481,0,2,
Combined,GPT-2,"grid position (1, 0)",0.1041283606550105,0.05606454487593684,1,0,
Combined,GPT-2,"grid position (1, 1)",0.01311808995763955,-0.1574643061432441,1,1,
Combined,GPT-2,"grid position (1, 2)",-0.32525820330613836,-0.004144201703012017,1,2,
Combined,GPT-2,"grid position (2, 0)",0.07497588124929212,0.07227111257395118,2,0,
Combined,GPT-2,"grid position (2, 1)",0.05912358479712379,-0.0223559372498911,2,1,
Combined,GPT-2,"grid position (2, 2)",0.03246899772989986,-0.04911190043220972,2,2,
Combined,GPT-2,"grid position (0, 0)",0.05088787442792827,0.0207556770557115,0,0,
Combined,GPT-2,"grid position (0, 1)",0.09552117330996385,0.013351792547937738,0,1,
Combined,GPT-2,"grid position (0, 2)",0.09468224458518529,0.0752285332879245,0,2,
Combined,GPT-2,"grid position (1, 0)",-0.4681103271279302,0.01034586602112448,1,0,
Combined,GPT-2,"grid position (1, 1)",0.11737664235569412,0.011054431632960954,1,1,
Combined,GPT-2,"grid position (1, 2)",0.11804206482077567,0.022779727539681893,1,2,
Combined,GPT-2,"grid position (2, 0)",0.010748773666486631,-0.04002464447770647,2,0,
Combined,GPT-2,"grid position (2, 1)",0.061065540190253176,-0.00961183960069348,2,1,
Combined,GPT-2,"grid position (2, 2)",0.08133822285121779,0.040399498947152494,2,2,
Combined,GPT-2,"grid position (0, 0)",0.018342157934670304,0.15681950678678458,0,0,
Combined,GPT-2,"grid position (0, 1)",0.08017783667656009,0.08752256624443455,0,1,
Combined,GPT-2,"grid position (0, 2)",0.08790588607952801,-0.015246249976965812,0,2,
Combined,GPT-2,"grid position (1, 0)",0.03582338761236147,0.022211754622318912,1,0,
Combined,GPT-2,"grid position (1, 1)",0.10913316031555066,0.04043231250749835,1,1,
Combined,GPT-2,"grid position (1, 2)",0.07294914006402867,-0.06754759071383581,1,2,
Combined,GPT-2,"grid position (2, 0)",-0.5516371431197946,0.016314543365946187,2,0,
Combined,GPT-2,"grid position (2, 1)",0.07448487770434446,-0.01838542455265847,2,1,
Combined,GPT-2,"grid position (2, 2)",0.06560077835478823,-0.04094290811887636,2,2,
Combined,GPT-2,"grid position (0, 0)",0.09153074203258361,0.03168518136070802,0,0,
Combined,GPT-2,"grid position (0, 1)",0.09357080293963616,-0.02465561822572066,0,1,
Combined,GPT-2,"grid position (0, 2)",0.11910690452047507,0.0374423772692271,0,2,
Combined,GPT-2,"grid position (1, 0)",-0.4473686726242479,0.05983497576381593,1,0,
Combined,GPT-2,"grid position (1, 1)",0.08447788745990766,-0.0002780098823065805,1,1,
Combined,GPT-2,"grid position (1, 2)",0.044317123981699826,-0.07690602577404121,1,2,
Combined,GPT-2,"grid position (2, 0)",-0.018466864712532095,-0.010803882821501742,2,0,
Combined,GPT-2,"grid position (2, 1)",0.015546816023024898,-0.039411145902790545,2,1,
Combined,GPT-2,"grid position (2, 2)",0.022505640220698418,-0.09395736699959774,2,2,
Combined,GPT-2,"grid position (0, 1)",-0.5774613116567114,0.06163505308358727,0,1,
Combined,GPT-2,"grid position (0, 2)",0.034255942534715915,-0.061487761532185145,0,2,
Combined,GPT-2,"grid position (1, 0)",-0.003533455059771974,0.10398911169440635,1,0,
Combined,GPT-2,"grid position (1, 1)",0.09616674184792445,-0.015426252126952209,1,1,
Combined,GPT-2,"grid position (1, 2)",0.07428524420094883,-0.0451522345469497,1,2,
Combined,GPT-2,"grid position (2, 0)",-0.0008069942252364803,0.12255991636503709,2,0,
Combined,GPT-2,"grid position (2, 1)",0.10975187205640555,-0.0049691070042464,2,1,
Combined,GPT-2,"grid position (2, 2)",0.12231171067259645,0.04310096722069919,2,2,
Combined,GPT-2,"grid position (0, 0)",0.07010796046467337,0.14676757340715815,0,0,
Combined,GPT-2,"grid position (0, 1)",0.07584658954972116,0.10439009843764555,0,1,
Combined,GPT-2,"grid position (0, 2)",0.05260010713664201,0.026245226297245492,0,2,
Combined,GPT-2,"grid position (1, 0)",0.11910599376424288,0.11220788868156932,1,0,
Combined,GPT-2,"grid position (1, 1)",0.05130902164300604,-0.0373125629203946,1,1,
Combined,GPT-2,"grid position (1, 2)",0.06472916129239295,-0.05142918163367707,1,2,
Combined,GPT-2,"grid position (2, 0)",0.0862380771057712,0.068906439077105,2,0,
Combined,GPT-2,"grid position (2, 1)",0.055321199608571056,-0.06699744745981195,2,1,
Combined,GPT-2,"grid position (2, 2)",-0.501776534711937,0.008616944000345536,2,2,
Combined,GPT-2,"grid position (0, 0)",0.09404998181229841,0.046796466281268885,0,0,
Combined,GPT-2,"grid position (0, 1)",0.08357949677140956,-0.004015331364036007,0,1,
Combined,GPT-2,"grid position (0, 2)",-0.4371665531844165,0.022449406141392216,0,2,
Combined,GPT-2,"grid position (1, 0)",0.09452216395492717,0.07693790995840831,1,0,
Combined,GPT-2,"grid position (1, 1)",0.08469688272501323,-0.022655342103437583,1,1,
Combined,GPT-2,"grid position (1, 2)",0.08934018171660105,-0.02571930770178763,1,2,
Combined,GPT-2,"grid position (2, 1)",0.10067397473931632,-0.04704288656447415,2,1,
Combined,GPT-2,"grid position (2, 2)",0.10363528614114052,0.07421522581221617,2,2,
Combined,GPT-2,"grid position (0, 0)",0.08023297213959926,0.09052015580410175,0,0,
Combined,GPT-2,"grid position (0, 1)",0.045791303760898974,-0.008651599514791606,0,1,
Combined,GPT-2,"grid position (0, 2)",-0.4550117636832377,0.013600291390946507,0,2,
Combined,GPT-2,"grid position (1, 0)",0.1020164014897353,0.06966927204718033,1,0,
Combined,GPT-2,"grid position (1, 1)",0.11927070901295032,0.05486788933805389,1,1,
Combined,GPT-2,"grid position (1, 2)",0.06509188131757951,-0.05912847728404568,1,2,
Combined,GPT-2,"grid position (2, 0)",0.0896396285223995,0.07865319402006402,2,0,
Combined,GPT-2,"grid position (2, 1)",0.08114747058026811,0.03650645363347571,2,1,
Combined,GPT-2,"grid position (2, 2)",0.025748658784186994,-0.032336229564706276,2,2,
Combined,GPT-2,"grid position (0, 0)",0.044035280131762326,-0.05237057549198817,0,0,
Combined,GPT-2,"grid position (0, 1)",0.058284857520980955,-0.010936703402461084,0,1,
Combined,GPT-2,"grid position (0, 2)",0.07504141432620587,0.05455598494335991,0,2,
Combined,GPT-2,"grid position (1, 0)",0.03195163728868144,-0.07313149169937135,1,0,
Combined,GPT-2,"grid position (1, 1)",0.08729134185441169,0.041828747633919076,1,1,
Combined,GPT-2,"grid position (1, 2)",0.035802584898977544,0.13582004430688868,1,2,
Combined,GPT-2,"grid position (2, 0)",-0.557849778449902,-0.0023013203670707466,2,0,
Combined,GPT-2,"grid position (2, 1)",0.09324098228715437,0.11374744567560865,2,1,
Combined,GPT-2,"grid position (2, 2)",0.092562132331446,0.13985091889400453,2,2,
Combined,GPT-2,"grid position (0, 0)",-0.5706723106963394,0.02131297485247709,0,0,
Combined,GPT-2,"grid position (0, 1)",0.04796736996128753,-0.04404855485425851,0,1,
Combined,GPT-2,"grid position (0, 2)",0.05414987200306742,-0.06647007965919478,0,2,
Combined,GPT-2,"grid position (1, 0)",0.03575904136674127,-0.01931223419363887,1,0,
Combined,GPT-2,"grid position (1, 1)",0.12670652263193147,0.07142131569391447,1,1,
Combined,GPT-2,"grid position (1, 2)",0.1079415615974269,0.016233619895434277,1,2,
Combined,GPT-2,"grid position (2, 0)",0.04383055039222418,-0.028636262093898485,2,0,
Combined,GPT-2,"grid position (2, 1)",0.0795060995374864,0.016105976173920476,2,1,
Combined,GPT-2,"grid position (2, 2)",0.09478723187033809,-0.02291886724401425,2,2,
Combined,GPT-2,"grid position (0, 0)",0.05693820964356782,-0.08283267853103118,0,0,
Combined,GPT-2,"grid position (0, 1)",0.11956526229268424,0.018747529770817204,0,1,
Combined,GPT-2,"grid position (0, 2)",0.10978985738225223,0.040726148508269736,0,2,
Combined,GPT-2,"grid position (1, 0)",0.05037515934534574,-0.06714670737399184,1,0,
Combined,GPT-2,"grid position (1, 1)",0.08917188962006845,0.04090215136298003,1,1,
Combined,GPT-2,"grid position (1, 2)",0.10022575685802493,0.0628025226045269,1,2,
Combined,GPT-2,"grid position (2, 0)",-0.6312804230971353,0.0362395495339834,2,0,
Combined,GPT-2,"grid position (2, 1)",0.006340899253848143,-0.022467884798261426,2,1,
Combined,GPT-2,"grid position (2, 2)",0.0840292251398186,-0.005958911284306584,2,2,
Combined,GPT-2,"grid position (0, 0)",0.019518423196044982,-0.005437984816766391,0,0,
Combined,GPT-2,"grid position (0, 1)",0.0631089859016887,-0.014907914205857192,0,1,
Combined,GPT-2,"grid position (0, 2)",0.08793213124858988,0.015121471981936052,0,2,
Combined,GPT-2,"grid position (1, 0)",-0.7132066448575328,0.04112927723600464,1,0,
Combined,GPT-2,"grid position (1, 1)",0.014353507967413739,-0.06358754230756797,1,1,
Combined,GPT-2,"grid position (1, 2)",0.10254001584391877,0.06505677668552158,1,2,
Combined,GPT-2,"grid position (2, 2)",0.06432129969084673,0.046508168834184946,2,2,
Combined,GPT-2,"grid position (0, 0)",0.04126597473235067,0.06384052878800309,0,0,
Combined,GPT-2,"grid position (0, 1)",0.05412713298891189,-0.0038479985640352764,0,1,
Combined,GPT-2,"grid position (0, 2)",0.025590007999721418,-0.040279682013991826,0,2,
Combined,GPT-2,"grid position (1, 1)",-0.509496241455018,0.029526592276952278,1,1,
Combined,GPT-2,"grid position (1, 2)",0.030158087085914966,-0.09240952770514953,1,2,
Combined,GPT-2,"grid position (2, 0)",-0.007464863715684143,0.11008346235166576,2,0,
Combined,GPT-2,"grid position (2, 1)",0.09056789200275682,0.05872525255279615,2,1,
Combined,GPT-2,"grid position (2, 2)",0.05989168946034011,-0.021357903343920903,2,2,
Combined,GPT-2,"grid position (0, 0)",0.06026032542585554,0.13633773160615006,0,0,
Combined,GPT-2,"grid position (0, 1)",0.025670706008142835,0.057145375613573815,0,1,
Combined,GPT-2,"grid position (0, 2)",0.07460921748835932,-0.035481838327005064,0,2,
Combined,GPT-2,"grid position (1, 0)",-0.05658823739160312,-0.049867303525547545,1,0,
Combined,GPT-2,"grid position (1, 1)",-0.561956378721256,0.015228818988989808,1,1,
Combined,GPT-2,"grid position (1, 2)",0.06603581090690921,-0.05592000952368016,1,2,
Combined,GPT-2,"grid position (2, 0)",0.009330105790387486,0.04699210834889748,2,0,
Combined,GPT-2,"grid position (2, 1)",0.09469961289510714,0.061895078747051684,2,1,
Combined,GPT-2,"grid position (2, 2)",0.07394526241454491,-0.040645861386350665,2,2,
Combined,GPT-2,"grid position (0, 0)",-0.01758203349262743,-0.09897049038346357,0,0,
Combined,GPT-2,"grid position (0, 1)",0.002076631451621707,-0.02448785611282742,0,1,
Combined,GPT-2,"grid position (0, 2)",-0.6199130620777662,0.05238596996989272,0,2,
Combined,GPT-2,"grid position (1, 0)",0.04438121211868833,-0.0706459952714381,1,0,
Combined,GPT-2,"grid position (1, 1)",0.06452334312980548,-0.028310462988335932,1,1,
Combined,GPT-2,"grid position (1, 2)",0.10997590349634095,0.018015736463688935,1,2,
Combined,GPT-2,"grid position (2, 0)",0.07391952973525938,0.03559629204559132,2,0,
Combined,GPT-2,"grid position (2, 1)",0.0861733299525172,0.02701354918100723,2,1,
Combined,GPT-2,"grid position (2, 2)",0.10174926942732963,0.049643715350755326,2,2,
Combined,GPT-2,"grid position (0, 0)",0.05138145195895152,-0.0986862896662115,0,0,
Combined,GPT-2,"grid position (0, 1)",0.0920715910566724,-0.02081346167344355,0,1,
Combined,GPT-2,"grid position (0, 2)",0.10436820908855737,0.07615609031045886,0,2,
Combined,GPT-2,"grid position (1, 0)",0.06191043980523237,-0.058540462382107805,1,0,
Combined,GPT-2,"grid position (1, 1)",0.061855823425437655,-0.05780224395852415,1,1,
Combined,GPT-2,"grid position (2, 0)",-0.3650836029969759,0.0665839272183028,2,0,
Combined,GPT-2,"grid position (2, 1)",0.1076402662339368,0.055506688090611496,2,1,
Combined,GPT-2,"grid position (0, 0)",0.05554467188670785,0.04165118382865635,0,0,
Combined,GPT-2,"grid position (0, 1)",0.033382762742743724,-0.05237213362017887,0,1,
Combined,GPT-2,"grid position (0, 2)",0.12189650598067055,0.14028509847759338,0,2,
Combined,GPT-2,"grid position (1, 0)",0.08845587708767719,-0.002378083965549109,1,0,
Combined,GPT-2,"grid position (1, 1)",0.07266569084612462,-0.07822171347528327,1,1,
Combined,GPT-2,"grid position (1, 2)",-0.49392693314447306,0.04807071891145343,1,2,
Combined,GPT-2,"grid position (2, 0)",0.12418316221904453,0.03225313476119401,2,0,
Combined,GPT-2,"grid position (2, 1)",0.11301684180707955,-0.03013343955681644,2,1,
Combined,GPT-2,"grid position (2, 2)",0.07472459278315838,0.043969264580306075,2,2,
Combined,GPT-2,"grid position (0, 0)",0.03913689547898893,0.05067886753590976,0,0,
Combined,GPT-2,"grid position (0, 1)",0.06188632514850377,-0.005993886583358796,0,1,
Combined,GPT-2,"grid position (0, 2)",-0.027236230597391477,0.11516352307816997,0,2,
Combined,GPT-2,"grid position (1, 0)",-0.5081795150787504,0.04616890731753471,1,0,
Combined,GPT-2,"grid position (1, 1)",0.07995876240823177,-0.08605120137525293,1,1,
Combined,GPT-2,"grid position (1, 2)",0.08648220326089844,-0.07384380760231432,1,2,
Combined,GPT-2,"grid position (2, 0)",0.09376559164458252,0.006400227166449057,2,0,
Combined,GPT-2,"grid position (2, 1)",0.0766132223794476,-0.06578046327220971,2,1,
Combined,GPT-2,"grid position (2, 2)",0.10016411746851102,0.006923044092494439,2,2,
Combined,GPT-2,"grid position (0, 0)",0.008939230867918873,0.07383129520978828,0,0,
Combined,GPT-2,"grid position (0, 1)",0.03828585467338277,0.09677448067293586,0,1,
Combined,GPT-2,"grid position (0, 2)",0.025071579597359114,-0.12564984803352675,0,2,
Combined,GPT-2,"grid position (1, 0)",0.09390412847336711,0.050745157434406135,1,0,
Combined,GPT-2,"grid position (1, 1)",0.10562543768950648,0.02111161885224819,1,1,
Combined,GPT-2,"grid position (1, 2)",-0.43357008570305045,0.009205817498399995,1,2,
Combined,GPT-2,"grid position (2, 0)",0.09485956295393154,0.0667732260496375,2,0,
Combined,GPT-2,"grid position (2, 1)",0.09435571658568083,0.04315647079729529,2,1,
Combined,GPT-2,"grid position (2, 2)",0.054047855781936244,0.014846249662219712,2,2,
Combined,GPT-2,"grid position (0, 1)",-0.08015287852501232,-0.19258203666544435,0,1,
Combined,GPT-2,"grid position (0, 2)",-0.04652801455666069,-0.15404755238885048,0,2,
Combined,GPT-2,"grid position (1, 0)",0.08812194911787154,0.03459431828745564,1,0,
Combined,GPT-2,"grid position (1, 1)",0.09800423466677405,0.02871510489344714,1,1,
Combined,GPT-2,"grid position (1, 2)",0.07957610943745255,0.015440364556040758,1,2,
Combined,GPT-2,"grid position (2, 0)",0.08432013807464142,0.027758085611417464,2,0,
Combined,GPT-2,"grid position (2, 1)",-0.3537625854270187,0.03781211867231635,2,1,
Combined,GPT-2,"grid position (2, 2)",0.062159906915751,0.02688510802223649,2,2,
Combined,GPT-2,"grid position (0, 0)",0.09168762605300226,0.11105125892672096,0,0,
Combined,GPT-2,"grid position (0, 1)",0.1141377526305032,0.02440965735440132,0,1,
Combined,GPT-2,"grid position (0, 2)",0.10575065717664081,-0.004954375274612474,0,2,
Combined,GPT-2,"grid position (1, 0)",-0.5517085107558805,0.030232058063472105,1,0,
Combined,GPT-2,"grid position (1, 1)",0.08084381550615047,-0.05529423570138601,1,1,
Combined,GPT-2,"grid position (1, 2)",0.09545272262207101,-0.04680684769957462,1,2,
Combined,GPT-2,"grid position (2, 0)",-0.07615965923169286,-0.06501515404506028,2,0,
Combined,GPT-2,"grid position (2, 1)",0.06009431484048999,0.03269200646361006,2,1,
Combined,GPT-2,"grid position (2, 2)",0.07345069761090291,-0.020879201827652554,2,2,
Combined,GPT-2,"grid position (0, 0)",0.05295274253808251,0.0789055193730662,0,0,
Combined,GPT-2,"grid position (0, 1)",0.09364864561957272,0.013029531407806539,0,1,
Combined,GPT-2,"grid position (0, 2)",0.14018480781541634,0.05915796822798009,0,2,
Combined,GPT-2,"grid position (1, 0)",-0.6314009240788284,0.021188013908125466,1,0,
Combined,GPT-2,"grid position (1, 1)",0.06308884836665406,-0.09096277237890575,1,1,
Combined,GPT-2,"grid position (1, 2)",0.09728168326264548,-0.00308136314479471,1,2,
Combined,GPT-2,"grid position (2, 0)",-0.0705035324597877,-0.13792525216445983,2,0,
Combined,GPT-2,"grid position (2, 1)",0.06659201145915297,-0.021984026643176037,2,1,
Combined,GPT-2,"grid position (2, 2)",0.04495465784299374,-0.06426749949612066,2,2,
Combined,GPT-2,"grid position (0, 0)",0.04833298000240934,0.043958899236543156,0,0,
Combined,GPT-2,"grid position (0, 1)",0.04483211876401319,-0.023335442439861243,0,1,
Combined,GPT-2,"grid position (0, 2)",0.08391238289956088,0.027879511655419634,0,2,
Combined,GPT-2,"grid position (1, 0)",-0.5865277145315233,0.03628063925416622,1,0,
Combined,GPT-2,"grid position (1, 1)",0.04883817894513669,-0.04904549823352212,1,1,
Combined,GPT-2,"grid position (1, 2)",0.0504667146182604,-0.023002979502350494,1,2,
Combined,GPT-2,"grid position (2, 0)",-0.0004625592256038354,0.03522213329720743,2,0,
Combined,GPT-2,"grid position (2, 1)",0.031661767760098575,-0.015281713336253645,2,1,
Combined,GPT-2,"grid position (2, 2)",0.03074487610558123,-0.01909142235863319,2,2,
Combined,GPT-2,"grid position (0, 0)",0.06519051838537003,-0.01994225614202374,0,0,
Combined,GPT-2,"grid position (0, 1)",0.06048775372233404,-0.01596324126962896,0,1,
Combined,GPT-2,"grid position (0, 2)",-0.4932668625625094,0.05134099511420124,0,2,
Combined,GPT-2,"grid position (1, 0)",0.0797688853976996,-0.04225589961207906,1,0,
Combined,GPT-2,"grid position (1, 1)",0.12166318408691644,0.010579550013782467,1,1,
Combined,GPT-2,"grid position (1, 2)",0.10747037331638878,-0.024952923834746177,1,2,
Combined,GPT-2,"grid position (2, 0)",0.075514931236733,0.024665543095576368,2,0,
Combined,GPT-2,"grid position (2, 1)",0.12296127311035257,0.032344472825342155,2,1,
Combined,GPT-2,"grid position (2, 2)",0.120473335843226,-0.022088088812828262,2,2,
Combined,GPT-2,"grid position (0, 0)",0.062409538956609265,0.048834201530182815,0,0,
Combined,GPT-2,"grid position (0, 1)",0.0669911703202454,-0.03321622447285504,0,1,
Combined,GPT-2,"grid position (0, 2)",-0.5825739080233644,-0.00044412081200538665,0,2,
Combined,GPT-2,"grid position (1, 0)",0.05932130891340734,0.04721750714472169,1,0,
Combined,GPT-2,"grid position (1, 1)",0.09477327206362518,0.005754266786195933,1,1,
Combined,GPT-2,"grid position (1, 2)",0.062253519149303715,-0.10376460621903458,1,2,
Combined,GPT-2,"grid position (2, 0)",0.0834156746121388,0.152064028499428,2,0,
Combined,GPT-2,"grid position (2, 1)",0.11959295690922242,0.10118101545209826,2,1,
Combined,GPT-2,"grid position (2, 2)",0.09289909116927784,-0.029227242717911585,2,2,
Combined,GPT-2,"grid position (0, 0)",0.10532395340500425,0.04685441843266839,0,0,
Combined,GPT-2,"grid position (0, 1)",0.05774643208095163,0.06104078298826884,0,1,
Combined,GPT-2,"grid position (0, 2)",-0.1574132193293671,-0.26695507941343416,0,2,
Combined,GPT-2,"grid position (1, 0)",0.11923241658511005,0.03031377295294485,1,0,
Combined,GPT-2,"grid position (1, 1)",0.05840149002377695,-0.040920989207665036,1,1,
Combined,GPT-2,"grid position (1, 2)",-0.6840611318682568,0.007628454759215954,1,2,
Combined,GPT-2,"grid position (2, 0)",0.09588524331003766,0.036849626672914165,2,0,
Combined,GPT-2,"grid position (2, 1)",0.060555615777682405,0.017323784635642665,2,1,
Combined,GPT-2,"grid position (0, 0)",0.01425516835724147,-0.10165396328344246,0,0,
Combined,GPT-2,"grid position (0, 1)",0.007926056812257507,-0.05434087062982129,0,1,
Combined,GPT-2,"grid position (0, 2)",0.03681881526739617,0.011975127502918069,0,2,
Combined,GPT-2,"grid position (1, 0)",-0.39119467339712116,-0.007107058345422364,1,0,
Combined,GPT-2,"grid position (1, 1)",0.07547950425740657,0.009463900666174793,1,1,
Combined,GPT-2,"grid position (1, 2)",0.09240627321908734,0.09481599966215791,1,2,
Combined,GPT-2,"grid position (2, 0)",0.07849453626448813,-0.023912281729490937,2,0,
Combined,GPT-2,"grid position (2, 1)",0.07707442179525156,0.05816168276056449,2,1,
Combined,GPT-2,"grid position (2, 2)",0.10029955680850047,0.05428094298759788,2,2,
Combined,GPT-2,"grid position (0, 0)",0.002935185741811433,0.06133349301298941,0,0,
Combined,GPT-2,"grid position (0, 1)",0.07655138238987387,-0.021665341696022695,0,1,
Combined,GPT-2,"grid position (0, 2)",0.03731762905406694,-0.0064224150804652455,0,2,
Combined,GPT-2,"grid position (1, 0)",-0.017473067123156646,-0.17803483591540661,1,0,
Combined,GPT-2,"grid position (1, 1)",0.06583728145632312,-0.07386878834492404,1,1,
Combined,GPT-2,"grid position (1, 2)",-0.5271075899693177,0.031041833318897698,1,2,
Combined,GPT-2,"grid position (2, 0)",0.04305856448621273,0.1042569257445679,2,0,
Combined,GPT-2,"grid position (2, 1)",0.08155576447326002,0.04349402960787925,2,1,
Combined,GPT-2,"grid position (2, 2)",0.05119031858282942,0.08183943995443221,2,2,
Combined,GPT-2,"grid position (0, 0)",-0.045628142331555384,-0.22220505533316653,0,0,
Combined,GPT-2,"grid position (0, 1)",-0.01974235002180635,-0.12977910541663867,0,1,
Combined,GPT-2,"grid position (0, 2)",0.05357907733198408,-0.03527749028769822,0,2,
Combined,GPT-2,"grid position (1, 0)",-0.0005036980357065027,-0.08238611004992963,1,0,
Combined,GPT-2,"grid position (1, 1)",-0.5632886348198999,0.022028854928424487,1,1,
Combined,GPT-2,"grid position (1, 2)",0.09605668899726624,-0.07127046509544942,1,2,
Combined,GPT-2,"grid position (2, 0)",0.08860207902712137,0.08897355892402821,2,0,
Combined,GPT-2,"grid position (2, 1)",0.06936255099149032,0.02883191722121957,2,1,
Combined,GPT-2,"grid position (2, 2)",0.10948755190960686,0.012276684076679891,2,2,
Combined,GPT-2,"grid position (0, 0)",0.07386286102750712,-0.012290186731135867,0,0,
Combined,GPT-2,"grid position (0, 1)",0.05321690633413627,-0.005363896875187508,0,1,
Combined,GPT-2,"grid position (0, 2)",0.07972101165362674,0.002329014391048193,0,2,
Combined,GPT-2,"grid position (1, 0)",0.04900640724835358,-0.07851835589954649,1,0,
Combined,GPT-2,"grid position (1, 1)",0.10849022267424552,0.09181505709745366,1,1,
Combined,GPT-2,"grid position (1, 2)",0.12994931715953142,0.07859354327493603,1,2,
Combined,GPT-2,"grid position (2, 0)",-0.6173398948283715,0.005197489425323157,2,0,
Combined,GPT-2,"grid position (2, 2)",0.11850392168300435,0.06409856919500825,2,2,
Combined,GPT-2,"grid position (0, 0)",0.08137063476682344,0.1134308147482182,0,0,
Combined,GPT-2,"grid position (0, 1)",0.08319437819357456,0.06782524741058886,0,1,
Combined,GPT-2,"grid position (0, 2)",0.018480142503059113,0.1171288155766161,0,2,
Combined,GPT-2,"grid position (1, 0)",0.05228836634585128,-0.02948550304717542,1,0,
Combined,GPT-2,"grid position (1, 1)",0.04204799708600946,-0.06203386158324808,1,1,
Combined,GPT-2,"grid position (1, 2)",0.01329321251431341,-0.11843923379306928,1,2,
Combined,GPT-2,"grid position (2, 0)",-0.008469045939458417,0.041113973607997685,2,0,
Combined,GPT-2,"grid position (2, 1)",0.0544662112859991,0.0035133942912022186,2,1,
Combined,GPT-2,"grid position (2, 2)",-0.48008757471762714,-0.0009671035807125121,2,2,
Combined,GPT-2,"grid position (0, 0)",0.015369395159998554,0.13672268112844327,0,0,
Combined,GPT-2,"grid position (0, 1)",0.06435378142864928,0.059798569755193494,0,1,
Combined,GPT-2,"grid position (0, 2)",0.07239518530145556,0.01820234750240039,0,2,
Combined,GPT-2,"grid position (1, 0)",-0.03144397702045749,-0.23558263530597837,1,0,
Combined,GPT-2,"grid position (1, 1)",-0.4549592716351981,0.004170828244416548,1,1,
Combined,GPT-2,"grid position (1, 2)",0.0922591228217325,0.0046493085377564795,1,2,
Combined,GPT-2,"grid position (2, 0)",-0.018688775769687808,-0.1646779652990715,2,0,
Combined,GPT-2,"grid position (2, 1)",0.0563269938471726,-0.04380106447965762,2,1,
Combined,GPT-2,"grid position (2, 2)",0.08654085986374933,0.03690246090264646,2,2,
Combined,GPT-2,"grid position (0, 0)",0.12810648020228227,0.06857675812504292,0,0,
Combined,GPT-2,"grid position (0, 1)",0.10897254827581924,0.08001850386793663,0,1,
Combined,GPT-2,"grid position (0, 2)",0.03819761700552515,0.03703948918538084,0,2,
Combined,GPT-2,"grid position (1, 0)",0.11983083786054569,0.06461654364406481,1,0,
Combined,GPT-2,"grid position (1, 1)",0.06497398542213433,-0.01540200784980058,1,1,
Combined,GPT-2,"grid position (1, 2)",0.04855325923496745,-0.09936383723740627,1,2,
Combined,GPT-2,"grid position (2, 0)",0.09297575966212983,0.0677095828405126,2,0,
Combined,GPT-2,"grid position (2, 1)",-0.4972598057582895,0.0006381908485167241,2,1,
Combined,GPT-2,"grid position (2, 2)",0.004875480688213059,-0.14437291281983183,2,2,
Combined,GPT-2,"grid position (0, 0)",0.05084634763195707,-0.034188213550759204,0,0,
Combined,GPT-2,"grid position (0, 1)",-0.5425511715807342,-0.002731983691847654,0,1,
Combined,GPT-2,"grid position (0, 2)",-0.06976629285629209,-0.17766730307142273,0,2,
Combined,GPT-2,"grid position (1, 0)",0.10889465576519462,0.024087771295443067,1,0,
Combined,GPT-2,"grid position (1, 1)",0.1047433438328137,0.06826710290740651,1,1,
Combined,GPT-2,"grid position (1, 2)",-0.0036383602405909163,-0.049196822039608484,1,2,
Combined,GPT-2,"grid position (2, 0)",0.10572731193139967,0.06080471395028998,2,0,
Combined,GPT-2,"grid position (2, 1)",0.09052788344941796,0.07505305864077833,2,1,
Combined,GPT-2,"grid position (2, 2)",0.04073609978733785,0.06939150606084621,2,2,
Combined,GPT-2,"grid position (0, 0)",-0.6302871319169233,0.03241291104382188,0,0,
Combined,GPT-2,"grid position (0, 1)",0.0561685132808321,0.0024705500716005256,0,1,
Combined,GPT-2,"grid position (0, 2)",0.07105243987531644,-0.08388068682741874,0,2,
Combined,GPT-2,"grid position (1, 0)",-0.04421141746645322,-0.09327241619175898,1,0,
Combined,GPT-2,"grid position (1, 1)",0.08248800226942511,-0.01711134807439552,1,1,
Combined,GPT-2,"grid position (1, 2)",0.07918118024778764,-0.07112409334264386,1,2,
Combined,GPT-2,"grid position (2, 0)",0.06112513364560116,0.09944501475568723,2,0,
Combined,GPT-2,"grid position (2, 1)",0.09155030318007933,0.022940745692815488,2,1,
Combined,GPT-2,"grid position (2, 2)",0.09589606146242426,0.0426441581362613,2,2,
Combined,GPT-2,"grid position (0, 0)",0.06930093494769692,0.008950987885907608,0,0,
Combined,GPT-2,"grid position (0, 1)",0.07211796321123914,0.01719401988746788,0,1,
Combined,GPT-2,"grid position (0, 2)",-0.6652906772863812,0.04901027304316706,0,2,
Combined,GPT-2,"grid position (1, 0)",0.1033286205029488,0.01179859717501237,1,0,
Combined,GPT-2,"grid position (1, 1)",0.0593822156253237,-0.03988115800576364,1,1,
Combined,GPT-2,"grid position (1, 2)",0.024833099342392858,-0.04831241265464276,1,2,
Combined,GPT-2,"grid position (2, 0)",0.08601631736598829,0.029742373620464807,2,0,
Combined,GPT-2,"grid position (2, 1)",0.061594682548159474,-0.03146798549852962,2,1,
Combined,GPT-2,"grid position (2, 2)",0.0697104189947715,0.07824305759975839,2,2,
Combined,GPT-2,"grid position (0, 0)",-0.5902317777543976,0.015297188889262115,0,0,
Combined,GPT-2,"grid position (0, 1)",0.03201589708890932,0.15353970333551817,0,1,
Combined,GPT-2,"grid position (0, 2)",0.04138496510902039,0.04494304140082107,0,2,
Combined,GPT-2,"grid position (1, 0)",0.03859360603210033,-0.08162262975912984,1,0,
Combined,GPT-2,"grid position (1, 1)",0.06781913616487767,-0.0011879390405207637,1,1,
Combined,GPT-2,"grid position (1, 2)",0.08680118097062313,0.03369126937032489,1,2,
Combined,GPT-2,"grid position (2, 0)",0.08249283551188993,0.028734477080831038,2,0,
Combined,GPT-2,"grid position (2, 1)",0.10283781267335274,0.07077476653225136,2,1,
Combined,GPT-2,"grid position (2, 2)",0.11709604724098659,0.11049310635314939,2,2,
Combined,GPT-2,"grid position (0, 0)",0.0047851612581908416,-0.09466464893284394,0,0,
Combined,GPT-2,"grid position (0, 1)",0.09924119842178489,0.04003379741980678,0,1,
Combined,GPT-2,"grid position (0, 2)",0.10282628874366323,0.03597322865754244,0,2,
Combined,GPT-2,"grid position (1, 0)",0.09370259583890905,-0.007361720240247822,1,0,
Combined,GPT-2,"grid position (1, 1)",0.05693401232710321,-0.05127459113437789,1,1,
Combined,GPT-2,"grid position (1, 2)",0.1426603125017074,0.08962211481661815,1,2,
Combined,GPT-2,"grid position (2, 0)",0.05864267552781088,-0.02797362847557421,2,0,
Combined,GPT-2,"grid position (2, 1)",-0.446159547733611,-0.010754856175916698,2,1,
Combined,GPT-2,"grid position (2, 2)",0.11314112555313584,0.04417008326106961,2,2,
Combined,GPT-2,"grid position (0, 0)",0.06625254937719656,0.025551236923569184,0,0,
Combined,GPT-2,"grid position (0, 1)",0.04818402523293212,-0.016033021302860835,0,1,
Combined,GPT-2,"grid position (0, 2)",0.02189469173215923,-0.09316631260775728,0,2,
Combined,GPT-2,"grid position (1, 0)",0.10459798173506393,0.1012663740528821,1,0,
Combined,GPT-2,"grid position (1, 1)",0.09518681902226067,0.06537771917616382,1,1,
Combined,GPT-2,"grid position (1, 2)",0.07345117020994806,0.01635121443126214,1,2,
Combined,GPT-2,"grid position (2, 0)",0.030857487977692236,0.13658221897527317,2,0,
Combined,GPT-2,"grid position (2, 1)",-0.5089278121468683,0.04059876948673624,2,1,
Combined,GPT-2,"grid position (2, 2)",0.10090066691771585,0.013288420969652357,2,2,
Combined,GPT-2,"grid position (0, 0)",-0.07018139035343927,-0.23484822486746326,0,0,
Combined,GPT-2,"grid position (0, 1)",0.05313152634595511,0.10582843458802207,0,1,
Combined,GPT-2,"grid position (0, 2)",0.07487301586793879,0.10129945155089609,0,2,
Combined,GPT-2,"grid position (1, 0)",0.01184997711574211,-0.09625095214179195,1,0,
Combined,GPT-2,"grid position (1, 1)",0.059996070001098245,-0.035357698643461756,1,1,
Combined,GPT-2,"grid position (1, 2)",0.07545722404835359,0.03547189444531032,1,2,
Combined,GPT-2,"grid position (2, 0)",0.0598160972954286,-0.003225735160119027,2,0,
Combined,GPT-2,"grid position (2, 1)",0.06200172995271862,-0.03624966964663548,2,1,
Combined,GPT-2,"grid position (2, 2)",-0.5813907692434722,0.02979665267047138,2,2,
Combined,GPT-2,"grid position (0, 1)",-0.07655817106895978,-0.0854148834614138,0,1,
Combined,GPT-2,"grid position (0, 2)",0.007304686312178551,-0.07282363848763426,0,2,
Combined,GPT-2,"grid position (1, 0)",-0.5838567658677656,0.033826773694663775,1,0,
Combined,GPT-2,"grid position (1, 1)",-0.0017479495459962696,-0.07838662533228778,1,1,
Combined,GPT-2,"grid position (1, 2)",0.042882910688630954,-0.059068133972186396,1,2,
Combined,GPT-2,"grid position (2, 0)",0.04848640535567354,0.011542136746843559,2,0,
Combined,GPT-2,"grid position (2, 1)",0.0796800737703915,0.023743760237129905,2,1,
Combined,GPT-2,"grid position (2, 2)",0.0837944291925346,0.023671397661354864,2,2,
Combined,GPT-2,"grid position (0, 0)",0.07341815324390016,0.06075533438518292,0,0,
Combined,GPT-2,"grid position (0, 1)",0.0899789442116336,0.08357526082779226,0,1,
Combined,GPT-2,"grid position (0, 2)",0.06700834815799672,-0.03349622813540739,0,2,
Combined,GPT-2,"grid position (1, 0)",0.09489541835357267,0.04828817760038223,1,0,
Combined,GPT-2,"grid position (1, 1)",-0.49860525351887747,0.03592332237985946,1,1,
Combined,GPT-2,"grid position (1, 2)",0.024042126792035146,-0.10558178010884751,1,2,
Combined,GPT-2,"grid position (2, 0)",0.06036204408760582,-0.01850291312895739,2,0,
Combined,GPT-2,"grid position (2, 1)",0.07476073602752287,-0.04535045639737352,2,1,
Combined,GPT-2,"grid position (2, 2)",-0.04856246067463086,-0.24216198336487058,2,2,
Combined,GPT-2,"grid position (0, 1)",-0.6751443837464044,0.023771924803534572,0,1,
Combined,GPT-2,"grid position (0, 2)",-0.024750620093691517,-0.028627618197983106,0,2,
Combined,GPT-2,"grid position (1, 0)",0.009989330478461856,-0.05401070495442405,1,0,
Combined,GPT-2,"grid position (1, 1)",0.07516975241186746,-0.04230240107412872,1,1,
Combined,GPT-2,"grid position (1, 2)",0.10318590412758871,0.07012659611077295,1,2,
Combined,GPT-2,"grid position (2, 0)",0.08231409157494314,0.009358252988368777,2,0,
Combined,GPT-2,"grid position (2, 1)",0.10417273551220392,0.006038085266609162,2,1,
Combined,GPT-2,"grid position (2, 2)",0.09122003236868446,0.02600298127287752,2,2,
Combined,GPT-2,"grid position (0, 0)",-0.006342362415191503,-0.18893214533174535,0,0,
Combined,GPT-2,"grid position (0, 1)",-0.0019583286078104795,-0.08025930124292238,0,1,
Combined,GPT-2,"grid position (0, 2)",0.03503374427582086,0.047755376300570085,0,2,
Combined,GPT-2,"grid position (1, 0)",0.04452400607842567,-0.061022589537271084,1,0,
Combined,GPT-2,"grid position (1, 1)",0.07902072853890844,0.032223835630682617,1,1,
Combined,GPT-2,"grid position (1, 2)",0.0679293605636985,0.041425739533668786,1,2,
Combined,GPT-2,"grid position (2, 0)",0.019430874433532322,0.007282728627535993,2,0,
Combined,GPT-2,"grid position (2, 1)",-0.3933323962810432,0.020914627027872248,2,1,
Combined,GPT-2,"grid position (2, 2)",0.05742574470294924,0.006276961617419023,2,2,
Combined,GPT-2,"grid position (0, 0)",0.07464332889662488,0.046040254593241806,0,0,
Combined,GPT-2,"grid position (0, 1)",0.07932474083395644,0.035904408415426255,0,1,
Combined,GPT-2,"grid position (0, 2)",0.06648480001984923,-0.052277960132130645,0,2,
Combined,GPT-2,"grid position (1, 0)",0.09887711294296421,0.04243226720000308,1,0,
Combined,GPT-2,"grid position (1, 1)",0.09804178893562882,0.03480001451213182,1,1,
Combined,GPT-2,"grid position (1, 2)",0.07355678974953407,-0.09764206022709102,1,2,
Combined,GPT-2,"grid position (2, 0)",-0.501145243281102,0.01032884314651172,2,0,
Combined,GPT-2,"grid position (2, 1)",0.022822032877808505,-0.08527648171178737,2,1,
Combined,GPT-2,"grid position (2, 2)",-0.012305651676935888,-0.0859956186215035,2,2,
Combined,GPT-2,"grid position (0, 0)",0.04578536815519186,-0.030598450261206483,0,0,
Combined,GPT-2,"grid position (0, 1)",-0.44860106441265063,0.02458095032383133,0,1,
Combined,GPT-2,"grid position (0, 2)",0.06644885892525385,-0.021826742983867786,0,2,
Combined,GPT-2,"grid position (1, 0)",0.11107363223549405,0.09463211297283469,1,0,
Combined,GPT-2,"grid position (1, 1)",0.08207182387380467,-0.023146366034007524,1,1,
Combined,GPT-2,"grid position (1, 2)",0.050760201683792174,-0.07713594499489039,1,2,
Combined,GPT-2,"grid position (2, 0)",0.0897677745510139,0.07944918896770409,2,0,
Combined,GPT-2,"grid position (2, 1)",0.09440992440124378,0.042585741321957186,2,1,
Combined,GPT-2,"grid position (2, 2)",0.08527717098298074,-0.01924584518160729,2,2,
Combined,GPT-2,"grid position (0, 0)",0.04959783366856377,-0.13643618964274612,0,0,
Combined,GPT-2,"grid position (0, 1)",0.1328474642877686,0.0993743494510551,0,1,
Combined,GPT-2,"grid position (0, 2)",0.12270896552105891,0.04235025427057887,0,2,
Combined,GPT-2,"grid position (1, 0)",0.053275945190381424,-0.07716121084390543,1,0,
Combined,GPT-2,"grid position (1, 1)",0.0769265633139245,-0.021872720160658433,1,1,
Combined,GPT-2,"grid position (1, 2)",0.07191677315467461,-0.05273707919418433,1,2,
Combined,GPT-2,"grid position (2, 0)",0.10022264723474479,0.14529732535772485,2,0,
Combined,GPT-2,"grid position (2, 1)",0.08834509968132596,0.0772660859520827,2,1,
Combined,GPT-2,"grid position (2, 2)",-0.6013000667989227,0.012145216724938674,2,2,
Combined,GPT-2,"grid position (0, 0)",0.09682361548061176,0.07407235187456615,0,0,
Combined,GPT-2,"grid position (0, 1)",0.06592344726389046,0.05930603590723063,0,1,
Combined,GPT-2,"grid position (0, 2)",0.06359696834967384,-0.021007640528547752,0,2,
Combined,GPT-2,"grid position (1, 0)",0.10596656970860735,0.014035188237060557,1,0,
Combined,GPT-2,"grid position (1, 1)",0.049393705250077774,-0.03326014542160279,1,1,
Combined,GPT-2,"grid position (1, 2)",0.0736947197466788,0.026155201071193814,1,2,
Combined,GPT-2,"grid position (2, 0)",-0.5816920564698345,0.02550394174352883,2,0,
Combined,GPT-2,"grid position (2, 1)",-0.001145571509298335,-0.17477029512851297,2,1,
Combined,GPT-2,"grid position (2, 2)",-0.006650454570340435,-0.09880343964005987,2,2,
Combined,GPT-2,"grid position (0, 0)",0.08285006586729964,0.056292058432407935,0,0,
Combined,GPT-2,"grid position (0, 1)",0.08589901897829048,-0.04611371171502483,0,1,
Combined,GPT-2,"grid position (0, 2)",0.038329592096397185,-0.06051458534734924,0,2,
Combined,GPT-2,"grid position (1, 0)",0.08628480209448389,0.041999553131540475,1,0,
Combined,GPT-2,"grid position (1, 1)",0.10428978778057041,-0.009261111927711861,1,1,
Combined,GPT-2,"grid position (1, 2)",0.08549287312774999,0.019762943293685553,1,2,
Combined,GPT-2,"grid position (2, 0)",-0.0020620752227618984,-0.12946550490061282,2,0,
Combined,GPT-2,"grid position (2, 1)",-0.3508587594284547,0.02536528017439413,2,1,
Combined,GPT-2,"grid position (2, 2)",0.03679684179001921,0.06293624910976302,2,2,
Combined,GPT-2,"grid position (0, 0)",-0.5263239270504483,-0.0017036597337232572,0,0,
Combined,GPT-2,"grid position (0, 1)",0.07819420583062607,0.0660650323895077,0,1,
Combined,GPT-2,"grid position (0, 2)",0.07558262993242697,0.014765028857126732,0,2,
Combined,GPT-2,"grid position (1, 0)",0.01574244151394333,-0.11275793564586584,1,0,
Combined,GPT-2,"grid position (1, 1)",0.0952763911966065,0.028491638853820663,1,1,
Combined,GPT-2,"grid position (1, 2)",0.08273294635611635,0.02974447365517028,1,2,
Combined,GPT-2,"grid position (2, 0)",0.05637158070570146,-0.0482819924097456,2,0,
Combined,GPT-2,"grid position (2, 1)",0.10056787465937442,0.03797780045955013,2,1,
Combined,GPT-2,"grid position (2, 2)",0.07811269706347664,0.1318339722541397,2,2,
Combined,GPT-2,"grid position (0, 0)",0.0817209723758033,0.024229294987594383,0,0,
Combined,GPT-2,"grid position (0, 1)",0.09142894149856573,0.08623451600371432,0,1,
Combined,GPT-2,"grid position (0, 2)",0.0986817273361421,0.02765058675042918,0,2,
Combined,GPT-2,"grid position (1, 0)",0.010027400149061453,-0.12945856443232584,1,0,
Combined,GPT-2,"grid position (1, 1)",0.07297997407586222,0.014525306468263225,1,1,
Combined,GPT-2,"grid position (1, 2)",0.113730736394153,0.04782160295544706,1,2,
Combined,GPT-2,"grid position (2, 0)",-0.7200866909923221,0.025945694259703403,2,0,
Combined,GPT-2,"grid position (2, 1)",0.051026916121552364,-0.07392344957221408,2,1,
Combined,GPT-2,"grid position (2, 2)",0.07416503069463104,-0.01663340910187,2,2,
Combined,GPT-2,"grid position (0, 0)",0.128588105290131,0.05838285072973868,0,0,
Combined,GPT-2,"grid position (0, 1)",0.0008992057791942465,-0.1253721795761211,0,1,
Combined,GPT-2,"grid position (0, 2)",0.01806833416837766,-0.12867073774706736,0,2,
Combined,GPT-2,"grid position (1, 0)",0.12048805910973862,0.05206867036510751,1,0,
Combined,GPT-2,"grid position (1, 1)",0.11589196346172986,0.07333297231807226,1,1,
Combined,GPT-2,"grid position (1, 2)",-0.4220734775921999,-0.014723852260806728,1,2,
Combined,GPT-2,"grid position (2, 0)",0.13395220668843702,0.07336417778491794,2,0,
Combined,GPT-2,"grid position (2, 1)",0.14925090875372538,0.11945093195252736,2,1,
Combined,GPT-2,"grid position (2, 2)",0.05933063587339573,-0.016812528391131645,2,2,
Combined,GPT-2,"grid position (0, 0)",-0.21343627351240518,-0.26397114175231234,0,0,
Combined,GPT-2,"grid position (0, 1)",-0.012524669764604668,0.06327539407800394,0,1,
Combined,GPT-2,"grid position (0, 2)",0.03933911546325363,0.07757551727201155,0,2,
Combined,GPT-2,"grid position (1, 0)",-0.6830812991510691,0.03131222679769215,1,0,
Combined,GPT-2,"grid position (1, 1)",0.06923970760225183,-0.05290415280182633,1,1,
Combined,GPT-2,"grid position (1, 2)",0.12443349919399424,0.0072204126550571525,1,2,
Combined,GPT-2,"grid position (2, 0)",0.11573364225097621,0.015157886186678548,2,0,
Combined,GPT-2,"grid position (2, 1)",0.10169837990680763,-0.0009561187758358795,2,1,
Combined,GPT-2,"grid position (2, 2)",0.12471636436804075,0.025319366991510907,2,2,
Combined,GPT-2,"grid position (0, 0)",0.015335798950474105,0.05949726701792544,0,0,
Combined,GPT-2,"grid position (0, 1)",0.09259837585196752,0.09873354294192423,0,1,
Combined,GPT-2,"grid position (0, 2)",0.08100546295632077,0.05826094810250108,0,2,
Combined,GPT-2,"grid position (1, 0)",-0.019762191102638958,-0.07747046225866022,1,0,
Combined,GPT-2,"grid position (1, 1)",0.0015845407815743562,-0.06257431553448702,1,1,
Combined,GPT-2,"grid position (1, 2)",-0.4498163299106326,0.020011171590808945,1,2,
Combined,GPT-2,"grid position (2, 0)",-0.006353268627693182,-0.08043284013593972,2,0,
Combined,GPT-2,"grid position (2, 1)",-0.004672464147177093,-0.09651079493977922,2,1,
Combined,GPT-2,"grid position (2, 2)",0.07126516979295915,-0.04698177265477801,2,2,
Combined,GPT-2,"grid position (0, 0)",0.01763265246191338,-0.0330943084302716,0,0,
Combined,GPT-2,"grid position (0, 1)",0.08719800058605473,0.038348619230629225,0,1,
Combined,GPT-2,"grid position (0, 2)",0.09734413910289062,0.06152641034456419,0,2,
Combined,GPT-2,"grid position (1, 0)",-0.5218014796944471,-0.01819141808010995,1,0,
Combined,GPT-2,"grid position (1, 1)",0.07641657999320596,0.0041297763552692445,1,1,
Combined,GPT-2,"grid position (1, 2)",0.09340241881012305,0.023231488407471704,1,2,
Combined,GPT-2,"grid position (2, 1)",0.005791650252540085,0.1217928125147641,2,1,
Combined,GPT-2,"grid position (2, 2)",0.07920047145410276,0.06430040993792556,2,2,
Combined,GPT-2,"grid position (0, 0)",0.10020609865178927,0.0906460460273604,0,0,
Combined,GPT-2,"grid position (0, 1)",0.0761823701501052,0.1069884485194414,0,1,
Combined,GPT-2,"grid position (0, 2)",-0.7132545203842005,0.03508573476923564,0,2,
Combined,GPT-2,"grid position (1, 0)",0.09521643328976664,0.06003802447119587,1,0,
Combined,GPT-2,"grid position (1, 1)",0.0690707340030512,0.05773393242413228,1,1,
Combined,GPT-2,"grid position (1, 2)",0.0034733166817041473,-0.12629831154394036,1,2,
Combined,GPT-2,"grid position (2, 0)",0.06799388928793557,0.08459332986342341,2,0,
Combined,GPT-2,"grid position (2, 1)",0.040837008402509554,7.426316345388087e-05,2,1,
Combined,GPT-2,"grid position (2, 2)",0.007034082482776198,-0.09569774859843054,2,2,
Combined,GPT-2,"grid position (0, 0)",-0.41917686557851624,0.05558727129581943,0,0,
Combined,GPT-2,"grid position (0, 1)",-0.015969563795644782,-0.04178888130529175,0,1,
Combined,GPT-2,"grid position (0, 2)",0.06947176607425379,0.029695196667095247,0,2,
Combined,GPT-2,"grid position (1, 0)",0.08098390619028062,-0.04472286774693017,1,0,
Combined,GPT-2,"grid position (1, 1)",0.007289472263605431,-0.10678186983208572,1,1,
Combined,GPT-2,"grid position (1, 2)",0.08756370175829696,0.001514414513447441,1,2,
Combined,GPT-2,"grid position (2, 0)",0.08794156672180145,0.03173903015048586,2,0,
Combined,GPT-2,"grid position (2, 1)",0.0629988523844288,0.056437464841426,2,1,
Combined,GPT-2,"grid position (2, 2)",0.08156502778965045,0.0536752430446285,2,2,
Combined,GPT-2,"grid position (0, 0)",0.11157068417655365,-0.006719897188692085,0,0,
Combined,GPT-2,"grid position (0, 1)",0.09859033537891758,0.012346146737944765,0,1,
Combined,GPT-2,"grid position (0, 2)",0.075014840753117,0.04922047367154565,0,2,
Combined,GPT-2,"grid position (1, 0)",0.10488341050640473,0.004280990535389179,1,0,
Combined,GPT-2,"grid position (1, 1)",0.07197733032037273,-0.03982642361890838,1,1,
Combined,GPT-2,"grid position (1, 2)",0.07412534287510895,0.02446237320624815,1,2,
Combined,GPT-2,"grid position (2, 0)",0.07043438546276241,0.012872955895502983,2,0,
Combined,GPT-2,"grid position (2, 1)",-0.480704869937572,0.020102910671186493,2,1,
Combined,GPT-2,"grid position (2, 2)",-0.19261494125442472,-0.21127764312747477,2,2,
Combined,GPT-2,"grid position (0, 0)",0.01429067312387996,-0.08515258795675242,0,0,
Combined,GPT-2,"grid position (0, 1)",0.07165603190207745,-0.014889615104413266,0,1,
Combined,GPT-2,"grid position (0, 2)",0.05325062287424715,0.05454191139146111,0,2,
Combined,GPT-2,"grid position (1, 0)",-0.41818091306316885,-0.01797227261354005,1,0,
Combined,GPT-2,"grid position (1, 1)",0.0716318377426855,0.003671961782372064,1,1,
Combined,GPT-2,"grid position (1, 2)",0.09939831322463763,0.032931098411671404,1,2,
Combined,GPT-2,"grid position (2, 0)",0.03254816496623447,-0.0686710432550693,2,0,
Combined,GPT-2,"grid position (2, 1)",0.008181952644566155,-0.0488428633522601,2,1,
Combined,GPT-2,"grid position (2, 2)",0.057652428387672115,-0.012800121586439587,2,2,
Combined,GPT-2,"grid position (0, 0)",0.05405171187479548,0.11959686319684365,0,0,
Combined,GPT-2,"grid position (0, 1)",-0.5001813851141037,0.03664917187159461,0,1,
Combined,GPT-2,"grid position (0, 2)",-0.0012757233809625697,-0.11858704196704777,0,2,
Combined,GPT-2,"grid position (1, 0)",0.06507150288757546,0.02921689781158466,1,0,
Combined,GPT-2,"grid position (1, 1)",0.0407725208571782,-0.018599368398182384,1,1,
Combined,GPT-2,"grid position (1, 2)",0.055187188465660945,-0.07257669217226033,1,2,
Combined,GPT-2,"grid position (2, 0)",0.06458141041693391,0.0059045840564250305,2,0,
Combined,GPT-2,"grid position (2, 1)",0.0789159068507847,0.06781352674179388,2,1,
Combined,GPT-2,"grid position (2, 2)",0.079238104499149,0.02856111635746692,2,2,
Combined,GPT-2,"grid position (0, 0)",0.08049557909808384,-0.04402764381059347,0,0,
Combined,GPT-2,"grid position (0, 1)",-0.42689755727485523,0.025664142952876962,0,1,
Combined,GPT-2,"grid position (0, 2)",0.07614179932508044,0.09041115214589762,0,2,
Combined,GPT-2,"grid position (1, 0)",0.06764885038817578,-0.05973431281318022,1,0,
Combined,GPT-2,"grid position (1, 1)",0.07003254719881224,0.002691951106806577,1,1,
Combined,GPT-2,"grid position (1, 2)",0.09554997563109688,0.06882655592703814,1,2,
Combined,GPT-2,"grid position (2, 0)",0.0458016704396005,-0.10839178801109377,2,0,
Combined,GPT-2,"grid position (2, 1)",0.09651009180858866,-0.003899868902642286,2,1,
Combined,GPT-2,"grid position (2, 2)",0.10266427679413889,0.0644053436104773,2,2,
Combined,GPT-2,"grid position (0, 0)",0.09610940956265869,0.042347371536131266,0,0,
Combined,GPT-2,"grid position (0, 1)",0.08832118777232827,0.05366364026946348,0,1,
Combined,GPT-2,"grid position (0, 2)",0.07558713595991634,-0.02612831468043485,0,2,
Combined,GPT-2,"grid position (1, 0)",0.11151854483185335,0.03848221274534295,1,0,
Combined,GPT-2,"grid position (1, 1)",0.05140760799151656,-0.04856750956294141,1,1,
Combined,GPT-2,"grid position (1, 2)",0.05299869432098365,-0.11293236024170947,1,2,
Combined,GPT-2,"grid position (2, 0)",-0.4536730633007613,0.07846064098958021,2,0,
Combined,GPT-2,"grid position (2, 1)",0.021412708119571876,-0.06733885719438655,2,1,
Combined,GPT-2,"grid position (2, 2)",-0.034598842393924634,-0.14285983126578508,2,2,
Combined,GPT-2,"grid position (0, 0)",0.06860387251631224,0.0014879936085863724,0,0,
Combined,GPT-2,"grid position (0, 1)",-0.02121108441830657,-0.08523410952004146,0,1,
Combined,GPT-2,"grid position (0, 2)",-0.5557702191549242,0.016076509032563902,0,2,
Combined,GPT-2,"grid position (1, 0)",0.09131973212064297,0.04802291832075924,1,0,
Combined,GPT-2,"grid position (1, 1)",0.06126433080570037,0.04435849220707837,1,1,
Combined,GPT-2,"grid position (1, 2)",0.08848911643677856,-0.020750614335043792,1,2,
Combined,GPT-2,"grid position (2, 0)",0.07698863404166373,0.015112454539176107,2,0,
Combined,GPT-2,"grid position (2, 1)",0.1078096263483025,0.06385084642894995,2,1,
Combined,GPT-2,"grid position (2, 2)",0.06331818966982555,-0.08674603643846132,2,2,
Combined,GPT-2,"grid position (0, 0)",0.1116992774752051,0.042991217926596645,0,0,
Combined,GPT-2,"grid position (0, 1)",0.07621476062261998,-0.015456707845472482,0,1,
Combined,GPT-2,"grid position (0, 2)",-0.3721447993219831,0.02566478088433511,0,2,
Combined,GPT-2,"grid position (1, 0)",0.1206531827385467,0.06965974707353453,1,0,
Combined,GPT-2,"grid position (1, 1)",0.06454622104124255,-0.06476426273371787,1,1,
Combined,GPT-2,"grid position (1, 2)",0.08336794069858879,-0.07661887234715446,1,2,
Combined,GPT-2,"grid position (2, 0)",0.11036552524068714,0.09857709405976371,2,0,
Combined,GPT-2,"grid position (2, 1)",0.03791724588844917,-0.06777320308246272,2,1,
Combined,GPT-2,"grid position (0, 0)",0.13002812683524478,0.04715569717604449,0,0,
Combined,GPT-2,"grid position (0, 1)",0.03833064637285849,-0.12181283553432304,0,1,
Combined,GPT-2,"grid position (0, 2)",0.061183839404234344,-0.05242394890769813,0,2,
Combined,GPT-2,"grid position (1, 0)",0.1342383443619529,0.02606530052693881,1,0,
Combined,GPT-2,"grid position (1, 1)",0.05783430981460811,-0.06252476601511242,1,1,
Combined,GPT-2,"grid position (1, 2)",0.008480772105367131,-0.10991115176649363,1,2,
Combined,GPT-2,"grid position (2, 0)",-0.4963961568557346,0.024826122179870173,2,0,
Combined,GPT-2,"grid position (2, 1)",-0.016193209971100592,-0.10084982175948962,2,1,
Combined,GPT-2,"grid position (2, 2)",-0.035007083647356226,-0.07396578973786312,2,2,
Combined,GPT-2,"grid position (0, 0)",-0.6756652746783623,0.02275931497686192,0,0,
Combined,GPT-2,"grid position (0, 1)",0.023309253209172306,-0.1195034659735696,0,1,
Combined,GPT-2,"grid position (0, 2)",0.0037689189270091786,-0.05732770120807624,0,2,
Combined,GPT-2,"grid position (1, 0)",-0.0231333205707828,-0.07543224697261577,1,0,
Combined,GPT-2,"grid position (1, 1)",0.06660770089605574,-0.028494170941039544,1,1,
Combined,GPT-2,"grid position (1, 2)",0.08079562529011114,-0.028972864311119548,1,2,
Combined,GPT-2,"grid position (2, 0)",0.06706039321983759,0.08076449851945286,2,0,
Combined,GPT-2,"grid position (2, 1)",0.08580061485197686,0.09403855653102443,2,1,
Combined,GPT-2,"grid position (2, 2)",0.08514196925958786,0.006358298206197803,2,2,
Combined,GPT-2,"grid position (0, 0)",0.058254820618840845,-0.02156172941823825,0,0,
Combined,GPT-2,"grid position (0, 1)",0.07471927182232796,-0.022858536613457676,0,1,
Combined,GPT-2,"grid position (0, 2)",0.07967119021825574,0.096276213537381,0,2,
Combined,GPT-2,"grid position (1, 0)",0.024322468223558734,0.0094767919165425,1,0,
Combined,GPT-2,"grid position (1, 1)",0.07057727669810021,-0.013725611065003803,1,1,
Combined,GPT-2,"grid position (1, 2)",0.11832768142504846,0.04276674005140244,1,2,
Combined,GPT-2,"grid position (2, 0)",0.023517663234517146,0.15297268775290238,2,0,
Combined,GPT-2,"grid position (2, 1)",-0.583495028168118,0.04908083448261132,2,1,
Combined,GPT-2,"grid position (2, 2)",0.0933282569943578,0.03696591931726177,2,2,
Combined,GPT-2,"grid position (0, 0)",0.05725353675814989,-0.024475331621210523,0,0,
Combined,GPT-2,"grid position (0, 1)",-0.31971010323776783,0.04778322901185962,0,1,
Combined,GPT-2,"grid position (0, 2)",0.07732432788623249,-0.005976320785388431,0,2,
Combined,GPT-2,"grid position (1, 0)",0.08485813693892003,-0.016349744513346042,1,0,
Combined,GPT-2,"grid position (1, 1)",0.10639734211611192,-0.06586941137321994,1,1,
Combined,GPT-2,"grid position (1, 2)",0.08534506473297652,-0.0744737290068615,1,2,
Combined,GPT-2,"grid position (2, 0)",0.11062722122684912,0.09068540743921222,2,0,
Combined,GPT-2,"grid position (2, 1)",0.08923753452574847,0.01550795437362259,2,1,
Combined,GPT-2,"grid position (2, 2)",0.07768817181317487,-0.02083695447534091,2,2,
Combined,GPT-2,"grid position (0, 0)",0.011144501214587797,-0.010735262322263805,0,0,
Combined,GPT-2,"grid position (0, 1)",0.0352259178114845,-0.023226235775117555,0,1,
Combined,GPT-2,"grid position (0, 2)",0.008848859112750707,-0.06676132587947523,0,2,
Combined,GPT-2,"grid position (1, 0)",-0.3379650292229625,0.03214964573818898,1,0,
Combined,GPT-2,"grid position (1, 1)",0.060843720163848404,-0.04602198225544776,1,1,
Combined,GPT-2,"grid position (1, 2)",0.013552925384255083,-0.0875561575736767,1,2,
Combined,GPT-2,"grid position (2, 0)",0.10059787213625321,0.02653334152346749,2,0,
Combined,GPT-2,"grid position (2, 1)",0.09316410927979764,-0.008714960628685618,2,1,
Combined,GPT-2,"grid position (2, 2)",0.08497947907110025,0.07916895811247573,2,2,
Combined,GPT-2,"grid position (0, 0)",0.09508756095055335,-0.009445146358560549,0,0,
Combined,GPT-2,"grid position (0, 1)",0.08758386594973465,-0.0269784790744233,0,1,
Combined,GPT-2,"grid position (1, 0)",0.08599998318035819,0.019276569977928797,1,0,
Combined,GPT-2,"grid position (1, 1)",0.07460483477144746,-0.00990447086290111,1,1,
Combined,GPT-2,"grid position (1, 2)",0.02511058022566198,-0.04034688973763468,1,2,
Combined,GPT-2,"grid position (2, 0)",-0.4694104650654537,0.035638694505202566,2,0,
Combined,GPT-2,"grid position (2, 1)",0.11350983349503553,-0.004085375488060815,2,1,
Combined,GPT-2,"grid position (2, 2)",0.04688759101841449,0.07773888304343149,2,2,
Combined,GPT-2,"grid position (0, 0)",0.0843049306827692,0.00791982257563251,0,0,
Combined,GPT-2,"grid position (0, 1)",0.0844227949975194,-0.022951199460445312,0,1,
Combined,GPT-2,"grid position (0, 2)",0.10516385340070987,-0.014277915485474076,0,2,
Combined,GPT-2,"grid position (1, 0)",0.08545337835789464,0.05029975766115863,1,0,
Combined,GPT-2,"grid position (1, 1)",0.10737352329192273,-0.0010393478541140552,1,1,
Combined,GPT-2,"grid position (1, 2)",0.12638384185919158,0.03833756496293506,1,2,
Combined,GPT-2,"grid position (2, 0)",-0.03306727229000268,-0.03367842193404996,2,0,
Combined,GPT-2,"grid position (2, 1)",-0.4702516058405967,0.034962549553390405,2,1,
Combined,GPT-2,"grid position (2, 2)",0.04601183971026688,0.0065959146398348704,2,2,
Combined,GPT-2,"grid position (0, 0)",0.07844717121404875,0.04089104827565387,0,0,
Combined,GPT-2,"grid position (0, 1)",0.08763977664166711,0.05350534809584202,0,1,
Combined,GPT-2,"grid position (0, 2)",0.051985925002256315,0.07212765337752264,0,2,
Combined,GPT-2,"grid position (1, 0)",0.07140485213074761,0.034456363464940305,1,0,
Combined,GPT-2,"grid position (1, 1)",0.09577754202251636,0.026735951868515215,1,1,
Combined,GPT-2,"grid position (1, 2)",0.050158890006895836,-0.055024982241614194,1,2,
Combined,GPT-2,"grid position (2, 0)",0.04441548058243064,0.06890614171582622,2,0,
Combined,GPT-2,"grid position (2, 1)",0.06956167857217223,0.04049719513417048,2,1,
Combined,GPT-2,"grid position (2, 2)",-0.5631032640334234,-0.004224168892161144,2,2,
Combined,GPT-2,"grid position (0, 0)",-0.03365117289084644,-0.04997230754274306,0,0,
Combined,GPT-2,"grid position (0, 1)",0.014160896661280583,-0.10363697031418773,0,1,
Combined,GPT-2,"grid position (0, 2)",-0.02676407507643751,-0.12829304904812172,0,2,
Combined,GPT-2,"grid position (1, 0)",0.04511735088754666,0.04969218061054118,1,0,
Combined,GPT-2,"grid position (1, 1)",0.0910218794256092,-0.04486051611575384,1,1,
Combined,GPT-2,"grid position (1, 2)",-0.5359953790561017,0.017034552368102664,1,2,
Combined,GPT-2,"grid position (2, 0)",0.10579594763075857,0.08812315333250437,2,0,
Combined,GPT-2,"grid position (2, 1)",0.11463899899498946,0.027796461995613503,2,1,
Combined,GPT-2,"grid position (2, 2)",0.12404353958734293,0.0325305779031146,2,2,
Combined,GPT-2,"grid position (0, 0)",0.02824893644788201,-0.012774116903289539,0,0,
Combined,GPT-2,"grid position (0, 1)",0.06655477760802579,0.028887832158865527,0,1,
Combined,GPT-2,"grid position (0, 2)",0.059403499610785636,0.033988839049928825,0,2,
Combined,GPT-2,"grid position (1, 0)",0.08810175678647969,-0.01737450161441527,1,0,
Combined,GPT-2,"grid position (1, 1)",0.09109645615797529,0.017798114213181476,1,1,
Combined,GPT-2,"grid position (1, 2)",-0.40503135438007337,0.0085981667090456,1,2,
Combined,GPT-2,"grid position (2, 0)",0.08691574197032984,0.008103440218055117,2,0,
Combined,GPT-2,"grid position (2, 1)",0.10351851546916613,0.04922070786951543,2,1,
Combined,GPT-2,"grid position (2, 2)",-0.07321641479672762,-0.08064150007918516,2,2,
Combined,GPT-2,"grid position (0, 0)",-0.6136850301384457,0.027594660746127313,0,0,
Combined,GPT-2,"grid position (0, 1)",0.08448437034569735,-0.011687188495027182,0,1,
Combined,GPT-2,"grid position (0, 2)",0.0906651197037515,-0.0056716264723823415,0,2,
Combined,GPT-2,"grid position (1, 0)",0.04761728933216918,-0.0561315750764014,1,0,
Combined,GPT-2,"grid position (1, 1)",0.0940790743780411,0.01260268627616716,1,1,
Combined,GPT-2,"grid position (1, 2)",0.0985772597935315,0.0511134594276722,1,2,
Combined,GPT-2,"grid position (2, 0)",0.06303719106505744,-0.06147183534811014,2,0,
Combined,GPT-2,"grid position (2, 1)",0.10015261708339397,-0.0019103919476717581,2,1,
Combined,GPT-2,"grid position (2, 2)",0.0780756212385947,-0.015425896211826412,2,2,
Combined,GPT-2,"grid position (0, 0)",0.09013472173648757,0.07607313522693278,0,0,
Combined,GPT-2,"grid position (0, 1)",-0.00026088621362900554,-0.1951242488163846,0,1,
Combined,GPT-2,"grid position (0, 2)",0.048479377689974255,-0.04499694963051712,0,2,
Combined,GPT-2,"grid position (1, 0)",0.09056256412147497,0.09937866676032617,1,0,
Combined,GPT-2,"grid position (1, 1)",-0.3652583645009466,-0.022306872289748887,1,1,
Combined,GPT-2,"grid position (1, 2)",0.10474296205325864,-0.055400698601534654,1,2,
Combined,GPT-2,"grid position (2, 0)",0.03092758692229961,-0.01825486639365712,2,0,
Combined,GPT-2,"grid position (2, 1)",0.06898517898395763,-0.03207790104775854,2,1,
Combined,GPT-2,"grid position (2, 2)",0.11876484260058112,0.051248561271465994,2,2,
Combined,GPT-2,"grid position (0, 0)",-0.5879789703475641,0.03383518837945813,0,0,
Combined,GPT-2,"grid position (0, 1)",0.04114108685034002,0.051584865529362825,0,1,
Combined,GPT-2,"grid position (1, 0)",0.03799801257452395,-0.005674338641741972,1,0,
Combined,GPT-2,"grid position (1, 1)",0.0568178168199571,-0.024098784914279355,1,1,
Combined,GPT-2,"grid position (2, 0)",0.06820633966872212,0.03980956026849943,2,0,
Combined,GPT-2,"grid position (2, 1)",0.09208420254694119,-0.018274100366763694,2,1,
Combined,GPT-2,"grid position (2, 2)",0.06188360064324491,-0.02408235682944941,2,2,
Combined,GPT-2,"grid position (0, 0)",0.09360169863144356,0.04733717981188888,0,0,
Combined,GPT-2,"grid position (0, 1)",0.10733845045330324,0.02502537083210847,0,1,
Combined,GPT-2,"grid position (0, 2)",-0.005064456592657032,-0.1858173954500243,0,2,
Combined,GPT-2,"grid position (1, 0)",0.13324258277897175,0.06229221600323373,1,0,
Combined,GPT-2,"grid position (1, 1)",0.08475363019882899,-0.03033425199962391,1,1,
Combined,GPT-2,"grid position (1, 2)",-0.5296327699014353,-0.022283516595448895,1,2,
Combined,GPT-2,"grid position (2, 0)",0.09939171947393831,0.0758747992231383,2,0,
Combined,GPT-2,"grid position (2, 1)",0.09762959278032807,0.01631527160334212,2,1,
Combined,GPT-2,"grid position (2, 2)",0.029837183606950052,-0.09188761790798686,2,2,
Combined,GPT-2,"grid position (0, 0)",0.08650481346588211,0.05942784340124729,0,0,
Combined,GPT-2,"grid position (0, 1)",0.05655192482102262,-0.03665175702127683,0,1,
Combined,GPT-2,"grid position (0, 2)",0.05924643225374472,-0.035275990125767126,0,2,
Combined,GPT-2,"grid position (1, 0)",-0.5808993809105659,0.05635853374782464,1,0,
Combined,GPT-2,"grid position (1, 1)",-0.02969061960881925,-0.13279206902172982,1,1,
Combined,GPT-2,"grid position (1, 2)",0.05910126552375865,-0.012250622683288925,1,2,
Combined,GPT-2,"grid position (2, 0)",0.006542081837243928,0.011272945312722958,2,0,
Combined,GPT-2,"grid position (2, 1)",0.05292636599676118,0.05664171488042192,2,1,
Combined,GPT-2,"grid position (2, 2)",0.05115738422245098,0.07993497811742124,2,2,
Combined,GPT-2,"grid position (0, 0)",0.10591802353401883,0.04306426253988675,0,0,
Combined,GPT-2,"grid position (0, 1)",0.051048470585888794,0.035071670591323566,0,1,
Combined,GPT-2,"grid position (0, 2)",-0.00313360142739957,-0.15053450387929523,0,2,
Combined,GPT-2,"grid position (1, 0)",0.09737364172502058,0.012525724045566514,1,0,
Combined,GPT-2,"grid position (1, 1)",0.05952496860158057,-0.02078641027722195,1,1,
Combined,GPT-2,"grid position (1, 2)",-0.011129766491772521,-0.18177393503875242,1,2,
Combined,GPT-2,"grid position (2, 0)",0.1041820119194975,0.04063420560867466,2,0,
Combined,GPT-2,"grid position (2, 1)",0.027290576558079625,-0.09020141061106143,2,1,
Combined,GPT-2,"grid position (2, 2)",-0.5204348067048135,-0.0003524876538413405,2,2,
Combined,GPT-2,"grid position (0, 0)",0.10755364196111367,0.06551262591961342,0,0,
Combined,GPT-2,"grid position (0, 1)",0.09578168034354319,0.06015127695998729,0,1,
Combined,GPT-2,"grid position (0, 2)",0.08094408239105078,0.018486481680404523,0,2,
Combined,GPT-2,"grid position (1, 0)",0.11724109258279809,0.0185508642938459,1,0,
Combined,GPT-2,"grid position (1, 1)",-0.44669412383717927,0.016222256942892102,1,1,
Combined,GPT-2,"grid position (1, 2)",0.028402556310015294,-0.11584757971025102,1,2,
Combined,GPT-2,"grid position (2, 0)",0.03493602645960919,-0.027009898898664057,2,0,
Combined,GPT-2,"grid position (2, 1)",-0.03351319615774148,-0.13160998389734313,2,1,
Combined,GPT-2,"grid position (2, 2)",-0.10038899434800375,-0.23772535018643612,2,2,
Combined,GPT-2,"grid position (0, 0)",0.009594246099674677,-0.1358216291861955,0,0,
Combined,GPT-2,"grid position (0, 1)",0.0223460999598406,0.08029178093977436,0,1,
Combined,GPT-2,"grid position (0, 2)",0.0939845583275961,0.02671447647312979,0,2,
Combined,GPT-2,"grid position (1, 0)",-0.012876921457236784,-0.16272554806291298,1,0,
Combined,GPT-2,"grid position (1, 1)",0.041495347279685096,-0.05330658764403104,1,1,
Combined,GPT-2,"grid position (1, 2)",0.10614901908829727,0.06193268550480901,1,2,
Combined,GPT-2,"grid position (2, 0)",0.007533537684603351,-0.1526268356827406,2,0,
Combined,GPT-2,"grid position (2, 1)",-0.559278631908116,0.01806295894709641,2,1,
Combined,GPT-2,"grid position (2, 2)",0.06461173517050944,-0.008343444171466288,2,2,
Combined,GPT-2,"grid position (0, 1)",0.04690470098293936,-0.10598916635259946,0,1,
Combined,GPT-2,"grid position (0, 2)",0.09044782658609937,0.026292982915888927,0,2,
Combined,GPT-2,"grid position (1, 0)",0.013078428129689389,-0.14729387688235931,1,0,
Combined,GPT-2,"grid position (1, 1)",0.09473024933246517,-0.005348315188625287,1,1,
Combined,GPT-2,"grid position (1, 2)",0.11656332384339267,0.03266014719869466,1,2,
Combined,GPT-2,"grid position (2, 0)",0.047987720346113816,0.009424312966890993,2,0,
Combined,GPT-2,"grid position (2, 1)",-0.2717472641596675,0.04253452969816354,2,1,
Combined,GPT-2,"grid position (2, 2)",0.07702661229040264,-0.0015617208836800607,2,2,
Combined,GPT-2,"grid position (0, 0)",0.09612301510292236,0.10004801751427637,0,0,
Combined,GPT-2,"grid position (0, 1)",-0.4484274350995611,0.025521451803669225,0,1,
Combined,GPT-2,"grid position (0, 2)",0.04931094281664057,0.06998145487600528,0,2,
Combined,GPT-2,"grid position (1, 0)",0.06975361607821991,-0.05220025308366398,1,0,
Combined,GPT-2,"grid position (1, 1)",0.06473652009438047,-0.055117282122829354,1,1,
Combined,GPT-2,"grid position (1, 2)",0.04572605749383163,-0.008386606003891912,1,2,
Combined,GPT-2,"grid position (2, 0)",0.044927689225956274,-0.09073063448238547,2,0,
Combined,GPT-2,"grid position (2, 1)",0.08273568639999754,0.00765898694647577,2,1,
Combined,GPT-2,"grid position (2, 2)",0.08225224926785252,0.05175124512150499,2,2,
Combined,GPT-2,"grid position (0, 0)",0.04841944794000996,0.009729267856977496,0,0,
Combined,GPT-2,"grid position (0, 1)",0.06985880085897586,0.04180898560691378,0,1,
Combined,GPT-2,"grid position (0, 2)",0.09934981733876404,-0.03634861471365811,0,2,
Combined,GPT-2,"grid position (1, 0)",0.053710694076072825,0.00941478077573238,1,0,
Combined,GPT-2,"grid position (1, 1)",0.11386689510815284,0.01974021823393407,1,1,
Combined,GPT-2,"grid position (1, 2)",0.082977659830633,-0.07036899822685469,1,2,
Combined,GPT-2,"grid position (2, 0)",0.07557450813642154,0.07580075229162535,2,0,
Combined,GPT-2,"grid position (2, 1)",0.097754804777628,0.05097072805804431,2,1,
Combined,GPT-2,"grid position (2, 2)",-0.5209505134413631,0.01927352473203749,2,2,
Combined,GPT-2,"grid position (0, 0)",0.06131399897615661,0.10247006512671526,0,0,
Combined,GPT-2,"grid position (0, 1)",0.07950671705422485,-0.007023125587055938,0,1,
Combined,GPT-2,"grid position (0, 2)",-0.39067012882190744,0.021371099539049643,0,2,
Combined,GPT-2,"grid position (1, 0)",-0.01719194507652077,-0.15673772293374133,1,0,
Combined,GPT-2,"grid position (1, 1)",0.0390478843551462,-0.1044445650967655,1,1,
Combined,GPT-2,"grid position (1, 2)",0.10273006458748654,-0.019567247805686465,1,2,
Combined,GPT-2,"grid position (2, 0)",-0.07054583312827988,-0.23724891358007855,2,0,
Combined,GPT-2,"grid position (2, 1)",0.005942088427791245,-0.05779334694711416,2,1,
Combined,GPT-2,"grid position (2, 2)",0.08261097392977983,0.10283642699281807,2,2,
Combined,GPT-2,"grid position (0, 0)",0.11498696249141596,0.11012777436990545,0,0,
Combined,GPT-2,"grid position (0, 1)",0.11668174878789586,0.056778964523123164,0,1,
Combined,GPT-2,"grid position (0, 2)",0.09376956557354418,0.03616232890434401,0,2,
Combined,GPT-2,"grid position (1, 0)",0.1210869648539634,0.12037108929412667,1,0,
Combined,GPT-2,"grid position (1, 1)",-0.3350803429148321,0.04340040293495747,1,1,
Combined,GPT-2,"grid position (1, 2)",0.09237683903439202,-0.029596040719070998,1,2,
Combined,GPT-2,"grid position (2, 0)",-0.0074746619964558055,-0.024247238347870088,2,0,
Combined,GPT-2,"grid position (2, 1)",-0.004315294736901058,-0.09976182668490752,2,1,
Combined,GPT-2,"grid position (2, 2)",-0.0007103390974757497,-0.12317386924841024,2,2,
Combined,GPT-2,"grid position (0, 0)",0.07768679360380762,-0.018060622188578356,0,0,
Combined,GPT-2,"grid position (0, 1)",0.06753899550348119,0.020508548656098056,0,1,
Combined,GPT-2,"grid position (0, 2)",0.03547053629252119,-0.05383757180145511,0,2,
Combined,GPT-2,"grid position (1, 0)",0.06746157431768172,-0.042044757511370254,1,0,
Combined,GPT-2,"grid position (1, 1)",0.1076610439398594,-0.020299517392639,1,1,
Combined,GPT-2,"grid position (1, 2)",0.00685226730910336,-0.07878850832843806,1,2,
Combined,GPT-2,"grid position (2, 0)",0.08436089854922171,0.03395013164334417,2,0,
Combined,GPT-2,"grid position (2, 1)",0.10404741269362798,0.010782961791809572,2,1,
Combined,GPT-2,"grid position (2, 2)",-0.5160358635120439,0.040055908522125316,2,2,
Combined,GPT-2,"grid position (0, 0)",0.03683724256482747,0.052371774779133,0,0,
Combined,GPT-2,"grid position (0, 1)",0.07688644743330211,0.040414732410594977,0,1,
Combined,GPT-2,"grid position (0, 2)",0.019417743015947116,0.046942259437579556,0,2,
Combined,GPT-2,"grid position (1, 0)",0.025302482399270115,-0.0761460068889813,1,0,
Combined,GPT-2,"grid position (1, 1)",0.09349616494678628,0.018215924719773516,1,1,
Combined,GPT-2,"grid position (1, 2)",0.11760733476187615,0.1199468676840606,1,2,
Combined,GPT-2,"grid position (2, 0)",-0.44642999862892635,-0.01707966155585724,2,0,
Combined,GPT-2,"grid position (2, 1)",0.055640863261579694,-0.02156527599043032,2,1,
Combined,GPT-2,"grid position (2, 2)",0.10313552488814968,0.09137647544807248,2,2,
Combined,GPT-2,"grid position (0, 0)",-0.5103091873438563,0.03172323481130741,0,0,
Combined,GPT-2,"grid position (0, 1)",0.008385103551069686,-0.052195864802158085,0,1,
Combined,GPT-2,"grid position (0, 2)",0.047353807733897524,0.008874654644970928,0,2,
Combined,GPT-2,"grid position (1, 0)",0.08709119805530494,-0.033629091148346314,1,0,
Combined,GPT-2,"grid position (1, 1)",0.07175283364392414,-0.032521236539808034,1,1,
Combined,GPT-2,"grid position (1, 2)",0.09498242368433484,0.023916301760706613,1,2,
Combined,GPT-2,"grid position (2, 0)",0.0644277209120276,-0.0012433590524558499,2,0,
Combined,GPT-2,"grid position (2, 1)",0.07765065078880774,0.056175790099203114,2,1,
Combined,GPT-2,"grid position (2, 2)",0.06744786838076891,0.02907368283911519,2,2,
Combined,GPT-2,"grid position (0, 0)",0.06826881108604367,-0.009887753501524042,0,0,
Combined,GPT-2,"grid position (0, 1)",0.08470608303623052,-0.05118761813622276,0,1,
Combined,GPT-2,"grid position (0, 2)",-0.5952482746131418,0.017168211422181993,0,2,
Combined,GPT-2,"grid position (1, 0)",0.09332522530204294,-0.037444160188692434,1,0,
Combined,GPT-2,"grid position (1, 1)",0.09646610549415531,-0.0350125318291159,1,1,
Combined,GPT-2,"grid position (1, 2)",-0.06635101101854349,-0.09102677777851896,1,2,
Combined,GPT-2,"grid position (2, 0)",0.1202979673800111,0.05947450046979081,2,0,
Combined,GPT-2,"grid position (2, 1)",0.08442659870488542,0.05813635876696276,2,1,
Combined,GPT-2,"grid position (2, 2)",0.061759132395355534,0.09252737257269325,2,2,
Combined,GPT-2,"grid position (0, 0)",-0.5094816473578616,0.04336412770222745,0,0,
Combined,GPT-2,"grid position (0, 1)",0.07480740607823645,0.06877172474072242,0,1,
Combined,GPT-2,"grid position (0, 2)",0.03928744586206364,0.051678665362329616,0,2,
Combined,GPT-2,"grid position (1, 0)",0.0315767292228617,-0.08517409521250886,1,0,
Combined,GPT-2,"grid position (1, 1)",0.017547779691863233,-0.00652556353228484,1,1,
Combined,GPT-2,"grid position (1, 2)",0.06237380825677266,0.030516881064344407,1,2,
Combined,GPT-2,"grid position (2, 0)",0.012886311969123687,-0.045313191140877826,2,0,
Combined,GPT-2,"grid position (2, 1)",0.016452119611558565,-0.036273468257216446,2,1,
Combined,GPT-2,"grid position (2, 2)",0.04507979437897012,0.06624902520530701,2,2,
Combined,GPT-2,"grid position (0, 0)",0.04622909798168688,0.09340461411564172,0,0,
Combined,GPT-2,"grid position (0, 1)",0.08220965131600007,0.021392324008562776,0,1,
Combined,GPT-2,"grid position (0, 2)",-0.41950521883062364,0.029415265461726535,0,2,
Combined,GPT-2,"grid position (1, 0)",-0.005834656687141701,-0.08984701058645492,1,0,
Combined,GPT-2,"grid position (1, 1)",0.06327846891212484,-0.05214970958909911,1,1,
Combined,GPT-2,"grid position (1, 2)",0.022734294487365893,-0.04853556731374539,1,2,
Combined,GPT-2,"grid position (2, 0)",0.06648545897323835,0.005096823648267344,2,0,
Combined,GPT-2,"grid position (2, 1)",0.09779450341687325,0.05525849683335759,2,1,
Combined,GPT-2,"grid position (2, 2)",0.0720602311108955,0.030032649040812334,2,2,
Combined,GPT-2,"grid position (0, 0)",0.0849359811965327,0.056002039406044674,0,0,
Combined,GPT-2,"grid position (0, 1)",0.09907692088736517,0.014458351504446501,0,1,
Combined,GPT-2,"grid position (0, 2)",0.03788499511899888,-0.12254007254871942,0,2,
Combined,GPT-2,"grid position (1, 0)",0.10222693524047365,0.07607555109361844,1,0,
Combined,GPT-2,"grid position (1, 1)",-0.3524345391997712,0.019745084668801458,1,1,
Combined,GPT-2,"grid position (1, 2)",0.07984882710848286,-0.09400588057808407,1,2,
Combined,GPT-2,"grid position (2, 0)",0.03235733909394995,0.012907797248641027,2,0,
Combined,GPT-2,"grid position (2, 1)",0.02321878752887746,-0.049464617001491074,2,1,
Combined,GPT-2,"grid position (2, 2)",0.06986654602070047,-0.10150901880028912,2,2,
Combined,GPT-2,"grid position (0, 0)",0.08245301067975098,0.05008167410416426,0,0,
Combined,GPT-2,"grid position (0, 1)",0.08704569920635558,-0.005275629377069763,0,1,
Combined,GPT-2,"grid position (0, 2)",0.08997114826447318,0.033816344019865205,0,2,
Combined,GPT-2,"grid position (1, 0)",0.011805154610229946,0.10259783776016776,1,0,
Combined,GPT-2,"grid position (1, 1)",0.06094870664482977,-0.002950496952820295,1,1,
Combined,GPT-2,"grid position (1, 2)",0.1039301169115062,0.06326123701358169,1,2,
Combined,GPT-2,"grid position (2, 0)",-0.05911305796298976,-0.19730884003164975,2,0,
Combined,GPT-2,"grid position (2, 1)",-0.533316167418285,-0.011242647978333438,2,1,
Combined,GPT-2,"grid position (2, 2)",0.009015445190787187,-0.06328363460046023,2,2,
Combined,GPT-2,"grid position (0, 0)",0.017155028890437986,-0.04919299870126544,0,0,
Combined,GPT-2,"grid position (0, 1)",0.11140288597387715,0.06566109116102091,0,1,
Combined,GPT-2,"grid position (0, 2)",0.04798693773963806,0.040689176364394966,0,2,
Combined,GPT-2,"grid position (1, 0)",-0.44475422542822896,-0.003907718999469884,1,0,
Combined,GPT-2,"grid position (1, 1)",0.09248889917133338,0.035047118212385084,1,1,
Combined,GPT-2,"grid position (1, 2)",0.07274601773729442,0.07324968463528053,1,2,
Combined,GPT-2,"grid position (2, 0)",0.06121531821781869,-0.0259718530648738,2,0,
Combined,GPT-2,"grid position (2, 1)",0.08236838264572932,-0.036347261685038816,2,1,
Combined,GPT-2,"grid position (2, 2)",-0.021929779043653067,-0.13378781353663816,2,2,
Combined,GPT-2,"grid position (0, 0)",-0.5627362631445254,0.0061766111483762065,0,0,
Combined,GPT-2,"grid position (0, 1)",0.069551012028689,0.005475657235738599,0,1,
Combined,GPT-2,"grid position (0, 2)",0.10684623551437952,0.035518576941553394,0,2,
Combined,GPT-2,"grid position (1, 0)",0.0368679153509166,-0.10272665626918637,1,0,
Combined,GPT-2,"grid position (1, 1)",0.09430557726785058,0.026120809005242794,1,1,
Combined,GPT-2,"grid position (1, 2)",0.11586814425390436,0.047352067130639296,1,2,
Combined,GPT-2,"grid position (2, 1)",0.014727202285718614,0.1246692728417452,2,1,
Combined,GPT-2,"grid position (2, 2)",0.023033870623149585,0.12385583868397279,2,2,
Combined,GPT-2,"grid position (0, 0)",0.0633777797838229,0.0004268040930566485,0,0,
Combined,GPT-2,"grid position (0, 1)",0.07419597544467683,-0.0035549888366426296,0,1,
Combined,GPT-2,"grid position (0, 2)",0.07887331956481428,-0.03603045554137741,0,2,
Combined,GPT-2,"grid position (1, 0)",-0.4908390750737586,0.03397257978475817,1,0,
Combined,GPT-2,"grid position (1, 1)",0.0490113184018763,-0.050660111573300866,1,1,
Combined,GPT-2,"grid position (1, 2)",0.09357064781594998,-0.025432068011865303,1,2,
Combined,GPT-2,"grid position (2, 0)",0.0886592703905129,0.07159496892464356,2,0,
Combined,GPT-2,"grid position (2, 1)",0.03995198703073418,-0.011637236676351711,2,1,
Combined,GPT-2,"grid position (2, 2)",0.04097977679467528,0.0035663009694333497,2,2,
Combined,GPT-2,"grid position (0, 0)",-0.5214296823831097,-0.005038786736397693,0,0,
Combined,GPT-2,"grid position (0, 1)",0.05837584353418208,-0.02847660961349461,0,1,
Combined,GPT-2,"grid position (0, 2)",0.10028946475515797,0.09878964549277064,0,2,
Combined,GPT-2,"grid position (1, 0)",0.08337976749937867,-0.07334870088464654,1,0,
Combined,GPT-2,"grid position (1, 1)",0.05767562780582527,-0.015735615596624494,1,1,
Combined,GPT-2,"grid position (1, 2)",0.11237877291471085,0.05168125540428606,1,2,
Combined,GPT-2,"grid position (2, 0)",0.10728917971583044,0.01950554680537722,2,0,
Combined,GPT-2,"grid position (2, 1)",0.13813254755577437,0.12555096693391585,2,1,
Combined,GPT-2,"grid position (2, 2)",0.14754299412177654,0.09855108705489916,2,2,
Combined,GPT-2,"grid position (0, 0)",0.0473981393527417,-0.05663847016422669,0,0,
Combined,GPT-2,"grid position (0, 1)",0.02600236997962754,-0.051237660849618505,0,1,
Combined,GPT-2,"grid position (1, 0)",0.08391873365611807,-0.021721916333260666,1,0,
Combined,GPT-2,"grid position (1, 1)",-0.4678355188194844,0.028557599981067227,1,1,
Combined,GPT-2,"grid position (1, 2)",-0.005899845315064873,0.04710277164234663,1,2,
Combined,GPT-2,"grid position (2, 0)",0.08848393255969338,0.006987573587459789,2,0,
Combined,GPT-2,"grid position (2, 1)",0.07674288313260802,0.11691547464438913,2,1,
Combined,GPT-2,"grid position (2, 2)",0.027075204354149805,0.09640547185942257,2,2,
Combined,GPT-2,"grid position (0, 0)",0.06504829984447212,0.09216583870329283,0,0,
Combined,GPT-2,"grid position (0, 1)",0.06599858898861931,0.022390563959699634,0,1,
Combined,GPT-2,"grid position (0, 2)",0.05058668067755505,0.022772697412549812,0,2,
Combined,GPT-2,"grid position (1, 0)",0.07120608255574978,0.12175629678713619,1,0,
Combined,GPT-2,"grid position (1, 1)",-0.4271835492719982,0.05158535679533091,1,1,
Combined,GPT-2,"grid position (1, 2)",0.0720136559990078,-0.023031587052767363,1,2,
Combined,GPT-2,"grid position (2, 0)",0.04888844176834357,0.023352098892227682,2,0,
Combined,GPT-2,"grid position (2, 1)",0.013456880900283756,-0.060280753115982036,2,1,
Combined,GPT-2,"grid position (2, 2)",0.05051824040198435,-0.07146946210904977,2,2,
Combined,GPT-2,"grid position (0, 0)",-0.411560329016153,0.029516621725219322,0,0,
Combined,GPT-2,"grid position (0, 1)",0.09626906065296974,0.017162106193820456,0,1,
Combined,GPT-2,"grid position (0, 2)",0.11741367905866552,0.025681320765618746,0,2,
Combined,GPT-2,"grid position (1, 0)",0.03526552020941962,-0.019574918089791348,1,0,
Combined,GPT-2,"grid position (1, 1)",0.08139736238112603,0.030127662467983908,1,1,
Combined,GPT-2,"grid position (1, 2)",0.08271864665810076,-0.03384506911255402,1,2,
Combined,GPT-2,"grid position (2, 0)",0.029680491029173896,-0.06192658128514038,2,0,
Combined,GPT-2,"grid position (2, 1)",0.08733735816429868,-0.022184417523291797,2,1,
Combined,GPT-2,"grid position (2, 2)",0.07620708512970982,-0.025696562515936324,2,2,
Combined,GPT-2,"grid position (0, 0)",0.02671813283527871,0.027176391421090206,0,0,
Combined,GPT-2,"grid position (0, 1)",0.05436191066695131,0.010774248846849601,0,1,
Combined,GPT-2,"grid position (0, 2)",0.06426372153464693,-0.010461537612796487,0,2,
Combined,GPT-2,"grid position (1, 0)",-0.04334835463219877,-0.07210952022973986,1,0,
Combined,GPT-2,"grid position (1, 1)",0.06941090600250663,0.0251143420251963,1,1,
Combined,GPT-2,"grid position (1, 2)",0.053923440914498764,-0.030100922514566444,1,2,
Combined,GPT-2,"grid position (2, 0)",0.0313097406452046,0.028955359792592478,2,0,
Combined,GPT-2,"grid position (2, 1)",0.08616670776959869,0.05642268434271609,2,1,
Combined,GPT-2,"grid position (2, 2)",-0.5434484703099066,0.016341987023051396,2,2,
Combined,GPT-2,"grid position (0, 0)",-0.4856954486079505,0.04577801577562425,0,0,
Combined,GPT-2,"grid position (0, 1)",0.06674022294802459,0.005562423743300142,0,1,
Combined,GPT-2,"grid position (0, 2)",-0.002916525840202433,0.056797175027506266,0,2,
Combined,GPT-2,"grid position (1, 0)",0.04101375093607722,-0.05761356408166184,1,0,
Combined,GPT-2,"grid position (1, 1)",0.059884050521702585,-0.06449142460191325,1,1,
Combined,GPT-2,"grid position (1, 2)",0.03515055751004392,0.03828905644044205,1,2,
Combined,GPT-2,"grid position (2, 0)",0.04078679713666924,-0.02936727632127056,2,0,
Combined,GPT-2,"grid position (2, 1)",0.07593720941883214,-0.06070271178338566,2,1,
Combined,GPT-2,"grid position (2, 2)",0.10688051081197911,0.09509392656794607,2,2,
Combined,GPT-2,"grid position (0, 0)",0.03512271099748265,-0.06986235819648677,0,0,
Combined,GPT-2,"grid position (0, 1)",0.0915745217167277,0.02125361027101838,0,1,
Combined,GPT-2,"grid position (0, 2)",0.09531046806098013,0.017149036122261638,0,2,
Combined,GPT-2,"grid position (1, 0)",-0.5887465369876458,-0.005017590559511512,1,0,
Combined,GPT-2,"grid position (1, 1)",0.05511816228998269,-0.07195165159770558,1,1,
Combined,GPT-2,"grid position (1, 2)",0.09425224872242315,-0.01912751859091468,1,2,
Combined,GPT-2,"grid position (2, 0)",0.09207164075764018,0.03786600168605488,2,0,
Combined,GPT-2,"grid position (2, 1)",0.10233264558751032,0.06415949239818185,2,1,
Combined,GPT-2,"grid position (2, 2)",0.09185415965231014,0.037081723399442566,2,2,
Combined,GPT-2,"grid position (0, 0)",0.07870995808570228,0.11231560042595237,0,0,
Combined,GPT-2,"grid position (0, 1)",0.06766601836826999,0.01672099203118998,0,1,
Combined,GPT-2,"grid position (0, 2)",-0.4851023616919938,0.02755639262150207,0,2,
Combined,GPT-2,"grid position (1, 0)",0.05908010131036175,0.015874857419937147,1,0,
Combined,GPT-2,"grid position (1, 1)",0.062189256714617426,-0.0034729541129484708,1,1,
Combined,GPT-2,"grid position (1, 2)",0.0010248627983552973,-0.11614896002532608,1,2,
Combined,GPT-2,"grid position (2, 0)",0.04454446865257091,0.02378731814774544,2,0,
Combined,GPT-2,"grid position (2, 1)",0.1004667002101544,0.024065842753599194,2,1,
Combined,GPT-2,"grid position (2, 2)",0.00013310601138981712,-0.07229310910998946,2,2,
Combined,GPT-2,"grid position (0, 0)",0.018339294807780373,-0.08475132875070723,0,0,
Combined,GPT-2,"grid position (0, 1)",0.05220652068761533,-0.03285847397204648,0,1,
Combined,GPT-2,"grid position (0, 2)",0.028357547705579605,-0.028287754637053977,0,2,
Combined,GPT-2,"grid position (1, 0)",-0.4805482966758893,0.02786081834446274,1,0,
Combined,GPT-2,"grid position (1, 1)",0.08183312241879807,-0.008878884800715935,1,1,
Combined,GPT-2,"grid position (1, 2)",0.028176802938004675,-0.07910586064245496,1,2,
Combined,GPT-2,"grid position (2, 0)",0.11591101473931685,0.09799322192379893,2,0,
Combined,GPT-2,"grid position (2, 1)",0.10381258180506926,0.0734471068884181,2,1,
Combined,GPT-2,"grid position (2, 2)",0.07788725914886527,0.05501882916747531,2,2,
Combined,GPT-2,"grid position (0, 0)",-0.05653558723124876,-0.15372538793365054,0,0,
Combined,GPT-2,"grid position (0, 1)",0.03397418892759993,-0.0672513859269445,0,1,
Combined,GPT-2,"grid position (0, 2)",0.062060969139142004,-0.09842926130016952,0,2,
Combined,GPT-2,"grid position (1, 0)",-0.6224801082063244,0.006669403181330776,1,0,
Combined,GPT-2,"grid position (1, 1)",0.1254680917933194,0.01550056465040112,1,1,
Combined,GPT-2,"grid position (1, 2)",0.11226187925372491,0.03095514367138853,1,2,
Combined,GPT-2,"grid position (2, 0)",0.11190786342806286,0.1198274394620801,2,0,
Combined,GPT-2,"grid position (2, 1)",0.1314233956650288,0.08852532844957364,2,1,
Combined,GPT-2,"grid position (2, 2)",0.1005302952077314,0.023092808075203978,2,2,
Combined,GPT-2,"grid position (0, 0)",0.07246654741741472,-0.0394928402742267,0,0,
Combined,GPT-2,"grid position (0, 1)",-0.003913895957057529,-0.06030199706021057,0,1,
Combined,GPT-2,"grid position (1, 0)",0.10025516164715008,-0.01477856181847536,1,0,
Combined,GPT-2,"grid position (1, 1)",0.0701098788174397,0.020290453501825283,1,1,
Combined,GPT-2,"grid position (1, 2)",0.026766725502445726,-0.000865556628964565,1,2,
Combined,GPT-2,"grid position (2, 0)",0.06382952413114373,-0.06922791428689236,2,0,
Combined,GPT-2,"grid position (2, 1)",-0.4264227969223523,0.039556674853468025,2,1,
Combined,GPT-2,"grid position (2, 2)",-0.0023526205752752755,-0.029636878729450245,2,2,
Combined,GPT-2,"grid position (0, 0)",-0.006704655638154673,-0.1291030839638247,0,0,
Combined,GPT-2,"grid position (0, 1)",-0.5016864814613118,0.035736946204991245,0,1,
Combined,GPT-2,"grid position (0, 2)",0.009401344542302991,-0.10248837735926598,0,2,
Combined,GPT-2,"grid position (1, 0)",0.0928412539272474,-0.04400870600020702,1,0,
Combined,GPT-2,"grid position (1, 1)",0.13423285316258945,0.026456581591427598,1,1,
Combined,GPT-2,"grid position (1, 2)",0.04039010577997489,-0.12937077555719179,1,2,
Combined,GPT-2,"grid position (2, 0)",0.07663151507639228,-0.04165510649896435,2,0,
Combined,GPT-2,"grid position (2, 1)",0.08799518433823941,-0.012769356645034334,2,1,
Combined,GPT-2,"grid position (2, 2)",0.04783937945043728,-0.001537903806558344,2,2,
Combined,GPT-2,"grid position (0, 0)",0.05547426097737334,-0.09246002849321647,0,0,
Combined,GPT-2,"grid position (0, 1)",0.09931850234079288,0.03114656691570601,0,1,
Combined,GPT-2,"grid position (0, 2)",0.07190035108992279,0.01796386037243533,0,2,
Combined,GPT-2,"grid position (1, 0)",0.08527393818868453,-0.07639166545788278,1,0,
Combined,GPT-2,"grid position (1, 1)",0.10636997608762508,0.0388335726385765,1,1,
Combined,GPT-2,"grid position (1, 2)",0.06166903101786885,-0.007143023645366695,1,2,
Combined,GPT-2,"grid position (2, 0)",0.06678743672456432,-0.01139556473010933,2,0,
Combined,GPT-2,"grid position (2, 1)",0.1034082817128272,0.05571553091199683,2,1,
Combined,GPT-2,"grid position (2, 2)",-0.6785733456955251,0.04477155183295638,2,2,
Combined,GPT-2,"grid position (0, 0)",-0.07001099303406813,-0.11859890379111362,0,0,
Combined,GPT-2,"grid position (0, 1)",-0.5650201860300298,-0.0037901598711229376,0,1,
Combined,GPT-2,"grid position (0, 2)",0.06576234956460111,-0.09558613189493598,0,2,
Combined,GPT-2,"grid position (1, 0)",0.05660019815927408,0.06277805331620487,1,0,
Combined,GPT-2,"grid position (1, 1)",0.05849136271797133,-0.02341752940718273,1,1,
Combined,GPT-2,"grid position (1, 2)",0.09828707044083854,-0.05087603230465558,1,2,
Combined,GPT-2,"grid position (2, 0)",0.08994689602621957,0.06272203657482982,2,0,
Combined,GPT-2,"grid position (2, 1)",0.10545097196295783,0.061970412431733804,2,1,
Combined,GPT-2,"grid position (2, 2)",0.08835836367615159,0.03788998656128949,2,2,
Combined,GPT-2,"grid position (0, 0)",0.04179223953045829,0.048730118939399436,0,0,
Combined,GPT-2,"grid position (0, 1)",0.08495170762629041,0.060308890510035226,0,1,
Combined,GPT-2,"grid position (0, 2)",0.13323412839081467,0.09212082798663465,0,2,
Combined,GPT-2,"grid position (1, 0)",0.07245156999379013,-0.007355943725376517,1,0,
Combined,GPT-2,"grid position (1, 1)",0.0805336436942254,0.0016414225718074742,1,1,
Combined,GPT-2,"grid position (1, 2)",0.09849114068923226,0.06693579413405146,1,2,
Combined,GPT-2,"grid position (2, 0)",0.05274081511344761,0.012945157943646606,2,0,
Combined,GPT-2,"grid position (2, 1)",-0.4245245010605385,-0.023687225639761146,2,1,
Combined,GPT-2,"grid position (2, 2)",-0.030217619549267966,-0.1288638498761023,2,2,
Combined,GPT-2,"grid position (0, 0)",-0.023126878270726917,0.1460365619106155,0,0,
Combined,GPT-2,"grid position (0, 1)",0.08943776988438339,0.10367932307678672,0,1,
Combined,GPT-2,"grid position (0, 2)",0.0750436590178293,0.005789299146995343,0,2,
Combined,GPT-2,"grid position (1, 0)",0.05472408036198724,-0.030277475008473047,1,0,
Combined,GPT-2,"grid position (1, 1)",-0.3604453165464288,0.04935722787671176,1,1,
Combined,GPT-2,"grid position (1, 2)",0.1235939402667327,0.06132122172144436,1,2,
Combined,GPT-2,"grid position (2, 0)",0.05440643411023166,-0.06221697223114109,2,0,
Combined,GPT-2,"grid position (2, 1)",0.01728615032181209,-0.1215603123423622,2,1,
Combined,GPT-2,"grid position (2, 2)",0.09835988854417722,0.020511443180574643,2,2,
Combined,GPT-2,"grid position (0, 0)",0.1006846206251392,0.0938269850924963,0,0,
Combined,GPT-2,"grid position (0, 1)",0.11290307991928443,0.038240424782349465,0,1,
Combined,GPT-2,"grid position (0, 2)",-0.4865373736967535,0.03204606684553595,0,2,
Combined,GPT-2,"grid position (1, 0)",0.08261761901223712,0.05625672545681209,1,0,
Combined,GPT-2,"grid position (1, 1)",0.04897614756683845,-0.06620068150332302,1,1,
Combined,GPT-2,"grid position (1, 2)",0.01332867419898335,-0.10732046783873532,1,2,
Combined,GPT-2,"grid position (2, 1)",0.09748801557895488,0.003420983195700856,2,1,
Combined,GPT-2,"grid position (2, 2)",0.047588985509038305,-0.0776770072522377,2,2,
Combined,GPT-2,"grid position (0, 0)",0.05164330228813743,0.012682185356478564,0,0,
Combined,GPT-2,"grid position (0, 1)",0.07724458543931395,-0.00506832342687851,0,1,
Combined,GPT-2,"grid position (0, 2)",0.06519010523479554,-0.04703058535804103,0,2,
Combined,GPT-2,"grid position (1, 0)",0.017163125732544297,-0.09200194093560851,1,0,
Combined,GPT-2,"grid position (1, 1)",-0.3758043827208297,0.07231283189781751,1,1,
Combined,GPT-2,"grid position (1, 2)",0.05550894322487766,0.047151448982308254,1,2,
Combined,GPT-2,"grid position (2, 0)",-0.026795858246907233,-0.13602821586227157,2,0,
Combined,GPT-2,"grid position (2, 1)",0.07993802109587861,0.12131136461584767,2,1,
Combined,GPT-2,"grid position (0, 0)",-0.03424843500553124,-0.09804961835084144,0,0,
Combined,GPT-2,"grid position (0, 1)",0.08076639939743856,0.04749663571241236,0,1,
Combined,GPT-2,"grid position (0, 2)",0.026217721120956036,0.09697952845679224,0,2,
Combined,GPT-2,"grid position (1, 0)",-0.009079301682240942,-0.14287508947688538,1,0,
Combined,GPT-2,"grid position (1, 1)",-0.38794296285831775,0.02187863267022593,1,1,
Combined,GPT-2,"grid position (1, 2)",0.10227006958014108,0.05019637601633287,1,2,
Combined,GPT-2,"grid position (2, 0)",0.04758979118011984,-0.036437200847245124,2,0,
Combined,GPT-2,"grid position (2, 1)",0.07944379393510151,0.02788706609096367,2,1,
Combined,GPT-2,"grid position (2, 2)",0.09560107864451307,0.021274448385839473,2,2,
Combined,GPT-2,"grid position (0, 0)",0.07479087610357017,-0.015416821794378444,0,0,
Combined,GPT-2,"grid position (0, 1)",0.12274808784974599,0.09612902641717568,0,1,
Combined,GPT-2,"grid position (0, 2)",0.10773384867304395,0.10631391699008372,0,2,
Combined,GPT-2,"grid position (1, 0)",0.09907548983111686,-0.01971534242761074,1,0,
Combined,GPT-2,"grid position (1, 1)",-0.39605456894646135,0.019543101217746908,1,1,
Combined,GPT-2,"grid position (1, 2)",0.11833818416349001,0.06436709914894063,1,2,
Combined,GPT-2,"grid position (2, 0)",0.08120654589168325,-0.03568220202895419,2,0,
Combined,GPT-2,"grid position (2, 1)",0.004568046437745119,-0.14207732752309563,2,1,
Combined,GPT-2,"grid position (2, 2)",0.03586366735314616,-0.09126815099526636,2,2,
Combined,GPT-2,"grid position (0, 0)",0.051475252518070884,0.009557462806494811,0,0,
Combined,GPT-2,"grid position (0, 1)",0.1184854597619198,0.057419055391126926,0,1,
Combined,GPT-2,"grid position (0, 2)",0.10062549046051751,0.04803184701291343,0,2,
Combined,GPT-2,"grid position (1, 0)",0.05580566882296525,-0.02014567585336531,1,0,
Combined,GPT-2,"grid position (1, 1)",0.11327399088429138,0.04793771445130267,1,1,
Combined,GPT-2,"grid position (1, 2)",0.1266959648948624,0.0011148677810290555,1,2,
Combined,GPT-2,"grid position (2, 0)",0.04340773986131566,-0.07301138777263978,2,0,
Combined,GPT-2,"grid position (2, 1)",-0.39175553340187647,-0.005035090517954555,2,1,
Combined,GPT-2,"grid position (2, 2)",0.088181824197592,-0.01222649203168677,2,2,
Combined,GPT-2,"grid position (0, 0)",0.08367159508874786,-0.014798337298511955,0,0,
Combined,GPT-2,"grid position (0, 1)",0.09089536147451314,-0.012995255586167468,0,1,
Combined,GPT-2,"grid position (0, 2)",0.11492165502537169,0.015311851559133683,0,2,
Combined,GPT-2,"grid position (1, 0)",0.07074895881756678,0.038013565999762015,1,0,
Combined,GPT-2,"grid position (1, 1)",0.1021876803909026,-0.01807473564329579,1,1,
Combined,GPT-2,"grid position (1, 2)",0.11817725413728325,0.028008808708424072,1,2,
Combined,GPT-2,"grid position (2, 0)",0.03554247347813396,0.1312339172111163,2,0,
Combined,GPT-2,"grid position (2, 1)",0.035350725479976065,-0.024661348988799105,2,1,
Combined,GPT-2,"grid position (2, 2)",-0.4618365337503367,0.039558586319362904,2,2,
Combined,GPT-2,"grid position (0, 0)",0.08736774153513271,0.053665056253869345,0,0,
Combined,GPT-2,"grid position (0, 1)",-0.39291284133810755,0.03642079112021261,0,1,
Combined,GPT-2,"grid position (0, 2)",0.007475895027052715,-0.06718450286257924,0,2,
Combined,GPT-2,"grid position (1, 0)",0.09564171000435805,-0.0035540905907445646,1,0,
Combined,GPT-2,"grid position (1, 1)",0.07888372096718053,0.033864030714283205,1,1,
Combined,GPT-2,"grid position (1, 2)",0.028058176846803094,-0.05470795065497248,1,2,
Combined,GPT-2,"grid position (2, 0)",0.05771270737077399,0.019588439766519042,2,0,
Combined,GPT-2,"grid position (2, 1)",0.07124861886882383,0.03630514677908043,2,1,
Combined,GPT-2,"grid position (2, 2)",0.04974035312594971,-0.036163048988311325,2,2,
Combined,GPT-2,"grid position (0, 0)",0.0411512010129055,-0.018312880444646365,0,0,
Combined,GPT-2,"grid position (0, 1)",-0.5491150211740947,0.002209488054250183,0,1,
Combined,GPT-2,"grid position (0, 2)",-0.0026070490197974694,-0.16083838652693522,0,2,
Combined,GPT-2,"grid position (1, 0)",0.09828283758544469,0.051863298815348305,1,0,
Combined,GPT-2,"grid position (1, 1)",0.08584757099450296,0.032631253313478124,1,1,
Combined,GPT-2,"grid position (1, 2)",0.062297923964563774,-0.04622559081950755,1,2,
Combined,GPT-2,"grid position (2, 0)",0.0951863963147601,0.028635352941209315,2,0,
Combined,GPT-2,"grid position (2, 1)",0.08010789800764971,0.06187788281052696,2,1,
Combined,GPT-2,"grid position (2, 2)",0.07197797971372889,0.07220161992636527,2,2,
Combined,GPT-2,"grid position (0, 0)",0.0815750100856194,0.13571371896188889,0,0,
Combined,GPT-2,"grid position (0, 1)",0.03475042104460245,-0.03200862167488825,0,1,
Combined,GPT-2,"grid position (0, 2)",-0.0010230842245902254,-0.1341210432841643,0,2,
Combined,GPT-2,"grid position (1, 0)",0.11383609155188189,0.11317975206936941,1,0,
Combined,GPT-2,"grid position (1, 1)",0.033578579325633885,-0.015780198931546717,1,1,
Combined,GPT-2,"grid position (1, 2)",-0.0790903081466414,-0.17454508986429734,1,2,
Combined,GPT-2,"grid position (2, 0)",0.10699001875167283,0.08503003959995468,2,0,
Combined,GPT-2,"grid position (2, 1)",-0.377933535891836,0.04198883329980157,2,1,
Combined,GPT-2,"grid position (2, 2)",0.061951023576628655,-0.004687079751211511,2,2,
Combined,GPT-2,"grid position (0, 0)",0.10127786562884164,0.05088846768832951,0,0,
Combined,GPT-2,"grid position (0, 1)",0.12494077335258484,0.05214401401539929,0,1,
Combined,GPT-2,"grid position (0, 2)",0.08980079575201877,0.03316618622378283,0,2,
Combined,GPT-2,"grid position (1, 0)",0.09927681530341378,0.02313054371742745,1,0,
Combined,GPT-2,"grid position (1, 1)",0.09109742553420927,0.005075050872965771,1,1,
Combined,GPT-2,"grid position (1, 2)",0.11233485099184158,0.06783682722629296,1,2,
Combined,GPT-2,"grid position (2, 0)",0.009471517757656596,-0.10113004043498945,2,0,
Combined,GPT-2,"grid position (2, 1)",-0.5182001299851072,0.008045476534092589,2,1,
Combined,GPT-2,"grid position (2, 2)",0.055542143161475266,-0.02281501750623644,2,2,
Combined,GPT-2,"grid position (0, 0)",0.06251463067345174,-0.09663177865408323,0,0,
Combined,GPT-2,"grid position (0, 1)",0.06950504045893086,-0.02663245616872673,0,1,
Combined,GPT-2,"grid position (0, 2)",-0.6666622956011758,0.03914337814626138,0,2,
Combined,GPT-2,"grid position (1, 0)",0.10583767312246312,-0.078798765272386,1,0,
Combined,GPT-2,"grid position (1, 1)",0.07778687514655307,-0.06523873540485059,1,1,
Combined,GPT-2,"grid position (1, 2)",0.08622987334909088,-0.002156930612962438,1,2,
Combined,GPT-2,"grid position (2, 0)",0.1220538784323907,0.009872958890322277,2,0,
Combined,GPT-2,"grid position (2, 1)",0.11616606328496228,0.05887845541540115,2,1,
Combined,GPT-2,"grid position (2, 2)",0.11878841235660266,0.0920721028199679,2,2,
Combined,GPT-2,"grid position (0, 0)",0.07525586714021743,0.00952987835261433,0,0,
Combined,GPT-2,"grid position (0, 1)",0.0812562742290159,-0.026143079740583913,0,1,
Combined,GPT-2,"grid position (0, 2)",-0.010513775187026852,-0.14416801441952978,0,2,
Combined,GPT-2,"grid position (1, 0)",0.10973919094652007,0.004300998029637404,1,0,
Combined,GPT-2,"grid position (1, 1)",0.05589597613945231,-0.0181913123848196,1,1,
Combined,GPT-2,"grid position (1, 2)",-0.03427382884310491,-0.1089663516107302,1,2,
Combined,GPT-2,"grid position (2, 0)",0.10864694185055042,-0.011927286932343647,2,0,
Combined,GPT-2,"grid position (2, 1)",-0.5900291599525535,0.01917153172857512,2,1,
Combined,GPT-2,"grid position (2, 2)",-0.02296347961179283,-0.09629014473904748,2,2,
Combined,GPT-2,"grid position (0, 0)",0.07619911175993083,-0.0023197900154180886,0,0,
Combined,GPT-2,"grid position (0, 1)",0.086022261720915,-0.007799703200830109,0,1,
Combined,GPT-2,"grid position (0, 2)",0.0560985533196816,0.01746302833106143,0,2,
Combined,GPT-2,"grid position (1, 0)",0.05146076083944406,-0.08395804574214961,1,0,
Combined,GPT-2,"grid position (1, 1)",0.09038843560694788,0.05681724636879462,1,1,
Combined,GPT-2,"grid position (1, 2)",0.057590068458845296,0.1389419686172717,1,2,
Combined,GPT-2,"grid position (2, 0)",-0.0019532218172839126,-0.12008964167396227,2,0,
Combined,GPT-2,"grid position (2, 1)",-0.578801853019976,0.06556079010443833,2,1,
Combined,GPT-2,"grid position (2, 2)",0.0568842700523936,0.13923973838974818,2,2,
Combined,GPT-2,"grid position (0, 0)",0.0858279335638338,0.07279992406291308,0,0,
Combined,GPT-2,"grid position (0, 1)",0.05022164696483806,-0.020092652739903436,0,1,
Combined,GPT-2,"grid position (0, 2)",-0.05436892790927097,-0.21464495163552727,0,2,
Combined,GPT-2,"grid position (1, 0)",0.12468336295716537,0.08376344829574973,1,0,
Combined,GPT-2,"grid position (1, 1)",0.0836010102398234,-0.0008769998163008534,1,1,
Combined,GPT-2,"grid position (1, 2)",-0.07140874488761978,-0.21237312897033622,1,2,
Combined,GPT-2,"grid position (2, 0)",0.11727536324014753,0.06601255481980652,2,0,
Combined,GPT-2,"grid position (2, 1)",0.07413498509697966,0.02915700401651369,2,1,
Combined,GPT-2,"grid position (2, 2)",-0.7148503079724053,0.03837891119484107,2,2,
Combined,GPT-2,"grid position (0, 0)",-0.47776979898145583,0.035053862645933215,0,0,
Combined,GPT-2,"grid position (0, 1)",0.07722239432161652,0.023499626876861163,0,1,
Combined,GPT-2,"grid position (0, 2)",0.0973787411641843,0.08078697197244467,0,2,
Combined,GPT-2,"grid position (1, 0)",0.06484158339872784,-0.022426355515687942,1,0,
Combined,GPT-2,"grid position (1, 1)",0.06639278494127535,-0.028018347186171428,1,1,
Combined,GPT-2,"grid position (1, 2)",0.10047596751018067,0.02265026841659478,1,2,
Combined,GPT-2,"grid position (2, 0)",0.051799022313494474,-0.03127516807686719,2,0,
Combined,GPT-2,"grid position (2, 1)",0.09239340983370342,0.04084748810057022,2,1,
Combined,GPT-2,"grid position (2, 2)",0.08485739090931782,0.03061183383067186,2,2,
Combined,GPT-2,"grid position (0, 0)",-0.5519317158122004,0.059810151416437626,0,0,
Combined,GPT-2,"grid position (0, 1)",0.043590125298996384,-0.009603399668010628,0,1,
Combined,GPT-2,"grid position (0, 2)",0.10968470545429349,0.02987631025169426,0,2,
Combined,GPT-2,"grid position (1, 0)",0.06937776006865694,0.004118008327244381,1,0,
Combined,GPT-2,"grid position (1, 1)",0.04643665084853131,-0.0754362841453662,1,1,
Combined,GPT-2,"grid position (1, 2)",0.10507418166878658,0.019800498540842686,1,2,
Combined,GPT-2,"grid position (2, 0)",0.07625459551940533,0.00634392936245771,2,0,
Combined,GPT-2,"grid position (2, 1)",0.049187735489362935,-0.09461360647212934,2,1,
Combined,GPT-2,"grid position (2, 2)",0.0840154764111307,-0.007774001890908717,2,2,
Combined,GPT-2,"grid position (0, 0)",0.053447934091169755,0.02246859642723105,0,0,
Combined,GPT-2,"grid position (0, 1)",0.0818514402696213,0.05108123757641565,0,1,
Combined,GPT-2,"grid position (0, 2)",0.07395095952169733,0.03983776794818166,0,2,
Combined,GPT-2,"grid position (1, 0)",0.053736998525146476,-0.05868044674449121,1,0,
Combined,GPT-2,"grid position (1, 1)",0.0708487775828811,0.0065110079075962665,1,1,
Combined,GPT-2,"grid position (1, 2)",-0.4649965848610619,0.017356892332283925,1,2,
Combined,GPT-2,"grid position (2, 0)",0.05247996619026311,-0.05005295434340386,2,0,
Combined,GPT-2,"grid position (2, 1)",0.06822965474636644,-0.02460474402378653,2,1,
Combined,GPT-2,"grid position (2, 2)",0.060723256833365005,-0.08044475275383763,2,2,
Combined,GPT-2,"grid position (0, 0)",0.037875539694427356,0.013353641861728001,0,0,
Combined,GPT-2,"grid position (0, 1)",0.011075459427061167,-0.026957710319858892,0,1,
Combined,GPT-2,"grid position (0, 2)",0.07650113479255258,-0.041232102728152406,0,2,
Combined,GPT-2,"grid position (1, 0)",0.093930925151514,0.02718414255277015,1,0,
Combined,GPT-2,"grid position (1, 1)",0.04821920588308902,-0.0694524566978711,1,1,
Combined,GPT-2,"grid position (1, 2)",0.07496365780826172,-0.08557867076364,1,2,
Combined,GPT-2,"grid position (2, 0)",0.06811428404353,0.0559736193801359,2,0,
Combined,GPT-2,"grid position (2, 1)",-0.5025559830705199,0.03446180241973036,2,1,
Combined,GPT-2,"grid position (2, 2)",0.0788716410175808,-0.009079371512921399,2,2,
Combined,GPT-2,"grid position (0, 0)",0.02644606301616025,0.08665730462958511,0,0,
Combined,GPT-2,"grid position (0, 1)",0.06308387079077403,0.03581142236908901,0,1,
Combined,GPT-2,"grid position (0, 2)",0.033559580966076905,-0.14150615786313828,0,2,
Combined,GPT-2,"grid position (1, 0)",0.0024718968878382984,-0.04672231456288132,1,0,
Combined,GPT-2,"grid position (1, 1)",0.051330507802137715,0.03050097534014285,1,1,
Combined,GPT-2,"grid position (1, 2)",0.09103558523405386,-0.021587412686018256,1,2,
Combined,GPT-2,"grid position (2, 0)",0.01982732361753734,-0.018334125465486233,2,0,
Combined,GPT-2,"grid position (2, 1)",0.05481087052410497,0.020357636002782176,2,1,
Combined,GPT-2,"grid position (2, 2)",-0.4744502586727614,0.04175425968445375,2,2,
Combined,GPT-2,"grid position (0, 0)",-0.1774133665131224,-0.23222308130042726,0,0,
Combined,GPT-2,"grid position (0, 1)",0.024679950287558924,-0.007783197957163291,0,1,
Combined,GPT-2,"grid position (0, 2)",0.0785623721904997,-0.02660388981184139,0,2,
Combined,GPT-2,"grid position (1, 0)",-0.021201497232147808,-0.13649368498835726,1,0,
Combined,GPT-2,"grid position (1, 1)",0.10244277033631911,0.031115569046040736,1,1,
Combined,GPT-2,"grid position (1, 2)",0.11866958392115552,0.008385463083557452,1,2,
Combined,GPT-2,"grid position (2, 0)",-0.6248257525281355,0.028341585958611155,2,0,
Combined,GPT-2,"grid position (2, 1)",0.12559332449818916,0.04520422891441057,2,1,
Combined,GPT-2,"grid position (2, 2)",0.14266884067776656,0.09765816996265562,2,2,
Combined,GPT-2,"grid position (0, 0)",-0.11210517022704902,-0.2661742303024725,0,0,
Combined,GPT-2,"grid position (0, 1)",0.11172057511346088,0.07165105480854352,0,1,
Combined,GPT-2,"grid position (0, 2)",0.12809190048172656,0.056190023796113334,0,2,
Combined,GPT-2,"grid position (1, 0)",-0.5378761687022212,-0.008802062862952478,1,0,
Combined,GPT-2,"grid position (1, 1)",0.11195553152533103,0.010640895785765615,1,1,
Combined,GPT-2,"grid position (1, 2)",0.1403521110298865,0.03087375092170054,1,2,
Combined,GPT-2,"grid position (2, 0)",0.037893728934043996,-0.047099805093507995,2,0,
Combined,GPT-2,"grid position (2, 1)",0.09721943122124087,0.0279365538937182,2,1,
Combined,GPT-2,"grid position (2, 2)",0.050058109156681324,0.0441081485650409,2,2,
Combined,GPT-2,"grid position (0, 0)",0.06404534344144773,-0.015375401636998664,0,0,
Combined,GPT-2,"grid position (0, 1)",0.08871485050887018,0.006712765071142022,0,1,
Combined,GPT-2,"grid position (0, 2)",0.037651566238373214,-0.07064079773502704,0,2,
Combined,GPT-2,"grid position (1, 0)",0.11590044399277473,0.07718744793696161,1,0,
Combined,GPT-2,"grid position (1, 1)",0.12784105493686324,0.04584268314281834,1,1,
Combined,GPT-2,"grid position (1, 2)",-0.014198978054224062,-0.20837023910445893,1,2,
Combined,GPT-2,"grid position (2, 0)",-0.5872567794322849,0.0657001137295907,2,0,
Combined,GPT-2,"grid position (2, 1)",0.096991851856899,0.050104346416228566,2,1,
Combined,GPT-2,"grid position (2, 2)",-0.04715502724763303,-0.2417006735849475,2,2,
Combined,GPT-2,"grid position (0, 0)",0.01529106107231497,-0.03633695042762462,0,0,
Combined,GPT-2,"grid position (0, 1)",0.05908851430583203,0.06723060586196325,0,1,
Combined,GPT-2,"grid position (0, 2)",0.02911068167852772,0.023999964145633323,0,2,
Combined,GPT-2,"grid position (1, 0)",0.06445093308198628,-0.057494468079156216,1,0,
Combined,GPT-2,"grid position (1, 1)",0.08301142904635883,-0.01410024634667762,1,1,
Combined,GPT-2,"grid position (1, 2)",-0.5297022814082365,0.03738426358746829,1,2,
Combined,GPT-2,"grid position (2, 0)",0.07254052526771453,-0.052166283503632574,2,0,
Combined,GPT-2,"grid position (2, 1)",0.079404221359144,-0.07074047673551334,2,1,
Combined,GPT-2,"grid position (2, 2)",0.12466874886772389,0.04751947213054529,2,2,
Combined,GPT-2,"grid position (0, 0)",0.05361084219428645,0.07843838124360744,0,0,
Combined,GPT-2,"grid position (0, 1)",0.07961808999338851,0.04626891423681631,0,1,
Combined,GPT-2,"grid position (0, 2)",0.0329628903336119,0.031122101650901728,0,2,
Combined,GPT-2,"grid position (1, 0)",0.048061378071899384,0.012389497319091346,1,0,
Combined,GPT-2,"grid position (1, 1)",0.06556026069089659,-0.06280421864144693,1,1,
Combined,GPT-2,"grid position (1, 2)",0.07072599097069046,0.02279494537545642,1,2,
Combined,GPT-2,"grid position (2, 0)",0.021823254219755128,-0.0794373085470213,2,0,
Combined,GPT-2,"grid position (2, 1)",-0.4409499534397458,-0.02072358333372929,2,1,
Combined,GPT-2,"grid position (2, 2)",0.040645380613630634,-0.04050490743026224,2,2,
Combined,GPT-2,"grid position (0, 0)",0.06002452172615537,0.036804317858629046,0,0,
Combined,GPT-2,"grid position (0, 1)",0.062093479576628946,-0.04460950072836085,0,1,
Combined,GPT-2,"grid position (0, 2)",0.08140430901439122,-0.004444625015953721,0,2,
Combined,GPT-2,"grid position (1, 0)",0.10524730901028376,0.027956061597835022,1,0,
Combined,GPT-2,"grid position (1, 1)",0.11136471959077866,0.04897869883148499,1,1,
Combined,GPT-2,"grid position (1, 2)",0.11268661319096429,0.06849070867631196,1,2,
Combined,GPT-2,"grid position (2, 0)",-0.592414380796273,0.024023599242984476,2,0,
Combined,GPT-2,"grid position (2, 1)",-0.01749149072171754,-0.0916349099634201,2,1,
Combined,GPT-2,"grid position (2, 2)",0.07687574361624837,0.02456105411305653,2,2,
Combined,GPT-2,"grid position (0, 0)",0.10585171572037436,0.018742194122048077,0,0,
Combined,GPT-2,"grid position (0, 1)",0.0971496618176426,0.03868722573826693,0,1,
Combined,GPT-2,"grid position (0, 2)",0.03626428142804726,-0.030502886822408995,0,2,
Combined,GPT-2,"grid position (1, 0)",0.08524940124163775,-0.047491142118840673,1,0,
Combined,GPT-2,"grid position (1, 1)",0.13215249559792247,0.007783276555313616,1,1,
Combined,GPT-2,"grid position (1, 2)",-0.5121103482946179,0.017761734690641132,1,2,
Combined,GPT-2,"grid position (2, 0)",0.036904204827620156,-0.14163761111377454,2,0,
Combined,GPT-2,"grid position (2, 1)",0.08421783144980151,-0.07463944624986084,2,1,
Combined,GPT-2,"grid position (2, 2)",0.1054271807391869,0.03487317244929871,2,2,
Combined,GPT-2,"grid position (0, 0)",0.04973606028447833,-0.091917321968789,0,0,
Combined,GPT-2,"grid position (0, 1)",0.07159261950370517,-0.03367959595265391,0,1,
Combined,GPT-2,"grid position (0, 2)",-0.006410395705288774,0.007201675084602393,0,2,
Combined,GPT-2,"grid position (1, 0)",0.08432388324435733,-0.0313160607750638,1,0,
Combined,GPT-2,"grid position (1, 1)",-0.33325661671610535,0.012983330286290565,1,1,
Combined,GPT-2,"grid position (1, 2)",0.04511951700283021,-0.038860738311383994,1,2,
Combined,GPT-2,"grid position (2, 0)",0.05767336150480059,-0.04843758763274927,2,0,
Combined,GPT-2,"grid position (2, 1)",0.03885894512320203,-0.04618649659186873,2,1,
Combined,GPT-2,"grid position (2, 2)",0.012873913837526835,0.014840077424317255,2,2,
Combined,GPT-2,"grid position (0, 0)",0.07461437816007212,0.12505548756845264,0,0,
Combined,GPT-2,"grid position (0, 1)",-0.4429107303168079,0.005876191712143356,0,1,
Combined,GPT-2,"grid position (0, 2)",-0.024585019832143083,-0.118201470571492,0,2,
Combined,GPT-2,"grid position (1, 0)",0.1001872684526774,0.017279105385912732,1,0,
Combined,GPT-2,"grid position (1, 1)",0.07541815865058588,-0.011281878303624733,1,1,
Combined,GPT-2,"grid position (1, 2)",0.05995212557956172,-0.0015446989214377266,1,2,
Combined,GPT-2,"grid position (2, 0)",0.0816460813726483,-0.007767671883942242,2,0,
Combined,GPT-2,"grid position (2, 1)",0.09661415525560553,0.062195738166779285,2,1,
Combined,GPT-2,"grid position (2, 2)",0.08773025681077536,0.08417078335870866,2,2,
Combined,GPT-2,"grid position (0, 1)",0.0532540916066004,-0.0009582079949970838,0,1,
Combined,GPT-2,"grid position (0, 2)",-0.015168153829539845,-0.018891539857292177,0,2,
Combined,GPT-2,"grid position (1, 0)",0.06439051702945048,-0.054818553942459554,1,0,
Combined,GPT-2,"grid position (1, 1)",0.06539441720387863,-0.010876275831151229,1,1,
Combined,GPT-2,"grid position (1, 2)",0.005269178300040165,-0.030693189858291316,1,2,
Combined,GPT-2,"grid position (2, 0)",0.07922774617235287,0.040469700143560945,2,0,
Combined,GPT-2,"grid position (2, 1)",0.09436492644836281,0.07900771394005461,2,1,
Combined,GPT-2,"grid position (2, 2)",-0.503287443854174,0.06313042446307131,2,2,
Combined,GPT-2,"grid position (0, 0)",0.09560713054484005,0.07244210449800786,0,0,
Combined,GPT-2,"grid position (0, 1)",-0.49273004960719363,0.03913423667985103,0,1,
Combined,GPT-2,"grid position (0, 2)",-0.05046732738109025,-0.010359393902800523,0,2,
Combined,GPT-2,"grid position (1, 0)",0.08978474653587078,0.03508919050197877,1,0,
Combined,GPT-2,"grid position (1, 1)",0.07547901484517773,-0.029288380529896157,1,1,
Combined,GPT-2,"grid position (1, 2)",0.026731847831067773,0.11315486869813975,1,2,
Combined,GPT-2,"grid position (2, 0)",0.018285068402568636,-0.0027401696371522634,2,0,
Combined,GPT-2,"grid position (2, 1)",0.04128745229528191,-0.06961883506928992,2,1,
Combined,GPT-2,"grid position (2, 2)",0.02738956404964072,-0.05738163181513413,2,2,
Combined,GPT-2,"grid position (0, 0)",0.018153887570379338,-0.06145815148467,0,0,
Combined,GPT-2,"grid position (0, 1)",0.05958413734032384,0.0005193077737683287,0,1,
Combined,GPT-2,"grid position (0, 2)",0.08438512485068099,-0.00520575174680595,0,2,
Combined,GPT-2,"grid position (1, 0)",0.035467895514891226,-0.09502267062319192,1,0,
Combined,GPT-2,"grid position (1, 1)",0.04677440808810911,-0.020176528380606525,1,1,
Combined,GPT-2,"grid position (1, 2)",0.09040857589967317,0.013644321651501841,1,2,
Combined,GPT-2,"grid position (2, 0)",-0.5220347714723155,0.0206374217862607,2,0,
Combined,GPT-2,"grid position (2, 1)",0.06837728291315974,0.02644721842250775,2,1,
Combined,GPT-2,"grid position (2, 2)",0.06426904737645309,0.13557073742622183,2,2,
Combined,GPT-2,"grid position (0, 0)",0.014738436097223234,-0.12972027749709716,0,0,
Combined,GPT-2,"grid position (0, 1)",0.03301389005210002,-0.03770613988092272,0,1,
Combined,GPT-2,"grid position (0, 2)",0.06678174867551259,0.12442435625739894,0,2,
Combined,GPT-2,"grid position (1, 0)",-0.3065282308307573,-0.02051010032744917,1,0,
Combined,GPT-2,"grid position (1, 1)",0.07004969161600627,0.08560531031494328,1,1,
Combined,GPT-2,"grid position (1, 2)",0.0894079279824333,0.09196896123827927,1,2,
Combined,GPT-2,"grid position (2, 0)",0.07443579284669981,0.0023912222679989695,2,0,
Combined,GPT-2,"grid position (2, 1)",0.06703634114600629,0.049890781155047643,2,1,
Combined,GPT-2,"grid position (2, 2)",0.06132004590568043,0.0895630336369119,2,2,
Combined,GPT-2,"grid position (0, 0)",0.0869320264856419,0.018237247757303253,0,0,
Combined,GPT-2,"grid position (0, 1)",0.06261550545973336,0.023966446653410058,0,1,
Combined,GPT-2,"grid position (0, 2)",0.06779847856485194,0.07578432667125798,0,2,
Combined,GPT-2,"grid position (1, 0)",0.1021505543967279,0.02040235403201194,1,0,
Combined,GPT-2,"grid position (1, 1)",0.09051702955387404,0.05550249305141463,1,1,
Combined,GPT-2,"grid position (1, 2)",-0.621141707946803,0.05759315523710637,1,2,
Combined,GPT-2,"grid position (2, 0)",0.031109283190088884,-0.04249077692239882,2,0,
Combined,GPT-2,"grid position (2, 1)",0.0008922330246356555,-0.10809982035844508,2,1,
Combined,GPT-2,"grid position (2, 2)",-0.03937710291185989,-0.17933099039268446,2,2,
Combined,GPT-2,"grid position (0, 0)",0.0753401094407994,0.04735885136725074,0,0,
Combined,GPT-2,"grid position (0, 1)",0.04643046050178055,-0.054512030549060564,0,1,
Combined,GPT-2,"grid position (0, 2)",0.017527459951245293,-0.10014958439004827,0,2,
Combined,GPT-2,"grid position (1, 0)",0.05191380736307168,0.050777745900690084,1,0,
Combined,GPT-2,"grid position (1, 1)",-0.518419046373401,0.015635851527779732,1,1,
Combined,GPT-2,"grid position (1, 2)",0.055088415210199845,-0.05135219505472819,1,2,
Combined,GPT-2,"grid position (2, 0)",0.03487685856191414,0.0635337338510278,2,0,
Combined,GPT-2,"grid position (2, 1)",0.07333454153873734,0.08372423700323764,2,1,
Combined,GPT-2,"grid position (2, 2)",0.04127396595372328,0.04345972555265419,2,2,
Combined,GPT-2,"grid position (0, 0)",-0.018653735052534252,-0.18718247929952617,0,0,
Combined,GPT-2,"grid position (0, 1)",-0.010361018777813404,-0.11110105347311561,0,1,
Combined,GPT-2,"grid position (1, 0)",-0.264165513149055,-0.004749599125294265,1,0,
Combined,GPT-2,"grid position (1, 1)",0.11958242408874223,0.07334494251275313,1,1,
Combined,GPT-2,"grid position (1, 2)",0.06334405056873409,0.09000442843620374,1,2,
Combined,GPT-2,"grid position (2, 0)",0.09593626148974196,0.06259409151610813,2,0,
Combined,GPT-2,"grid position (2, 1)",0.09707714404478512,0.07523738122935549,2,1,
Combined,GPT-2,"grid position (2, 2)",0.013105790358792469,0.10775790421061278,2,2,
Combined,GPT-2,"grid position (0, 0)",0.0687289282398714,0.0032930257355701527,0,0,
Combined,GPT-2,"grid position (0, 1)",0.06547394972398915,0.03183851735278095,0,1,
Combined,GPT-2,"grid position (0, 2)",0.07650741811616506,0.0332839691710593,0,2,
Combined,GPT-2,"grid position (1, 0)",0.04565467516998248,-0.09418934749046645,1,0,
Combined,GPT-2,"grid position (1, 1)",-0.5042331863643965,0.0030685013950782617,1,1,
Combined,GPT-2,"grid position (1, 2)",0.09714485611258096,0.07626031189713776,1,2,
Combined,GPT-2,"grid position (2, 0)",0.03370833654868812,-0.1395424040289195,2,0,
Combined,GPT-2,"grid position (2, 1)",0.020427009304100248,-0.08740364383169417,2,1,
Combined,GPT-2,"grid position (2, 2)",0.06367599593639754,0.01573184299987841,2,2,
Combined,GPT-2,"grid position (0, 0)",0.03491810328962902,-0.05738871429802014,0,0,
Combined,GPT-2,"grid position (0, 1)",0.10155096101110517,0.027352702141219536,0,1,
Combined,GPT-2,"grid position (0, 2)",0.14130104695251197,0.023152349999022503,0,2,
Combined,GPT-2,"grid position (1, 0)",0.03866722877325026,-0.06840521882588067,1,0,
Combined,GPT-2,"grid position (1, 1)",0.08313802787901245,0.0034837681436447002,1,1,
Combined,GPT-2,"grid position (1, 2)",0.0953873261777985,-0.05284040428705179,1,2,
Combined,GPT-2,"grid position (2, 0)",-0.055421732605757223,-0.2151151609331186,2,0,
Combined,GPT-2,"grid position (2, 1)",-0.6643268297044209,0.05298166948456274,2,1,
Combined,GPT-2,"grid position (2, 2)",0.03180855645951049,0.07153198887236478,2,2,
Combined,GPT-2,"grid position (0, 0)",-0.07310581056146671,-0.09801800873596361,0,0,
Combined,GPT-2,"grid position (0, 1)",-0.5723442707387253,0.04369257927831604,0,1,
Combined,GPT-2,"grid position (0, 2)",0.0476695402382883,0.027659671267291987,0,2,
Combined,GPT-2,"grid position (1, 0)",-0.01790628253177943,-0.12732571566391743,1,0,
Combined,GPT-2,"grid position (1, 1)",0.07231279934921056,-0.023006446223067058,1,1,
Combined,GPT-2,"grid position (1, 2)",0.0959387525049601,0.014212848032838293,1,2,
Combined,GPT-2,"grid position (2, 0)",0.09356842778415346,0.06657539724540651,2,0,
Combined,GPT-2,"grid position (2, 1)",0.09905952469014863,0.032475778693890046,2,1,
Combined,GPT-2,"grid position (2, 2)",0.0665682139565508,-0.05713339503381662,2,2,
Combined,GPT-2,"grid position (0, 0)",0.08206554254142198,-0.03095191990567841,0,0,
Combined,GPT-2,"grid position (0, 1)",0.0947894969145353,0.03539587281144569,0,1,
Combined,GPT-2,"grid position (0, 2)",0.005572266367172779,-0.0889298410664919,0,2,
Combined,GPT-2,"grid position (1, 0)",0.05894794704484703,-0.08021524017094185,1,0,
Combined,GPT-2,"grid position (1, 1)",0.10530796430900567,0.0061161677895984565,1,1,
Combined,GPT-2,"grid position (1, 2)",-0.5905407275670679,0.02646612137077149,1,2,
Combined,GPT-2,"grid position (2, 0)",0.04999290491128462,0.032340506665951334,2,0,
Combined,GPT-2,"grid position (2, 1)",0.12157559933009769,0.09525747307793206,2,1,
Combined,GPT-2,"grid position (2, 2)",0.04819047294204265,0.06413792315881561,2,2,
Combined,GPT-2,"grid position (0, 0)",-0.059857570674519314,-0.20884162160142813,0,0,
Combined,GPT-2,"grid position (0, 1)",0.03698863970120098,-0.017499336248992248,0,1,
Combined,GPT-2,"grid position (0, 2)",0.12535016907915114,0.03300530763748139,0,2,
Combined,GPT-2,"grid position (1, 0)",-0.6303372394366746,-0.010773651093823871,1,0,
Combined,GPT-2,"grid position (1, 1)",0.08014475273703928,-0.031422575888876564,1,1,
Combined,GPT-2,"grid position (1, 2)",0.15445691995710614,0.0715891710790331,1,2,
Combined,GPT-2,"grid position (2, 1)",0.07935236166490335,-0.06595991103804863,2,1,
Combined,GPT-2,"grid position (2, 2)",0.13882816782367402,0.04225758578003137,2,2,
Combined,GPT-2,"grid position (0, 0)",0.05303092794060132,0.1343285537653081,0,0,
Combined,GPT-2,"grid position (0, 1)",0.039000007251638734,0.041887092542354946,0,1,
Combined,GPT-2,"grid position (0, 2)",0.0966968051786041,0.016466150554399126,0,2,
Combined,GPT-2,"grid position (1, 0)",0.08139182336625841,0.06536220475012658,1,0,
Combined,GPT-2,"grid position (1, 1)",-0.5329816477374155,-0.006294298271198327,1,1,
Combined,GPT-2,"grid position (1, 2)",0.040443786279565366,-0.08880442752892323,1,2,
Combined,GPT-2,"grid position (2, 0)",0.03281178200365477,-0.03433739568873172,2,0,
Combined,GPT-2,"grid position (2, 1)",0.014784710938230748,-0.0769362537458839,2,1,
Combined,GPT-2,"grid position (2, 2)",0.05034917564454295,-0.09506008792004726,2,2,
Combined,GPT-2,"grid position (0, 0)",0.09861293159135825,0.036070960912015775,0,0,
Combined,GPT-2,"grid position (0, 1)",0.084200260244062,0.0281542345990337,0,1,
Combined,GPT-2,"grid position (0, 2)",0.11888654365374009,0.09356255416158578,0,2,
Combined,GPT-2,"grid position (1, 0)",-0.2934824953181556,-0.015282422425443212,1,0,
Combined,GPT-2,"grid position (1, 1)",0.09237247912783564,-0.017382983525354893,1,1,
Combined,GPT-2,"grid position (1, 2)",0.09021960832675809,0.03321801101750301,1,2,
Combined,GPT-2,"grid position (2, 0)",-0.09300707560414581,-0.16963422205255796,2,0,
Combined,GPT-2,"grid position (2, 1)",-0.09566958060707412,-0.14954767354959014,2,1,
Combined,GPT-2,"grid position (2, 2)",0.023550115530193913,-0.047013884473844955,2,2,
Combined,GPT-2,"grid position (0, 0)",0.11790516807582202,0.037321391942469806,0,0,
Combined,GPT-2,"grid position (0, 1)",-0.5395703307925036,0.06266678782473303,0,1,
Combined,GPT-2,"grid position (0, 2)",0.07480672425989135,0.06561415163540012,0,2,
Combined,GPT-2,"grid position (1, 0)",0.1274165916183498,0.06256277290782172,1,0,
Combined,GPT-2,"grid position (1, 1)",0.06038020771044816,0.006082282698739348,1,1,
Combined,GPT-2,"grid position (1, 2)",0.05845650330624095,-0.0050012716744046,1,2,
Combined,GPT-2,"grid position (2, 0)",0.06553269396718907,0.004682832848138251,2,0,
Combined,GPT-2,"grid position (2, 1)",0.0656887303914345,-0.014543912824595771,2,1,
Combined,GPT-2,"grid position (2, 2)",0.04322307250440794,-0.09421693767240003,2,2,
Combined,GPT-2,"grid position (0, 0)",0.04440984379158186,-0.07903120815626886,0,0,
Combined,GPT-2,"grid position (0, 1)",0.016258999214020443,-0.011419583297877654,0,1,
Combined,GPT-2,"grid position (0, 2)",0.07190060069444551,-0.01035469228807267,0,2,
Combined,GPT-2,"grid position (1, 0)",0.056390709036993183,-0.05562138102993422,1,0,
Combined,GPT-2,"grid position (1, 1)",0.02883855819021618,-0.05490370128337461,1,1,
Combined,GPT-2,"grid position (1, 2)",0.06346926205187534,-0.018128047936455935,1,2,
Combined,GPT-2,"grid position (2, 1)",-0.6171395422889625,0.042062844687956305,2,1,
Combined,GPT-2,"grid position (2, 2)",0.04501219329262568,0.04072803535647531,2,2,
Combined,GPT-2,"grid position (0, 0)",0.08869750025910424,0.007959827054473565,0,0,
Combined,GPT-2,"grid position (0, 1)",0.08832397988584423,0.031087885954906417,0,1,
Combined,GPT-2,"grid position (0, 2)",-0.5477060870921278,0.054842095473819,0,2,
Combined,GPT-2,"grid position (1, 0)",0.06637439861493451,-0.01930957544732292,1,0,
Combined,GPT-2,"grid position (1, 1)",-0.0055477531351357055,-0.10411758105688786,1,1,
Combined,GPT-2,"grid position (1, 2)",0.03380854933530691,0.02168831925900469,1,2,
Combined,GPT-2,"grid position (2, 0)",0.03344844676184145,-0.06272404260456162,2,0,
Combined,GPT-2,"grid position (2, 1)",0.031859485432604556,-0.08779540878596552,2,1,
Combined,GPT-2,"grid position (2, 2)",0.004086947053551261,-0.004475442564480881,2,2,
Combined,GPT-2,"grid position (0, 0)",0.10774995770043885,-0.001728032814197191,0,0,
Combined,GPT-2,"grid position (0, 1)",-0.4685616481960628,0.028594399053536546,0,1,
Combined,GPT-2,"grid position (1, 0)",0.1053502255585395,-0.0277158698303069,1,0,
Combined,GPT-2,"grid position (1, 1)",0.04514514887493767,0.00019212914934171866,1,1,
Combined,GPT-2,"grid position (1, 2)",0.0734764585548518,0.040020128241006224,1,2,
Combined,GPT-2,"grid position (2, 0)",0.07255547090498224,-0.04651598118594263,2,0,
Combined,GPT-2,"grid position (2, 1)",0.06740060774367136,0.0030504770723595244,2,1,
Combined,GPT-2,"grid position (2, 2)",0.0657860762539602,0.05408932967115507,2,2,
Combined,GPT-2,"grid position (0, 0)",0.048439315389863895,0.048932159902783295,0,0,
Combined,GPT-2,"grid position (0, 1)",0.06737367161929736,0.020678445747710883,0,1,
Combined,GPT-2,"grid position (0, 2)",-0.5877272330167175,0.04561329729587574,0,2,
Combined,GPT-2,"grid position (1, 0)",0.0335584545973466,-0.07092084499428553,1,0,
Combined,GPT-2,"grid position (1, 1)",0.09768484600111754,0.026140432640414546,1,1,
Combined,GPT-2,"grid position (1, 2)",0.09851852877603619,-0.009108784977801595,1,2,
Combined,GPT-2,"grid position (2, 1)",0.06739272054029731,0.018043732346597955,2,1,
Combined,GPT-2,"grid position (2, 2)",0.07014638757098086,-0.028781374491117152,2,2,
Combined,GPT-2,"grid position (0, 0)",0.0657284824941279,-0.021830195222706187,0,0,
Combined,GPT-2,"grid position (0, 1)",0.07426580677439615,0.005691508387181678,0,1,
Combined,GPT-2,"grid position (0, 2)",0.06764298407214155,0.0042759779330588926,0,2,
Combined,GPT-2,"grid position (1, 0)",-0.00037205944796207477,-0.1208922586816402,1,0,
Combined,GPT-2,"grid position (1, 1)",-0.5208979133200535,0.05011671104333206,1,1,
Combined,GPT-2,"grid position (1, 2)",0.06650381131190478,0.07244635023140979,1,2,
Combined,GPT-2,"grid position (2, 0)",-0.0022151196222410627,-0.11312768604098564,2,0,
Combined,GPT-2,"grid position (2, 1)",0.06694306792303756,0.08748333758069374,2,1,
Combined,GPT-2,"grid position (2, 2)",0.045357735187928974,0.07349962979471271,2,2,
Combined,GPT-2,"grid position (0, 0)",0.10695024914755114,0.07570941092755766,0,0,
Combined,GPT-2,"grid position (0, 1)",0.09593233610540283,0.05333785876175724,0,1,
Combined,GPT-2,"grid position (0, 2)",0.0941292793116027,0.02319199622829152,0,2,
Combined,GPT-2,"grid position (1, 0)",0.11521923021440345,0.026867270057222885,1,0,
Combined,GPT-2,"grid position (1, 1)",0.06376987847753647,0.09668119683449942,1,1,
Combined,GPT-2,"grid position (1, 2)",0.008411188877715657,-0.1214831704380994,1,2,
Combined,GPT-2,"grid position (2, 0)",-0.4547507757228213,0.012522484991356225,2,0,
Combined,GPT-2,"grid position (2, 1)",-0.083155996876137,-0.13409319171663578,2,1,
Combined,GPT-2,"grid position (2, 2)",-0.13610388861154896,-0.23341692695471453,2,2,
Combined,GPT-2,"grid position (0, 0)",0.056506980524493655,0.03442148298800404,0,0,
Combined,GPT-2,"grid position (0, 1)",0.05924456080856582,-0.0372311769903973,0,1,
Combined,GPT-2,"grid position (0, 2)",0.0978233302484149,0.07194641366105461,0,2,
Combined,GPT-2,"grid position (1, 0)",0.07972896564848972,0.018767850704096225,1,0,
Combined,GPT-2,"grid position (1, 1)",-0.2617239098989168,0.007474086023447552,1,1,
Combined,GPT-2,"grid position (1, 2)",0.0777362124909042,-0.025006733035911593,1,2,
Combined,GPT-2,"grid position (2, 0)",0.03700043769514638,-0.04642395801937772,2,0,
Combined,GPT-2,"grid position (2, 1)",0.08876581753367975,-0.0707601118906704,2,1,
Combined,GPT-2,"grid position (2, 2)",0.06098710469902445,-0.06273405542864055,2,2,
Combined,GPT-2,"grid position (0, 0)",0.08358809738620021,0.0491681952670448,0,0,
Combined,GPT-2,"grid position (0, 1)",0.05602155736946492,-0.032553274705215074,0,1,
Combined,GPT-2,"grid position (0, 2)",0.02877302672305604,-0.0904747715872706,0,2,
Combined,GPT-2,"grid position (1, 0)",0.07953577125440628,0.011332730382212266,1,0,
Combined,GPT-2,"grid position (1, 1)",0.08661887816792768,0.001498221580156625,1,1,
Combined,GPT-2,"grid position (1, 2)",0.07594349962220141,0.04849344076410734,1,2,
Combined,GPT-2,"grid position (2, 0)",-0.6648106938558828,0.04008213728452969,2,0,
Combined,GPT-2,"grid position (2, 1)",-0.028780579124286568,-0.14172051661022825,2,1,
Combined,GPT-2,"grid position (2, 2)",-0.0599524461526484,-0.21938493248365173,2,2,
Combined,GPT-2,"grid position (0, 0)",-0.028215945283471783,-0.17588453378600824,0,0,
Combined,GPT-2,"grid position (0, 1)",0.005109447424687196,-0.06571969727725262,0,1,
Combined,GPT-2,"grid position (0, 2)",0.08559448567712546,1.9201505683359496e-07,0,2,
Combined,GPT-2,"grid position (1, 0)",0.02523509223251373,-0.047672053539323,1,0,
Combined,GPT-2,"grid position (1, 1)",-0.023471617886021142,-0.16921797624169715,1,1,
Combined,GPT-2,"grid position (1, 2)",-0.44810985097985195,0.007397981928154099,1,2,
Combined,GPT-2,"grid position (2, 0)",0.10448148742926416,0.1157834484989103,2,0,
Combined,GPT-2,"grid position (2, 1)",0.12513196138774643,0.08117225776869352,2,1,
Combined,GPT-2,"grid position (2, 2)",0.1350190208244155,0.05995351782499529,2,2,
Combined,GPT-2,"grid position (0, 0)",0.07274881038289979,0.022427861842373612,0,0,
Combined,GPT-2,"grid position (0, 1)",0.0837251978624541,0.015289293906953246,0,1,
Combined,GPT-2,"grid position (0, 2)",0.032162854638996624,-0.004489223604831448,0,2,
Combined,GPT-2,"grid position (1, 0)",0.09389062939270686,0.08648549454628075,1,0,
Combined,GPT-2,"grid position (1, 1)",0.10098966054526114,0.02661626696303292,1,1,
Combined,GPT-2,"grid position (1, 2)",0.024976281211662683,-0.006930263622298129,1,2,
Combined,GPT-2,"grid position (2, 1)",0.029760045589590958,-0.08914478121234212,2,1,
Combined,GPT-2,"grid position (2, 2)",-0.6158956477666204,0.018601669703759004,2,2,
Combined,GPT-2,"grid position (0, 0)",0.08237828339279123,0.12708895815232144,0,0,
Combined,GPT-2,"grid position (0, 1)",0.06847792333206341,-0.028898084159611554,0,1,
Combined,GPT-2,"grid position (0, 2)",-0.5759157350401173,0.03282849295536913,0,2,
Combined,GPT-2,"grid position (1, 0)",0.09700777371760164,0.11144106168112726,1,0,
Combined,GPT-2,"grid position (1, 1)",0.07313828492865307,-0.039107677408495065,1,1,
Combined,GPT-2,"grid position (1, 2)",0.09449277669641336,-0.02637573536092084,1,2,
Combined,GPT-2,"grid position (2, 0)",0.035039774565990535,0.008142142817180608,2,0,
Combined,GPT-2,"grid position (2, 1)",0.021663787260406926,-0.05192824965871592,2,1,
Combined,GPT-2,"grid position (2, 2)",0.05462049308291851,-0.047936074024704116,2,2,
Combined,GPT-2,"grid position (0, 2)",0.09577678654733986,0.03342396721509865,0,2,
Combined,GPT-2,"grid position (1, 0)",0.04842942138416211,0.006962279102554168,1,0,
Combined,GPT-2,"grid position (1, 1)",-0.47095327043533725,0.007776707208427756,1,1,
Combined,GPT-2,"grid position (1, 2)",0.08948710842815652,-0.03927315271889585,1,2,
Combined,GPT-2,"grid position (2, 0)",-0.006318555866725982,-0.02680197547287011,2,0,
Combined,GPT-2,"grid position (2, 1)",0.06386449061826373,-0.0012185039916990253,2,1,
Combined,GPT-2,"grid position (2, 2)",0.09547470200359169,0.019049254814824872,2,2,
Combined,GPT-2,"grid position (0, 0)",0.08552843133093041,0.017574531050600525,0,0,
Combined,GPT-2,"grid position (0, 1)",0.04365868737224719,-0.0939511578301493,0,1,
Combined,GPT-2,"grid position (0, 2)",0.08951238507034746,0.05762565660975762,0,2,
Combined,GPT-2,"grid position (1, 0)",-0.2401322761556213,0.05774457767436143,1,0,
Combined,GPT-2,"grid position (1, 1)",0.08625814115285825,-0.024815173499717628,1,1,
Combined,GPT-2,"grid position (1, 2)",0.12412636423071188,0.08787056425408828,1,2,
Combined,GPT-2,"grid position (2, 0)",0.07092159724348693,0.08867493137764564,2,0,
Combined,GPT-2,"grid position (2, 1)",0.02771277789909949,-0.09792369607428447,2,1,
Combined,GPT-2,"grid position (2, 2)",0.01839612699200933,-0.13824663328158734,2,2,
Combined,GPT-2,"grid position (0, 0)",0.04940365538034848,-0.054881433247399074,0,0,
Combined,GPT-2,"grid position (0, 1)",0.031910216216620504,-0.09126183664128602,0,1,
Combined,GPT-2,"grid position (0, 2)",0.08856213349347493,-0.0072724502271508075,0,2,
Combined,GPT-2,"grid position (1, 0)",0.08735709864471822,0.00904121590195874,1,0,
Combined,GPT-2,"grid position (1, 1)",-0.632657488003791,0.015763459637011652,1,1,
Combined,GPT-2,"grid position (1, 2)",0.1234003315645437,0.029987679445398912,1,2,
Combined,GPT-2,"grid position (2, 0)",0.09803580988585159,0.1051188555132203,2,0,
Combined,GPT-2,"grid position (2, 1)",0.09014741768455148,0.16751056087334648,2,1,
Combined,GPT-2,"grid position (2, 2)",0.10978605528398334,0.13597983621238915,2,2,
Combined,GPT-2,"grid position (0, 0)",0.02233833594823291,0.008772474938772569,0,0,
Combined,GPT-2,"grid position (0, 1)",0.008005956229222927,-0.021495419880620866,0,1,
Combined,GPT-2,"grid position (0, 2)",0.007688847184417351,-0.11528463842225128,0,2,
Combined,GPT-2,"grid position (1, 0)",0.009902426007038717,0.008952580418508313,1,0,
Combined,GPT-2,"grid position (1, 1)",0.059342589562753734,-0.01022932349332382,1,1,
Combined,GPT-2,"grid position (1, 2)",0.07800293888146156,0.005403898139596147,1,2,
Combined,GPT-2,"grid position (2, 1)",-0.45446026339772366,0.04396648711106991,2,1,
Combined,GPT-2,"grid position (2, 2)",0.09941599532718254,0.030476457194316454,2,2,
Combined,GPT-2,"grid position (0, 0)",0.10834895840758113,0.12051153421577049,0,0,
Combined,GPT-2,"grid position (0, 1)",0.12203476586688142,0.11034948821687264,0,1,
Combined,GPT-2,"grid position (0, 2)",0.10191588415692336,0.11920223450701867,0,2,
Combined,GPT-2,"grid position (1, 0)",-0.05636985011035185,-0.06365233442729834,1,0,
Combined,GPT-2,"grid position (1, 1)",0.060310372448088,0.0014827810369472708,1,1,
Combined,GPT-2,"grid position (1, 2)",0.03752256111760638,-0.04031440900755199,1,2,
Combined,GPT-2,"grid position (2, 0)",-0.5207500023017788,0.005052315574843882,2,0,
Combined,GPT-2,"grid position (2, 1)",0.06795652158400453,-0.036400845702408764,2,1,
Combined,GPT-2,"grid position (2, 2)",0.026662463783896313,-0.05992969356607401,2,2,
Combined,GPT-2,"grid position (0, 0)",0.10399705280890023,0.03777606966773863,0,0,
Combined,GPT-2,"grid position (0, 1)",0.07648026975999123,0.04488361417663,0,1,
Combined,GPT-2,"grid position (0, 2)",0.06297693617676013,0.06363431502637064,0,2,
Combined,GPT-2,"grid position (1, 0)",-0.41702191242404474,0.0379794502700278,1,0,
Combined,GPT-2,"grid position (1, 1)",0.06060260701237847,-0.017318268200076387,1,1,
Combined,GPT-2,"grid position (1, 2)",0.09630408669878654,0.08617183997622452,1,2,
Combined,GPT-2,"grid position (2, 0)",-0.03221758453357793,-0.06311355250398469,2,0,
Combined,GPT-2,"grid position (2, 1)",0.015289371720116818,-0.07031303958068581,2,1,
Combined,GPT-2,"grid position (2, 2)",0.052183217028931736,0.001270946124303839,2,2,
Combined,GPT-2,"grid position (0, 0)",0.029832406800023484,0.00027255467308273836,0,0,
Combined,GPT-2,"grid position (0, 1)",0.05439769090892717,-0.03980194395455236,0,1,
Combined,GPT-2,"grid position (0, 2)",0.10029215501490485,0.07479414135093898,0,2,
Combined,GPT-2,"grid position (1, 0)",0.03884576372806162,-0.05594113400200334,1,0,
Combined,GPT-2,"grid position (1, 1)",-0.35204328568867654,-0.004708638938057875,1,1,
Combined,GPT-2,"grid position (1, 2)",0.09634512958968351,0.08131724727558766,1,2,
Combined,GPT-2,"grid position (2, 0)",0.023245354375938488,-0.09780274726823351,2,0,
Combined,GPT-2,"grid position (2, 1)",0.10339020570120078,-0.017375729085540196,2,1,
Combined,GPT-2,"grid position (2, 2)",0.03856140494049362,0.1161645767783158,2,2,
Combined,GPT-2,"grid position (0, 0)",0.05863505200170027,0.009433416286595017,0,0,
Combined,GPT-2,"grid position (0, 1)",0.1056823336907328,0.05863166538287106,0,1,
Combined,GPT-2,"grid position (0, 2)",0.08574041664460172,-0.025283855537786976,0,2,
Combined,GPT-2,"grid position (1, 0)",0.06944091604212106,-0.01310786899145946,1,0,
Combined,GPT-2,"grid position (1, 1)",0.1329625887240001,0.023753023587442922,1,1,
Combined,GPT-2,"grid position (1, 2)",0.10955836143303993,0.008151083290661316,1,2,
Combined,GPT-2,"grid position (2, 0)",-0.5951423502214324,0.020837919082811053,2,0,
Combined,GPT-2,"grid position (2, 1)",0.08145628422373599,-0.035472895219688355,2,1,
Combined,GPT-2,"grid position (2, 2)",0.1362194889843377,0.08448806831534629,2,2,
Combined,GPT-2,"grid position (0, 0)",0.08925184766209175,0.04209908279668858,0,0,
Combined,GPT-2,"grid position (0, 1)",0.07549523813359744,-0.00659977589001549,0,1,
Combined,GPT-2,"grid position (1, 0)",0.08659848142055636,0.023256424564675724,1,0,
Combined,GPT-2,"grid position (1, 1)",0.05243685881424222,-0.04368929552752793,1,1,
Combined,GPT-2,"grid position (2, 0)",0.07333892946038723,-0.003886455387165219,2,0,
Combined,GPT-2,"grid position (2, 1)",-0.3277950718947716,0.028572184857126225,2,1,
Combined,GPT-2,"grid position (2, 2)",0.047793490666965276,0.06882263607335806,2,2,
Combined,GPT-2,"grid position (0, 0)",0.04454269207101262,-0.08782199198901695,0,0,
Combined,GPT-2,"grid position (0, 1)",0.08670702858815559,0.0023813020481973216,0,1,
Combined,GPT-2,"grid position (0, 2)",0.10096115162823298,0.054424593061563366,0,2,
Combined,GPT-2,"grid position (1, 0)",0.04051499170713325,0.001771625999575023,1,0,
Combined,GPT-2,"grid position (1, 1)",0.07496094886683603,-0.03249462866448354,1,1,
Combined,GPT-2,"grid position (1, 2)",-0.48566500483413155,0.012051853809252904,1,2,
Combined,GPT-2,"grid position (2, 0)",0.10336746010198307,0.07816075995811665,2,0,
Combined,GPT-2,"grid position (2, 1)",0.10391259372883228,0.08332031243913478,2,1,
Combined,GPT-2,"grid position (2, 2)",-0.02874322493711016,-0.09501012256652784,2,2,
Combined,GPT-2,"grid position (0, 0)",0.04935393743298543,-0.00224932885895997,0,0,
Combined,GPT-2,"grid position (0, 1)",-0.020635065255168374,-0.11591614041257442,0,1,
Combined,GPT-2,"grid position (0, 2)",-0.5371081105528623,-0.0035130374280110867,0,2,
Combined,GPT-2,"grid position (1, 0)",0.07874439216771201,0.06393234493786541,1,0,
Combined,GPT-2,"grid position (1, 1)",0.087921133547585,0.053702900804060844,1,1,
Combined,GPT-2,"grid position (1, 2)",0.09409199153483197,-0.09610001429716833,1,2,
Combined,GPT-2,"grid position (2, 0)",0.12120322773246425,0.090853316264808,2,0,
Combined,GPT-2,"grid position (2, 1)",0.10358152758393133,0.06656583901563828,2,1,
Combined,GPT-2,"grid position (2, 2)",0.0986835712959764,-0.0333812573041237,2,2,
Combined,GPT-2,"grid position (0, 1)",0.058889260412371844,-0.052807330623174845,0,1,
Combined,GPT-2,"grid position (0, 2)",0.09999718593231686,-0.02820594068486492,0,2,
Combined,GPT-2,"grid position (1, 0)",0.06593807118881395,0.10666259336586276,1,0,
Combined,GPT-2,"grid position (1, 1)",-0.3183327659196835,0.02145251621997146,1,1,
Combined,GPT-2,"grid position (1, 2)",0.08894340652022752,-0.09661864034149718,1,2,
Combined,GPT-2,"grid position (2, 0)",0.0783950048402677,0.062013231133211465,2,0,
Combined,GPT-2,"grid position (2, 1)",0.1040852876477506,0.04543185306841642,2,1,
Combined,GPT-2,"grid position (2, 2)",0.051827255727951126,-0.06165592870574616,2,2,
Combined,GPT-2,"grid position (0, 0)",0.016648470259946473,-0.039004692727926615,0,0,
Combined,GPT-2,"grid position (0, 1)",0.06315037746214519,-0.007362978726657005,0,1,
Combined,GPT-2,"grid position (0, 2)",0.1035865680585366,0.06792183676832075,0,2,
Combined,GPT-2,"grid position (1, 0)",0.048745633857391224,-0.03749085953375055,1,0,
Combined,GPT-2,"grid position (1, 1)",-0.46331046949557614,-0.008540523618572073,1,1,
Combined,GPT-2,"grid position (1, 2)",0.05889063816926881,-0.027500387799738082,1,2,
Combined,GPT-2,"grid position (2, 0)",0.08783598889407807,0.008787767651593273,2,0,
Combined,GPT-2,"grid position (2, 1)",0.08997776759174701,0.04738535069976329,2,1,
Combined,GPT-2,"grid position (2, 2)",0.0895578970801292,0.04558416158248072,2,2,
Combined,GPT-2,"grid position (0, 0)",0.09516181166832959,0.08335480286928593,0,0,
Combined,GPT-2,"grid position (0, 1)",0.06607907084955982,0.03156647629553524,0,1,
Combined,GPT-2,"grid position (0, 2)",-0.5526857108470211,0.026480201082198326,0,2,
Combined,GPT-2,"grid position (1, 0)",0.11892882851443312,0.05299310567923062,1,0,
Combined,GPT-2,"grid position (1, 1)",0.06713083580413633,-0.042659983762354164,1,1,
Combined,GPT-2,"grid position (1, 2)",0.02135864876600083,-0.08441265780573876,1,2,
Combined,GPT-2,"grid position (2, 0)",0.09381071410623365,0.032572465136047654,2,0,
Combined,GPT-2,"grid position (2, 1)",0.07021829556797707,0.0037002687793875355,2,1,
Combined,GPT-2,"grid position (2, 2)",0.04131527850187137,0.024384509995761066,2,2,
Combined,GPT-2,"grid position (0, 0)",0.07663143989910971,0.01424594549877333,0,0,
Combined,GPT-2,"grid position (0, 1)",0.07058727877957649,0.023931620543188554,0,1,
Combined,GPT-2,"grid position (0, 2)",0.03185564501414476,0.05892673184096966,0,2,
Combined,GPT-2,"grid position (1, 0)",0.06683406372695842,-0.04372634737977843,1,0,
Combined,GPT-2,"grid position (1, 1)",0.08168690083822548,0.0005634853326307269,1,1,
Combined,GPT-2,"grid position (1, 2)",0.08428251732577154,0.05467837746846591,1,2,
Combined,GPT-2,"grid position (2, 0)",0.01995715145441407,-0.117756790083376,2,0,
Combined,GPT-2,"grid position (2, 1)",-0.5248983230264679,0.04546652734663694,2,1,
Combined,GPT-2,"grid position (2, 2)",0.03969009904943719,0.031502502174885906,2,2,
Combined,GPT-2,"grid position (0, 0)",0.112869341985692,0.10076634488729203,0,0,
Combined,GPT-2,"grid position (0, 1)",0.10589615795658391,0.1054268683098528,0,1,
Combined,GPT-2,"grid position (0, 2)",0.06838566027486256,0.08818309398946982,0,2,
Combined,GPT-2,"grid position (1, 0)",-0.5777191148669877,0.03570496476727758,1,0,
Combined,GPT-2,"grid position (1, 1)",0.09403943087421779,0.019199469895301968,1,1,
Combined,GPT-2,"grid position (1, 2)",0.08604794178878268,0.027131419787887533,1,2,
Combined,GPT-2,"grid position (2, 0)",0.02188331466616742,-0.059973271893671895,2,0,
Combined,GPT-2,"grid position (2, 1)",0.04880720608354752,-0.04567389923747804,2,1,
Combined,GPT-2,"grid position (2, 2)",0.03774973826979143,-0.04126695678217175,2,2,
Combined,GPT-2,"grid position (0, 0)",0.13048030437274236,-0.007105690394243847,0,0,
Combined,GPT-2,"grid position (0, 1)",0.09378807284444798,-0.007726598469674477,0,1,
Combined,GPT-2,"grid position (0, 2)",0.11375099688694257,-0.0022498812457933197,0,2,
Combined,GPT-2,"grid position (1, 0)",0.10289123061451833,-0.019736559131492862,1,0,
Combined,GPT-2,"grid position (1, 1)",0.08877279860798476,0.05975433991922802,1,1,
Combined,GPT-2,"grid position (1, 2)",0.12458764363408256,0.0063999088959640045,1,2,
Combined,GPT-2,"grid position (2, 0)",0.028964878836283597,-0.05715485141158848,2,0,
Combined,GPT-2,"grid position (2, 1)",-0.43401756760080157,0.05699094295507331,2,1,
Combined,GPT-2,"grid position (2, 2)",0.011093247096387857,0.026016653461395717,2,2,
Combined,GPT-2,"grid position (0, 0)",-0.5882130778015322,0.03607922593877191,0,0,
Combined,GPT-2,"grid position (0, 1)",0.030975729543973467,-0.02026543189504861,0,1,
Combined,GPT-2,"grid position (0, 2)",-0.11387820155387936,-0.22952216286367352,0,2,
Combined,GPT-2,"grid position (1, 0)",0.09898717726623006,0.004752784855355064,1,0,
Combined,GPT-2,"grid position (1, 1)",0.10128920903706781,0.03202158538308608,1,1,
Combined,GPT-2,"grid position (1, 2)",0.0893147498646292,-0.06226694536897171,1,2,
Combined,GPT-2,"grid position (2, 0)",0.08865026389176224,0.09859325687143781,2,0,
Combined,GPT-2,"grid position (2, 1)",0.08090873462619595,0.04883823738285746,2,1,
Combined,GPT-2,"grid position (2, 2)",0.10482485903281953,-0.01139705374202367,2,2,
Combined,GPT-2,"grid position (0, 0)",0.08056867308462379,0.0490531029628378,0,0,
Combined,GPT-2,"grid position (0, 1)",0.09593706072188622,0.08974498914502402,0,1,
Combined,GPT-2,"grid position (0, 2)",0.11368873479608532,0.04978437231683485,0,2,
Combined,GPT-2,"grid position (1, 0)",0.09698999815652945,-0.009576748297567704,1,0,
Combined,GPT-2,"grid position (1, 1)",0.0882541816731699,-0.01570385882149803,1,1,
Combined,GPT-2,"grid position (1, 2)",-0.47894435877520214,-0.0013049530433323568,1,2,
Combined,GPT-2,"grid position (2, 0)",-0.00889417984384213,-0.1633681730496651,2,0,
Combined,GPT-2,"grid position (2, 1)",0.10920058253319063,-0.016561653874555035,2,1,
Combined,GPT-2,"grid position (2, 2)",0.06654395113562879,-0.03539351939440116,2,2,
Combined,GPT-2,"grid position (0, 1)",0.00836269893075302,-0.08740643340475715,0,1,
Combined,GPT-2,"grid position (0, 2)",-0.5528010276008687,0.008738067406816916,0,2,
Combined,GPT-2,"grid position (1, 0)",-0.0014256989959938486,0.12253182394630166,1,0,
Combined,GPT-2,"grid position (1, 1)",0.05236556797759918,-0.0036163285424359592,1,1,
Combined,GPT-2,"grid position (1, 2)",0.0695756986491063,-0.02760253703147482,1,2,
Combined,GPT-2,"grid position (2, 0)",-0.01310734807033377,-0.07946904253324533,2,0,
Combined,GPT-2,"grid position (2, 1)",0.04779010252016946,-0.00030892123408082464,2,1,
Combined,GPT-2,"grid position (2, 2)",0.09412921536577966,0.00529323152224036,2,2,
Combined,GPT-2,"grid position (0, 0)",0.07158352545610126,-0.014732746101460767,0,0,
Combined,GPT-2,"grid position (0, 1)",0.08542223351690263,-0.06091591133579484,0,1,
Combined,GPT-2,"grid position (0, 2)",0.10566131122449479,0.055068093800562865,0,2,
Combined,GPT-2,"grid position (1, 0)",0.08647822046417344,0.0925621785006316,1,0,
Combined,GPT-2,"grid position (1, 1)",0.07486556944095832,-0.008895557804726456,1,1,
Combined,GPT-2,"grid position (1, 2)",0.10375861035140871,-0.027194788634319823,1,2,
Combined,GPT-2,"grid position (2, 0)",0.018737234977738163,0.010501209607003358,2,0,
Combined,GPT-2,"grid position (2, 1)",-0.08856724739929636,-0.10196950466066841,2,1,
Combined,GPT-2,"grid position (2, 2)",-0.5887509977370756,0.01573025974771134,2,2,
Combined,GPT-2,"grid position (0, 0)",0.010907023786767498,0.02512767672167251,0,0,
Combined,GPT-2,"grid position (0, 1)",0.05760216938936022,-0.06892872432597918,0,1,
Combined,GPT-2,"grid position (0, 2)",0.010721770189872425,-0.14984352002508225,0,2,
Combined,GPT-2,"grid position (1, 0)",0.09121757370226957,0.10982287043619474,1,0,
Combined,GPT-2,"grid position (1, 1)",0.06268154756169565,-0.0372020504184953,1,1,
Combined,GPT-2,"grid position (1, 2)",-0.5542763504208188,0.01055032302106689,1,2,
Combined,GPT-2,"grid position (2, 0)",0.07937650776786631,0.03970104208290619,2,0,
Combined,GPT-2,"grid position (2, 1)",0.07756256023127714,-0.0003017871356231299,2,1,
Combined,GPT-2,"grid position (2, 2)",0.07571696582714318,-0.02262877497037661,2,2,
Combined,GPT-2,"grid position (0, 0)",0.08274659344091509,-0.004007319715909415,0,0,
Combined,GPT-2,"grid position (0, 1)",0.09126745996818698,-0.027441466148420735,0,1,
Combined,GPT-2,"grid position (0, 2)",0.012183302212001347,-0.14971911920223668,0,2,
Combined,GPT-2,"grid position (1, 0)",0.08293673638321572,-0.03872006971744054,1,0,
Combined,GPT-2,"grid position (1, 1)",0.0822119057439542,-0.0035385079379397087,1,1,
Combined,GPT-2,"grid position (1, 2)",0.07381047801988183,-0.011579493175775824,1,2,
Combined,GPT-2,"grid position (2, 0)",0.09395616502992196,0.04043406199209076,2,0,
Combined,GPT-2,"grid position (2, 1)",0.02895477294152488,0.026165510198453583,2,1,
Combined,GPT-2,"grid position (2, 2)",-0.7137102704127731,0.058079799602983206,2,2,
Combined,GPT-2,"grid position (0, 0)",0.09977385827878318,0.03355786746224355,0,0,
Combined,GPT-2,"grid position (0, 1)",0.07400602197821377,0.07663413744936197,0,1,
Combined,GPT-2,"grid position (0, 2)",-0.5347841304429384,0.05188227848757577,0,2,
Combined,GPT-2,"grid position (1, 0)",0.09635236718077474,-0.004040614556052496,1,0,
Combined,GPT-2,"grid position (1, 1)",0.06403381412545239,-0.1196598127771318,1,1,
Combined,GPT-2,"grid position (1, 2)",0.07061428836907334,-0.05032589515062286,1,2,
Combined,GPT-2,"grid position (2, 0)",0.04318306569966282,-0.049821317744245704,2,0,
Combined,GPT-2,"grid position (2, 1)",0.07719755166915503,-0.06765061835478439,2,1,
Combined,GPT-2,"grid position (2, 2)",0.09504611842403213,0.04393328038737723,2,2,
Combined,GPT-2,"grid position (0, 0)",0.039245659753575295,0.0921034830837427,0,0,
Combined,GPT-2,"grid position (0, 1)",0.05823893298745538,0.06669879736878825,0,1,
Combined,GPT-2,"grid position (0, 2)",0.08579615473435295,0.03264623262927472,0,2,
Combined,GPT-2,"grid position (1, 0)",-0.5588000724599882,0.022126752761629478,1,0,
Combined,GPT-2,"grid position (1, 1)",0.07290431050371206,-0.0038395179727874393,1,1,
Combined,GPT-2,"grid position (1, 2)",0.1148087321051126,0.013126122175418198,1,2,
Combined,GPT-2,"grid position (2, 0)",-0.1860683069736953,-0.2114787277349369,2,0,
Combined,GPT-2,"grid position (2, 1)",-0.017261684145155075,-0.07206768784133,2,1,
Combined,GPT-2,"grid position (2, 2)",0.04739612518058654,-0.05255708644065415,2,2,
Combined,GPT-2,"grid position (0, 0)",0.09492881014061011,0.10103273546197507,0,0,
Combined,GPT-2,"grid position (0, 1)",0.10009369064162357,0.01572321361936472,0,1,
Combined,GPT-2,"grid position (0, 2)",0.08624767254303557,-0.043392768034303586,0,2,
Combined,GPT-2,"grid position (1, 0)",0.03818761066408198,-0.05420368132601939,1,0,
Combined,GPT-2,"grid position (1, 1)",0.07103107186700895,-0.08621591497964033,1,1,
Combined,GPT-2,"grid position (1, 2)",0.09428720172159252,-0.020948360232077728,1,2,
Combined,GPT-2,"grid position (2, 0)",-0.009684303303306776,-0.04791777918955027,2,0,
Combined,GPT-2,"grid position (2, 1)",-0.6693749209808165,0.029421286870722402,2,1,
Combined,GPT-2,"grid position (0, 0)",0.022700143595721072,-0.08496938230370599,0,0,
Combined,GPT-2,"grid position (0, 1)",0.05395369821687752,0.002940418718600736,0,1,
Combined,GPT-2,"grid position (0, 2)",0.07515013816711809,-0.021853816091549013,0,2,
Combined,GPT-2,"grid position (1, 0)",0.09287684032091509,-0.0325429858398479,1,0,
Combined,GPT-2,"grid position (1, 1)",0.11674549904137775,0.06254921396371924,1,1,
Combined,GPT-2,"grid position (1, 2)",0.09481507948584333,-0.0017504631454861692,1,2,
Combined,GPT-2,"grid position (2, 0)",-0.44780638882466417,0.017513049599973546,2,0,
Combined,GPT-2,"grid position (2, 1)",0.07083052575477226,0.02038683687702058,2,1,
Combined,GPT-2,"grid position (2, 2)",0.06880546832302929,-0.031058526095082004,2,2,
Combined,GPT-2,"grid position (0, 0)",0.09064128235017806,0.07913695002041034,0,0,
Combined,GPT-2,"grid position (0, 1)",0.04498659140216687,-0.046635688958814696,0,1,
Combined,GPT-2,"grid position (0, 2)",0.05971729843370028,-0.04027986039352522,0,2,
Combined,GPT-2,"grid position (1, 0)",0.08399689930033558,0.029899058031623328,1,0,
Combined,GPT-2,"grid position (1, 1)",0.06363610417501203,-0.05023656446045944,1,1,
Combined,GPT-2,"grid position (1, 2)",0.11115154774657243,0.03150564020887985,1,2,
Combined,GPT-2,"grid position (2, 0)",0.10586626943684926,0.08775954620039314,2,0,
Combined,GPT-2,"grid position (2, 1)",0.05134401998577641,-0.05071269877954832,2,1,
Combined,GPT-2,"grid position (2, 2)",-0.5477265213631253,0.051165372759459884,2,2,
Combined,GPT-2,"grid position (0, 0)",0.05108038839055333,-0.04052623276034866,0,0,
Combined,GPT-2,"grid position (0, 1)",0.0530909472874431,-0.00104910374046387,0,1,
Combined,GPT-2,"grid position (0, 2)",0.02847860325747998,0.1043613847290168,0,2,
Combined,GPT-2,"grid position (1, 0)",0.11831634855911523,0.05365078722839188,1,0,
Combined,GPT-2,"grid position (1, 1)",0.10475464345276503,0.028425375501176908,1,1,
Combined,GPT-2,"grid position (1, 2)",-0.4155416498230058,0.026734389979832872,1,2,
Combined,GPT-2,"grid position (2, 0)",0.03712177368441935,0.08300795032211938,2,0,
Combined,GPT-2,"grid position (2, 1)",0.015676921440167323,-0.07712628619427223,2,1,
Combined,GPT-2,"grid position (2, 2)",0.02959930064837927,-0.11746802309002473,2,2,
Combined,GPT-2,"grid position (0, 0)",0.061250685573867175,0.027657193516460905,0,0,
Combined,GPT-2,"grid position (0, 1)",0.061422645944865656,-0.020473498990377616,0,1,
Combined,GPT-2,"grid position (0, 2)",0.08634583581450578,-0.03271343206472036,0,2,
Combined,GPT-2,"grid position (1, 0)",0.09742730122025797,0.044172355893393335,1,0,
Combined,GPT-2,"grid position (1, 1)",0.08689620259650989,-0.018838082923769227,1,1,
Combined,GPT-2,"grid position (1, 2)",-0.5838528479788087,0.013960470356782922,1,2,
Combined,GPT-2,"grid position (2, 0)",0.08539786828445721,0.07945930698799587,2,0,
Combined,GPT-2,"grid position (2, 1)",0.08362534620304816,0.016192008088159314,2,1,
Combined,GPT-2,"grid position (2, 2)",-0.1875859060217708,-0.24934073957808198,2,2,
Combined,GPT-2,"grid position (0, 0)",-0.4937485391738541,0.036214349739208396,0,0,
Combined,GPT-2,"grid position (0, 1)",0.0776909947171076,-0.01680312785251565,0,1,
Combined,GPT-2,"grid position (0, 2)",0.09450583589674744,-0.012753814960501621,0,2,
Combined,GPT-2,"grid position (1, 0)",0.05998032311564839,0.02156979535880313,1,0,
Combined,GPT-2,"grid position (1, 1)",0.009474165543405313,-0.03798331454037296,1,1,
Combined,GPT-2,"grid position (1, 2)",0.09111780063391689,0.043424583046199686,1,2,
Combined,GPT-2,"grid position (2, 0)",0.1053027509217526,0.07760240640940136,2,0,
Combined,GPT-2,"grid position (0, 0)",0.06409734114223278,-0.014401070766378966,0,0,
Combined,GPT-2,"grid position (0, 1)",0.09188302824460427,0.05743508528250142,0,1,
Combined,GPT-2,"grid position (0, 2)",0.10691052929245082,0.050694251310492405,0,2,
Combined,GPT-2,"grid position (1, 0)",0.05610739089889119,-0.03964559519438314,1,0,
Combined,GPT-2,"grid position (1, 1)",0.014800259358497318,-0.05387997165317583,1,1,
Combined,GPT-2,"grid position (1, 2)",-0.4814723240250482,0.008385058271839045,1,2,
Combined,GPT-2,"grid position (2, 0)",0.003918828436701345,-0.10510514136617313,2,0,
Combined,GPT-2,"grid position (2, 2)",0.10243206122749685,0.0017916008050931917,2,2,
Combined,GPT-2,"grid position (0, 0)",0.05343644428569243,-0.016638635078952052,0,0,
Combined,GPT-2,"grid position (0, 1)",0.1008074302292448,0.09867804345987373,0,1,
Combined,GPT-2,"grid position (0, 2)",0.12209768066640443,0.10312363945764173,0,2,
Combined,GPT-2,"grid position (1, 0)",0.08523597657252056,-0.03039274113982468,1,0,
Combined,GPT-2,"grid position (1, 1)",0.05922719885165474,-0.045725075074733286,1,1,
Combined,GPT-2,"grid position (1, 2)",0.08346798161728843,0.025030894704432326,1,2,
Combined,GPT-2,"grid position (2, 0)",0.10428272391409549,-0.0058562332384743225,2,0,
Combined,GPT-2,"grid position (2, 1)",-0.5735318212819718,0.029013448370422433,2,1,
Combined,GPT-2,"grid position (2, 2)",0.10374131993763117,0.06797172738011166,2,2,
Combined,GPT-2,"grid position (0, 0)",0.06683187776606624,0.047022868887871785,0,0,
Combined,GPT-2,"grid position (0, 1)",-0.6271929472413008,0.019093751637992526,0,1,
Combined,GPT-2,"grid position (0, 2)",-0.012131957541245207,-0.1326805486445965,0,2,
Combined,GPT-2,"grid position (1, 0)",0.11095173839074085,0.021638833641171817,1,0,
Combined,GPT-2,"grid position (1, 1)",0.1123911690500425,0.07796548353661482,1,1,
Combined,GPT-2,"grid position (1, 2)",0.07220113413100271,-0.044177962801870294,1,2,
Combined,GPT-2,"grid position (2, 0)",0.08614626028872538,0.002140675868817104,2,0,
Combined,GPT-2,"grid position (2, 1)",0.04068691063923253,-0.013721020976827621,2,1,
Combined,GPT-2,"grid position (2, 2)",0.020204675566648785,-0.137768069139383,2,2,
Combined,GPT-2,"grid position (0, 0)",0.06256870488670674,-0.042953524740869206,0,0,
Combined,GPT-2,"grid position (0, 1)",0.01724013268732884,-0.10991132693914646,0,1,
Combined,GPT-2,"grid position (0, 2)",0.04958257560144828,-0.020666394964611937,0,2,
Combined,GPT-2,"grid position (1, 0)",0.046215213129855486,-0.0611301572254355,1,0,
Combined,GPT-2,"grid position (1, 1)",0.03398939388683715,-0.05036340982897828,1,1,
Combined,GPT-2,"grid position (1, 2)",0.12065950496474373,0.05064226477894072,1,2,
Combined,GPT-2,"grid position (2, 0)",-0.6186617234977143,0.037865676154638005,2,0,
Combined,GPT-2,"grid position (2, 1)",0.08296182202439309,0.07453600279460998,2,1,
Combined,GPT-2,"grid position (2, 2)",0.11322965099061795,0.08005809668469571,2,2,
Combined,GPT-2,"grid position (0, 0)",0.09715543118348716,0.06748060262478703,0,0,
Combined,GPT-2,"grid position (0, 1)",0.07639991858481218,0.11078573748047826,0,1,
Combined,GPT-2,"grid position (0, 2)",-0.03280499585140498,-0.22175233937254116,0,2,
Combined,GPT-2,"grid position (1, 0)",0.12015031097852501,0.06481945569590458,1,0,
Combined,GPT-2,"grid position (1, 1)",0.0657589575688195,-0.0009377289517252082,1,1,
Combined,GPT-2,"grid position (1, 2)",-0.5481696908878998,-0.012855421499992003,1,2,
Combined,GPT-2,"grid position (2, 0)",0.07962144335290797,0.010913488210797307,2,0,
Combined,GPT-2,"grid position (2, 1)",0.04895952597261104,-0.05322877988710731,2,1,
Combined,GPT-2,"grid position (2, 2)",0.05670490832204129,-0.08191579451805443,2,2,
Combined,GPT-2,"grid position (0, 0)",0.053109336122964035,-0.03855194965880723,0,0,
Combined,GPT-2,"grid position (0, 1)",0.09056502237097644,0.0926029308278354,0,1,
Combined,GPT-2,"grid position (0, 2)",0.05023344616224071,0.08219818905629507,0,2,
Combined,GPT-2,"grid position (1, 0)",0.05257515415361465,-0.07499481186396509,1,0,
Combined,GPT-2,"grid position (1, 1)",0.024213389196298243,-0.07398911609377032,1,1,
Combined,GPT-2,"grid position (1, 2)",0.004713933626828451,-0.02017025505481047,1,2,
Combined,GPT-2,"grid position (2, 0)",0.047727024685021255,-0.008756564070196317,2,0,
Combined,GPT-2,"grid position (2, 1)",-0.4220095989591392,0.03033830977376647,2,1,
Combined,GPT-2,"grid position (2, 2)",0.06255805453283216,-0.03239772159708357,2,2,
Combined,GPT-2,"grid position (0, 0)",0.0853057338692575,0.05950615995584457,0,0,
Combined,GPT-2,"grid position (0, 1)",-0.3858621255709131,0.024039071646615773,0,1,
Combined,GPT-2,"grid position (0, 2)",0.06405189478973145,-0.05608568481492736,0,2,
Combined,GPT-2,"grid position (1, 0)",0.07057457958802715,0.09905379676453359,1,0,
Combined,GPT-2,"grid position (1, 1)",0.05445451149693673,-0.04863171613316143,1,1,
Combined,GPT-2,"grid position (1, 2)",0.03218548578867173,-0.11248952615419992,1,2,
Combined,GPT-2,"grid position (2, 0)",0.035805397632737164,0.07126567971594407,2,0,
Combined,GPT-2,"grid position (2, 1)",0.0711817695548617,-0.014476115493369955,2,1,
Combined,GPT-2,"grid position (2, 2)",0.06894313631193669,0.03470865765467991,2,2,
Combined,GPT-2,"grid position (0, 0)",0.09075995433613446,0.060234582767683995,0,0,
Combined,GPT-2,"grid position (0, 1)",0.09071645173183543,0.04862829371263995,0,1,
Combined,GPT-2,"grid position (0, 2)",0.08745558107405989,0.08560071428865355,0,2,
Combined,GPT-2,"grid position (1, 0)",-0.5006527076346516,0.04986374219707944,1,0,
Combined,GPT-2,"grid position (1, 1)",0.1122875329432362,-0.001619647301852158,1,1,
Combined,GPT-2,"grid position (1, 2)",0.08683756827357876,0.018813048450353795,1,2,
Combined,GPT-2,"grid position (2, 0)",0.050524881512111396,-0.026876926123007513,2,0,
Combined,GPT-2,"grid position (2, 1)",0.05073089402863828,-0.07566124485393862,2,1,
Combined,GPT-2,"grid position (2, 2)",0.04756976521670635,-0.0953655259043516,2,2,
Combined,GPT-2,"grid position (0, 1)",0.0320135954815548,-0.15775066465342774,0,1,
Combined,GPT-2,"grid position (0, 2)",-0.009560777645775169,-0.17295975319513474,0,2,
Combined,GPT-2,"grid position (1, 0)",0.10440660768371667,-0.002877852514661682,1,0,
Combined,GPT-2,"grid position (1, 1)",0.06455763491525013,-0.05093684896135295,1,1,
Combined,GPT-2,"grid position (1, 2)",0.07207196487789701,-0.015870489943128174,1,2,
Combined,GPT-2,"grid position (2, 0)",0.0826370698684095,0.08138713744707375,2,0,
Combined,GPT-2,"grid position (2, 1)",-0.36069550246909715,0.02850415467176425,2,1,
Combined,GPT-2,"grid position (2, 2)",0.11318892872086452,0.007077890379147829,2,2,
Combined,GPT-2,"grid position (0, 0)",0.08421941603115159,0.12514851829318294,0,0,
Combined,GPT-2,"grid position (0, 1)",0.07692537557455324,0.11487579771655342,0,1,
Combined,GPT-2,"grid position (0, 2)",0.08452438693995044,0.04580715996803355,0,2,
Combined,GPT-2,"grid position (1, 0)",0.07256385867892506,-0.016205431831261868,1,0,
Combined,GPT-2,"grid position (1, 1)",-0.40028301828971996,0.015494407406724184,1,1,
Combined,GPT-2,"grid position (1, 2)",0.11202318487742043,0.02508405363310025,1,2,
Combined,GPT-2,"grid position (2, 0)",0.09699774448667173,-0.045819374609090836,2,0,
Combined,GPT-2,"grid position (2, 1)",0.06678322014987226,-0.016754717594151935,2,1,
Combined,GPT-2,"grid position (2, 2)",0.10529907096849712,0.024958459509447636,2,2,
Combined,GPT-2,"grid position (0, 0)",0.07546232299117774,-0.07954794007605048,0,0,
Combined,GPT-2,"grid position (0, 1)",0.07833812305844341,0.1216679557659638,0,1,
Combined,GPT-2,"grid position (0, 2)",0.05108615054034303,-0.04390793736481992,0,2,
Combined,GPT-2,"grid position (1, 0)",0.08160105241931173,-0.06562089588132258,1,0,
Combined,GPT-2,"grid position (1, 1)",-0.3746466102528129,0.042102232418217894,1,1,
Combined,GPT-2,"grid position (1, 2)",0.07480906284659031,-0.021279416177540082,1,2,
Combined,GPT-2,"grid position (2, 0)",0.03972880413755736,-0.00847270072982512,2,0,
Combined,GPT-2,"grid position (2, 1)",0.07999055741267043,-0.017423908866464277,2,1,
Combined,GPT-2,"grid position (2, 2)",0.08522085652948379,0.006699731820025407,2,2,
Combined,GPT-2,"grid position (0, 0)",0.09014182003205834,0.027351859197830092,0,0,
Combined,GPT-2,"grid position (0, 1)",0.12543269085569342,0.07133678989976937,0,1,
Combined,GPT-2,"grid position (0, 2)",-0.6321393994815412,0.03248063363703705,0,2,
Combined,GPT-2,"grid position (1, 0)",0.10238576779613996,0.0275894216439638,1,0,
Combined,GPT-2,"grid position (1, 1)",0.13362771280921867,0.06833185121441906,1,1,
Combined,GPT-2,"grid position (1, 2)",0.058055361686961106,-0.033001282699060136,1,2,
Combined,GPT-2,"grid position (2, 0)",0.02762046326898406,-0.01890652925094521,2,0,
Combined,GPT-2,"grid position (2, 1)",0.12935853556027432,0.025717140055131645,2,1,
Combined,GPT-2,"grid position (2, 2)",0.1089261196468633,0.014091128479446975,2,2,
Combined,GPT-2,"grid position (0, 0)",0.017737473900880082,-0.10845734060581372,0,0,
Combined,GPT-2,"grid position (0, 1)",0.050686370373937376,-0.07166198843643273,0,1,
Combined,GPT-2,"grid position (0, 2)",0.07493388373530509,-0.03935882762419973,0,2,
Combined,GPT-2,"grid position (1, 0)",0.11430592273214485,0.022072583017550308,1,0,
Combined,GPT-2,"grid position (1, 1)",0.10197314398701275,0.006268772745213201,1,1,
Combined,GPT-2,"grid position (1, 2)",-0.49202080629994144,0.029813207643325405,1,2,
Combined,GPT-2,"grid position (2, 0)",0.12800506832842304,0.08592576617663682,2,0,
Combined,GPT-2,"grid position (2, 1)",0.1020603767704467,0.09913986507986373,2,1,
Combined,GPT-2,"grid position (2, 2)",0.09834634170267335,0.08158403948153792,2,2,
Combined,GPT-2,"grid position (0, 0)",0.06552914399255375,0.038618478259261,0,0,
Combined,GPT-2,"grid position (0, 1)",0.09448695249427694,0.030691626879314662,0,1,
Combined,GPT-2,"grid position (0, 2)",0.09908189747163852,0.09951754062695978,0,2,
Combined,GPT-2,"grid position (1, 0)",-0.0180593476514907,-0.08459925357129858,1,0,
Combined,GPT-2,"grid position (1, 1)",0.034803983879240705,-0.0704280781927821,1,1,
Combined,GPT-2,"grid position (1, 2)",0.0456330163086483,-0.09778975648087582,1,2,
Combined,GPT-2,"grid position (2, 0)",0.004627063421362691,-0.03885857641565573,2,0,
Combined,GPT-2,"grid position (2, 1)",-0.5156658137628305,0.014320449997205751,2,1,
Combined,GPT-2,"grid position (2, 2)",0.054444447577034816,-0.07650563420653199,2,2,
Combined,GPT-2,"grid position (0, 0)",0.06985288835549952,-0.06777528226465979,0,0,
Combined,GPT-2,"grid position (0, 1)",0.06820844801264521,-0.023062121227845928,0,1,
Combined,GPT-2,"grid position (0, 2)",0.020788785361901926,0.009304566208783402,0,2,
Combined,GPT-2,"grid position (1, 0)",0.06875198139212496,-0.05094526006564476,1,0,
Combined,GPT-2,"grid position (1, 1)",0.07771345601285634,0.02737471668113941,1,1,
Combined,GPT-2,"grid position (1, 2)",0.053720705908744885,0.08372054499618725,1,2,
Combined,GPT-2,"grid position (2, 0)",-0.030283003693144322,-0.0288170708411108,2,0,
Combined,GPT-2,"grid position (2, 1)",-0.580897118219097,0.05947567926742379,2,1,
Combined,GPT-2,"grid position (2, 2)",0.036542910386880206,0.11296243755440592,2,2,
Combined,GPT-2,"grid position (0, 0)",0.05572949902800819,-0.03637722760261387,0,0,
Combined,GPT-2,"grid position (0, 1)",0.04942401665502787,-0.004530216807593164,0,1,
Combined,GPT-2,"grid position (0, 2)",0.02832051666873108,-0.06756311191257422,0,2,
Combined,GPT-2,"grid position (1, 0)",0.06232314256606188,-0.08665388398408132,1,0,
Combined,GPT-2,"grid position (1, 1)",0.025693692520689645,-0.09613659104389315,1,1,
Combined,GPT-2,"grid position (1, 2)",0.052855701734303054,0.048299906377111186,1,2,
Combined,GPT-2,"grid position (2, 0)",0.07466047459284204,-0.007788128256909486,2,0,
Combined,GPT-2,"grid position (2, 1)",-0.6683060982412747,0.041302156736157,2,1,
Combined,GPT-2,"grid position (2, 2)",0.0657953451210711,0.010023140938121922,2,2,
Combined,GPT-2,"grid position (0, 0)",-0.5034776044281387,0.05235999240616891,0,0,
Combined,GPT-2,"grid position (0, 1)",0.0329120066560513,-0.04455032189687511,0,1,
Combined,GPT-2,"grid position (0, 2)",0.040312797034656844,-0.04852127942127343,0,2,
Combined,GPT-2,"grid position (1, 0)",0.08302017832988497,0.04418518718079949,1,0,
Combined,GPT-2,"grid position (1, 1)",0.03521949954912738,-0.021523383043038004,1,1,
Combined,GPT-2,"grid position (1, 2)",0.09928831237345612,-0.004875909394628267,1,2,
Combined,GPT-2,"grid position (2, 0)",0.054246608753284145,-0.017676033424653362,2,0,
Combined,GPT-2,"grid position (2, 1)",0.073115993496477,0.0033503419898653236,2,1,
Combined,GPT-2,"grid position (2, 2)",0.11389352334704021,0.04554865748746681,2,2,
Combined,GPT-2,"grid position (0, 0)",0.0658986760553836,0.0622911092737842,0,0,
Combined,GPT-2,"grid position (0, 1)",0.08878018679671763,0.05315086736738545,0,1,
Combined,GPT-2,"grid position (0, 2)",0.08607614489967266,0.052655382435548695,0,2,
Combined,GPT-2,"grid position (1, 0)",0.12705148428350224,0.06795520834027345,1,0,
Combined,GPT-2,"grid position (1, 1)",0.05777466534214537,-0.028297029857713093,1,1,
Combined,GPT-2,"grid position (1, 2)",0.064666213674872,-0.00783734275147617,1,2,
Combined,GPT-2,"grid position (2, 0)",0.06770580287395067,0.005375849993172194,2,0,
Combined,GPT-2,"grid position (2, 1)",-0.0005783057116947014,-0.11323512115451373,2,1,
Combined,GPT-2,"grid position (2, 2)",-0.5271423139885172,-0.005380681430994646,2,2,
Combined,GPT-2,"grid position (0, 1)",0.03746028618224693,-0.030234980925135473,0,1,
Combined,GPT-2,"grid position (0, 2)",0.04950617898436724,0.023569331428370567,0,2,
Combined,GPT-2,"grid position (1, 0)",-0.04819246767394002,-0.0934653622211621,1,0,
Combined,GPT-2,"grid position (1, 1)",0.031653561741922215,-0.059427005093228194,1,1,
Combined,GPT-2,"grid position (1, 2)",0.08955615425710245,0.004374758765624797,1,2,
Combined,GPT-2,"grid position (2, 0)",0.006654404870633917,-0.004543175201988919,2,0,
Combined,GPT-2,"grid position (2, 1)",-0.41830819240280326,0.02261883211775951,2,1,
Combined,GPT-2,"grid position (2, 2)",0.1158379141127062,0.057257667658657085,2,2,
Combined,GPT-2,"grid position (0, 0)",-0.4255714401503671,0.025143036515877987,0,0,
Combined,GPT-2,"grid position (0, 1)",0.06690493735246708,-0.003351398650049324,0,1,
Combined,GPT-2,"grid position (0, 2)",0.06791821555137674,-0.0684415228128947,0,2,
Combined,GPT-2,"grid position (1, 0)",0.07518030751134724,0.016490122617646367,1,0,
Combined,GPT-2,"grid position (1, 1)",0.1260446572386165,0.06647054369048773,1,1,
Combined,GPT-2,"grid position (1, 2)",0.1033541419329105,-0.009191316374427695,1,2,
Combined,GPT-2,"grid position (2, 0)",-0.05323382536564942,-0.25598593878247644,2,0,
Combined,GPT-2,"grid position (2, 1)",0.08784762842860952,0.09544696841126436,2,1,
Combined,GPT-2,"grid position (2, 2)",0.07395343825550911,-0.012782372303950114,2,2,
Combined,GPT-2,"grid position (0, 0)",0.10380316747043807,0.07278955877654551,0,0,
Combined,GPT-2,"grid position (0, 1)",0.03748691745716639,-0.002749186590185566,0,1,
Combined,GPT-2,"grid position (0, 2)",-0.03769077041927373,-0.11407352265370534,0,2,
Combined,GPT-2,"grid position (1, 0)",0.07669745790937156,0.023641445943691396,1,0,
Combined,GPT-2,"grid position (1, 1)",-0.31258543209077017,-0.0005141898561736031,1,1,
Combined,GPT-2,"grid position (1, 2)",0.026736103421797226,-0.03954934387781652,1,2,
Combined,GPT-2,"grid position (2, 0)",0.06102428215079623,-0.014545432098330398,2,0,
Combined,GPT-2,"grid position (2, 1)",0.07089427248895587,0.02766385708710143,2,1,
Combined,GPT-2,"grid position (2, 2)",0.07453877885585587,0.020634851910219888,2,2,
Combined,GPT-2,"grid position (0, 0)",0.08561257073601693,0.09142022531233167,0,0,
Combined,GPT-2,"grid position (0, 1)",0.08072238091312656,0.021428318959101238,0,1,
Combined,GPT-2,"grid position (0, 2)",-0.43934093699402477,-0.006439832204193852,0,2,
Combined,GPT-2,"grid position (1, 0)",0.06768388145486769,0.05301863784096503,1,0,
Combined,GPT-2,"grid position (1, 1)",0.07491362929596844,0.0025185312481432725,1,1,
Combined,GPT-2,"grid position (1, 2)",-0.05354407702727829,-0.20147091256268138,1,2,
Combined,GPT-2,"grid position (2, 0)",0.061441610436514506,0.08409735698599764,2,0,
Combined,GPT-2,"grid position (2, 1)",0.025901971105311592,0.0019942185717898614,2,1,
Combined,GPT-2,"grid position (2, 2)",0.01277727415887034,-0.14861937409352674,2,2,
Combined,GPT-2,"grid position (0, 0)",0.04663544618410462,0.03690667607001357,0,0,
Combined,GPT-2,"grid position (0, 1)",0.006090510051197404,-0.08780120859800924,0,1,
Combined,GPT-2,"grid position (1, 0)",-0.43832114950195117,-0.003351736147838544,1,0,
Combined,GPT-2,"grid position (1, 1)",0.03627342842290993,-0.09192377064224808,1,1,
Combined,GPT-2,"grid position (1, 2)",0.02758075053405492,0.07379485231518525,1,2,
Combined,GPT-2,"grid position (2, 0)",0.07579470099227018,0.02666283785135306,2,0,
Combined,GPT-2,"grid position (2, 1)",0.059062099820803224,0.013890941397529064,2,1,
Combined,GPT-2,"grid position (2, 2)",0.03240097236123111,0.04494356002402365,2,2,
Combined,GPT-2,"grid position (0, 0)",0.08176536256045493,0.06700669684806694,0,0,
Combined,GPT-2,"grid position (0, 1)",0.08328364158912331,0.05606184493092689,0,1,
Combined,GPT-2,"grid position (0, 2)",0.09142692961785948,0.030398121551441927,0,2,
Combined,GPT-2,"grid position (1, 0)",0.11114613378196694,0.013676990277753154,1,0,
Combined,GPT-2,"grid position (1, 1)",0.07924875982424966,0.0032994335054972387,1,1,
Combined,GPT-2,"grid position (1, 2)",0.016129040328326266,-0.08616201179494765,1,2,
Combined,GPT-2,"grid position (2, 0)",0.08411882458500394,-0.06413198232829535,2,0,
Combined,GPT-2,"grid position (2, 1)",0.05211190508412176,-0.011971846063310752,2,1,
Combined,GPT-2,"grid position (2, 2)",-0.7130260311588955,0.05009435819260969,2,2,
Combined,GPT-2,"grid position (0, 0)",0.10216096718216379,0.08542005049419778,0,0,
Combined,GPT-2,"grid position (0, 1)",0.09087423000913826,0.06131108532700609,0,1,
Combined,GPT-2,"grid position (0, 2)",0.04506222433754714,-0.07283558375821197,0,2,
Combined,GPT-2,"grid position (1, 0)",0.1083706664030157,0.09249145346324268,1,0,
Combined,GPT-2,"grid position (1, 1)",0.06648473939253946,-0.048441263237255866,1,1,
Combined,GPT-2,"grid position (1, 2)",-0.30298590682729143,-0.028005050006134204,1,2,
Combined,GPT-2,"grid position (2, 0)",0.09409655068693593,0.11767805548735354,2,0,
Combined,GPT-2,"grid position (2, 1)",0.05736703503568211,0.015183301955516806,2,1,
Combined,GPT-2,"grid position (2, 2)",0.08839156420410232,0.0013518456166894599,2,2,
Combined,GPT-2,"grid position (0, 0)",0.0405159404675572,-0.12425586854448506,0,0,
Combined,GPT-2,"grid position (0, 1)",0.0684636349251455,-0.05156955048597497,0,1,
Combined,GPT-2,"grid position (0, 2)",0.059303578993902095,-0.03597772634571334,0,2,
Combined,GPT-2,"grid position (1, 0)",-0.3574848437313664,0.012095534585428312,1,0,
Combined,GPT-2,"grid position (1, 1)",0.10881684679564296,0.051166110908186194,1,1,
Combined,GPT-2,"grid position (1, 2)",0.08673512679652194,0.03409920396694878,1,2,
Combined,GPT-2,"grid position (2, 0)",0.07570334498371897,-0.0783489389413109,2,0,
Combined,GPT-2,"grid position (2, 1)",0.12199589708997013,0.023868473409241375,2,1,
Combined,GPT-2,"grid position (2, 2)",0.11037864382607884,0.08499166130186082,2,2,
Combined,GPT-2,"grid position (0, 0)",0.06263981011708476,0.11376613267582339,0,0,
Combined,GPT-2,"grid position (0, 1)",0.09206619983343035,0.11117389987121501,0,1,
Combined,GPT-2,"grid position (0, 2)",0.07340620906767654,0.05332778590397533,0,2,
Combined,GPT-2,"grid position (1, 0)",0.034654821159358945,0.0003397753698763518,1,0,
Combined,GPT-2,"grid position (1, 1)",-0.4026585348008169,0.01055226731622211,1,1,
Combined,GPT-2,"grid position (1, 2)",0.06200468611014031,-0.03765470730499073,1,2,
Combined,GPT-2,"grid position (2, 0)",0.06065206496726603,0.05230675938955351,2,0,
Combined,GPT-2,"grid position (2, 1)",0.07112823543082265,-0.008911133972452101,2,1,
Combined,GPT-2,"grid position (2, 2)",0.036340393987702974,-0.05899060107793313,2,2,
Combined,GPT-2,"grid position (0, 0)",0.07020844844389612,-0.03776832949967233,0,0,
Combined,GPT-2,"grid position (0, 1)",0.05003164590476669,-0.03129928206899477,0,1,
Combined,GPT-2,"grid position (0, 2)",0.07946135287039251,0.01864084752725463,0,2,
Combined,GPT-2,"grid position (1, 0)",0.10555653458928424,-0.002830662063197739,1,0,
Combined,GPT-2,"grid position (1, 1)",0.10736093923131178,0.03323192163549503,1,1,
Combined,GPT-2,"grid position (1, 2)",0.09193164627286501,0.09879965189246424,1,2,
Combined,GPT-2,"grid position (2, 0)",0.10599473380977262,-0.0022767262407083905,2,0,
Combined,GPT-2,"grid position (2, 1)",-0.10903812739371871,-0.15158132368022284,2,1,
Combined,GPT-2,"grid position (2, 2)",-0.5894208941086606,0.03487529331377216,2,2,
Combined,GPT-2,"grid position (0, 0)",0.11644497792948419,0.0038580966168353524,0,0,
Combined,GPT-2,"grid position (0, 1)",0.09514421007222083,0.021448013343133426,0,1,
Combined,GPT-2,"grid position (0, 2)",0.09871639314040141,0.07717319252472198,0,2,
Combined,GPT-2,"grid position (1, 0)",0.11671481520098792,-0.0033865868336562053,1,0,
Combined,GPT-2,"grid position (1, 1)",0.06298576948202525,-0.05258045742438325,1,1,
Combined,GPT-2,"grid position (1, 2)",0.07830896473532734,-0.0478515136050777,1,2,
Combined,GPT-2,"grid position (2, 0)",-0.5778841526295225,0.035642441476154425,2,0,
Combined,GPT-2,"grid position (2, 1)",0.046559389637864934,-0.021957831834993218,2,1,
Combined,GPT-2,"grid position (2, 2)",0.06360924249553745,-0.051416918748558485,2,2,
Combined,GPT-2,"grid position (0, 0)",0.03130455507299042,0.018257773079736257,0,0,
Combined,GPT-2,"grid position (0, 1)",0.07469893721175447,0.1473317811077538,0,1,
Combined,GPT-2,"grid position (0, 2)",0.10874341079190365,0.10242324947403252,0,2,
Combined,GPT-2,"grid position (1, 0)",-0.40119878156353384,0.016902007433051154,1,0,
Combined,GPT-2,"grid position (1, 1)",0.031598704814454766,-0.06216316245522946,1,1,
Combined,GPT-2,"grid position (1, 2)",0.11142628595293261,0.08616435767217367,1,2,
Combined,GPT-2,"grid position (2, 0)",0.1028806845411037,-0.029569548709354524,2,0,
Combined,GPT-2,"grid position (2, 1)",0.037145183923086585,-0.08768446149678402,2,1,
Combined,GPT-2,"grid position (2, 2)",0.06518474492061718,-0.050842803274669536,2,2,
Combined,GPT-2,"grid position (0, 0)",-0.08799016189147343,-0.17435211003982867,0,0,
Combined,GPT-2,"grid position (0, 1)",-0.007972283032482399,-0.09410453385549625,0,1,
Combined,GPT-2,"grid position (0, 2)",0.035723154594677016,0.0035704861913527035,0,2,
Combined,GPT-2,"grid position (1, 0)",-0.4825738544639406,0.052947880296834664,1,0,
Combined,GPT-2,"grid position (1, 1)",0.06819346267639768,0.00733517032070399,1,1,
Combined,GPT-2,"grid position (1, 2)",0.07761639609128117,0.0481222870203407,1,2,
Combined,GPT-2,"grid position (2, 0)",0.11466086903696238,0.07305732803431937,2,0,
Combined,GPT-2,"grid position (2, 1)",0.08873390300978304,0.023026053471271447,2,1,
Combined,GPT-2,"grid position (2, 2)",0.06932112855353313,0.00857923191307787,2,2,
Combined,GPT-2,"grid position (0, 0)",0.0486619339160859,0.13032112825934444,0,0,
Combined,GPT-2,"grid position (0, 1)",0.029178205220911194,0.004579907965068101,0,1,
Combined,GPT-2,"grid position (0, 2)",0.01915400890307617,-0.03447930141928392,0,2,
Combined,GPT-2,"grid position (1, 0)",0.06536938539907203,0.001918749360836606,1,0,
Combined,GPT-2,"grid position (1, 1)",0.08627764014544867,0.05133693142559025,1,1,
Combined,GPT-2,"grid position (1, 2)",0.06403540617785283,0.02762699761806038,1,2,
Combined,GPT-2,"grid position (2, 0)",0.06682091130357765,-0.04282298786743682,2,0,
Combined,GPT-2,"grid position (2, 1)",0.07142007753042906,-0.04662834064491897,2,1,
Combined,GPT-2,"grid position (2, 2)",-0.6643401695786971,0.0445634761305717,2,2,
Combined,GPT-2,"grid position (0, 0)",0.025770649632204098,-0.09014385264872621,0,0,
Combined,GPT-2,"grid position (0, 1)",-0.5530146214902384,0.02227289222116154,0,1,
Combined,GPT-2,"grid position (0, 2)",0.056922280737283254,0.021717770617715525,0,2,
Combined,GPT-2,"grid position (1, 0)",0.039956373227216915,-0.1506800264878026,1,0,
Combined,GPT-2,"grid position (1, 1)",0.07378217503299626,0.008640946644784054,1,1,
Combined,GPT-2,"grid position (1, 2)",0.09416463227748308,0.06267219791434897,1,2,
Combined,GPT-2,"grid position (2, 0)",0.036607904828906856,-0.1533690286529676,2,0,
Combined,GPT-2,"grid position (2, 1)",0.08371299424650243,0.024908098336699432,2,1,
Combined,GPT-2,"grid position (2, 2)",0.10294125371015996,0.0742597317556211,2,2,
Combined,GPT-2,"grid position (0, 0)",0.02812510031371499,0.0648602322840574,0,0,
Combined,GPT-2,"grid position (0, 1)",0.08581592500819174,0.03164288441457462,0,1,
Combined,GPT-2,"grid position (0, 2)",0.024717288014502226,0.11456185934686641,0,2,
Combined,GPT-2,"grid position (1, 0)",0.04630419726934547,-0.006466396547856239,1,0,
Combined,GPT-2,"grid position (1, 1)",0.09169806312194898,0.00659184716123776,1,1,
Combined,GPT-2,"grid position (1, 2)",0.04778829698127287,0.10988220209202051,1,2,
Combined,GPT-2,"grid position (2, 0)",0.034769539043293364,-0.03397914765259539,2,0,
Combined,GPT-2,"grid position (2, 1)",-0.33286012051754854,0.006026899226117472,2,1,
Combined,GPT-2,"grid position (2, 2)",0.019734516265696344,-0.005903090966715884,2,2,
Combined,GPT-2,"grid position (0, 0)",0.040647177668578,-0.048899144223906225,0,0,
Combined,GPT-2,"grid position (0, 1)",0.07033488089449529,-0.08256480345872336,0,1,
Combined,GPT-2,"grid position (0, 2)",0.06815926087431505,-0.06724235820441914,0,2,
Combined,GPT-2,"grid position (1, 0)",0.05649791884196299,-0.04673951157143328,1,0,
Combined,GPT-2,"grid position (1, 1)",0.05472237423417525,-0.050752090150571,1,1,
Combined,GPT-2,"grid position (1, 2)",-0.6219386577373831,0.043953279499689135,1,2,
Combined,GPT-2,"grid position (2, 0)",0.023488649483967287,-0.0713971642621809,2,0,
Combined,GPT-2,"grid position (2, 1)",0.027949388118052414,0.0663006091037436,2,1,
Combined,GPT-2,"grid position (2, 2)",0.04285368449109389,0.07542860785405839,2,2,
Combined,GPT-2,"grid position (0, 0)",0.03308337550704933,-0.07817952691709155,0,0,
Combined,GPT-2,"grid position (0, 1)",0.06656365588910282,-0.03387919914933918,0,1,
Combined,GPT-2,"grid position (1, 0)",-0.45091908977303385,0.008502524466052538,1,0,
Combined,GPT-2,"grid position (1, 1)",0.12494047607750791,0.010742510723237652,1,1,
Combined,GPT-2,"grid position (1, 2)",0.1262209665651399,0.025780629342766606,1,2,
Combined,GPT-2,"grid position (2, 0)",0.10155130839994383,0.1053644099910829,2,0,
Combined,GPT-2,"grid position (2, 1)",0.09596405070201434,0.033150052188457124,2,1,
Combined,GPT-2,"grid position (2, 2)",0.0880982459754063,0.033208048399756704,2,2,
Combined,GPT-2,"grid position (0, 0)",0.0568249490673974,-0.022487912381899934,0,0,
Combined,GPT-2,"grid position (0, 1)",0.11124333935852575,0.07773481318470346,0,1,
Combined,GPT-2,"grid position (0, 2)",0.1079769418589702,0.10336899161189533,0,2,
Combined,GPT-2,"grid position (1, 0)",-0.3752721235746739,-0.013462469415273761,1,0,
Combined,GPT-2,"grid position (1, 1)",0.030645377932842097,-0.0536316844503839,1,1,
Combined,GPT-2,"grid position (1, 2)",0.0852632729556138,0.1277774420408794,1,2,
Combined,GPT-2,"grid position (2, 0)",-0.01538469886863723,-0.1722485409751531,2,0,
Combined,GPT-2,"grid position (2, 1)",-0.004018032021717539,-0.16885731125010028,2,1,
Combined,GPT-2,"grid position (2, 2)",-0.023402484742949828,-0.1471059374869834,2,2,
Combined,GPT-2,"grid position (0, 0)",0.032478575209800534,-0.03954483906723339,0,0,
Combined,GPT-2,"grid position (0, 1)",-0.1477303313237719,-0.26942435031472944,0,1,
Combined,GPT-2,"grid position (0, 2)",-0.012301745278475986,-0.10111488193298318,0,2,
Combined,GPT-2,"grid position (1, 0)",0.05281467472348033,-0.0940808967529228,1,0,
Combined,GPT-2,"grid position (1, 1)",0.04158924631441278,-0.09851978288713836,1,1,
Combined,GPT-2,"grid position (1, 2)",-0.45927776791795183,0.033906814964353785,1,2,
Combined,GPT-2,"grid position (2, 0)",0.11956995790944167,0.05198803912347993,2,0,
Combined,GPT-2,"grid position (2, 1)",0.12278460455052455,0.08587372992717077,2,1,
Combined,GPT-2,"grid position (2, 2)",0.11681379132472659,0.048519754720552345,2,2,
Combined,GPT-2,"grid position (0, 0)",0.037757777038392996,0.11488483262933148,0,0,
Combined,GPT-2,"grid position (0, 1)",0.048744195222043894,0.007225086629157559,0,1,
Combined,GPT-2,"grid position (1, 0)",-0.5262549029286888,0.019355966547935737,1,0,
Combined,GPT-2,"grid position (1, 1)",0.12485268386812672,0.0652671337091112,1,1,
Combined,GPT-2,"grid position (1, 2)",0.0456065515056682,0.011563894474633466,1,2,
Combined,GPT-2,"grid position (2, 0)",0.0081740803488351,-0.0900642874823233,2,0,
Combined,GPT-2,"grid position (2, 1)",0.07977925319508997,0.001800275400718279,2,1,
Combined,GPT-2,"grid position (2, 2)",0.09984116211507404,0.017356649990146463,2,2,
Combined,GPT-2,"grid position (0, 0)",-0.624124435493245,0.022346466315919803,0,0,
Combined,GPT-2,"grid position (0, 1)",0.064493341825861,-0.0668651844357475,0,1,
Combined,GPT-2,"grid position (0, 2)",0.09420760901627079,-0.006339812076108142,0,2,
Combined,GPT-2,"grid position (1, 0)",0.04874026566159391,-0.012344332502953878,1,0,
Combined,GPT-2,"grid position (1, 1)",0.09163328131012947,-0.014606182460499648,1,1,
Combined,GPT-2,"grid position (1, 2)",0.08113802516762897,-0.02531838475141273,1,2,
Combined,GPT-2,"grid position (2, 0)",0.07136441353371037,0.04992687113513605,2,0,
Combined,GPT-2,"grid position (2, 1)",0.09079584291547305,0.0337989448405109,2,1,
Combined,GPT-2,"grid position (2, 2)",0.062272933383686176,-0.05422700302756305,2,2,
Combined,GPT-2,"grid position (0, 0)",0.08336172985693574,0.09804451259874497,0,0,
Combined,GPT-2,"grid position (0, 1)",-0.3488661801771656,0.05286115395919615,0,1,
Combined,GPT-2,"grid position (0, 2)",0.09183642824591709,0.003107857812658274,0,2,
Combined,GPT-2,"grid position (1, 0)",0.08973987920109229,0.04429337860641511,1,0,
Combined,GPT-2,"grid position (1, 1)",0.07771892049289827,0.002999004300946693,1,1,
Combined,GPT-2,"grid position (1, 2)",0.042550251823677464,-0.057892182016713,1,2,
Combined,GPT-2,"grid position (2, 0)",-0.06861519365898662,-0.20322048042068686,2,0,
Combined,GPT-2,"grid position (2, 1)",0.05810469575388985,-0.027023630473457995,2,1,
Combined,GPT-2,"grid position (2, 2)",0.041720806311420014,-0.12733532091251926,2,2,
Combined,GPT-2,"grid position (0, 0)",0.04264358862415747,-0.04748127901989127,0,0,
Combined,GPT-2,"grid position (0, 1)",0.03946467356183444,-0.09628331320628261,0,1,
Combined,GPT-2,"grid position (0, 2)",0.0825158621353124,-0.008997321391112324,0,2,
Combined,GPT-2,"grid position (1, 0)",0.061334581918124305,0.035577532881210364,1,0,
Combined,GPT-2,"grid position (1, 1)",0.08419186656966807,0.034616165328015,1,1,
Combined,GPT-2,"grid position (1, 2)",0.12130697222130288,0.04474761718588918,1,2,
Combined,GPT-2,"grid position (2, 0)",-0.011566901831132124,0.12161586993383605,2,0,
Combined,GPT-2,"grid position (2, 1)",0.044760781272806825,0.014043655408801588,2,1,
Combined,GPT-2,"grid position (2, 2)",-0.4357319851364724,0.03419322330423367,2,2,
Combined,GPT-2,"grid position (0, 0)",0.002618958533713835,0.0015052354292153318,0,0,
Combined,GPT-2,"grid position (0, 1)",0.045421540220310565,-0.03498151815501512,0,1,
Combined,GPT-2,"grid position (0, 2)",0.022579621132870535,-0.16754189579858722,0,2,
Combined,GPT-2,"grid position (1, 0)",0.06530077096264611,0.09454832684723838,1,0,
Combined,GPT-2,"grid position (1, 1)",-0.38371081399197227,0.018243108777468587,1,1,
Combined,GPT-2,"grid position (1, 2)",0.052595722223977494,-0.10490445702533735,1,2,
Combined,GPT-2,"grid position (2, 0)",0.07819851342718945,0.09333975371288811,2,0,
Combined,GPT-2,"grid position (2, 1)",0.08871712437755164,0.02168461997074723,2,1,
Combined,GPT-2,"grid position (2, 2)",0.09743274300651555,-0.0069989811810873175,2,2,
Combined,GPT-2,"grid position (0, 0)",0.07076262703022485,-0.04025594325687393,0,0,
Combined,GPT-2,"grid position (0, 1)",-0.5234797865723285,0.003079805548234835,0,1,
Combined,GPT-2,"grid position (0, 2)",-0.18662807763444553,-0.2218788195129473,0,2,
Combined,GPT-2,"grid position (1, 0)",0.12497996051501904,-0.0026077478235886943,1,0,
Combined,GPT-2,"grid position (1, 1)",0.08556156007670132,0.016553748645891354,1,1,
Combined,GPT-2,"grid position (1, 2)",0.030524178364826897,0.13268267036008616,1,2,
Combined,GPT-2,"grid position (2, 0)",0.10507301204531361,0.034346817767835186,2,0,
Combined,GPT-2,"grid position (2, 1)",0.1143440396535058,0.021279903759681005,2,1,
Combined,GPT-2,"grid position (2, 2)",0.013781711015942666,0.12599195387359186,2,2,
Combined,GPT-2,"grid position (0, 0)",0.05075019957912254,-0.071160974269482,0,0,
Combined,GPT-2,"grid position (0, 1)",0.05317373786224153,-0.07891518656427027,0,1,
Combined,GPT-2,"grid position (0, 2)",0.05779421416872689,-0.050727673279131524,0,2,
Combined,GPT-2,"grid position (1, 0)",0.05369805294977246,-0.09706007899237407,1,0,
Combined,GPT-2,"grid position (1, 1)",0.08461477390309129,-0.025418266803911068,1,1,
Combined,GPT-2,"grid position (1, 2)",-0.39037524573865906,0.024122517356487003,1,2,
Combined,GPT-2,"grid position (2, 0)",0.05480858070118183,-0.012074260570788387,2,0,
Combined,GPT-2,"grid position (2, 1)",0.10499822593805515,0.06281815062779769,2,1,
Combined,GPT-2,"grid position (2, 2)",0.08707504108180189,0.04202412379394129,2,2,
Combined,GPT-2,"grid position (0, 0)",-0.04381185824879207,-0.15606906950705893,0,0,
Combined,GPT-2,"grid position (0, 1)",0.06995044301994269,-0.03872251102908252,0,1,
Combined,GPT-2,"grid position (0, 2)",0.09921495124910751,-0.018574129962899165,0,2,
Combined,GPT-2,"grid position (1, 0)",0.046809088447171424,0.025967239506981214,1,0,
Combined,GPT-2,"grid position (1, 1)",-0.3030705700760184,0.03240842155343584,1,1,
Combined,GPT-2,"grid position (1, 2)",0.11647430487095259,-0.017730813400943395,1,2,
Combined,GPT-2,"grid position (2, 0)",0.09930985352174754,0.11882590001845027,2,0,
Combined,GPT-2,"grid position (2, 1)",0.09271239407518736,0.138989583487272,2,1,
Combined,GPT-2,"grid position (2, 2)",0.06530519392327715,0.05020869295392943,2,2,
Combined,GPT-2,"grid position (0, 0)",0.05716173111731335,-0.03964368519130355,0,0,
Combined,GPT-2,"grid position (0, 1)",0.040692667865510755,0.019915875787431748,0,1,
Combined,GPT-2,"grid position (0, 2)",0.09546677242228062,0.020456020681172984,0,2,
Combined,GPT-2,"grid position (1, 0)",0.03436654336787308,-0.08385420787581199,1,0,
Combined,GPT-2,"grid position (1, 1)",-0.02509931885999396,-0.1219580064835505,1,1,
Combined,GPT-2,"grid position (1, 2)",0.1210541416050351,0.038224915393997805,1,2,
Combined,GPT-2,"grid position (2, 0)",-0.5055591640341538,0.024091266274677437,2,0,
Combined,GPT-2,"grid position (2, 1)",0.04040318994179359,-0.0853599028994632,2,1,
Combined,GPT-2,"grid position (2, 2)",0.058257781494362365,-0.026938259264529685,2,2,
Combined,GPT-2,"grid position (0, 0)",0.07627024184740017,0.13317222705200885,0,0,
Combined,GPT-2,"grid position (0, 1)",0.11150682957582896,0.1133951198111921,0,1,
Combined,GPT-2,"grid position (0, 2)",0.09869432144557393,0.022075516752685924,0,2,
Combined,GPT-2,"grid position (1, 0)",0.111052440992848,0.10336949739210513,1,0,
Combined,GPT-2,"grid position (1, 1)",-0.5021099683905753,0.008194045734761148,1,1,
Combined,GPT-2,"grid position (1, 2)",0.06581157884323464,-0.07108929988008027,1,2,
Combined,GPT-2,"grid position (2, 0)",0.09867071843081443,0.09155642740032517,2,0,
Combined,GPT-2,"grid position (2, 1)",0.10080285444807213,-0.005097876020802634,2,1,
Combined,GPT-2,"grid position (2, 2)",0.05328396231533298,-0.04648603965893767,2,2,
Combined,GPT-2,"grid position (0, 0)",-0.4203077244828297,0.05920543173319513,0,0,
Combined,GPT-2,"grid position (0, 1)",0.06792136899357884,-0.011750628514168658,0,1,
Combined,GPT-2,"grid position (0, 2)",0.09330760938622296,0.04185320651150776,0,2,
Combined,GPT-2,"grid position (1, 0)",0.08903276601377075,0.08186024995069566,1,0,
Combined,GPT-2,"grid position (1, 1)",0.09280233290888575,-0.00044993592498277266,1,1,
Combined,GPT-2,"grid position (1, 2)",0.05090768478162408,-0.00802882475617665,1,2,
Combined,GPT-2,"grid position (2, 0)",0.10005603069245703,0.11205307270467674,2,0,
Combined,GPT-2,"grid position (2, 1)",0.00857852779148267,-0.12636599177060767,2,1,
Combined,GPT-2,"grid position (2, 2)",-0.028472640674077003,-0.17946775447448,2,2,
Combined,GPT-2,"grid position (0, 0)",0.08939272103240761,0.09628529307067421,0,0,
Combined,GPT-2,"grid position (0, 1)",-0.3109890928902077,0.01810797298421091,0,1,
Combined,GPT-2,"grid position (0, 2)",0.029720765139749212,-0.0950038692684619,0,2,
Combined,GPT-2,"grid position (1, 0)",0.1324969169801586,0.11086372994168305,1,0,
Combined,GPT-2,"grid position (1, 1)",0.07695160453352133,0.010967720718783889,1,1,
Combined,GPT-2,"grid position (1, 2)",0.06809925370803845,-0.04330899286558846,1,2,
Combined,GPT-2,"grid position (2, 0)",0.09220431244116425,0.11873341442712805,2,0,
Combined,GPT-2,"grid position (2, 1)",0.08038234774713121,0.018802337009323808,2,1,
Combined,GPT-2,"grid position (2, 2)",0.07080187252904066,-0.0033479004689438165,2,2,
Combined,GPT-2,"grid position (0, 0)",0.07189267128807181,0.05791693428574334,0,0,
Combined,GPT-2,"grid position (0, 1)",-0.37278163286417193,0.010486603278121148,0,1,
Combined,GPT-2,"grid position (0, 2)",-0.013352794784483379,-0.11262407271426744,0,2,
Combined,GPT-2,"grid position (1, 0)",0.09717047748751945,0.061449831071820935,1,0,
Combined,GPT-2,"grid position (1, 1)",0.1101348779323956,0.050417583976549205,1,1,
Combined,GPT-2,"grid position (1, 2)",0.10235274298347229,0.006750129833486785,1,2,
Combined,GPT-2,"grid position (2, 0)",0.08037992392710933,0.052220886475077784,2,0,
Combined,GPT-2,"grid position (2, 1)",0.06536381492134241,0.04453229052704027,2,1,
Combined,GPT-2,"grid position (2, 2)",0.027438049432734004,0.033055928960512196,2,2,
Combined,GPT-2,"grid position (0, 0)",-0.09574323653298575,-0.23037629743574298,0,0,
Combined,GPT-2,"grid position (0, 1)",0.026690092870238012,-0.0037887226965801248,0,1,
Combined,GPT-2,"grid position (0, 2)",0.09528593506524585,0.08527372785154047,0,2,
Combined,GPT-2,"grid position (1, 0)",0.027875035998880957,-0.12398115277386076,1,0,
Combined,GPT-2,"grid position (1, 1)",0.03918296967599323,0.021399932597371534,1,1,
Combined,GPT-2,"grid position (1, 2)",-0.3557847641594526,0.06326861221178134,1,2,
Combined,GPT-2,"grid position (2, 0)",0.06840334155850944,-0.062458210964859866,2,0,
Combined,GPT-2,"grid position (2, 1)",0.04974301676666483,-0.028388384792983726,2,1,
Combined,GPT-2,"grid position (2, 2)",0.12490735368796252,0.055232824576872765,2,2,
Combined,GPT-2,"grid position (0, 0)",0.020643197858841566,0.05183189124502495,0,0,
Combined,GPT-2,"grid position (0, 1)",0.035337315411516176,-0.0014422313306363768,0,1,
Combined,GPT-2,"grid position (0, 2)",0.075404321442735,-0.02123310157326729,0,2,
Combined,GPT-2,"grid position (1, 0)",-0.08356749825715555,-0.12247716565470153,1,0,
Combined,GPT-2,"grid position (1, 1)",-0.5943054508277902,0.025813047294722846,1,1,
Combined,GPT-2,"grid position (1, 2)",0.10843122496687957,0.006314073943404981,1,2,
Combined,GPT-2,"grid position (2, 0)",0.04355730457912065,0.0073448097240584615,2,0,
Combined,GPT-2,"grid position (2, 1)",0.07584895338909792,0.026398204817066118,2,1,
Combined,GPT-2,"grid position (2, 2)",0.10562111978252968,0.020494211358280296,2,2,
Combined,GPT-2,"grid position (0, 0)",0.038970405442530665,-0.07148351254607369,0,0,
Combined,GPT-2,"grid position (0, 1)",0.06736976951470892,0.033163641926310175,0,1,
Combined,GPT-2,"grid position (0, 2)",0.0750195553836467,0.0627472329814985,0,2,
Combined,GPT-2,"grid position (1, 0)",0.042979263758362155,-0.06582066096395854,1,0,
Combined,GPT-2,"grid position (1, 1)",0.057692292757547815,-0.015286360634176158,1,1,
Combined,GPT-2,"grid position (1, 2)",0.10127907896719272,0.07222841849216959,1,2,
Combined,GPT-2,"grid position (2, 0)",-0.009081959500704201,-0.2040182218734565,2,0,
Combined,GPT-2,"grid position (2, 1)",-0.5942952160310151,0.022980195615525088,2,1,
Combined,GPT-2,"grid position (2, 2)",0.04222768146119144,0.03446086586110642,2,2,
Combined,GPT-2,"grid position (0, 0)",0.033547919870510506,-0.011802774213191636,0,0,
Combined,GPT-2,"grid position (0, 1)",0.08819655620515672,0.018766450348692187,0,1,
Combined,GPT-2,"grid position (0, 2)",0.09530619062186167,0.0976259065275106,0,2,
Combined,GPT-2,"grid position (1, 0)",0.061398068267747394,-0.051326150856016495,1,0,
Combined,GPT-2,"grid position (1, 1)",-0.43837041341943006,0.03837288529357552,1,1,
Combined,GPT-2,"grid position (1, 2)",0.060666138637943984,-0.02123253455834736,1,2,
Combined,GPT-2,"grid position (2, 0)",0.0023458688117139912,-0.2096911823374203,2,0,
Combined,GPT-2,"grid position (2, 1)",0.040027408132987,-0.07176687795241098,2,1,
Combined,GPT-2,"grid position (2, 2)",0.06531969289817664,-0.06280390098881332,2,2,
Combined,GPT-2,"grid position (0, 0)",0.013606468302228341,-0.05876145966829743,0,0,
Combined,GPT-2,"grid position (0, 1)",0.1052553181922046,0.050891645623779375,0,1,
Combined,GPT-2,"grid position (0, 2)",0.1086547086015027,0.1202407346397788,0,2,
Combined,GPT-2,"grid position (1, 0)",0.04193651756980237,-0.03608075081008581,1,0,
Combined,GPT-2,"grid position (1, 1)",0.0927647895260612,-0.010776963375607537,1,1,
Combined,GPT-2,"grid position (1, 2)",-0.5402660783087446,0.05805028173627949,1,2,
Combined,GPT-2,"grid position (2, 0)",-0.08774455976238867,-0.2184668206907706,2,0,
Combined,GPT-2,"grid position (2, 1)",-0.058895941969566656,-0.15954889277961135,2,1,
Combined,GPT-2,"grid position (2, 2)",-0.08135696990238636,-0.1662346280042653,2,2,
Combined,GPT-2,"grid position (0, 0)",-0.6658574006940987,0.035946242694513575,0,0,
Combined,GPT-2,"grid position (0, 1)",0.02272243874541931,-0.04965162185595107,0,1,
Combined,GPT-2,"grid position (0, 2)",0.04635952496905288,-0.10887510266098724,0,2,
Combined,GPT-2,"grid position (1, 0)",0.076889911678568,-0.038948521857968973,1,0,
Combined,GPT-2,"grid position (1, 1)",0.12117576225274707,0.03921616616123884,1,1,
Combined,GPT-2,"grid position (1, 2)",0.14065301223861262,0.00958076683145565,1,2,
Combined,GPT-2,"grid position (2, 0)",0.000774366624631066,-0.1879048986485228,2,0,
Combined,GPT-2,"grid position (2, 1)",0.140826374659328,0.054979957751106215,2,1,
Combined,GPT-2,"grid position (2, 2)",0.10198289598531413,0.0344571493691783,2,2,
Combined,GPT-2,"grid position (0, 0)",0.03538036678075527,-0.07045960408370452,0,0,
Combined,GPT-2,"grid position (0, 1)",0.05752518692568381,-0.032696969427773205,0,1,
Combined,GPT-2,"grid position (0, 2)",-0.04663936304790054,-0.10661377640840607,0,2,
Combined,GPT-2,"grid position (1, 0)",0.05332288198123462,-0.0035405706919227646,1,0,
Combined,GPT-2,"grid position (1, 1)",0.07933300235777072,0.0477958449264115,1,1,
Combined,GPT-2,"grid position (1, 2)",-0.6216532480398977,0.04632466166692022,1,2,
Combined,GPT-2,"grid position (2, 0)",0.08223453212172868,-0.027811847130760105,2,0,
Combined,GPT-2,"grid position (2, 1)",0.0625308459938094,0.024476180205321003,2,1,
Combined,GPT-2,"grid position (2, 2)",0.07185183085957735,0.0742234383426936,2,2,
Combined,GPT-2,"grid position (0, 0)",0.10241559172371328,0.07992500834686983,0,0,
Combined,GPT-2,"grid position (0, 1)",0.06549803985707887,-0.04001659322519793,0,1,
Combined,GPT-2,"grid position (0, 2)",0.015573014735716555,0.04481797679319198,0,2,
Combined,GPT-2,"grid position (1, 0)",0.09353323677862292,0.08197367468345527,1,0,
Combined,GPT-2,"grid position (1, 1)",0.051004149227705076,-0.05419467954312011,1,1,
Combined,GPT-2,"grid position (1, 2)",0.08626491316063294,0.007565002128561812,1,2,
Combined,GPT-2,"grid position (2, 0)",-0.6711168100051927,0.05237457092470368,2,0,
Combined,GPT-2,"grid position (2, 1)",0.022028383794021746,-0.05040402852322881,2,1,
Combined,GPT-2,"grid position (2, 2)",0.10746637470765724,0.046911658246235,2,2,
Combined,GPT-2,"grid position (0, 0)",0.010071384288643253,-0.1407487807054231,0,0,
Combined,GPT-2,"grid position (0, 1)",0.014318174289844736,-0.1073610887404059,0,1,
Combined,GPT-2,"grid position (0, 2)",-0.023669067864039252,-0.006627923916764847,0,2,
Combined,GPT-2,"grid position (1, 0)",0.07310361229293061,-0.028679337123785432,1,0,
Combined,GPT-2,"grid position (1, 1)",0.05345211089504992,0.00813318726162988,1,1,
Combined,GPT-2,"grid position (1, 2)",-0.03737991457221869,-0.04756005192116119,1,2,
Combined,GPT-2,"grid position (2, 0)",0.08206730563491475,0.01691587195121037,2,0,
Combined,GPT-2,"grid position (2, 1)",0.11043237844266596,0.12783882232175398,2,1,
Combined,GPT-2,"grid position (2, 2)",-0.6173453603022361,0.04951887960754954,2,2,
Combined,GPT-2,"grid position (0, 0)",0.08630914730715177,0.029677700757664488,0,0,
Combined,GPT-2,"grid position (0, 1)",0.10369319836300334,0.008600272052442397,0,1,
Combined,GPT-2,"grid position (0, 2)",0.029973304670905598,-0.08689637975587776,0,2,
Combined,GPT-2,"grid position (1, 0)",0.11843791959755608,0.08723575392672034,1,0,
Combined,GPT-2,"grid position (1, 1)",0.0995290543539114,0.042561578373387025,1,1,
Combined,GPT-2,"grid position (1, 2)",-0.005323305498907916,-0.19391882388183945,1,2,
Combined,GPT-2,"grid position (2, 0)",0.07146814251482222,0.1074497589303053,2,0,
Combined,GPT-2,"grid position (2, 1)",-0.6739741742777267,0.05688449362258101,2,1,
Combined,GPT-2,"grid position (2, 2)",-0.03344389559762251,-0.18998233291135316,2,2,
Combined,GPT-2,"grid position (0, 0)",0.03516984818212134,0.049465867828751627,0,0,
Combined,GPT-2,"grid position (0, 1)",0.032899840907410126,-0.03362147405275593,0,1,
Combined,GPT-2,"grid position (0, 2)",-0.35645124132657785,0.04272272612836336,0,2,
Combined,GPT-2,"grid position (1, 0)",0.026777048504825395,0.09457003920026727,1,0,
Combined,GPT-2,"grid position (1, 1)",0.07184521882822302,-0.06151877722705352,1,1,
Combined,GPT-2,"grid position (1, 2)",0.12915474440736402,0.02132246145897161,1,2,
Combined,GPT-2,"grid position (2, 1)",0.06646370130474484,-0.06961769108227993,2,1,
Combined,GPT-2,"grid position (2, 2)",0.06695238859717813,-0.03989404956615062,2,2,
Combined,GPT-2,"grid position (0, 0)",0.04813949599939863,-0.04224248397132052,0,0,
Combined,GPT-2,"grid position (0, 1)",0.06328794343260458,-0.04771149861558127,0,1,
Combined,GPT-2,"grid position (0, 2)",0.05631503050640335,-0.025398076548592573,0,2,
Combined,GPT-2,"grid position (1, 0)",0.1006704363563548,0.04141968703647764,1,0,
Combined,GPT-2,"grid position (1, 1)",0.06715401477165939,0.011520179467773364,1,1,
Combined,GPT-2,"grid position (1, 2)",-0.44663434854461104,0.05274395887145078,1,2,
Combined,GPT-2,"grid position (2, 0)",0.11762181695935191,0.08275758428810877,2,0,
Combined,GPT-2,"grid position (2, 1)",0.0695717889114576,-0.03300055947226003,2,1,
Combined,GPT-2,"grid position (2, 2)",0.08630726038880572,0.007133944957358375,2,2,
Combined,GPT-2,"grid position (0, 0)",0.04355337561042701,-0.10252649144148239,0,0,
Combined,GPT-2,"grid position (0, 1)",0.027320897819171006,-0.12694868763364295,0,1,
Combined,GPT-2,"grid position (0, 2)",0.0839383016410957,-0.040998277221848116,0,2,
Combined,GPT-2,"grid position (1, 0)",0.08740987628135363,0.01006984082193766,1,0,
Combined,GPT-2,"grid position (1, 1)",0.07569983047512582,-0.057577418674216,1,1,
Combined,GPT-2,"grid position (1, 2)",-0.01574444959866567,-0.09404400891048888,1,2,
Combined,GPT-2,"grid position (2, 0)",0.07682782782753751,0.050522536595924074,2,0,
Combined,GPT-2,"grid position (2, 1)",0.0963877319661183,0.033071913818579345,2,1,
Combined,GPT-2,"grid position (2, 2)",-0.615997134404447,0.06489079560915802,2,2,
Combined,GPT-2,"grid position (0, 0)",0.07885749379207849,0.06124910252026708,0,0,
Combined,GPT-2,"grid position (0, 1)",0.013607153826334588,0.09665266607181808,0,1,
Combined,GPT-2,"grid position (0, 2)",0.052451102934183216,0.0846868877543557,0,2,
Combined,GPT-2,"grid position (1, 0)",0.08114742666889352,-0.0027218469834535356,1,0,
Combined,GPT-2,"grid position (1, 1)",0.02311960255139024,-0.004856606140244877,1,1,
Combined,GPT-2,"grid position (1, 2)",0.10222029996663555,-0.004460972493797206,1,2,
Combined,GPT-2,"grid position (2, 0)",-0.4467987904181503,-0.013290097350882041,2,0,
Combined,GPT-2,"grid position (2, 1)",0.011876225716082099,-0.09966445843099357,2,1,
Combined,GPT-2,"grid position (2, 2)",0.05370069210160975,-0.018137274107204764,2,2,
Combined,GPT-2,"grid position (0, 0)",0.09271120081299004,0.04522316170583188,0,0,
Combined,GPT-2,"grid position (0, 1)",0.06818696297025044,-0.07158882614837593,0,1,
Combined,GPT-2,"grid position (0, 2)",0.11648389335888251,0.014962964994933518,0,2,
Combined,GPT-2,"grid position (1, 0)",0.027855876614471482,-0.05724928407798871,1,0,
Combined,GPT-2,"grid position (1, 1)",0.05317414360905889,-0.09571961549400138,1,1,
Combined,GPT-2,"grid position (1, 2)",0.06298693479827426,-0.026472221183218247,1,2,
Combined,GPT-2,"grid position (2, 0)",-0.7159460918295112,0.04918944412975914,2,0,
Combined,GPT-2,"grid position (2, 1)",0.07704540775880417,0.024026993487858816,2,1,
Combined,GPT-2,"grid position (2, 2)",0.10172858423547246,0.10061775152052496,2,2,
Combined,GPT-2,"grid position (0, 0)",-0.03500888241195491,-0.07332119773902031,0,0,
Combined,GPT-2,"grid position (0, 1)",0.01621664535645286,-0.011660971176202975,0,1,
Combined,GPT-2,"grid position (0, 2)",0.042797277348045754,0.01099765030051127,0,2,
Combined,GPT-2,"grid position (1, 0)",-0.5486260533418342,0.04786590592135331,1,0,
Combined,GPT-2,"grid position (1, 1)",0.06587412541377591,0.010415073800612996,1,1,
Combined,GPT-2,"grid position (1, 2)",0.11210171609753393,-0.0016575205825075292,1,2,
Combined,GPT-2,"grid position (2, 0)",0.0917847397206274,0.06322556821482132,2,0,
Combined,GPT-2,"grid position (2, 1)",0.11255844071009968,0.017554404565857912,2,1,
Combined,GPT-2,"grid position (2, 2)",0.1214017158833896,-0.009305713643410804,2,2,
Combined,GPT-2,"grid position (0, 0)",0.13492239851512303,0.015840044355827802,0,0,
Combined,GPT-2,"grid position (0, 1)",0.12633708848592443,0.0411367882986642,0,1,
Combined,GPT-2,"grid position (0, 2)",0.09604046027031521,0.03157173145399173,0,2,
Combined,GPT-2,"grid position (1, 0)",-0.46897918207899086,0.022979812080299485,1,0,
Combined,GPT-2,"grid position (1, 1)",0.06836277538169516,-0.05084200092250911,1,1,
Combined,GPT-2,"grid position (1, 2)",0.06087034689185845,-0.03827917535126159,1,2,
Combined,GPT-2,"grid position (2, 0)",0.04402534274697288,0.04119003682089057,2,0,
Combined,GPT-2,"grid position (2, 1)",0.10905032099681333,0.06534956139755327,2,1,
Combined,GPT-2,"grid position (2, 2)",0.03864190240286701,-0.04701008056687226,2,2,
Combined,GPT-2,"grid position (0, 0)",0.06455513753810355,0.1351427395418168,0,0,
Combined,GPT-2,"grid position (0, 1)",0.06434580082871812,-0.003925171752138847,0,1,
Combined,GPT-2,"grid position (0, 2)",0.07306003113598114,-0.044553890354361754,0,2,
Combined,GPT-2,"grid position (1, 0)",0.04558262706431066,0.07168405260191758,1,0,
Combined,GPT-2,"grid position (1, 1)",0.06798961534263706,-0.054418256078750775,1,1,
Combined,GPT-2,"grid position (1, 2)",-0.3137905527206286,-0.009224989546291239,1,2,
Combined,GPT-2,"grid position (2, 0)",0.03634498172618685,0.13014335711811467,2,0,
Combined,GPT-2,"grid position (2, 1)",0.014393627135466642,0.11757086648054425,2,1,
Combined,GPT-2,"grid position (2, 2)",0.1057184233038569,0.03892914929357524,2,2,
Combined,GPT-2,"grid position (0, 0)",0.08335205827985503,0.0295585060093173,0,0,
Combined,GPT-2,"grid position (0, 1)",0.1062092933533925,0.04317705126990939,0,1,
Combined,GPT-2,"grid position (0, 2)",-0.41189178455413605,0.05955777697960434,0,2,
Combined,GPT-2,"grid position (1, 0)",0.07719903180837806,-0.03191297709365876,1,0,
Combined,GPT-2,"grid position (1, 1)",0.10672522654527425,0.04854330322427753,1,1,
Combined,GPT-2,"grid position (1, 2)",0.0860544423131025,-0.05434538333093761,1,2,
Combined,GPT-2,"grid position (2, 1)",0.116971458700326,0.024354193668257487,2,1,
Combined,GPT-2,"grid position (2, 2)",0.07600959369836012,-0.07734577560618977,2,2,
Combined,GPT-2,"grid position (0, 0)",0.041793205430931527,0.017424389913784435,0,0,
Combined,GPT-2,"grid position (0, 1)",0.08717731816365888,-0.017378524344920123,0,1,
Combined,GPT-2,"grid position (0, 2)",-0.5025982443249045,0.04167617045801753,0,2,
Combined,GPT-2,"grid position (1, 0)",0.08309986943148788,0.02602523646188199,1,0,
Combined,GPT-2,"grid position (1, 1)",0.08406965169346962,-0.03865716634124819,1,1,
Combined,GPT-2,"grid position (1, 2)",0.041950388222993566,-0.027892753077346802,1,2,
Combined,GPT-2,"grid position (2, 0)",0.1025275967833714,0.05668912376127637,2,0,
Combined,GPT-2,"grid position (2, 1)",-0.011033354024964545,-0.015525128620674237,2,1,
Combined,GPT-2,"grid position (2, 2)",-0.008927242210631596,-0.08686133819812873,2,2,
Combined,GPT-2,"grid position (0, 0)",0.08303060467545217,0.0063270273457932125,0,0,
Combined,GPT-2,"grid position (0, 1)",0.11913907511145842,0.0704068656639554,0,1,
Combined,GPT-2,"grid position (0, 2)",0.10967520691326835,0.09107567010701856,0,2,
Combined,GPT-2,"grid position (1, 0)",0.01843419112644172,-0.09132367323593102,1,0,
Combined,GPT-2,"grid position (1, 1)",0.10045603899076044,0.01308431743669308,1,1,
Combined,GPT-2,"grid position (1, 2)",0.11314893394243862,0.07840609091491166,1,2,
Combined,GPT-2,"grid position (2, 0)",-0.6210756473279179,0.0019137461101321313,2,0,
Combined,GPT-2,"grid position (2, 1)",0.05250124917965519,-0.053964410751359056,2,1,
Combined,GPT-2,"grid position (2, 2)",0.03043988758950784,-0.12155517076818215,2,2,
Combined,GPT-2,"grid position (0, 0)",-0.6691409248957725,0.06573092152834864,0,0,
Combined,GPT-2,"grid position (0, 1)",-0.07916777421548692,-0.17723437393005578,0,1,
Combined,GPT-2,"grid position (0, 2)",0.008679012108201475,-0.10721901805622437,0,2,
Combined,GPT-2,"grid position (1, 0)",0.08270351710853914,0.05919517231389529,1,0,
Combined,GPT-2,"grid position (1, 1)",0.06950634034088994,0.02440538123063454,1,1,
Combined,GPT-2,"grid position (1, 2)",0.09109422432859983,0.0011563441645716518,1,2,
Combined,GPT-2,"grid position (2, 0)",0.05790837034013951,0.026183624592558137,2,0,
Combined,GPT-2,"grid position (2, 1)",0.08905780561277382,0.01488458377648406,2,1,
Combined,GPT-2,"grid position (2, 2)",0.05388995760197082,-0.07917866504179807,2,2,
Combined,GPT-2,"grid position (0, 0)",-0.023610864185699174,-0.11759579429531446,0,0,
Combined,GPT-2,"grid position (0, 1)",0.025533125827663764,-0.07518660393007741,0,1,
Combined,GPT-2,"grid position (0, 2)",0.09084778406601028,0.03034611511786636,0,2,
Combined,GPT-2,"grid position (1, 0)",0.0874739637582485,0.0967581051257749,1,0,
Combined,GPT-2,"grid position (1, 1)",0.06438149612099592,0.00869751422361315,1,1,
Combined,GPT-2,"grid position (1, 2)",-0.45250236122558674,0.03707248620186826,1,2,
Combined,GPT-2,"grid position (2, 0)",0.09219735163932936,0.0923338726769993,2,0,
Combined,GPT-2,"grid position (2, 1)",0.08528174556026634,0.020862468610905165,2,1,
Combined,GPT-2,"grid position (2, 2)",0.05806426202038969,-0.025496423656788742,2,2,
Combined,GPT-2,"grid position (0, 0)",0.07222444947934212,0.11728062246259958,0,0,
Combined,GPT-2,"grid position (0, 1)",0.08826993841082348,0.04152718365085425,0,1,
Combined,GPT-2,"grid position (0, 2)",0.09092474592397153,0.03337170618202248,0,2,
Combined,GPT-2,"grid position (1, 0)",0.1113268230306431,0.09076135182958019,1,0,
Combined,GPT-2,"grid position (1, 1)",0.10832414948303208,-0.004129317146236321,1,1,
Combined,GPT-2,"grid position (1, 2)",0.051360271297731616,-0.0959075793040052,1,2,
Combined,GPT-2,"grid position (2, 0)",0.1189771129110129,0.08648053325357526,2,0,
Combined,GPT-2,"grid position (2, 1)",0.06920574612000441,-0.011761340173957883,2,1,
Combined,GPT-2,"grid position (2, 2)",-0.6429528836556521,-0.009147120586728799,2,2,
Combined,GPT-2,"grid position (0, 0)",0.12554293809478792,0.061720080955085854,0,0,
Combined,GPT-2,"grid position (0, 1)",0.08494268809779965,0.07974082810890405,0,1,
Combined,GPT-2,"grid position (0, 2)",0.01558410520491946,-0.1535518015578234,0,2,
Combined,GPT-2,"grid position (1, 0)",-0.46214135418726376,0.05416088061745586,1,0,
Combined,GPT-2,"grid position (1, 1)",0.04596037833933779,-0.04873190015205314,1,1,
Combined,GPT-2,"grid position (1, 2)",0.0200311777848847,-0.17055342937077553,1,2,
Combined,GPT-2,"grid position (2, 0)",0.1092476687173264,0.08507791446688645,2,0,
Combined,GPT-2,"grid position (2, 1)",0.07793441562409627,0.059109555186909364,2,1,
Combined,GPT-2,"grid position (2, 2)",0.017296598969186852,-0.1673535633601761,2,2,
Combined,GPT-2,"grid position (0, 0)",0.08148471592377708,0.07826211291442954,0,0,
Combined,GPT-2,"grid position (0, 1)",0.11418690401399265,0.030431393835029796,0,1,
Combined,GPT-2,"grid position (0, 2)",-0.6125914134549707,0.01902530817866129,0,2,
Combined,GPT-2,"grid position (1, 0)",0.07608834995815839,0.03998312166679554,1,0,
Combined,GPT-2,"grid position (1, 1)",0.09528451862133146,-0.016627172080725245,1,1,
Combined,GPT-2,"grid position (1, 2)",0.0649011920897509,-0.08058281417592428,1,2,
Combined,GPT-2,"grid position (2, 0)",0.08613469696576759,0.10457198425704127,2,0,
Combined,GPT-2,"grid position (2, 1)",0.06668095437247697,0.00917336451437383,2,1,
Combined,GPT-2,"grid position (2, 2)",0.0007819725332680722,-0.15626741892590723,2,2,
Combined,GPT-2,"grid position (0, 0)",0.030319881068543157,0.0023615936159774183,0,0,
Combined,GPT-2,"grid position (0, 1)",0.061246599213369446,0.03838743728331942,0,1,
Combined,GPT-2,"grid position (0, 2)",0.07824311037629,-0.009066498935087854,0,2,
Combined,GPT-2,"grid position (1, 0)",-0.021890557909224683,-0.1302076948670182,1,0,
Combined,GPT-2,"grid position (1, 1)",0.03912523871758297,-0.08874162252825825,1,1,
Combined,GPT-2,"grid position (1, 2)",-0.3297155606845802,-0.0020420611304835154,1,2,
Combined,GPT-2,"grid position (2, 1)",-0.004725126740168865,-0.06480468817149032,2,1,
Combined,GPT-2,"grid position (2, 2)",0.08474979031960682,0.06139331720046145,2,2,
Combined,GPT-2,"grid position (0, 0)",0.09036763447136488,0.01883416612216427,0,0,
Combined,GPT-2,"grid position (0, 1)",0.07582655700667183,0.1475548177144099,0,1,
Combined,GPT-2,"grid position (0, 2)",0.03658880655713857,0.045046001328891035,0,2,
Combined,GPT-2,"grid position (1, 0)",-0.4160324280092558,0.004783663624474778,1,0,
Combined,GPT-2,"grid position (1, 1)",0.01846947049667004,-0.06558027287571619,1,1,
Combined,GPT-2,"grid position (1, 2)",0.07290747951226423,-0.048671828112937424,1,2,
Combined,GPT-2,"grid position (2, 0)",0.05095478825454092,-0.09831114055239318,2,0,
Combined,GPT-2,"grid position (2, 1)",0.0863974292023978,0.04088055047421241,2,1,
Combined,GPT-2,"grid position (2, 2)",0.12828773189618503,0.06469909497615824,2,2,
Combined,GPT-2,"grid position (0, 0)",-0.6320690441781698,0.027243642069972714,0,0,
Combined,GPT-2,"grid position (0, 1)",0.08024245205187962,0.030911147022257644,0,1,
Combined,GPT-2,"grid position (0, 2)",0.09688961652254532,0.09532444404485056,0,2,
Combined,GPT-2,"grid position (1, 0)",-0.008873208480593224,-0.06568543809191989,1,0,
Combined,GPT-2,"grid position (1, 1)",0.08088529779312938,0.006919225878883516,1,1,
Combined,GPT-2,"grid position (1, 2)",0.09761974069544734,0.04360219831489425,1,2,
Combined,GPT-2,"grid position (2, 0)",0.045719764812926826,-0.05382584389047867,2,0,
Combined,GPT-2,"grid position (2, 1)",0.0995154122643609,-0.00016078506923640837,2,1,
Combined,GPT-2,"grid position (2, 2)",0.11092815073630052,0.010237006996812797,2,2,
Combined,GPT-2,"grid position (0, 0)",0.0851811233402633,0.05416118758882875,0,0,
Combined,GPT-2,"grid position (0, 1)",0.09744923539106883,0.06393623002309787,0,1,
Combined,GPT-2,"grid position (0, 2)",0.1056758730151249,0.06763131580400322,0,2,
Combined,GPT-2,"grid position (1, 0)",0.05650969373214427,0.0029060271983436903,1,0,
Combined,GPT-2,"grid position (1, 1)",0.10250707926795026,0.04559478929344809,1,1,
Combined,GPT-2,"grid position (1, 2)",0.0796369179802604,-0.014332015814733924,1,2,
Combined,GPT-2,"grid position (2, 1)",0.006494283395969167,-0.06985921250898493,2,1,
Combined,GPT-2,"grid position (2, 2)",-0.3733428796115456,-0.011956668328075471,2,2,
Combined,GPT-2,"grid position (0, 0)",-0.6064607199015317,0.008700940732347394,0,0,
Combined,GPT-2,"grid position (0, 1)",0.042070712168369884,0.002095059468841694,0,1,
Combined,GPT-2,"grid position (0, 2)",0.11369672280412517,0.08617027890146402,0,2,
Combined,GPT-2,"grid position (1, 0)",-0.0006512441352360178,-0.14674563086000636,1,0,
Combined,GPT-2,"grid position (1, 1)",0.08934349460814582,-0.024179795301614564,1,1,
Combined,GPT-2,"grid position (1, 2)",0.11277706386708629,0.05440160712595903,1,2,
Combined,GPT-2,"grid position (2, 0)",0.005332233854902666,-0.13002595098193812,2,0,
Combined,GPT-2,"grid position (2, 1)",0.06508995800689442,-0.06632811001618168,2,1,
Combined,GPT-2,"grid position (2, 2)",0.09001076545715829,-0.014716118868531516,2,2,
Combined,GPT-2,"grid position (0, 0)",-0.5662481973938751,-0.0006458366730670691,0,0,
Combined,GPT-2,"grid position (0, 1)",0.04519998014012408,-0.024966684480743427,0,1,
Combined,GPT-2,"grid position (0, 2)",0.06642258610418668,-0.05949811142107649,0,2,
Combined,GPT-2,"grid position (1, 0)",0.06036548737115936,-0.023550027424038937,1,0,
Combined,GPT-2,"grid position (1, 1)",0.10696009661609497,0.04224216089702226,1,1,
Combined,GPT-2,"grid position (1, 2)",0.05421692452548634,-0.062437228162398675,1,2,
Combined,GPT-2,"grid position (2, 0)",0.11741270377559648,0.0684125145907993,2,0,
Combined,GPT-2,"grid position (2, 1)",0.09324998148859864,0.02513131894881621,2,1,
Combined,GPT-2,"grid position (2, 2)",0.05308177408603341,0.043306941035512914,2,2,
Combined,GPT-2,"grid position (0, 0)",0.060066632889175416,-0.010186613168433618,0,0,
Combined,GPT-2,"grid position (0, 1)",1.2441285422769112e-05,-0.05836297231500197,0,1,
Combined,GPT-2,"grid position (0, 2)",-0.565557983159669,0.007521586169504487,0,2,
Combined,GPT-2,"grid position (1, 0)",0.1224641931821775,0.05296736234753114,1,0,
Combined,GPT-2,"grid position (1, 1)",0.10134778988512552,0.10818705927789236,1,1,
Combined,GPT-2,"grid position (1, 2)",0.09363202658506253,-0.030783033092033826,1,2,
Combined,GPT-2,"grid position (2, 0)",0.078068199801305,0.044460170821598616,2,0,
Combined,GPT-2,"grid position (2, 1)",0.11558757804718589,0.08429024573103694,2,1,
Combined,GPT-2,"grid position (2, 2)",0.0905913068921876,-0.007732665969465067,2,2,
Combined,GPT-2,"grid position (0, 0)",-0.0404021160166306,-0.1295840251228611,0,0,
Combined,GPT-2,"grid position (0, 1)",-0.04037446318084964,-0.1516046264217597,0,1,
Combined,GPT-2,"grid position (1, 0)",0.05409146185288195,0.028932732731610518,1,0,
Combined,GPT-2,"grid position (1, 1)",-0.2971175824627562,0.01151694440892979,1,1,
Combined,GPT-2,"grid position (1, 2)",0.03586334725505206,-0.024241543663625915,1,2,
Combined,GPT-2,"grid position (2, 0)",0.040013036225357866,0.007314965656539309,2,0,
Combined,GPT-2,"grid position (2, 1)",0.1211461890499696,0.05378085052996934,2,1,
Combined,GPT-2,"grid position (2, 2)",0.14499415149801279,0.08215974121015276,2,2,
Combined,GPT-2,"grid position (0, 0)",0.032297762923001246,-0.057510040159069645,0,0,
Combined,GPT-2,"grid position (0, 1)",-0.45882203082317763,0.038020494775220744,0,1,
Combined,GPT-2,"grid position (0, 2)",0.02616029428045993,-0.05359991098836791,0,2,
Combined,GPT-2,"grid position (1, 0)",0.10965208488073425,0.0601487064519238,1,0,
Combined,GPT-2,"grid position (1, 1)",0.1004791498058665,0.05112152423182284,1,1,
Combined,GPT-2,"grid position (1, 2)",0.058360797980428904,-0.09720651169001718,1,2,
Combined,GPT-2,"grid position (2, 0)",0.10648092261533873,0.047522300536847153,2,0,
Combined,GPT-2,"grid position (2, 1)",0.08692988804212776,0.03612339150904883,2,1,
Combined,GPT-2,"grid position (2, 2)",0.0271908670315155,-0.14726490900729244,2,2,
Combined,GPT-2,"grid position (0, 0)",-0.01627501885857271,-0.14651492996533444,0,0,
Combined,GPT-2,"grid position (0, 1)",0.03005255729649537,-0.0713513290129876,0,1,
Combined,GPT-2,"grid position (0, 2)",0.05233295155932107,0.006472931875558894,0,2,
Combined,GPT-2,"grid position (1, 0)",0.04232609685199218,-0.07273536907821528,1,0,
Combined,GPT-2,"grid position (1, 1)",0.0594433460536632,-0.01306390858400091,1,1,
Combined,GPT-2,"grid position (1, 2)",0.11382136141261194,0.08340271834168905,1,2,
Combined,GPT-2,"grid position (2, 0)",-0.5220827176459674,0.053190344942933905,2,0,
Combined,GPT-2,"grid position (2, 1)",0.059029722099476795,0.003033595577499866,2,1,
Combined,GPT-2,"grid position (2, 2)",0.14425267284875123,0.10020513626680258,2,2,
Combined,GPT-2,"grid position (0, 0)",0.04210369847741873,0.07039609933537033,0,0,
Combined,GPT-2,"grid position (0, 1)",0.0731875923097897,0.00461520699709254,0,1,
Combined,GPT-2,"grid position (0, 2)",0.1115944357067433,-0.03163304534240828,0,2,
Combined,GPT-2,"grid position (1, 0)",-0.0064679030267448595,0.00219122448603378,1,0,
Combined,GPT-2,"grid position (1, 1)",0.05613211212777993,0.015857790880678204,1,1,
Combined,GPT-2,"grid position (1, 2)",-0.27208031093772295,-0.0012256357255027012,1,2,
Combined,GPT-2,"grid position (2, 0)",0.006120332241201582,0.00867567001458808,2,0,
Combined,GPT-2,"grid position (2, 1)",0.12023427566300295,0.11283986546705241,2,1,
Combined,GPT-2,"grid position (2, 2)",0.12045103749631322,0.04909033040870328,2,2,
Combined,GPT-2,"grid position (0, 0)",0.11185509151388467,0.09319096117159263,0,0,
Combined,GPT-2,"grid position (0, 1)",0.09499683509987711,0.10733665844230726,0,1,
Combined,GPT-2,"grid position (0, 2)",0.05284454601455709,0.10149935496187754,0,2,
Combined,GPT-2,"grid position (1, 0)",0.1147601243536674,0.06364185007634651,1,0,
Combined,GPT-2,"grid position (1, 1)",0.05517961616284443,-0.03537837430976266,1,1,
Combined,GPT-2,"grid position (1, 2)",0.06471553719633505,-0.008007972492419796,1,2,
Combined,GPT-2,"grid position (2, 0)",0.010349893370921884,-0.13392121064454146,2,0,
Combined,GPT-2,"grid position (2, 1)",-0.5633057994276396,-0.024591515788149623,2,1,
Combined,GPT-2,"grid position (2, 2)",0.016658666429907872,-0.14394058256303446,2,2,
Combined,GPT-2,"grid position (0, 0)",0.10469633084525998,0.03356946374828534,0,0,
Combined,GPT-2,"grid position (0, 1)",0.10132103456123759,0.047656084604184315,0,1,
Combined,GPT-2,"grid position (0, 2)",0.10447975623127273,0.0589774031151968,0,2,
Combined,GPT-2,"grid position (1, 0)",0.013992275788962992,-0.08667923559310312,1,0,
Combined,GPT-2,"grid position (1, 1)",0.07020306949126312,-0.027778801675078017,1,1,
Combined,GPT-2,"grid position (1, 2)",0.07062721622622146,-0.03109639878165514,1,2,
Combined,GPT-2,"grid position (2, 0)",0.0041157957292597075,-0.15696702951494185,2,0,
Combined,GPT-2,"grid position (2, 1)",0.03151166263606604,-0.026703431921642703,2,1,
Combined,GPT-2,"grid position (2, 2)",-0.6241532245189134,0.02234632236068382,2,2,
Combined,GPT-2,"grid position (0, 0)",0.10979603168553508,0.04241738851489316,0,0,
Combined,GPT-2,"grid position (0, 1)",0.11503898046609756,0.008601110044951387,0,1,
Combined,GPT-2,"grid position (0, 2)",0.0942244991011697,-0.04388835758638142,0,2,
Combined,GPT-2,"grid position (1, 0)",0.12409393167374481,0.08331962070531408,1,0,
Combined,GPT-2,"grid position (1, 1)",-0.28876222594851914,0.021779657346744752,1,1,
Combined,GPT-2,"grid position (1, 2)",0.06541716669707787,-0.015764539170300157,1,2,
Combined,GPT-2,"grid position (2, 0)",0.08393264411952116,0.02534406417072052,2,0,
Combined,GPT-2,"grid position (2, 1)",-0.034153961707165274,-0.17714422543619815,2,1,
Combined,GPT-2,"grid position (0, 0)",0.06507431650699219,0.0346751413627117,0,0,
Combined,GPT-2,"grid position (0, 1)",0.06435701145182213,-0.06975650613277,0,1,
Combined,GPT-2,"grid position (0, 2)",0.014889555207329439,-0.11645915799420883,0,2,
Combined,GPT-2,"grid position (1, 0)",0.04349755521523552,-0.056515264744076366,1,0,
Combined,GPT-2,"grid position (1, 1)",0.09387850180183165,-0.0025201870701898298,1,1,
Combined,GPT-2,"grid position (1, 2)",0.08472686611761947,0.014310311260082264,1,2,
Combined,GPT-2,"grid position (2, 0)",-0.6425591386425684,0.029246474116672402,2,0,
Combined,GPT-2,"grid position (2, 1)",0.08321968807557695,0.10751623367407499,2,1,
Combined,GPT-2,"grid position (2, 2)",0.09542297795792952,0.05466292026713318,2,2,
Combined,GPT-2,"grid position (0, 0)",0.03299741124291136,-0.04552804793707295,0,0,
Combined,GPT-2,"grid position (0, 1)",-0.4441054785484986,-0.00732148585068764,0,1,
Combined,GPT-2,"grid position (0, 2)",-0.007399786382487435,-0.09617537526645996,0,2,
Combined,GPT-2,"grid position (1, 0)",0.06353335907972193,-0.03258994373694736,1,0,
Combined,GPT-2,"grid position (1, 1)",0.07981686931262705,0.0031387806591888162,1,1,
Combined,GPT-2,"grid position (1, 2)",0.046499654399411644,0.007865960472654174,1,2,
Combined,GPT-2,"grid position (2, 0)",0.05689544470124805,-0.0134022017901745,2,0,
Combined,GPT-2,"grid position (2, 1)",0.1190882455340549,0.10523664474464235,2,1,
Combined,GPT-2,"grid position (2, 2)",0.07758685079241638,0.042511896484088076,2,2,
Combined,GPT-2,"grid position (0, 0)",-0.582095794133408,0.028816548800547518,0,0,
Combined,GPT-2,"grid position (0, 1)",0.02568176793557297,-0.09645852658628538,0,1,
Combined,GPT-2,"grid position (0, 2)",0.042800732677817775,-0.008951764568504366,0,2,
Combined,GPT-2,"grid position (1, 0)",0.13989100199090482,0.05544801832357593,1,0,
Combined,GPT-2,"grid position (1, 1)",0.1201242667438774,0.03861552646878945,1,1,
Combined,GPT-2,"grid position (1, 2)",0.07624308708711194,0.007948626749049633,1,2,
Combined,GPT-2,"grid position (2, 0)",0.08708162540178825,-0.009548441559555924,2,0,
Combined,GPT-2,"grid position (2, 1)",0.07107265053323379,-0.05022007648157541,2,1,
Combined,GPT-2,"grid position (2, 2)",0.05177029999650457,-0.015896778357148686,2,2,
Combined,GPT-2,"grid position (0, 0)",-0.5371433809392644,0.03603305596082004,0,0,
Combined,GPT-2,"grid position (0, 1)",0.0899152114901056,0.12100669769139966,0,1,
Combined,GPT-2,"grid position (0, 2)",0.07486578125834924,0.11566237563879114,0,2,
Combined,GPT-2,"grid position (1, 0)",0.05422889406312006,-0.04886980652538204,1,0,
Combined,GPT-2,"grid position (1, 1)",0.07781277123449788,0.005736483590117382,1,1,
Combined,GPT-2,"grid position (1, 2)",0.0983836367156337,0.026597758896804744,1,2,
Combined,GPT-2,"grid position (2, 0)",-0.010459440580918406,-0.07514059578876081,2,0,
Combined,GPT-2,"grid position (2, 1)",0.049171913159530185,-0.06592634489829818,2,1,
Combined,GPT-2,"grid position (2, 2)",0.05640586328334657,-0.053444923804687676,2,2,
Combined,GPT-2,"grid position (0, 0)",0.06971514659565786,-0.012126442047212867,0,0,
Combined,GPT-2,"grid position (0, 1)",0.0326611985012612,-0.08121427095832681,0,1,
Combined,GPT-2,"grid position (0, 2)",0.011732914228329108,-0.0986841798840367,0,2,
Combined,GPT-2,"grid position (1, 0)",-0.2676293138602502,0.0076283446147741305,1,0,
Combined,GPT-2,"grid position (1, 1)",0.07280493086797807,-0.010244752158811527,1,1,
Combined,GPT-2,"grid position (1, 2)",0.007434603050719963,-0.06874332648211853,1,2,
Combined,GPT-2,"grid position (2, 0)",0.009209596622870606,-0.06958233449382037,2,0,
Combined,GPT-2,"grid position (2, 1)",0.07262328185482404,0.05903145318169382,2,1,
Combined,GPT-2,"grid position (2, 2)",0.07260674075719913,0.16204181721404382,2,2,
Combined,GPT-2,"grid position (0, 0)",0.1045310401458731,0.05491402520369241,0,0,
Combined,GPT-2,"grid position (0, 1)",0.1090496825754427,0.07574886261305482,0,1,
Combined,GPT-2,"grid position (0, 2)",0.09836328468430955,0.06456109278888474,0,2,
Combined,GPT-2,"grid position (1, 0)",0.11596328711118979,0.041815579582932486,1,0,
Combined,GPT-2,"grid position (1, 1)",0.048990770528670194,-0.0816983410253188,1,1,
Combined,GPT-2,"grid position (1, 2)",0.010751884018178118,-0.058133857563341655,1,2,
Combined,GPT-2,"grid position (2, 0)",0.05329303641558329,-0.025552302528387756,2,0,
Combined,GPT-2,"grid position (2, 1)",-0.5499681455473469,0.0003516890860076858,2,1,
Combined,GPT-2,"grid position (0, 0)",0.049602190276270504,0.15275134385007355,0,0,
Combined,GPT-2,"grid position (0, 1)",0.05021949499406691,0.04546695636110537,0,1,
Combined,GPT-2,"grid position (0, 2)",0.08584158865536293,-0.0301977423688569,0,2,
Combined,GPT-2,"grid position (1, 0)",-0.12106877161966847,-0.26225565640383786,1,0,
Combined,GPT-2,"grid position (1, 1)",0.07032815453258712,-0.011912005785763513,1,1,
Combined,GPT-2,"grid position (1, 2)",0.08570382213232072,-0.03532336918328837,1,2,
Combined,GPT-2,"grid position (2, 0)",-0.03847420401831104,-0.06262626347791415,2,0,
Combined,GPT-2,"grid position (2, 1)",-0.5129556867390148,0.04787420529061435,2,1,
Combined,GPT-2,"grid position (2, 2)",0.07435235690662349,-0.08900370790165583,2,2,
Combined,GPT-2,"grid position (0, 0)",0.046099281509212206,0.11784509401537696,0,0,
Combined,GPT-2,"grid position (0, 1)",0.09235756514644644,0.09435945615919236,0,1,
Combined,GPT-2,"grid position (0, 2)",0.11615223764450155,0.06218907690052569,0,2,
Combined,GPT-2,"grid position (1, 0)",0.014839429780751869,-0.07455994495021553,1,0,
Combined,GPT-2,"grid position (1, 1)",0.07390970320273547,-0.008543679314472858,1,1,
Combined,GPT-2,"grid position (1, 2)",0.10852159035552496,0.05702488143482912,1,2,
Combined,GPT-2,"grid position (2, 0)",0.04676618852962718,-0.10529749112703898,2,0,
Combined,GPT-2,"grid position (2, 1)",-0.52144092692619,-0.0015784080335282651,2,1,
Combined,GPT-2,"grid position (2, 2)",7.426439856278379e-05,-0.09905203593660486,2,2,
Combined,GPT-2,"grid position (0, 0)",0.0858383409870128,0.011885189436644485,0,0,
Combined,GPT-2,"grid position (0, 1)",0.09143375722396346,0.01899966655522439,0,1,
Combined,GPT-2,"grid position (0, 2)",0.07824253828422084,-0.013198920904152298,0,2,
Combined,GPT-2,"grid position (1, 0)",-0.4748563203203388,0.013938649938333722,1,0,
Combined,GPT-2,"grid position (1, 1)",0.0925891105179391,0.008554868916906296,1,1,
Combined,GPT-2,"grid position (1, 2)",0.09203068033106133,-0.03258524317168323,1,2,
Combined,GPT-2,"grid position (2, 0)",-0.019385990494496033,-0.07037311720100811,2,0,
Combined,GPT-2,"grid position (2, 1)",0.09819741492904129,0.042257796209279,2,1,
Combined,GPT-2,"grid position (2, 2)",0.054979127547265284,-0.04388415804421783,2,2,
Combined,GPT-2,"grid position (0, 0)",0.047759090493590124,0.14364223990198444,0,0,
Combined,GPT-2,"grid position (0, 1)",0.042653183671144485,0.032629889389698186,0,1,
Combined,GPT-2,"grid position (0, 2)",-0.5372245518176535,0.05860115332170163,0,2,
Combined,GPT-2,"grid position (1, 0)",0.05827137473984757,-0.04646581044236507,1,0,
Combined,GPT-2,"grid position (1, 1)",0.03367879285173873,-0.03611945657333569,1,1,
Combined,GPT-2,"grid position (1, 2)",0.1005991512058022,0.036374154961856364,1,2,
Combined,GPT-2,"grid position (2, 0)",0.06850060616158003,-0.044278543658480995,2,0,
Combined,GPT-2,"grid position (2, 1)",0.09043694568241901,0.007615246724651823,2,1,
Combined,GPT-2,"grid position (2, 2)",0.09446487531409468,0.0018106589344241688,2,2,
Combined,GPT-2,"grid position (0, 0)",0.06674716221219343,0.06015907087534015,0,0,
Combined,GPT-2,"grid position (0, 1)",0.11855785988575333,0.051694373490919286,0,1,
Combined,GPT-2,"grid position (0, 2)",0.061962080786648104,-0.04148294873833848,0,2,
Combined,GPT-2,"grid position (1, 0)",0.01251885089233609,0.07255156929480118,1,0,
Combined,GPT-2,"grid position (1, 1)",0.08088279550268818,-0.03967434714804317,1,1,
Combined,GPT-2,"grid position (1, 2)",-0.004942299118409654,-0.14092162042432568,1,2,
Combined,GPT-2,"grid position (2, 0)",0.009124049898611191,0.06630132886534829,2,0,
Combined,GPT-2,"grid position (2, 1)",0.0741631781436709,0.0021700622580416895,2,1,
Combined,GPT-2,"grid position (2, 2)",-0.6249828740104572,0.02843341504322518,2,2,
Combined,GPT-2,"grid position (0, 0)",0.01930592250709061,-0.10830647507830536,0,0,
Combined,GPT-2,"grid position (0, 1)",0.055288825410511715,-0.07652581847474296,0,1,
Combined,GPT-2,"grid position (0, 2)",0.060555567134606914,-0.016693567212660576,0,2,
Combined,GPT-2,"grid position (1, 0)",-0.446432730249603,0.01423369085155976,1,0,
Combined,GPT-2,"grid position (1, 1)",0.110552854212719,0.007794744838418928,1,1,
Combined,GPT-2,"grid position (1, 2)",0.11695040382667941,0.053076934998109844,1,2,
Combined,GPT-2,"grid position (2, 0)",0.14094533898311776,0.07170837511670321,2,0,
Combined,GPT-2,"grid position (2, 1)",0.14144152199679078,0.05163463938752577,2,1,
Combined,GPT-2,"grid position (2, 2)",0.1046116977492922,0.016295646128053426,2,2,
Combined,GPT-2,"grid position (0, 0)",0.06878996854707738,-0.04307008779403685,0,0,
Combined,GPT-2,"grid position (0, 1)",0.029570197201211734,0.03804843811067554,0,1,
Combined,GPT-2,"grid position (0, 2)",0.05950273145065052,0.01977033815363351,0,2,
Combined,GPT-2,"grid position (1, 0)",0.09748983255158812,-0.052874321312601225,1,0,
Combined,GPT-2,"grid position (1, 1)",0.10201060407044053,-0.013846756624447428,1,1,
Combined,GPT-2,"grid position (1, 2)",0.06321357214974589,0.02294593007205278,1,2,
Combined,GPT-2,"grid position (2, 0)",0.07631980685657701,-0.012647007249060283,2,0,
Combined,GPT-2,"grid position (2, 1)",-0.32171834770148605,0.020542839845400132,2,1,
Combined,GPT-2,"grid position (2, 2)",0.11054261131508945,0.045756947871881386,2,2,
Combined,GPT-2,"grid position (0, 0)",-0.18403438173818287,-0.21944653366488295,0,0,
Combined,GPT-2,"grid position (0, 1)",-0.6397264642794087,0.012008430813545858,0,1,
Combined,GPT-2,"grid position (0, 2)",0.13885274553316496,0.1095520711403219,0,2,
Combined,GPT-2,"grid position (1, 0)",0.09290439144176832,-0.06654123738988038,1,0,
Combined,GPT-2,"grid position (1, 1)",0.06190212619393883,-0.034346845126554,1,1,
Combined,GPT-2,"grid position (1, 2)",0.11651551809849861,0.019515407580898682,1,2,
Combined,GPT-2,"grid position (2, 0)",0.08086662662872293,-0.003609082370454708,2,0,
Combined,GPT-2,"grid position (2, 1)",0.08481818494452338,0.05761835572184597,2,1,
Combined,GPT-2,"grid position (2, 2)",0.07542738843271368,-0.014216807022072364,2,2,
Combined,GPT-2,"grid position (0, 0)",0.09701252425694215,-0.024217371966375117,0,0,
Combined,GPT-2,"grid position (0, 1)",0.1151901916573438,0.07559621414077092,0,1,
Combined,GPT-2,"grid position (0, 2)",0.02646552930576709,-0.0634144452625201,0,2,
Combined,GPT-2,"grid position (1, 0)",0.11033208038328932,0.01705797515835765,1,0,
Combined,GPT-2,"grid position (1, 1)",0.09849278657892507,0.029864405389164794,1,1,
Combined,GPT-2,"grid position (1, 2)",-0.453196727144292,-0.005424872928642309,1,2,
Combined,GPT-2,"grid position (2, 0)",0.08045877314480575,-0.0015933774529318426,2,0,
Combined,GPT-2,"grid position (2, 1)",0.0537997118122212,-0.049869813577339016,2,1,
Combined,GPT-2,"grid position (2, 2)",0.08007021065200548,-0.033393367274863965,2,2,
Combined,GPT-2,"grid position (0, 0)",0.016626090453840784,-0.010546825642022212,0,0,
Combined,GPT-2,"grid position (0, 1)",0.07852887893199645,0.0707752761055118,0,1,
Combined,GPT-2,"grid position (0, 2)",0.061783372755574106,0.069836415713202,0,2,
Combined,GPT-2,"grid position (1, 0)",0.02980442423873949,-0.09586992135296142,1,0,
Combined,GPT-2,"grid position (1, 1)",0.027291284184819194,-0.05421382737033275,1,1,
Combined,GPT-2,"grid position (1, 2)",0.0814241255661262,0.00881149076496818,1,2,
Combined,GPT-2,"grid position (2, 0)",0.01345584754510926,-0.07075500084023753,2,0,
Combined,GPT-2,"grid position (2, 1)",-0.47345904097613795,0.02951529889599067,2,1,
Combined,GPT-2,"grid position (2, 2)",0.09341591568443976,0.07622757935819562,2,2,
Combined,GPT-2,"grid position (0, 0)",-0.47851899274747817,0.01279381423347672,0,0,
Combined,GPT-2,"grid position (0, 1)",0.11017333401531185,0.06095333584307151,0,1,
Combined,GPT-2,"grid position (0, 2)",0.11693535241454349,0.03814631163085161,0,2,
Combined,GPT-2,"grid position (1, 0)",0.04933858268835032,-0.06425943486170337,1,0,
Combined,GPT-2,"grid position (1, 1)",0.0740150483654454,-0.02210366655086091,1,1,
Combined,GPT-2,"grid position (1, 2)",0.06260326178719934,-0.04432210604931124,1,2,
Combined,GPT-2,"grid position (2, 0)",-0.019931666947251812,-0.15500510895629013,2,0,
Combined,GPT-2,"grid position (2, 1)",-0.04673034668301259,-0.17699246073633204,2,1,
Combined,GPT-2,"grid position (2, 2)",0.00608816600980557,-0.14994986818640832,2,2,
Combined,GPT-2,"grid position (0, 0)",0.045708371941769126,0.08847724896051173,0,0,
Combined,GPT-2,"grid position (0, 1)",0.07454406441844649,0.06174405140301785,0,1,
Combined,GPT-2,"grid position (0, 2)",0.07662862196412053,-0.057008095026076545,0,2,
Combined,GPT-2,"grid position (1, 0)",-0.011214265497390503,-0.0649242553054318,1,0,
Combined,GPT-2,"grid position (1, 1)",0.01927788797595225,-0.03815255596047921,1,1,
Combined,GPT-2,"grid position (1, 2)",0.10988969444060803,-0.03435845100326593,1,2,
Combined,GPT-2,"grid position (2, 0)",-0.6745855293874834,0.022194447799118215,2,0,
Combined,GPT-2,"grid position (2, 1)",-0.0012242425094018297,-0.046180654120518576,2,1,
Combined,GPT-2,"grid position (2, 2)",0.08906256641323258,-0.009468906370234549,2,2,
Combined,GPT-2,"grid position (0, 0)",0.05379293646878619,-0.007597637604383635,0,0,
Combined,GPT-2,"grid position (0, 1)",0.10759377481894893,0.056672839304755356,0,1,
Combined,GPT-2,"grid position (0, 2)",0.08534742229201966,0.027568785173757566,0,2,
Combined,GPT-2,"grid position (1, 0)",-0.5258358526590821,-0.027575909602665385,1,0,
Combined,GPT-2,"grid position (1, 1)",0.042752956706764496,-0.048132946586351984,1,1,
Combined,GPT-2,"grid position (1, 2)",0.09158111123496183,0.028517552191511225,1,2,
Combined,GPT-2,"grid position (2, 0)",0.03749515492396421,-0.13536101888178836,2,0,
Combined,GPT-2,"grid position (2, 1)",0.09051020967073899,0.0016241998820161437,2,1,
Combined,GPT-2,"grid position (2, 2)",0.10188330472242821,0.04597166033570937,2,2,
Combined,GPT-2,"grid position (0, 0)",0.07360553607329134,-0.025320792576298618,0,0,
Combined,GPT-2,"grid position (0, 1)",0.05466259036003223,-0.023863606028569958,0,1,
Combined,GPT-2,"grid position (0, 2)",-0.0002000906159089622,-0.07072622001475395,0,2,
Combined,GPT-2,"grid position (1, 0)",0.06346420787116265,-0.025985703197955495,1,0,
Combined,GPT-2,"grid position (1, 1)",0.09915562545422106,0.0505791553439983,1,1,
Combined,GPT-2,"grid position (1, 2)",0.05496215417337186,0.09705780873970256,1,2,
Combined,GPT-2,"grid position (2, 0)",-0.45693062997745915,0.01378269945178902,2,0,
Combined,GPT-2,"grid position (2, 1)",0.07485483451930554,-0.038989088199268135,2,1,
Combined,GPT-2,"grid position (2, 2)",0.01495520240410319,0.030922372210652707,2,2,
Combined,GPT-2,"grid position (0, 0)",0.06876412432333587,0.06886189221153424,0,0,
Combined,GPT-2,"grid position (0, 1)",-0.5790289708162264,0.0629570207059397,0,1,
Combined,GPT-2,"grid position (0, 2)",0.010094397381514658,-0.059806434383407395,0,2,
Combined,GPT-2,"grid position (1, 0)",0.0684450558977042,0.1001553690304909,1,0,
Combined,GPT-2,"grid position (1, 1)",0.05115546157746872,0.06427116981581844,1,1,
Combined,GPT-2,"grid position (1, 2)",0.08706628805472269,-0.017142193793863444,1,2,
Combined,GPT-2,"grid position (2, 0)",0.006053305139502863,-0.07112985138178872,2,0,
Combined,GPT-2,"grid position (2, 1)",0.05458649859360941,-0.04015246654800441,2,1,
Combined,GPT-2,"grid position (2, 2)",0.09799340875621279,-0.03632571775872124,2,2,
Combined,GPT-2,"grid position (0, 0)",0.039773904356810164,-0.041423438535330474,0,0,
Combined,GPT-2,"grid position (0, 1)",0.08212819738894109,-0.015518095223840227,0,1,
Combined,GPT-2,"grid position (0, 2)",0.09248660372867762,0.04785169866038108,0,2,
Combined,GPT-2,"grid position (1, 0)",-0.5241225544360574,0.006374805618982807,1,0,
Combined,GPT-2,"grid position (1, 1)",0.005065354158676799,-0.10745271857570371,1,1,
Combined,GPT-2,"grid position (1, 2)",0.1036584460717496,0.10261119380139178,1,2,
Combined,GPT-2,"grid position (2, 0)",-0.08647569996526602,-0.12465140550334423,2,0,
Combined,GPT-2,"grid position (2, 1)",0.050959374288555036,-0.04354255926043462,2,1,
Combined,GPT-2,"grid position (2, 2)",0.1002577735706952,0.07526022798709314,2,2,
Combined,GPT-2,"grid position (0, 0)",0.1075604625953767,-0.012643516141026273,0,0,
Combined,GPT-2,"grid position (0, 1)",0.029110828843246544,-0.05353013310210395,0,1,
Combined,GPT-2,"grid position (0, 2)",0.04358219149556807,-0.13931481472569815,0,2,
Combined,GPT-2,"grid position (1, 0)",0.12609532395753534,0.04037157605679519,1,0,
Combined,GPT-2,"grid position (1, 1)",0.0624201172915219,0.018753088936268265,1,1,
Combined,GPT-2,"grid position (1, 2)",-0.07503929424061313,-0.22233242941546924,1,2,
Combined,GPT-2,"grid position (2, 0)",0.09201515240561389,0.09143165527547521,2,0,
Combined,GPT-2,"grid position (2, 1)",0.09249295364813433,0.09059842601031852,2,1,
Combined,GPT-2,"grid position (2, 2)",-0.7628863133758538,0.04854218787636254,2,2,
Combined,GPT-2,"grid position (0, 0)",0.006019295744683643,-0.12060924300648725,0,0,
Combined,GPT-2,"grid position (0, 1)",0.08387226968703575,-0.011634599542348226,0,1,
Combined,GPT-2,"grid position (0, 2)",0.09933678170050596,0.06238828217091078,0,2,
Combined,GPT-2,"grid position (1, 0)",0.05196601287441929,-0.03829560145335882,1,0,
Combined,GPT-2,"grid position (1, 1)",0.11845056221117317,0.046103698779018744,1,1,
Combined,GPT-2,"grid position (1, 2)",0.10438271183710476,0.06686419374491472,1,2,
Combined,GPT-2,"grid position (2, 0)",-0.41134319711151773,0.06297610675101338,2,0,
Combined,GPT-2,"grid position (2, 1)",0.12753395867107292,0.11183493588687674,2,1,
Combined,GPT-2,"grid position (2, 2)",0.07430994984350207,0.09785576001323348,2,2,
Combined,GPT-2,"grid position (0, 0)",-0.6662800517554345,0.046011219039129324,0,0,
Combined,GPT-2,"grid position (0, 1)",0.04214258558970079,0.062484887411592804,0,1,
Combined,GPT-2,"grid position (0, 2)",0.07587004706034615,0.07015273782023515,0,2,
Combined,GPT-2,"grid position (1, 0)",0.019714988021057714,-0.07567438722252323,1,0,
Combined,GPT-2,"grid position (1, 1)",0.026663746916017413,-0.04206612253097758,1,1,
Combined,GPT-2,"grid position (1, 2)",0.07849985041695277,-0.003417247011056421,1,2,
Combined,GPT-2,"grid position (2, 0)",0.05641575804825089,0.015039263292228154,2,0,
Combined,GPT-2,"grid position (2, 1)",0.0517557311555922,-0.09763174513855469,2,1,
Combined,GPT-2,"grid position (2, 2)",0.053118441034905484,-0.07261671767464419,2,2,
Combined,GPT-2,"grid position (0, 0)",-0.6458611088682258,-0.018487317119705627,0,0,
Combined,GPT-2,"grid position (0, 1)",0.02998317207569047,-0.060003151991787636,0,1,
Combined,GPT-2,"grid position (0, 2)",0.1028523461432781,0.059552342155456794,0,2,
Combined,GPT-2,"grid position (1, 0)",-0.03662322760277421,-0.2099866244442395,1,0,
Combined,GPT-2,"grid position (1, 1)",0.09572924778452553,0.06737831447910035,1,1,
Combined,GPT-2,"grid position (1, 2)",0.12833351519907896,0.08076968422332767,1,2,
Combined,GPT-2,"grid position (2, 0)",0.01892547797175373,-0.12276427788442493,2,0,
Combined,GPT-2,"grid position (2, 1)",0.07230450018701681,-0.006998689150437338,2,1,
Combined,GPT-2,"grid position (2, 2)",0.10385854115442943,0.10549980547406504,2,2,
Combined,GPT-2,"grid position (0, 0)",0.061058100121069686,0.08429495518255864,0,0,
Combined,GPT-2,"grid position (0, 1)",-0.04705521079468017,-0.07643325426468799,0,1,
Combined,GPT-2,"grid position (0, 2)",-0.051208231285270855,-0.0788929818231241,0,2,
Combined,GPT-2,"grid position (1, 0)",0.09365758141548637,0.036635075175197866,1,0,
Combined,GPT-2,"grid position (1, 1)",-0.3847429223463545,0.0019478105228930424,1,1,
Combined,GPT-2,"grid position (1, 2)",0.10051100095969683,-0.008111842438122864,1,2,
Combined,GPT-2,"grid position (2, 0)",0.09652695522963442,0.033342957437228635,2,0,
Combined,GPT-2,"grid position (2, 1)",0.12124636510681289,-0.02198876153631693,2,1,
Combined,GPT-2,"grid position (2, 2)",0.12788062952348267,0.041621704500329454,2,2,
Combined,GPT-2,"grid position (0, 0)",0.11207457492658622,0.029071046649357064,0,0,
Combined,GPT-2,"grid position (0, 1)",0.10365554662674913,0.0540508484334347,0,1,
Combined,GPT-2,"grid position (0, 2)",0.12042044044753074,0.11340907127069111,0,2,
Combined,GPT-2,"grid position (1, 0)",0.09733840778776552,-0.03345196711377739,1,0,
Combined,GPT-2,"grid position (1, 1)",0.0879787143840917,-0.01949518289070716,1,1,
Combined,GPT-2,"grid position (1, 2)",-0.49858354453246195,0.04694273641874461,1,2,
Combined,GPT-2,"grid position (2, 0)",0.04497238661761998,-0.10558259186066932,2,0,
Combined,GPT-2,"grid position (2, 1)",-0.10254699385109968,-0.2448257044211964,2,1,
Combined,GPT-2,"grid position (2, 2)",0.06881485977588603,0.010923497271189004,2,2,
Combined,GPT-2,"grid position (0, 0)",0.0177857422608228,-0.06392315103119364,0,0,
Combined,GPT-2,"grid position (0, 1)",0.021739005106856023,-0.04967015479703799,0,1,
Combined,GPT-2,"grid position (0, 2)",0.08839351853822525,-0.04966526704040115,0,2,
Combined,GPT-2,"grid position (1, 0)",0.04865956466746061,0.0041396206869360646,1,0,
Combined,GPT-2,"grid position (1, 1)",0.07896521906496798,0.003314457436750097,1,1,
Combined,GPT-2,"grid position (1, 2)",0.10274893759439908,-0.009281923148365507,1,2,
Combined,GPT-2,"grid position (2, 0)",0.03742360951704239,-0.06065497741728079,2,0,
Combined,GPT-2,"grid position (2, 1)",0.05693868758974078,-0.020941154946530142,2,1,
Combined,GPT-2,"grid position (2, 2)",-0.573706687156022,0.053239323879100166,2,2,
Combined,GPT-2,"grid position (0, 0)",0.044421722789499775,0.05625630608394197,0,0,
Combined,GPT-2,"grid position (0, 1)",0.07474226677137619,0.033089426008769726,0,1,
Combined,GPT-2,"grid position (0, 2)",0.10641648649846515,0.05635604191672816,0,2,
Combined,GPT-2,"grid position (1, 0)",0.06133777330219794,-0.05209328275407044,1,0,
Combined,GPT-2,"grid position (1, 1)",0.10455938569547445,0.04695098772379133,1,1,
Combined,GPT-2,"grid position (1, 2)",0.12874738740054878,0.052237690109012434,1,2,
Combined,GPT-2,"grid position (2, 0)",-0.5576853633362443,0.007493662196661735,2,0,
Combined,GPT-2,"grid position (2, 1)",0.05024624406838856,-0.011450287259399165,2,1,
Combined,GPT-2,"grid position (2, 2)",0.08490675892258648,0.06213982369566826,2,2,
Combined,GPT-2,"grid position (0, 0)",-0.6334199094959979,0.01608208933470236,0,0,
Combined,GPT-2,"grid position (0, 1)",0.08511416972550616,0.015980610007941307,0,1,
Combined,GPT-2,"grid position (0, 2)",0.06282467980263828,-0.06817398600802377,0,2,
Combined,GPT-2,"grid position (1, 0)",-0.04106282660009902,-0.13012155926895053,1,0,
Combined,GPT-2,"grid position (1, 1)",0.1054911779803489,0.019707165528374704,1,1,
Combined,GPT-2,"grid position (1, 2)",0.09380507548702327,-0.06671682994591266,1,2,
Combined,GPT-2,"grid position (2, 0)",0.06423908015251464,0.12171360688572615,2,0,
Combined,GPT-2,"grid position (2, 1)",0.11156990129570038,0.12533905759327132,2,1,
Combined,GPT-2,"grid position (2, 2)",0.10552421771397634,0.023625786140769295,2,2,
Combined,GPT-2,"grid position (0, 0)",-0.015670112222874254,-0.13916390542533802,0,0,
Combined,GPT-2,"grid position (0, 1)",0.06525993984190563,-0.04991464116872436,0,1,
Combined,GPT-2,"grid position (0, 2)",0.01026567408920757,-0.0931046294388645,0,2,
Combined,GPT-2,"grid position (1, 0)",-0.08548074907238812,-0.11279799628772445,1,0,
Combined,GPT-2,"grid position (1, 1)",0.10440341982335888,0.045062057115752965,1,1,
Combined,GPT-2,"grid position (1, 2)",0.07219713426421645,0.046727496328479105,1,2,
Combined,GPT-2,"grid position (2, 0)",-0.5929005999185146,0.06196406862547958,2,0,
Combined,GPT-2,"grid position (2, 1)",0.10664770983832471,0.08924384097397071,2,1,
Combined,GPT-2,"grid position (2, 2)",0.1106695244451978,0.08868331603797547,2,2,
Combined,GPT-2,"grid position (0, 0)",0.10096474733266297,0.028042848758978,0,0,
Combined,GPT-2,"grid position (0, 1)",0.09904896493173407,0.027686703904552423,0,1,
Combined,GPT-2,"grid position (0, 2)",0.14054548013590248,0.09094586342545541,0,2,
Combined,GPT-2,"grid position (1, 0)",-0.4808444466087647,0.008501756557921954,1,0,
Combined,GPT-2,"grid position (1, 1)",0.060761499616031875,-0.0902582083329552,1,1,
Combined,GPT-2,"grid position (1, 2)",0.13949317459427604,0.03342998231606941,1,2,
Combined,GPT-2,"grid position (2, 0)",-0.03662329660159817,-0.06500037509664806,2,0,
Combined,GPT-2,"grid position (2, 1)",0.016204946101708584,-0.1176037123812343,2,1,
Combined,GPT-2,"grid position (2, 2)",0.11694857735182541,-0.02716831718971189,2,2,
Combined,GPT-2,"grid position (0, 0)",-0.04032286763362146,-0.0999681625026788,0,0,
Combined,GPT-2,"grid position (0, 1)",0.06884932816219114,-0.034369830246654215,0,1,
Combined,GPT-2,"grid position (0, 2)",0.09176830320043126,0.030717720605760564,0,2,
Combined,GPT-2,"grid position (1, 0)",-0.668718416485655,0.05667523792568568,1,0,
Combined,GPT-2,"grid position (1, 1)",0.11205752633919,0.023470577995501566,1,1,
Combined,GPT-2,"grid position (1, 2)",0.10992718636752853,0.024743696926257955,1,2,
Combined,GPT-2,"grid position (2, 0)",-0.04109631181813346,-0.14980624940142498,2,0,
Combined,GPT-2,"grid position (2, 1)",0.09339040888283404,-0.031882020357162186,2,1,
Combined,GPT-2,"grid position (2, 2)",0.12438887341143226,0.06510635353666437,2,2,
Combined,GPT-2,"grid position (0, 0)",-0.009760512071692713,-0.09133343020923315,0,0,
Combined,GPT-2,"grid position (0, 1)",0.027460344771298887,-0.00042183056146620734,0,1,
Combined,GPT-2,"grid position (0, 2)",-0.6700178062281694,0.06300897243545507,0,2,
Combined,GPT-2,"grid position (1, 0)",0.08144528999567498,-0.039003024787351105,1,0,
Combined,GPT-2,"grid position (1, 1)",0.10499972157761317,0.07084637677681288,1,1,
Combined,GPT-2,"grid position (1, 2)",0.06988752048802037,0.002420657027994725,1,2,
Combined,GPT-2,"grid position (2, 0)",0.10920900025250746,-0.034000729545412146,2,0,
Combined,GPT-2,"grid position (2, 1)",0.08206907913590449,0.001232826751942327,2,1,
Combined,GPT-2,"grid position (0, 0)",0.03746584245520179,-0.002459805302149314,0,0,
Combined,GPT-2,"grid position (0, 1)",0.050605906624935644,-0.002530487052433571,0,1,
Combined,GPT-2,"grid position (0, 2)",0.055216863644753894,0.02692228308298829,0,2,
Combined,GPT-2,"grid position (1, 0)",0.029058242674037022,-0.074805422304059,1,0,
Combined,GPT-2,"grid position (1, 1)",0.09833505050234755,0.07610192997023811,1,1,
Combined,GPT-2,"grid position (1, 2)",0.1088773612981758,0.06569332000028444,1,2,
Combined,GPT-2,"grid position (2, 0)",-0.4605309673392154,-0.036101819263101576,2,0,
Combined,GPT-2,"grid position (2, 1)",0.04554492307891702,-0.059707370770590525,2,1,
Combined,GPT-2,"grid position (2, 2)",0.06995217557548968,0.0679178181891583,2,2,
Combined,GPT-2,"grid position (0, 0)",0.028549347783372557,-0.02831829478096609,0,0,
Combined,GPT-2,"grid position (0, 1)",0.04937085699371789,-0.07981610051625557,0,1,
Combined,GPT-2,"grid position (0, 2)",0.05092725274380998,-0.13188538940934405,0,2,
Combined,GPT-2,"grid position (1, 0)",-0.4555089255480748,0.04848509041806487,1,0,
Combined,GPT-2,"grid position (1, 1)",0.044250086473052334,-0.01144397035019734,1,1,
Combined,GPT-2,"grid position (1, 2)",0.06494289167245948,-0.04565671972093812,1,2,
Combined,GPT-2,"grid position (2, 0)",0.06934221206834532,0.029870099833119067,2,0,
Combined,GPT-2,"grid position (2, 1)",0.07801458404295751,0.05002054228242602,2,1,
Combined,GPT-2,"grid position (2, 2)",0.09722893577609536,0.04466337765097492,2,2,
Combined,GPT-2,"grid position (0, 0)",0.04051760249410118,0.09443575373586971,0,0,
Combined,GPT-2,"grid position (0, 1)",0.09867909426453624,0.108558175462853,0,1,
Combined,GPT-2,"grid position (0, 2)",0.14112481319274095,0.09082286349369806,0,2,
Combined,GPT-2,"grid position (1, 0)",0.03731125769909075,-0.025180746882083417,1,0,
Combined,GPT-2,"grid position (1, 1)",0.08300480369686117,0.019773603629172173,1,1,
Combined,GPT-2,"grid position (1, 2)",0.11997611645517925,0.06814770439912665,1,2,
Combined,GPT-2,"grid position (2, 0)",0.0229864802988639,-0.09398357168065205,2,0,
Combined,GPT-2,"grid position (2, 1)",0.014872229529058104,-0.10215710779414898,2,1,
Combined,GPT-2,"grid position (2, 2)",-0.5494773758113985,0.006381291210972349,2,2,
Combined,GPT-2,"grid position (0, 0)",0.08389396581211461,0.04469648392267849,0,0,
Combined,GPT-2,"grid position (0, 1)",0.12389177585871779,0.05829743778169648,0,1,
Combined,GPT-2,"grid position (0, 2)",0.053293671910554556,0.03942242795397377,0,2,
Combined,GPT-2,"grid position (1, 0)",0.03262857172243691,-0.018435078370550532,1,0,
Combined,GPT-2,"grid position (1, 1)",0.08901923368549061,-0.012108799912062752,1,1,
Combined,GPT-2,"grid position (1, 2)",0.0904651359219897,-0.02677464910830948,1,2,
Combined,GPT-2,"grid position (2, 0)",-0.6216631708105553,0.014030524149216402,2,0,
Combined,GPT-2,"grid position (2, 1)",-0.009173283727515785,-0.13574821255647243,2,1,
Combined,GPT-2,"grid position (2, 2)",0.0649515551604505,-0.05782105576452519,2,2,
Combined,GPT-2,"grid position (0, 0)",0.06375015874132593,0.03943127552419056,0,0,
Combined,GPT-2,"grid position (0, 1)",0.014358289295269878,0.046378915094949395,0,1,
Combined,GPT-2,"grid position (0, 2)",0.05168668393054868,0.01089378472440993,0,2,
Combined,GPT-2,"grid position (1, 0)",0.07736780614163212,-0.005350340104116701,1,0,
Combined,GPT-2,"grid position (1, 1)",-0.013800664536510989,-0.005266982753245038,1,1,
Combined,GPT-2,"grid position (1, 2)",-0.5492749177060793,0.03220215539937865,1,2,
Combined,GPT-2,"grid position (2, 0)",0.019148578599331587,-0.09404881639154085,2,0,
Combined,GPT-2,"grid position (2, 1)",-0.0023924908209117554,-0.12968859656530357,2,1,
Combined,GPT-2,"grid position (2, 2)",0.029532647113114815,-0.013160009522438914,2,2,
Combined,GPT-2,"grid position (0, 0)",-0.4475036161668528,0.021104440283903413,0,0,
Combined,GPT-2,"grid position (0, 1)",0.05462421292569554,0.00986732706836878,0,1,
Combined,GPT-2,"grid position (0, 2)",0.09510963316037459,0.05209378801425896,0,2,
Combined,GPT-2,"grid position (1, 0)",0.09560090860023039,-0.007982916069371973,1,0,
Combined,GPT-2,"grid position (1, 1)",0.05754301344288136,0.02780552560212721,1,1,
Combined,GPT-2,"grid position (1, 2)",0.10178080135718522,0.06454487034902652,1,2,
Combined,GPT-2,"grid position (2, 0)",0.08974292359397686,0.08929757807773561,2,0,
Combined,GPT-2,"grid position (2, 1)",0.028818632617783543,-0.0584697448841546,2,1,
Combined,GPT-2,"grid position (2, 2)",0.06332439501938489,-0.026403061561587348,2,2,
Combined,GPT-2,"grid position (0, 0)",0.0746812912391001,-0.004471288894291194,0,0,
Combined,GPT-2,"grid position (0, 1)",0.05000577466255032,-0.013607827074389211,0,1,
Combined,GPT-2,"grid position (0, 2)",0.07300119431092313,-0.013979593885653752,0,2,
Combined,GPT-2,"grid position (1, 0)",0.0909875032182008,-0.034780935855446046,1,0,
Combined,GPT-2,"grid position (1, 1)",0.00851459637058876,-0.0800254323072133,1,1,
Combined,GPT-2,"grid position (1, 2)",-0.015219916755949974,-0.10208448684093246,1,2,
Combined,GPT-2,"grid position (2, 0)",0.10278155800166504,0.02685022962565983,2,0,
Combined,GPT-2,"grid position (2, 1)",0.09456783969293786,0.006818626844070512,2,1,
Combined,GPT-2,"grid position (2, 2)",-0.675031631770259,0.05055200481074058,2,2,
Single graph,GPT-2,"grid position (0, 0)",0.14452053175731538,0.13369472848557742,0,0,gi
Single graph,GPT-2,"grid position (0, 1)",0.1620353264372314,0.005054631291073763,0,1,qi
Single graph,GPT-2,"grid position (0, 2)",0.11552270104363688,-0.1801526523493521,0,2,ne
Single graph,GPT-2,"grid position (1, 0)",0.09325640491585234,0.017043792362345496,1,0,fr
Single graph,GPT-2,"grid position (1, 1)",-0.08843705592938925,0.012661618261366307,1,1,cn
Single graph,GPT-2,"grid position (1, 2)",-0.07272287410517905,-0.17096191123623386,1,2,mc
Single graph,GPT-2,"grid position (2, 0)",-0.036685900605942366,0.12264491103043462,2,0,xs
Single graph,GPT-2,"grid position (2, 1)",-0.20311190220217704,0.009779651062684042,2,1,vr
Single graph,GPT-2,"grid position (2, 2)",-0.11437723131134807,0.05023523109210431,2,2,gs
