PC1,PC2,series,Point type
-0.09588484466075897,0.06423292309045792,Health,Background
-0.17949000000953674,-0.25272396206855774,Health,Background
-0.081906259059906,-0.1494201421737671,Health,Background
-0.11419552564620972,-0.21943587064743042,Health,Background
-0.20510943233966827,-0.047703132033348083,Health,Background
-0.15579403936862946,0.12259509414434433,Health,Background
-0.13046066462993622,-0.033629775047302246,Health,Background
0.009920056909322739,-0.2471887767314911,Health,Background
-0.21048027276992798,-0.09600913524627686,Health,Background
0.05533028393983841,-0.13885118067264557,Health,Background
-0.19884704053401947,-0.08861849457025528,Health,Background
0.002690384164452553,-0.21552962064743042,Health,Background
-0.03182811662554741,-0.3364841938018799,Health,Background
-0.06677539646625519,-0.22198966145515442,Health,Background
-0.17259003221988678,-0.20940375328063965,Health,Background
-0.2461347132921219,-0.15275359153747559,Health,Background
-0.06345006823539734,-0.12574052810668945,Health,Background
-0.1955760270357132,-0.02669525146484375,Health,Background
-0.0884954184293747,-0.2932479679584503,Health,Background
-0.20368117094039917,-0.13023236393928528,Health,Background
0.10552096366882324,-0.08533088117837906,Health,Background
0.11066196858882904,-0.13968691229820251,Health,Background
-0.13258357346057892,-0.15127086639404297,Health,Background
-0.0027782954275608063,-0.05801054835319519,Health,Background
-0.09882572293281555,-0.10425608605146408,Health,Background
-0.07675206661224365,-0.15631741285324097,Health,Background
0.040912073105573654,-0.0731416717171669,Health,Background
-0.0680229663848877,-0.09609311819076538,Health,Background
-0.017247192561626434,-0.14601626992225647,Health,Background
-0.08222030103206635,-0.14119082689285278,Health,Background
-0.2461347132921219,-0.15275359153747559,Health,Background
-0.08633919060230255,-0.11124592274427414,Health,Background
-0.12698738276958466,-0.28783056139945984,Health,Background
0.0564696341753006,-0.06918215751647949,Health,Background
0.017900647595524788,-0.1619768589735031,Health,Background
-0.17901678383350372,-0.15056993067264557,Health,Background
-0.1717253178358078,-0.11309295892715454,Health,Background
-0.16943645477294922,-0.12178061902523041,Health,Background
-0.12796689569950104,-0.13341835141181946,Health,Background
0.0023094434291124344,-0.09522613137960434,Health,Background
-0.019079703837633133,-0.36517295241355896,Health,Background
-0.027491658926010132,-0.04260970279574394,Health,Background
-0.1044657826423645,-0.24189510941505432,Health,Background
-0.08107100427150726,-0.10468155145645142,Health,Background
-0.04616899415850639,-0.23192960023880005,Health,Background
0.023287836462259293,-0.14151576161384583,Health,Background
-0.09286622703075409,-0.11004647612571716,Health,Background
-0.10100118815898895,-0.15925025939941406,Health,Background
-0.16622401773929596,-0.21944203972816467,Health,Background
-0.09584410488605499,-0.2084018588066101,Health,Background
0.05616466701030731,-0.07219892740249634,Health,Background
-0.17616485059261322,-0.09611015766859055,Health,Background
0.022925257682800293,-0.10796576738357544,Health,Background
-0.07594403624534607,0.011126786470413208,Health,Background
-0.17602752149105072,-0.03603595495223999,Health,Background
-0.02298467606306076,-0.29877766966819763,Health,Background
-0.039764080196619034,0.04263416677713394,Health,Background
-0.15317131578922272,-0.09133382886648178,Health,Background
-0.1410316824913025,-0.1809326410293579,Health,Background
-0.22882120311260223,0.08287843316793442,Health,Background
-0.19770152866840363,0.09890798479318619,Health,Background
-0.06347797811031342,-0.1921006739139557,Health,Background
-0.19506901502609253,-0.017458435148000717,Health,Background
0.0529375821352005,-0.10414758324623108,Health,Background
-0.12899310886859894,-0.29460594058036804,Health,Background
-0.09555989503860474,-0.18105566501617432,Health,Background
-0.12264566123485565,-0.23924630880355835,Health,Background
-0.13856007158756256,-0.23192906379699707,Health,Background
-0.10783188045024872,-0.3010784685611725,Health,Background
-0.018895715475082397,-0.0009376406669616699,Health,Background
-0.01845206320285797,-0.23799806833267212,Health,Background
-0.06766414642333984,-0.09389324486255646,Health,Background
-0.07802213728427887,-0.2344268262386322,Health,Background
-0.13917286694049835,-0.09899505972862244,Health,Background
0.041851677000522614,-0.13447706401348114,Health,Background
-0.05579117313027382,-0.09917405992746353,Health,Background
-0.11050358414649963,-0.2290731966495514,Health,Background
-0.029673945158720016,-0.10425317287445068,Health,Background
-0.2333202213048935,-0.07274721562862396,Health,Background
-0.14479999244213104,0.029882118105888367,Health,Background
-0.13108116388320923,-0.21181440353393555,Health,Background
-0.016703113913536072,-0.1575627475976944,Health,Background
-0.04939935728907585,-0.055064573884010315,Health,Background
-0.014848027378320694,-0.0764804482460022,Health,Background
-0.03355119749903679,-0.1120932549238205,Health,Background
-0.015892107039690018,-0.02073875069618225,Health,Background
-0.14128561317920685,-0.25013235211372375,Health,Background
-0.18244250118732452,-0.17164930701255798,Health,Background
-0.08165706694126129,-0.20022276043891907,Health,Background
-0.18198491632938385,-0.13656505942344666,Health,Background
-0.10311277210712433,-0.12424056977033615,Health,Background
-0.21364375948905945,-0.19276505708694458,Health,Background
-0.018397610634565353,-0.01711742952466011,Health,Background
0.005833107978105545,-0.01355646550655365,Health,Background
-0.134856179356575,-0.11234232783317566,Health,Background
-0.13618145883083344,-0.08853829652070999,Health,Background
-0.3051620125770569,0.0504956990480423,Health,Background
-0.12315060198307037,-0.11037562787532806,Health,Background
-0.08327250182628632,-0.10239924490451813,Health,Background
-0.06784255802631378,-0.016216352581977844,Health,Background
0.09565292298793793,-0.028792884200811386,Health,Background
-0.14370988309383392,-0.13140329718589783,Health,Background
-0.16020183265209198,-0.1521541178226471,Health,Background
-0.19108428061008453,-0.16769233345985413,Health,Background
-0.0369366817176342,-0.11014759540557861,Health,Background
-0.17122133076190948,-0.13817542791366577,Health,Background
-0.013879846781492233,-0.2535838782787323,Health,Background
-0.2931939959526062,-0.1800900399684906,Health,Background
-0.01393912360072136,-0.006056644022464752,Health,Background
-0.2645505964756012,-0.15652385354042053,Health,Background
0.047627586871385574,-0.015697769820690155,Health,Background
0.08453907072544098,-0.15027475357055664,Health,Background
-0.180673286318779,-0.014347370713949203,Health,Background
-0.1952534019947052,-0.020796462893486023,Health,Background
-0.18244250118732452,-0.17164930701255798,Health,Background
-0.021149590611457825,-0.2588418424129486,Health,Background
-0.1760895997285843,-0.14362317323684692,Health,Background
-0.06518416106700897,-0.1607542335987091,Health,Background
0.11950050294399261,-0.13418054580688477,Health,Background
0.08484308421611786,-0.07201851904392242,Health,Background
-0.22882120311260223,0.08287843316793442,Health,Background
-0.18835987150669098,-0.16882124543190002,Health,Background
-0.15026149153709412,-0.22145038843154907,Health,Background
-0.15808428823947906,-0.1946021318435669,Health,Background
-0.009262409061193466,-0.09541551768779755,Health,Background
0.074358269572258,-0.010051395744085312,Health,Background
-0.16622401773929596,-0.21944203972816467,Health,Background
-0.17901678383350372,-0.15056993067264557,Health,Background
-0.16773758828639984,-0.052300065755844116,Health,Background
-0.057200852781534195,-0.1172209307551384,Health,Background
-0.15546394884586334,-0.08041885495185852,Health,Background
-0.22882120311260223,0.08287843316793442,Health,Background
-0.03414979204535484,-0.225660502910614,Health,Background
-0.10259316861629486,-0.23485597968101501,Health,Background
-0.008424270898103714,-0.12436825037002563,Health,Background
0.03515388444066048,-0.09510093182325363,Health,Background
0.04642459750175476,-0.08658204972743988,Health,Background
0.009854979813098907,-0.10075405240058899,Health,Background
0.09970428049564362,-0.09582632780075073,Health,Background
-0.17856179177761078,0.060034848749637604,Health,Background
0.07424041628837585,-0.20975372195243835,Health,Background
-0.16467823088169098,0.0034064874053001404,Health,Background
-0.13697008788585663,-0.20982655882835388,Health,Background
-0.22882120311260223,0.08287843316793442,Health,Background
0.10989736020565033,-0.03423560410737991,Health,Background
-0.013745397329330444,-0.14486563205718994,Health,Background
-0.09353533387184143,-0.16964536905288696,Health,Background
-0.31432241201400757,0.20771688222885132,Health,Background
0.029283389449119568,-0.4278065264225006,Health,Background
-0.15669949352741241,-0.17969852685928345,Health,Background
-0.01989104598760605,0.08687268942594528,Health,Background
-0.1377050280570984,0.010143987834453583,Health,Background
-0.04015757516026497,-0.17004044353961945,Health,Background
-0.0036796778440475464,-0.2202034592628479,Health,Background
0.10076524317264557,-0.04661661386489868,Health,Background
0.01262686401605606,-0.016169507056474686,Health,Background
0.11449451744556427,-0.18339833617210388,Health,Background
-0.13753555715084076,-0.17463800311088562,Health,Background
-0.15845443308353424,-0.2252044677734375,Health,Background
-0.10318179428577423,-0.06160544604063034,Health,Background
-0.15091951191425323,0.04332567751407623,Health,Background
-0.23884175717830658,-0.05647829920053482,Health,Background
-0.1416829526424408,-0.2223123013973236,Health,Background
0.010350391268730164,0.010631009936332703,Health,Background
0.011492779478430748,-0.12078368663787842,Health,Background
-0.04125162586569786,-0.0919034332036972,Health,Background
-0.027653943747282028,0.15708348155021667,Health,Background
-0.09930844604969025,-0.07066549360752106,Health,Background
-0.05549083277583122,-0.16557028889656067,Health,Background
-0.09846989810466766,0.0730433389544487,Health,Background
-0.012534905225038528,-0.08182213455438614,Health,Background
-0.20441071689128876,0.03695765882730484,Health,Background
0.07658401131629944,-0.0471402145922184,Health,Background
-0.15041153132915497,-0.08471746742725372,Health,Background
-0.0759870857000351,-0.19158712029457092,Health,Background
-0.029318418353796005,-0.1976727545261383,Health,Background
0.061627097427845,0.011245600879192352,Health,Background
-0.044204968959093094,-0.25020116567611694,Health,Background
0.01619502529501915,-0.03596797212958336,Health,Background
-0.13885948061943054,0.1078435406088829,Health,Background
-0.14619141817092896,-0.08463263511657715,Health,Background
-0.0055765993893146515,-0.03736349567770958,Health,Background
-0.027405165135860443,-0.13003334403038025,Health,Background
-0.10050931572914124,-0.10448562353849411,Health,Background
-0.12178406119346619,-0.09724408388137817,Health,Background
-0.15220768749713898,0.008988134562969208,Health,Background
-0.04633722081780434,-0.24025815725326538,Health,Background
0.026189953088760376,-0.16442689299583435,Health,Background
-0.1566413789987564,0.010251142084598541,Health,Background
-0.02048880234360695,0.12451135367155075,Health,Background
0.11919501423835754,-0.1944417953491211,Health,Background
-0.08384808897972107,-0.09466366469860077,Health,Background
0.12349408864974976,-0.023931384086608887,Health,Background
0.09316439181566238,-0.16356214880943298,Health,Background
-0.12992854416370392,-0.18191367387771606,Health,Background
-0.10109086334705353,0.14311644434928894,Health,Background
0.043379634618759155,-0.034288112074136734,Health,Background
-0.03770448639988899,-0.12715581059455872,Health,Background
-0.11016744375228882,-0.011648368090391159,Health,Background
-0.0613333098590374,-0.21512487530708313,Health,Background
-0.23400108516216278,-0.02300107479095459,Health,Background
-0.11039526760578156,-0.10673816502094269,Health,Background
-0.10540919005870819,-0.07738732546567917,Health,Background
-0.0813494324684143,-0.17606085538864136,Health,Background
-0.10953277349472046,-0.10418277233839035,Health,Background
-0.23944039642810822,-0.194978266954422,Health,Background
-0.2167031317949295,-0.057185400277376175,Health,Background
-0.06195827201008797,-0.09948207437992096,Health,Background
-0.10823972523212433,-0.1535744071006775,Health,Background
0.006429074332118034,0.017463497817516327,Health,Background
-0.21584552526474,-0.11840797960758209,Health,Background
-0.04151223972439766,-0.09696537256240845,Health,Background
-0.06492601335048676,-0.10353495925664902,Health,Background
0.1028994470834732,-0.036398034542798996,Health,Background
-0.18932002782821655,-0.23027941584587097,Health,Background
-0.16660962998867035,0.053230635821819305,Health,Background
-0.21293018758296967,0.0771428719162941,Health,Background
-0.13091357052326202,-0.16551218926906586,Health,Background
0.10808460414409637,-0.08438848704099655,Health,Background
-0.12853069603443146,-0.0720944032073021,Health,Background
0.010854389518499374,-0.038007237017154694,Health,Background
-0.05790076032280922,-0.20373019576072693,Health,Background
0.01610758528113365,-0.11221575736999512,Health,Background
-0.06633679568767548,-0.17211566865444183,Health,Background
0.006287198513746262,-0.07308807224035263,Health,Background
-0.012028928846120834,-0.22958749532699585,Health,Background
-0.11965830624103546,-0.1064959168434143,Health,Background
-0.15743239223957062,-0.04478756710886955,Health,Background
-0.11319179832935333,-0.03631194308400154,Health,Background
-0.07470683753490448,-0.30975663661956787,Health,Background
0.054091647267341614,-0.05446713790297508,Health,Background
0.09599435329437256,-0.040994782000780106,Health,Background
-0.24591802060604095,0.021218478679656982,Health,Background
-0.017918985337018967,-0.4084419310092926,Health,Background
-0.01754705235362053,-0.03321874141693115,Health,Background
-0.13264231383800507,-0.11927565187215805,Health,Background
-0.044402461498975754,0.055386267602443695,Health,Background
-0.042646799236536026,-0.01644038036465645,Health,Background
-0.1734365075826645,-0.17063254117965698,Health,Background
-0.11642572283744812,-0.1524217426776886,Health,Background
-0.03555360063910484,-0.17741701006889343,Health,Background
0.03624015673995018,-0.16096097230911255,Health,Background
-0.08680751919746399,-0.0160810723900795,Health,Background
0.05671384930610657,-0.22989797592163086,Health,Background
-0.07348066568374634,-0.24164578318595886,Health,Background
-0.22138367593288422,-0.08643671870231628,Health,Background
-0.22707180678844452,-0.020782511681318283,Health,Background
-0.019446957856416702,-0.13204041123390198,Health,Background
-0.12665264308452606,-0.012463204562664032,Health,Background
-0.012157302349805832,-0.1658955216407776,Health,Background
0.041789621114730835,-0.20063632726669312,Health,Background
-0.0551845021545887,-0.050588611513376236,Health,Background
-0.052621494978666306,-0.06902516633272171,Health,Background
-0.1171104907989502,-0.00125165656208992,Health,Background
-0.01027994230389595,-0.10308310389518738,Health,Background
-0.10308384895324707,-0.2774037718772888,Health,Background
0.0799984559416771,-0.17351099848747253,Health,Background
-0.11120793223381042,-0.36024418473243713,Health,Background
-0.03592609241604805,-0.27112647891044617,Health,Background
-0.19701485335826874,-0.10669815540313721,Health,Background
-0.142370343208313,-0.17887592315673828,Health,Background
-0.18921515345573425,-0.15880858898162842,Health,Background
0.07190413773059845,-0.060331858694553375,Health,Background
-0.010192181915044785,-0.010374903678894043,Health,Background
0.10936474800109863,-0.06873905658721924,Health,Background
-0.0947224348783493,-0.06777255237102509,Health,Background
-0.082724928855896,-0.14995446801185608,Health,Background
-0.12230457365512848,-0.12133011221885681,Health,Background
-0.06049397960305214,-0.009730368852615356,Health,Background
-0.13649167120456696,-0.06372236460447311,Health,Background
-0.04774361476302147,-0.1012950986623764,Health,Background
-0.1726021021604538,0.25222864747047424,Health,Background
0.018803561106324196,-0.1991581916809082,Health,Background
0.007816335186362267,-0.015630364418029785,Health,Background
-0.18264718353748322,-0.034020327031612396,Health,Background
-0.07224491238594055,0.008865676820278168,Health,Background
-0.2086658775806427,0.1086530014872551,Health,Background
-0.22108526527881622,0.026956193149089813,Health,Background
-0.04037655517458916,-0.2396497130393982,Health,Background
-0.10390788316726685,-0.30786198377609253,Health,Background
-0.2359703928232193,-0.07231809198856354,Health,Background
-0.04221564158797264,-0.2461473047733307,Health,Background
-0.1757017821073532,0.032464124262332916,Health,Background
0.0353085920214653,-0.28355878591537476,Health,Background
-0.16622401773929596,-0.21944203972816467,Health,Background
0.04218164458870888,-0.0835556611418724,Health,Background
-0.036467913538217545,-0.19651973247528076,Health,Background
-0.029305070638656616,-0.07428159564733505,Health,Background
-0.025650817900896072,0.009910598397254944,Health,Background
-0.2274859994649887,-0.13923180103302002,Health,Background
-0.3007452189922333,0.016352340579032898,Health,Background
-0.07351095974445343,-0.11338047683238983,Health,Background
-0.04039571061730385,-0.05925653874874115,Health,Background
0.08012181520462036,-0.07732880860567093,Health,Background
0.10924988985061646,-0.15783438086509705,Health,Background
-0.0022103674709796906,-0.23121196031570435,Health,Background
-0.12546013295650482,-0.13469761610031128,Health,Background
-0.23021312057971954,-0.07572212815284729,Health,Background
-0.18369397521018982,-0.21076729893684387,Health,Background
-0.15144558250904083,-0.13053181767463684,Health,Background
0.019822504371404648,-0.11208512634038925,Health,Background
-0.004667636007070541,-0.1518455147743225,Health,Background
-0.15481965243816376,-0.21847417950630188,Health,Background
0.015361165627837181,-0.21061599254608154,Health,Background
-0.1497124880552292,-0.18591666221618652,Health,Background
-0.19677448272705078,-0.13768377900123596,Health,Background
-0.18244250118732452,-0.17164930701255798,Health,Background
0.039245717227458954,0.01095513254404068,Health,Background
-0.018346376717090607,-0.07296491414308548,Health,Background
0.05167156085371971,-0.14881232380867004,Health,Background
-0.012285374104976654,-0.09896776080131531,Health,Background
-0.14782322943210602,-0.09568377584218979,Health,Background
-0.0961906760931015,-0.20312511920928955,Health,Background
-0.045221369713544846,-0.21179354190826416,Health,Background
-0.14084650576114655,-0.056110672652721405,Health,Background
0.17203836143016815,-0.18794730305671692,Health,Background
-0.05727769806981087,-0.015888474881649017,Health,Background
-0.17901678383350372,-0.15056993067264557,Health,Background
0.09679624438285828,-0.1284429430961609,Health,Background
-0.16622401773929596,-0.21944203972816467,Health,Background
-0.061956409364938736,0.05437091737985611,Health,Background
-0.23097018897533417,-0.18078318238258362,Health,Background
0.04717520624399185,-0.14956757426261902,Health,Background
-0.18244250118732452,-0.17164930701255798,Health,Background
-0.17989711463451385,-0.16426900029182434,Health,Background
-0.15586891770362854,-0.23380720615386963,Health,Background
0.022304797545075417,-0.1130923181772232,Health,Background
-0.034162137657403946,-0.08547832816839218,Health,Background
-0.104765385389328,-0.1950107216835022,Health,Background
-0.15615154802799225,-0.02458900213241577,Health,Background
-0.063990518450737,-0.30681464076042175,Health,Background
-0.0704728364944458,-0.06789270043373108,Health,Background
-0.06877255439758301,-0.25637102127075195,Health,Background
-0.2513783574104309,-0.059281785041093826,Health,Background
0.013120058923959732,0.0656232163310051,Health,Background
0.028618067502975464,-0.04781828820705414,Health,Background
-0.1487080305814743,-0.1750289797782898,Health,Background
-0.15928532183170319,-0.028140582144260406,Health,Background
-0.11873440444469452,-0.1693378984928131,Health,Background
-0.07440522313117981,1.6734004020690918e-05,Health,Background
0.036318447440862656,-0.11046917736530304,Health,Background
0.03914119675755501,-0.12831714749336243,Health,Background
0.0643339529633522,-0.06965428590774536,Health,Background
-0.132899209856987,-0.12897442281246185,Health,Background
-0.09455162286758423,-0.3168048560619354,Health,Background
-0.0808844268321991,0.17944404482841492,Health,Background
-0.022768396884202957,-0.10108732432126999,Health,Background
0.026759061962366104,-0.03960081934928894,Health,Background
-0.11106552183628082,-0.1361507773399353,Health,Background
-0.1526930332183838,-0.025308433920145035,Health,Background
-0.13630561530590057,0.0728021040558815,Health,Background
-0.15769991278648376,-0.10963965207338333,Health,Background
-0.038129840046167374,-0.09198146313428879,Health,Background
0.05404091626405716,-0.08673757314682007,Health,Background
-0.13343916833400726,-0.12249237298965454,Health,Background
-0.12815187871456146,-0.2228136956691742,Health,Background
-0.15144558250904083,-0.13053181767463684,Health,Background
-0.16773758828639984,-0.052300065755844116,Health,Background
-0.1953659951686859,-0.13663077354431152,Health,Background
-0.1831301599740982,-0.061069294810295105,Health,Background
-0.2213750034570694,-0.04325321316719055,Health,Background
-0.18244250118732452,-0.17164930701255798,Health,Background
-0.1194961816072464,-0.16618190705776215,Health,Background
-0.12715183198451996,-0.017652850598096848,Health,Background
-0.25260281562805176,-0.09501229971647263,Health,Background
-0.038129840046167374,-0.09198146313428879,Health,Background
-0.0836813896894455,-0.07383883744478226,Health,Background
0.0933699905872345,-0.06859511882066727,Health,Background
-0.16539013385772705,-0.14219701290130615,Health,Background
-0.18244250118732452,-0.17164930701255798,Health,Background
-0.06558023393154144,-0.17627957463264465,Health,Background
0.11821983754634857,-0.1493360698223114,Health,Background
-0.14103014767169952,-0.12495043128728867,Health,Background
-0.1684936136007309,-0.14172397553920746,Health,Background
0.1367078721523285,-0.013870835304260254,Health,Background
-0.07113251090049744,-0.14026007056236267,Health,Background
-0.10732011497020721,-0.20892542600631714,Health,Background
-0.21146924793720245,-0.03987690806388855,Health,Background
-0.15048952400684357,-0.2321414053440094,Health,Background
-0.13349415361881256,-0.15600645542144775,Health,Background
0.01385461911559105,-0.1613159030675888,Health,Background
0.06592318415641785,-0.026655670255422592,Health,Background
-0.14549121260643005,0.07540144771337509,Health,Background
-0.17037725448608398,-0.042583417147397995,Health,Background
-0.091185063123703,-0.114460289478302,Health,Background
-0.11642572283744812,-0.1524217426776886,Health,Background
-0.01775236427783966,0.021294288337230682,Health,Background
-0.20284335315227509,-0.07689569145441055,Health,Background
-0.011393450200557709,-0.22226232290267944,Health,Background
-0.0679519772529602,-0.0898304134607315,Health,Background
-0.16624672710895538,-0.2847972810268402,Health,Background
-0.2516278326511383,0.10414809733629227,Health,Background
-0.17181836068630219,-0.023527856916189194,Health,Background
-0.14560867846012115,-0.22055256366729736,Health,Background
0.039193928241729736,-0.005171503871679306,Health,Background
-0.21364375948905945,-0.19276505708694458,Health,Background
-0.026891212910413742,-0.08680203557014465,Health,Background
-0.11419118940830231,-0.2375335693359375,Health,Background
-0.08103616535663605,-0.2552869915962219,Health,Background
-0.0046865008771419525,-0.2606510519981384,Health,Background
-0.0776607096195221,-0.248450368642807,Health,Background
-0.09062963724136353,-0.05759812146425247,Health,Background
-0.18132741749286652,-0.08904843032360077,Health,Background
-0.08016844093799591,-0.16813528537750244,Health,Background
-0.19698886573314667,-0.035248711705207825,Health,Background
-0.1457805633544922,-0.1628791093826294,Health,Background
-0.1480751484632492,-0.030073273926973343,Health,Background
-0.11261339485645294,-0.09699903428554535,Health,Background
0.012243535369634628,-0.023023687303066254,Health,Background
-0.04486117139458656,-0.04361765831708908,Health,Background
-0.15505261719226837,0.1856175661087036,Health,Background
-0.12062709033489227,-0.0870433896780014,Health,Background
-0.021069418638944626,-0.2618303894996643,Health,Background
-0.06794849038124084,0.022742584347724915,Health,Background
-0.06789670884609222,-0.20798712968826294,Health,Background
-0.17367540299892426,-0.15696515142917633,Health,Background
-0.2005726844072342,-0.1922316551208496,Health,Background
-0.14888949692249298,-0.137337327003479,Health,Background
-0.11261339485645294,-0.09699903428554535,Health,Background
-0.06877255439758301,-0.25637102127075195,Health,Background
0.022716809064149857,-0.19458919763565063,Health,Background
-0.06712795794010162,-0.05683927983045578,Health,Background
0.0803598091006279,-0.11871202290058136,Health,Background
-0.2151968628168106,0.01588752120733261,Health,Background
0.020064154639840126,-0.018154069781303406,Health,Background
-0.03578967973589897,-0.06972616165876389,Health,Background
-0.25947922468185425,-0.22254231572151184,Health,Background
-0.057853084057569504,-0.08037296682596207,Health,Background
-0.20831476151943207,-0.12937676906585693,Health,Background
-0.2861925959587097,0.0796612873673439,Health,Background
-0.25830191373825073,-0.23500090837478638,Health,Background
0.02065848559141159,-0.13887298107147217,Health,Background
-0.1808512955904007,-0.1338908076286316,Health,Background
-0.0633569061756134,-0.04127604514360428,Health,Background
-0.12229929864406586,-0.224362313747406,Health,Background
-0.07576455175876617,-0.021040141582489014,Health,Background
-0.12266936898231506,-0.12332524359226227,Health,Background
-0.1297650784254074,-0.062054507434368134,Health,Background
-0.027378540486097336,-0.24967262148857117,Health,Background
-0.1361251324415207,-0.2761828601360321,Health,Background
-0.13258357346057892,-0.15127086639404297,Health,Background
-0.0688474178314209,-0.1935776174068451,Health,Background
-0.05549083277583122,-0.16557028889656067,Health,Background
-0.019265025854110718,-0.1495947241783142,Health,Background
-0.05461050197482109,-0.2620989680290222,Health,Background
-0.32255274057388306,0.02913268655538559,Health,Background
-0.14480425417423248,-0.017044179141521454,Health,Background
-0.017191890627145767,-0.14050719141960144,Health,Background
-0.08866569399833679,-0.14488491415977478,Health,Background
0.06701686978340149,-0.08152991533279419,Health,Background
-0.044975269585847855,-0.09505383670330048,Health,Background
-0.17175917327404022,-0.14354215562343597,Health,Background
-0.06656812131404877,-0.2869687080383301,Health,Background
-0.055680859833955765,-0.22865408658981323,Health,Background
-0.031660955399274826,-0.15960398316383362,Health,Background
-0.15144558250904083,-0.13053181767463684,Health,Background
-0.09162405133247375,0.027723439037799835,Health,Background
-0.22114033997058868,-0.035966262221336365,Health,Background
0.02410515770316124,-0.01306072622537613,Health,Background
-0.10744641721248627,-0.10013432800769806,Health,Background
-0.16622401773929596,-0.21944203972816467,Health,Background
-0.10122145712375641,-0.15796490013599396,Health,Background
-0.1959817260503769,-0.2171984314918518,Health,Background
-0.13907884061336517,-0.15340487658977509,Health,Background
-0.02387547865509987,-0.09134022891521454,Health,Background
0.01865512505173683,-0.19022750854492188,Health,Background
-0.198379248380661,-0.17410413920879364,Health,Background
0.00040597841143608093,0.2634853422641754,Health,Background
-0.15317924320697784,-0.20441138744354248,Health,Background
-0.08401942253112793,-0.2751629650592804,Health,Background
-0.05032370612025261,-0.29417598247528076,Health,Background
-0.13496269285678864,-0.13536639511585236,Health,Background
-0.03392470255494118,-0.0866454690694809,Health,Background
-0.2082715481519699,0.0746169462800026,Health,Background
-0.17660386860370636,-0.10957737267017365,Health,Background
-0.10027681291103363,-0.29256105422973633,Health,Background
-0.09378819167613983,-0.10388950258493423,Health,Background
-0.23272882401943207,0.12252629548311234,Health,Background
-0.01465221494436264,-0.22084400057792664,Health,Background
-0.041145410388708115,-0.2577323913574219,Health,Background
0.07624220848083496,-0.1366114616394043,Health,Background
-0.026577841490507126,-0.21385937929153442,Health,Background
-0.13563542068004608,-0.035339102149009705,Health,Background
-0.22218389809131622,0.07443021982908249,Health,Background
-0.12475873529911041,-0.0517655611038208,Health,Background
0.06352071464061737,-0.03469078242778778,Health,Background
-0.05777345225214958,-0.170433908700943,Health,Background
-0.12811745703220367,0.024026550352573395,Health,Background
-0.022431623190641403,-0.16369599103927612,Health,Background
-0.06611813604831696,-0.3799014389514923,Health,Background
-0.14787845313549042,-0.17079374194145203,Health,Background
-0.17304827272891998,-0.02238604798913002,Health,Background
0.12259706854820251,-0.3797520101070404,Health,Background
-0.2543089985847473,-0.1878698170185089,Health,Background
0.0965404212474823,-0.08740498125553131,Health,Background
-0.25410357117652893,0.041644759476184845,Health,Background
-0.13201576471328735,0.0650373175740242,Health,Background
-0.13536398112773895,-0.1607145369052887,Health,Background
-0.002181015908718109,-0.10507236421108246,Health,Background
-0.1701667159795761,0.046443529427051544,Health,Background
-0.16018089652061462,-0.019738860428333282,Health,Background
0.02970249392092228,-0.17833161354064941,Health,Background
0.0033969543874263763,-0.21183723211288452,Health,Background
-0.22239093482494354,-0.04941029101610184,Health,Background
-0.15271712839603424,-0.2945995628833771,Health,Background
-0.1851925104856491,-0.07753076404333115,Health,Background
-0.031788039952516556,-0.14195603132247925,Health,Background
-0.16917428374290466,-0.149856835603714,Health,Background
-0.05549083277583122,-0.16557028889656067,Health,Background
-0.2462039440870285,-0.09571178257465363,Health,Background
-0.20141904056072235,0.0900639221072197,Health,Background
-0.08838579058647156,-0.02541879564523697,Health,Background
-0.12815187871456146,-0.2228136956691742,Health,Background
-0.17229823768138885,-0.0864332914352417,Health,Background
-0.11685298383235931,-0.06193351373076439,Health,Background
-0.1115512102842331,-0.21605637669563293,Health,Background
-0.09347584843635559,-0.2955932319164276,Health,Background
-0.06173419579863548,-0.21544817090034485,Health,Background
-0.09347584843635559,-0.2955932319164276,Health,Background
-0.06663264334201813,-0.22252175211906433,Health,Background
-0.015190113335847855,-0.3715868890285492,Health,Background
-0.07466275990009308,-0.35328495502471924,Health,Background
-0.10535383224487305,0.012854553759098053,Health,Background
-0.15656118094921112,-0.03394894301891327,Health,Background
-0.05357508733868599,-0.25303006172180176,Health,Background
-0.06479167938232422,-0.2593183219432831,Health,Background
-0.06071104481816292,-0.050758764147758484,Health,Background
-0.012524120509624481,-0.25077351927757263,Health,Background
-0.019212543964385986,-0.3121945261955261,Health,Background
0.0008137039840221405,-0.13927382230758667,Health,Background
-0.06958197057247162,-0.2275702953338623,Health,Background
-0.027431007474660873,-0.09647393226623535,Health,Background
-0.045280132442712784,-0.03634549677371979,Health,Background
-0.003747791051864624,-0.21185243129730225,Health,Background
0.01964523456990719,-0.15391093492507935,Health,Background
-0.054336462169885635,-0.04022262245416641,Health,Background
-0.18244250118732452,-0.17164930701255798,Health,Background
-0.17601029574871063,0.0009973421692848206,Health,Background
-0.11811122298240662,0.105681411921978,Health,Background
-0.03615805134177208,-0.19626551866531372,Health,Background
-0.1348409801721573,-0.14778810739517212,Health,Background
-0.11300253868103027,-0.10790560394525528,Health,Background
0.09554171562194824,-0.2132318913936615,Health,Background
-0.08983056247234344,-0.11415906250476837,Health,Background
-0.10398104786872864,-0.2956800162792206,Health,Background
-0.16502955555915833,-0.07856139540672302,Health,Background
-0.24881862103939056,0.08560984581708908,Health,Background
0.06395906209945679,-0.051695652306079865,Health,Background
-0.07220005989074707,0.1419675350189209,Health,Background
-0.009334169328212738,-0.2167540192604065,Health,Background
-0.05444717779755592,-0.09741350263357162,Health,Background
-0.18224044144153595,0.0879095122218132,Health,Background
-0.022177372127771378,-0.08229377120733261,Health,Background
-0.11048147082328796,-0.2480103075504303,Health,Background
0.0486372634768486,-0.08650831878185272,Health,Background
-0.07806470990180969,-0.21862176060676575,Health,Background
0.05779723450541496,-0.0019789785146713257,Health,Background
-0.038258884102106094,-0.12110817432403564,Health,Background
0.07203871011734009,-0.09365130960941315,Health,Background
-0.24909590184688568,-0.14604443311691284,Health,Background
-0.08133479952812195,-0.20909383893013,Health,Background
-0.13450269401073456,0.020455949008464813,Health,Background
0.03409343585371971,-0.1951153576374054,Health,Background
0.005280274897813797,-0.16603726148605347,Health,Background
0.0016139857470989227,-0.08653668314218521,Health,Background
-0.122014120221138,-0.19432863593101501,Health,Background
-0.017718713730573654,-0.1924688220024109,Health,Background
-0.10748068988323212,-0.21445536613464355,Health,Background
-0.15159641206264496,-0.19399747252464294,Health,Background
0.039002083241939545,-0.1865188330411911,Health,Background
0.09119297564029694,-0.08652766048908234,Health,Background
-0.016694407910108566,-0.08935004472732544,Health,Background
-0.12552984058856964,-0.23169708251953125,Health,Background
-0.12767401337623596,-0.028944149613380432,Health,Background
0.02702821046113968,-0.122516930103302,Health,Background
-0.09576357901096344,-0.10061430931091309,Health,Background
-0.1304173320531845,-0.17400020360946655,Health,Background
-0.25699594616889954,0.022349074482917786,Health,Background
-0.17151273787021637,-0.17181189358234406,Health,Background
0.0909346491098404,-0.08418649435043335,Health,Background
-0.025156524032354355,-0.062461502850055695,Health,Background
-0.08625292778015137,0.041370049118995667,Health,Background
-0.08682234585285187,-0.08024010062217712,Health,Background
-0.18973831832408905,-0.06361214816570282,Health,Background
-0.17434512078762054,-0.0383090041577816,Health,Background
-0.05569945648312569,-0.2845122814178467,Health,Background
-0.04435634985566139,-0.2868046462535858,Health,Background
0.024594075977802277,-0.20829322934150696,Health,Background
-0.21487091481685638,-0.2083495855331421,Health,Background
0.09389115869998932,-0.07956790179014206,Health,Background
-0.02325504645705223,-0.08453432470560074,Health,Background
-0.15269403159618378,-0.11937928199768066,Health,Background
0.048548076301813126,-0.12389718741178513,Health,Background
-0.014499399811029434,-0.08217323571443558,Health,Background
-0.17121779918670654,-0.036731332540512085,Health,Background
-0.051047030836343765,-0.11780793964862823,Health,Background
-0.1528145968914032,-0.2566876709461212,Health,Background
-0.22732658684253693,-0.018071047961711884,Health,Background
0.1418522298336029,-0.11304394900798798,Health,Background
0.10112068057060242,-0.05668877437710762,Health,Background
-0.1210656613111496,-0.18175055086612701,Health,Background
-0.17351721227169037,-0.21215751767158508,Health,Background
-0.2963534891605377,0.08331691473722458,Health,Background
0.0768168717622757,-0.20376279950141907,Health,Background
-0.1868906170129776,-0.04470983147621155,Health,Background
-0.19475261867046356,-0.20033827424049377,Health,Background
-0.023152198642492294,-0.12605232000350952,Health,Background
-0.08999733626842499,-0.202560156583786,Health,Background
-0.1953659951686859,-0.13663077354431152,Health,Background
-0.18599368631839752,0.000979490578174591,Health,Background
0.04920744150876999,-0.121034637093544,Health,Background
0.008240170776844025,0.013865664601325989,Health,Background
-0.09757712483406067,-0.06440775841474533,Health,Background
-0.2095920890569687,0.11133811622858047,Health,Background
-0.07432252168655396,-0.10118407756090164,Health,Background
-0.08413535356521606,-0.26215457916259766,Health,Background
-0.14140896499156952,-0.35638687014579773,Health,Background
-0.008813831955194473,-0.04124332219362259,Health,Background
-0.13147276639938354,-0.21343326568603516,Health,Background
-0.09162290394306183,-0.23648858070373535,Health,Background
0.016417939215898514,-0.14001622796058655,Health,Background
-0.05385008826851845,-0.055528126657009125,Health,Background
0.03267034888267517,-0.22677066922187805,Health,Background
-0.16130958497524261,-0.1906856894493103,Health,Background
-0.062095943838357925,-0.011303190141916275,Health,Background
-0.03036346286535263,-0.0675736516714096,Health,Background
-0.1394851952791214,-0.16364777088165283,Health,Background
-0.0691266804933548,-0.1390637457370758,Health,Background
-0.07740594446659088,-0.13679735362529755,Health,Background
-0.09029088914394379,-0.04152064397931099,Health,Background
0.015464864671230316,-0.053324706852436066,Health,Background
-0.03702223673462868,-0.06554925441741943,Health,Background
-0.0621955581009388,-0.15696042776107788,Health,Background
-0.1952466368675232,-0.11462336778640747,Health,Background
-0.06747116148471832,-0.12728656828403473,Health,Background
-0.03756619617342949,0.050228528678417206,Health,Background
0.02335592359304428,-0.1152932420372963,Health,Background
-0.26739394664764404,-0.12366405874490738,Health,Background
-0.08071079850196838,-0.11756084859371185,Health,Background
-0.09932094812393188,-0.02796294540166855,Health,Background
-0.022718582302331924,-0.1234871968626976,Health,Background
-0.07475012540817261,-0.05244369059801102,Health,Background
0.03709365427494049,0.006357602775096893,Health,Background
-0.09862163662910461,-0.12672418355941772,Health,Background
-0.1633383184671402,-0.18968099355697632,Health,Background
-0.26170027256011963,0.082656629383564,Health,Background
-0.20474867522716522,-0.09044669568538666,Health,Background
-0.04763538017868996,-0.27458423376083374,Health,Background
0.025041325017809868,-0.08375202119350433,Health,Background
0.07505840063095093,-0.17997929453849792,Health,Background
-0.031536418944597244,-0.1489410400390625,Health,Background
0.02268025651574135,-0.11044967174530029,Health,Background
0.08224079012870789,-0.13810598850250244,Health,Background
-0.08145546913146973,-0.0944458395242691,Health,Background
-0.07746367156505585,-0.10834071040153503,Health,Background
-0.178427591919899,-0.02005089819431305,Health,Background
-0.10492677986621857,-0.09810327738523483,Health,Background
-0.07071217894554138,-0.049499742686748505,Health,Background
-0.11918382346630096,-0.11397692561149597,Health,Background
-0.10306745767593384,-0.1162903681397438,Health,Background
-0.05346905067563057,-0.2821851968765259,Health,Background
-0.06062478944659233,-0.12032771855592728,Health,Background
0.022759564220905304,-0.1360120177268982,Health,Background
-0.18028555810451508,-0.12588050961494446,Health,Background
-0.1469876766204834,-0.07246603816747665,Health,Background
-0.1299702227115631,-0.29499027132987976,Health,Background
-0.07225847244262695,-0.07961352169513702,Health,Background
-0.19144131243228912,-0.09534715861082077,Health,Background
-0.15015415847301483,-0.17950336635112762,Health,Background
0.060675106942653656,-0.13603444397449493,Health,Background
-0.15367290377616882,-0.033362530171871185,Health,Background
-0.0054947324097156525,-0.09100782871246338,Health,Background
-0.11353366076946259,-0.05470672622323036,Health,Background
-0.04120467230677605,-0.384861022233963,Health,Background
-0.06329463422298431,-0.21967396140098572,Health,Background
0.04011052846908569,-0.11687533557415009,Health,Background
-0.03792111948132515,-0.15967805683612823,Health,Background
-0.186676487326622,-0.1099344789981842,Health,Background
-0.09649890661239624,-0.2324959933757782,Health,Background
-0.09382130205631256,-0.11979109793901443,Health,Background
-0.11503846943378448,-0.10953027009963989,Health,Background
0.015499157831072807,-0.07410963624715805,Health,Background
-0.043355319648981094,-0.12077341973781586,Health,Background
-0.0973956435918808,-0.1828782558441162,Health,Background
-0.04928530380129814,-0.21731609106063843,Health,Background
-0.02043965458869934,-0.1190631166100502,Health,Background
-0.12815187871456146,-0.2228136956691742,Health,Background
-0.15748818218708038,0.02360362559556961,Health,Background
-0.25830191373825073,-0.23500090837478638,Health,Background
-0.14832358062267303,-0.20143046975135803,Health,Background
0.10220508277416229,-0.14779168367385864,Health,Background
-0.0356893427670002,-0.07048870623111725,Health,Background
-0.1676468700170517,-0.15197542309761047,Health,Background
-0.09801004827022552,-0.14393547177314758,Health,Background
-0.05374377593398094,-0.12449832260608673,Health,Background
-0.09325779974460602,-0.35586318373680115,Health,Background
-0.1691085249185562,0.14884275197982788,Health,Background
0.1175047904253006,-0.09257548302412033,Health,Background
-0.09904497861862183,-0.16813316941261292,Health,Background
0.11596144735813141,-0.03021778166294098,Health,Background
-0.11156298220157623,-0.18701320886611938,Health,Background
-0.06445243954658508,-0.12692980468273163,Health,Background
0.09389115869998932,-0.07956790179014206,Health,Background
-0.31794893741607666,0.006686016917228699,Health,Background
0.028210751712322235,-0.11458684504032135,Health,Background
-0.08090619742870331,-0.06366732716560364,Health,Background
-0.2074883133172989,0.03245580941438675,Health,Background
-0.11994455754756927,-0.14126959443092346,Health,Background
-0.0418592132627964,-0.29207804799079895,Health,Background
-0.05549083277583122,-0.16557028889656067,Health,Background
0.11622969806194305,-0.17228782176971436,Health,Background
-0.08684945106506348,-0.18441787362098694,Health,Background
-0.018381647765636444,-0.21748533844947815,Health,Background
-0.10062184929847717,0.08021179586648941,Health,Background
0.001464933156967163,-0.015245549380779266,Health,Background
0.1155807226896286,-0.11017291247844696,Health,Background
-0.17533619701862335,-0.10399440675973892,Health,Background
-0.17337967455387115,-0.21910127997398376,Health,Background
-0.29362380504608154,-0.05701516196131706,Health,Background
0.07041149586439133,-0.08069771528244019,Health,Background
0.0025587081909179688,-0.13534781336784363,Health,Background
-0.024185661226511,-0.06959754228591919,Health,Background
-0.1470646858215332,-0.1932976245880127,Health,Background
-0.05454275384545326,-0.061142608523368835,Health,Background
-0.10834147036075592,-0.016747497022151947,Health,Background
-0.1366279572248459,-0.1688711792230606,Health,Background
0.037766117602586746,-0.04472479224205017,Health,Background
-0.06681883335113525,-0.2004946768283844,Health,Background
-0.21278049051761627,0.11279238015413284,Health,Background
-0.13536398112773895,-0.1607145369052887,Health,Background
-0.2681275010108948,-0.17208895087242126,Health,Background
0.0145413838326931,-0.1713223159313202,Health,Background
-0.12544146180152893,-0.28440672159194946,Health,Background
-0.17989711463451385,-0.16426900029182434,Health,Background
-0.18983276188373566,-0.16801781952381134,Health,Background
-0.06977760791778564,-0.2664600908756256,Health,Background
-0.10290385782718658,0.07926986366510391,Health,Background
-0.0003298036754131317,-0.05570026487112045,Health,Background
-0.022027600556612015,-0.17128244042396545,Health,Background
-0.1808512955904007,-0.1338908076286316,Health,Background
-0.06034385785460472,0.007598876953125,Health,Background
-0.06139995530247688,-0.03856866806745529,Health,Background
-0.19345606863498688,0.004749804735183716,Health,Background
-0.07708433270454407,-0.05144282057881355,Health,Background
-0.2666287422180176,-0.06436093896627426,Health,Background
0.05717585235834122,-0.22596967220306396,Health,Background
-0.023299571126699448,-0.21163111925125122,Health,Background
-0.06985263526439667,-0.04643545299768448,Health,Background
0.014064284041523933,-0.06814691424369812,Health,Background
-0.03461496904492378,-0.19114568829536438,Health,Background
0.10826776921749115,-0.10397101193666458,Health,Background
-0.24043135344982147,-0.057229071855545044,Health,Background
-0.045987244695425034,-0.04398185387253761,Health,Background
-0.21326613426208496,-0.05579817295074463,Health,Background
0.06242735683917999,0.0355825200676918,Health,Background
0.003321373835206032,-0.030236918479204178,Health,Background
-0.09594316780567169,-0.2544533312320709,Health,Background
-0.2243509143590927,-0.2741554379463196,Health,Background
-0.1684936136007309,-0.14172397553920746,Health,Background
-0.05286667123436928,-0.06653083860874176,Health,Background
0.0880252867937088,-0.021555498242378235,Health,Background
-0.1251131147146225,-0.23907747864723206,Health,Background
-0.2013365775346756,0.012932084500789642,Health,Background
0.0008388012647628784,-0.07243561744689941,Health,Background
0.007558144629001617,-0.1480935513973236,Health,Background
-0.1902647465467453,-0.02132631093263626,Health,Background
-0.18376950919628143,-0.11966510117053986,Health,Background
-0.19487591087818146,0.01740357279777527,Health,Background
-0.142370343208313,-0.17887592315673828,Health,Background
-0.10978321731090546,-0.0019655153155326843,Health,Background
-0.16787348687648773,-0.11260832846164703,Health,Background
-0.1312660127878189,-0.06386289745569229,Health,Background
-0.19841443002223969,0.008693888783454895,Health,Background
-0.122014120221138,-0.19432863593101501,Health,Background
-0.0024241656064987183,-0.17861562967300415,Health,Background
-0.01254953071475029,-0.1975189745426178,Health,Background
-0.12342990934848785,-0.19457918405532837,Health,Background
-0.1083579808473587,-0.19438785314559937,Health,Background
-0.18932002782821655,-0.23027941584587097,Health,Background
-0.056064147502183914,-0.1358560025691986,Health,Background
-0.10561363399028778,0.015827126801013947,Health,Background
-0.1325707882642746,-0.12123969942331314,Health,Background
-0.001921333372592926,-0.1594742238521576,Health,Background
0.046250440180301666,-0.08122967183589935,Health,Background
-0.053240854293107986,0.06293643265962601,Health,Background
-0.018437843769788742,-0.2203618586063385,Health,Background
-0.04270683601498604,-0.07968992739915848,Health,Background
-0.12187452614307404,-0.040195465087890625,Health,Background
-0.07511544227600098,-0.0738414078950882,Health,Background
-0.08794756233692169,0.01235557347536087,Health,Background
-0.11712285876274109,-0.02123609557747841,Health,Background
-0.1425728052854538,0.03212185949087143,Health,Background
0.06330329179763794,-0.0978069081902504,Health,Background
-0.21616916358470917,0.05973471701145172,Health,Background
-0.18244250118732452,-0.17164930701255798,Health,Background
-0.03266555443406105,-0.19380155205726624,Health,Background
-0.1768299639225006,-0.059360943734645844,Health,Background
-0.15589837729930878,-0.2114335000514984,Health,Background
-0.04506770148873329,-0.033016495406627655,Health,Background
-0.22363917529582977,0.049623243510723114,Health,Background
-0.12093764543533325,-0.1336452215909958,Health,Background
-0.17835988104343414,-0.03181832283735275,Health,Background
-0.01051732525229454,-0.06699550896883011,Health,Background
-0.17870421707630157,-0.08485995978116989,Health,Background
-0.014972250908613205,-0.20826515555381775,Health,Background
-0.14128561317920685,-0.25013235211372375,Health,Background
0.03514554351568222,0.10186987370252609,Health,Background
0.0005764421075582504,-0.168254554271698,Health,Background
-0.07333534955978394,-0.08375770598649979,Health,Background
-0.06882759928703308,-0.18428626656532288,Health,Background
-0.17007732391357422,-0.13123516738414764,Health,Background
-0.1480751484632492,-0.030073273926973343,Health,Background
-0.015190113335847855,-0.3715868890285492,Health,Background
-0.027675725519657135,-0.16274899244308472,Health,Background
-0.004289861768484116,-0.09135235100984573,Health,Background
-0.16295601427555084,-0.10482625663280487,Health,Background
-0.26821237802505493,0.04636295884847641,Health,Background
-0.060642633587121964,0.010568670928478241,Health,Background
0.030823133885860443,-0.07692708820104599,Health,Background
-0.14375606179237366,-0.12118807435035706,Health,Background
-0.1777888685464859,-0.2640628218650818,Health,Background
-0.18588395416736603,-0.17374542355537415,Health,Background
-0.23389588296413422,-0.04518458992242813,Health,Background
0.06760451197624207,-0.1801016628742218,Health,Background
-0.22882120311260223,0.08287843316793442,Health,Background
-0.021852198988199234,-0.16103485226631165,Health,Background
0.035975512117147446,-0.12389737367630005,Health,Background
0.10731334984302521,-0.07794724404811859,Health,Background
0.017385657876729965,-0.13653647899627686,Health,Background
-0.023084089159965515,-0.15269507467746735,Health,Background
0.017939094454050064,-0.34597593545913696,Health,Background
-0.027156144380569458,-0.19105687737464905,Health,Background
-0.1687760353088379,-0.030688121914863586,Health,Background
-0.055365968495607376,-0.0008370503783226013,Health,Background
-0.17664076387882233,0.05232679098844528,Health,Background
-0.30077868700027466,0.041248247027397156,Health,Background
-0.05706123635172844,-0.12426398694515228,Health,Background
-0.06940220296382904,0.005930326879024506,Health,Background
-0.18132741749286652,-0.08904843032360077,Health,Background
-0.10356222093105316,0.12205252796411514,Health,Background
-0.008696556091308594,0.00902392715215683,Health,Background
0.05264738202095032,-0.0907672792673111,Health,Background
0.09993289411067963,-0.062242232263088226,Health,Background
0.09279166162014008,-0.18926101922988892,Health,Background
-0.04934642091393471,-0.2719162702560425,Health,Background
0.17395128309726715,-0.2921810448169708,Health,Background
-0.027942541986703873,-0.17120414972305298,Health,Background
-0.2850267291069031,0.078900046646595,Health,Background
-0.20963747799396515,-0.12737122178077698,Health,Background
-0.2744317650794983,-0.031998518854379654,Health,Background
-0.19698886573314667,-0.035248711705207825,Health,Background
0.003176683560013771,-0.10432369261980057,Health,Background
0.00040595047175884247,-0.2174966037273407,Health,Background
-0.2532072365283966,-0.045395441353321075,Health,Background
0.05706208571791649,-0.11364913731813431,Health,Background
-0.1321335881948471,0.08770783990621567,Health,Background
0.10433156788349152,-0.08010847121477127,Health,Background
-0.0889950841665268,-0.16383151710033417,Health,Background
0.02592037245631218,-0.20758450031280518,Health,Background
-0.21326613426208496,-0.05579817295074463,Health,Background
-0.1847180873155594,0.09797465056180954,Health,Background
-0.02606905996799469,0.1680176854133606,Health,Background
-0.0050325095653533936,-0.1236102506518364,Health,Background
-0.1517896056175232,-0.07395508885383606,Health,Background
-0.04456042870879173,-0.3347988426685333,Health,Background
-0.1605004221200943,-0.17389817535877228,Health,Background
-0.12536318600177765,-0.1511208713054657,Health,Background
-0.06562668085098267,-0.2521009147167206,Health,Background
-0.12833790481090546,-0.19234499335289001,Health,Background
0.15382851660251617,-0.36334434151649475,Health,Background
-0.11714459955692291,-0.11194747686386108,Health,Background
-0.18244250118732452,-0.17164930701255798,Health,Background
-0.13231530785560608,-0.20468619465827942,Health,Background
-0.1668892353773117,-0.17258292436599731,Health,Background
-0.17525799572467804,0.01613101363182068,Health,Background
-0.13416773080825806,-0.31479573249816895,Health,Background
-0.12004415690898895,-0.0359061025083065,Health,Background
-0.005981720983982086,-0.15195880830287933,Health,Background
-0.16395728290081024,-0.21614795923233032,Health,Background
-0.15665560960769653,0.07397960871458054,Health,Background
0.023403942584991455,-0.16524618864059448,Health,Background
0.023518111556768417,-0.17427782714366913,Health,Background
0.0267074815928936,-0.017240233719348907,Health,Background
-0.15010355412960052,-0.11810171604156494,Health,Background
-0.1480751484632492,-0.030073273926973343,Health,Background
-0.20203416049480438,-0.28532928228378296,Health,Background
-0.20016907155513763,-0.0004615411162376404,Health,Background
-0.18244250118732452,-0.17164930701255798,Health,Background
0.15424661338329315,-0.11482202261686325,Health,Background
-0.027883682399988174,0.0445929691195488,Health,Background
-0.13460491597652435,-0.28425145149230957,Health,Background
-0.17953801155090332,0.05704700946807861,Health,Background
-0.04473649337887764,-0.07125982642173767,Health,Background
-0.1263333410024643,0.08741351217031479,Health,Background
-0.008123360574245453,-0.17266076803207397,Health,Background
-0.16019947826862335,-0.20968389511108398,Health,Background
-0.22630847990512848,-0.1889331340789795,Health,Background
-0.2356547862291336,-0.11107006669044495,Health,Background
-0.23570401966571808,-0.14539533853530884,Health,Background
-0.12160654366016388,0.0002125576138496399,Health,Background
-0.2354806512594223,0.020120590925216675,Health,Background
-0.18224139511585236,0.013657823204994202,Health,Background
-0.09783495962619781,-0.23320546746253967,Health,Background
-0.1648094207048416,-0.10236597061157227,Health,Background
0.08004795014858246,-0.07435169070959091,Health,Background
-0.07229337096214294,-0.22885963320732117,Health,Background
-0.03562724217772484,-0.03760246932506561,Health,Background
-0.20555143058300018,-0.09231651574373245,Health,Background
-0.17654629051685333,0.03465531766414642,Health,Background
-0.0505123995244503,0.004030555486679077,Health,Background
0.11940881609916687,-0.13643477857112885,Health,Background
-0.06988579034805298,-0.19187408685684204,Health,Background
0.06456010043621063,-0.13337410986423492,Health,Background
-0.018456783145666122,-0.06640633940696716,Health,Background
-0.2933512330055237,-0.11938470602035522,Health,Background
-0.05537901446223259,-0.0307212695479393,Health,Background
-0.1760057657957077,-0.18375492095947266,Health,Background
-0.16141171753406525,-0.17149904370307922,Health,Background
-0.08413535356521606,-0.26215457916259766,Health,Background
-0.03068627044558525,-0.3109472990036011,Health,Background
0.1844562143087387,-0.12010142207145691,Health,Background
-0.018317461013793945,0.14171269536018372,Health,Background
-0.01933707296848297,-0.06111118942499161,Health,Background
-0.1953659951686859,-0.13663077354431152,Health,Background
-0.0883314311504364,-0.1698438823223114,Health,Background
-0.05749649927020073,-0.25895923376083374,Health,Background
-0.17151273787021637,-0.17181189358234406,Health,Background
-0.023445095866918564,-0.2229994237422943,Health,Background
0.021019240841269493,-0.07433748990297318,Health,Background
-0.07686489820480347,-0.1454683542251587,Health,Background
-0.14819778501987457,-0.02467506378889084,Health,Background
-0.1445007175207138,-0.10187039524316788,Health,Background
-0.06079770252108574,-0.2262158989906311,Health,Background
-0.17441760003566742,-0.1322001963853836,Health,Background
-0.15546591579914093,-0.11775725334882736,Health,Background
-0.10306236147880554,-0.19294846057891846,Health,Background
-0.061648253351449966,-0.04698653146624565,Health,Background
-0.19330959022045135,-0.13171476125717163,Health,Background
-0.13477295637130737,-0.30857089161872864,Health,Background
-0.10997140407562256,-0.20926415920257568,Health,Background
-0.11985845863819122,0.04569517821073532,Health,Background
-0.0815056711435318,0.061338894069194794,Health,Background
-0.04787841811776161,-0.050332874059677124,Health,Background
-0.07691539824008942,-0.05399332940578461,Health,Background
-0.043836046010255814,-0.1529277265071869,Health,Background
-0.003367822617292404,-0.012947596609592438,Health,Background
-0.1791047304868698,-0.1038375273346901,Health,Background
-0.17432217299938202,-0.00280776247382164,Health,Background
-0.08630438148975372,-0.10809242725372314,Health,Background
-0.17836809158325195,-0.12798210978507996,Health,Background
0.09627291560173035,-0.14342349767684937,Health,Background
-0.12623803317546844,-0.07407845556735992,Health,Background
-0.14118070900440216,-0.11594964563846588,Health,Background
-0.12314590811729431,-0.046847932040691376,Health,Background
-0.1505105346441269,-0.18817336857318878,Health,Background
-0.18398626148700714,-0.05116473138332367,Health,Background
-0.09325779974460602,-0.35586318373680115,Health,Background
-0.11605630815029144,-0.20024967193603516,Health,Background
0.026159444823861122,0.0056709423661231995,Health,Background
-0.19770152866840363,0.09890798479318619,Health,Background
-0.1295103281736374,-0.2299124002456665,Health,Background
-0.028064291924238205,0.007599480450153351,Health,Background
-0.14094208180904388,-0.1800631582736969,Health,Background
-0.22191552817821503,-0.10654151439666748,Health,Background
-0.07224491238594055,0.008865676820278168,Health,Background
-0.21655811369419098,-0.02383633330464363,Health,Background
-0.0935993641614914,0.11978370696306229,Health,Background
-0.06523054838180542,-0.23169520497322083,Health,Background
0.028790771961212158,-0.3459758162498474,Health,Background
-0.156182661652565,-0.06466194987297058,Health,Background
-0.14816072583198547,-0.16660232841968536,Health,Background
-0.009939722716808319,-0.026184968650341034,Health,Background
-0.012536108493804932,-0.24138036370277405,Health,Background
0.11406032741069794,-0.043181128799915314,Health,Background
-0.13232631981372833,-0.1459648609161377,Health,Background
0.08918647468090057,-0.21233415603637695,Health,Background
-0.16951590776443481,-0.07532848417758942,Health,Background
-0.2375670224428177,0.016956590116024017,Health,Background
-0.22276388108730316,-0.10454940795898438,Health,Background
-0.21884103119373322,-0.08709350228309631,Health,Background
-0.01845206320285797,-0.23799806833267212,Health,Background
-0.08942066133022308,-0.09129580110311508,Health,Background
-0.15610060095787048,-0.03688222914934158,Health,Background
-0.1071365624666214,-0.03415670245885849,Health,Background
-0.07466064393520355,-0.1556047797203064,Health,Background
-0.010346565395593643,-0.31391075253486633,Health,Background
-0.1505105346441269,-0.18817336857318878,Health,Background
-0.02134062349796295,-0.29514220356941223,Health,Background
0.004324454814195633,0.005024336278438568,Health,Background
-0.0044131800532341,-0.03402838855981827,Health,Background
0.00799618475139141,-0.03624676167964935,Health,Background
0.06867533922195435,-0.11063452064990997,Health,Background
-0.17624832689762115,-0.21476289629936218,Health,Background
-0.1819814145565033,-0.200449138879776,Health,Background
-0.13052155077457428,-0.20205670595169067,Health,Background
-0.16973616182804108,0.09944232553243637,Health,Background
-0.23931418359279633,-0.008731011301279068,Health,Background
-0.09284929931163788,-0.07296329736709595,Health,Background
0.028307409957051277,-0.053124137222766876,Health,Background
0.03424675017595291,-0.09043377637863159,Health,Background
-0.2016974240541458,0.2626168429851532,Nature,Background
0.00405832938849926,0.5228427052497864,Nature,Background
0.008460447192192078,0.42131009697914124,Nature,Background
0.058250829577445984,0.4262789785861969,Nature,Background
-0.10903465747833252,0.3178578317165375,Nature,Background
0.10771001875400543,0.39755430817604065,Nature,Background
0.03805604204535484,0.42890664935112,Nature,Background
0.06751078367233276,0.3752824664115906,Nature,Background
0.03537525236606598,0.3496437966823578,Nature,Background
0.10925377905368805,0.45176824927330017,Nature,Background
0.1980981081724167,0.4339628517627716,Nature,Background
0.07460442185401917,0.32757747173309326,Nature,Background
0.061010487377643585,0.38153669238090515,Nature,Background
-0.0943046510219574,0.3249049484729767,Nature,Background
0.16612429916858673,0.5417438745498657,Nature,Background
0.06949371099472046,0.3355847895145416,Nature,Background
0.07086741924285889,0.40323781967163086,Nature,Background
0.024555128067731857,0.3215804994106293,Nature,Background
0.11196649074554443,0.3817283809185028,Nature,Background
0.07620543241500854,0.36101219058036804,Nature,Background
0.14076298475265503,0.45266100764274597,Nature,Background
0.03308846056461334,0.5111228227615356,Nature,Background
-0.03103102371096611,0.28884491324424744,Nature,Background
-0.3171512484550476,0.24395063519477844,Nature,Background
-0.06478571891784668,0.26539868116378784,Nature,Background
-0.012173864990472794,0.4732474982738495,Nature,Background
-0.15672826766967773,0.14027303457260132,Nature,Background
-0.024769406765699387,0.09304579347372055,Nature,Background
0.06270677596330643,0.4794008433818817,Nature,Background
-0.0228535458445549,0.44619235396385193,Nature,Background
0.10890546441078186,0.44610247015953064,Nature,Background
0.039138901978731155,0.4776618182659149,Nature,Background
0.10246828198432922,0.4301075041294098,Nature,Background
-0.29056984186172485,0.25193920731544495,Nature,Background
0.05115228891372681,0.48767098784446716,Nature,Background
0.06538465619087219,0.4786696135997772,Nature,Background
0.1532718688249588,0.4271240532398224,Nature,Background
0.007416205480694771,0.36027276515960693,Nature,Background
0.10289217531681061,0.46798428893089294,Nature,Background
-0.15963654220104218,0.19037118554115295,Nature,Background
0.0582507848739624,0.4262789487838745,Nature,Background
-0.17764975130558014,0.1816040277481079,Nature,Background
0.17146922647953033,0.3390706777572632,Nature,Background
-0.12988708913326263,0.27550211548805237,Nature,Background
0.040506862103939056,0.45936086773872375,Nature,Background
0.1185082495212555,0.4548240602016449,Nature,Background
0.1219424307346344,0.45100364089012146,Nature,Background
-0.09958826005458832,0.34453362226486206,Nature,Background
-0.24391986429691315,0.13096249103546143,Nature,Background
0.11171974241733551,0.4322730600833893,Nature,Background
0.005759228020906448,0.3636247217655182,Nature,Background
0.09283134341239929,0.35305753350257874,Nature,Background
0.18371690809726715,0.3769770562648773,Nature,Background
0.07406209409236908,0.5509175658226013,Nature,Background
0.2541530728340149,0.3638196289539337,Nature,Background
0.07060250639915466,0.4289468824863434,Nature,Background
-0.024325143545866013,0.3740726411342621,Nature,Background
-0.30546048283576965,0.19071370363235474,Nature,Background
0.029378531500697136,0.3528379797935486,Nature,Background
0.002079622820019722,0.43586674332618713,Nature,Background
0.06435691565275192,0.4157862365245819,Nature,Background
-0.020256992429494858,0.39319661259651184,Nature,Background
-0.2769639492034912,0.19191619753837585,Nature,Background
0.032262172549963,0.40653693675994873,Nature,Background
-0.04401404783129692,0.5010138154029846,Nature,Background
0.05668691545724869,0.47846195101737976,Nature,Background
-0.07708360254764557,0.4440266191959381,Nature,Background
-0.24327118694782257,0.29724276065826416,Nature,Background
0.05022754520177841,0.40776917338371277,Nature,Background
-0.1244516521692276,0.16283917427062988,Nature,Background
0.1765827089548111,0.40980929136276245,Nature,Background
0.0587027445435524,0.4222235083580017,Nature,Background
-0.21733249723911285,0.31896892189979553,Nature,Background
-0.14236140251159668,0.22179892659187317,Nature,Background
-0.02202487736940384,0.4461865723133087,Nature,Background
-0.12533751130104065,0.3099152147769928,Nature,Background
-0.21099518239498138,0.36817285418510437,Nature,Background
-0.08730228245258331,0.2135792076587677,Nature,Background
0.03292934596538544,0.47930285334587097,Nature,Background
-0.18058381974697113,0.23141208291053772,Nature,Background
0.1492994874715805,0.5744406580924988,Nature,Background
0.10710057616233826,0.5037698149681091,Nature,Background
0.011503912508487701,0.5063592791557312,Nature,Background
-0.18892310559749603,0.31195029616355896,Nature,Background
0.035370390862226486,-0.00023355334997177124,Nature,Background
0.09548014402389526,0.45374831557273865,Nature,Background
0.03229636698961258,0.35482195019721985,Nature,Background
-0.036768656224012375,0.3115869462490082,Nature,Background
0.07058045268058777,0.3458949625492096,Nature,Background
0.0905660092830658,0.49744752049446106,Nature,Background
0.10714858770370483,0.5318942070007324,Nature,Background
0.15577693283557892,0.39432916045188904,Nature,Background
0.1074061393737793,0.44226405024528503,Nature,Background
0.03567872196435928,0.40514591336250305,Nature,Background
-0.05824056640267372,0.4179796874523163,Nature,Background
0.02760603278875351,0.41572579741477966,Nature,Background
0.07275087386369705,0.4563271105289459,Nature,Background
0.1437867283821106,0.4785277545452118,Nature,Background
-0.13702070713043213,0.3957118093967438,Nature,Background
-0.18622662127017975,0.255525678396225,Nature,Background
0.08993877470493317,0.2902694046497345,Nature,Background
-0.06099338456988335,0.2877647578716278,Nature,Background
0.058250829577445984,0.4262789785861969,Nature,Background
0.1652088165283203,0.5778546929359436,Nature,Background
-0.20983575284481049,0.264191597700119,Nature,Background
0.13991151750087738,0.4245339632034302,Nature,Background
0.06850565969944,0.44341322779655457,Nature,Background
0.15857470035552979,0.47589829564094543,Nature,Background
-0.2209094911813736,0.3272530734539032,Nature,Background
0.11448304355144501,0.45018842816352844,Nature,Background
0.04152834415435791,0.44040152430534363,Nature,Background
0.11525465548038483,0.5358757376670837,Nature,Background
-0.22628365457057953,0.29688671231269836,Nature,Background
-0.17099790275096893,0.26416468620300293,Nature,Background
0.07882524281740189,0.31829309463500977,Nature,Background
0.039541635662317276,0.4097646474838257,Nature,Background
0.08852481096982956,0.40491896867752075,Nature,Background
0.060917437076568604,0.3478964865207672,Nature,Background
0.01238672249019146,0.45423683524131775,Nature,Background
0.11106482148170471,0.47187742590904236,Nature,Background
0.10372467339038849,0.44970354437828064,Nature,Background
0.0392066091299057,0.4724487364292145,Nature,Background
0.007281353697180748,0.21700218319892883,Nature,Background
-0.24332307279109955,0.23665693402290344,Nature,Background
0.013408882543444633,0.4938689172267914,Nature,Background
-0.07092040777206421,0.3873024582862854,Nature,Background
-0.03908736631274223,0.46976813673973083,Nature,Background
0.15208454430103302,0.5272926688194275,Nature,Background
-0.09692792594432831,0.2453347146511078,Nature,Background
0.11684960126876831,0.4311812222003937,Nature,Background
0.17060090601444244,0.1218949630856514,Nature,Background
-0.005092315375804901,0.41957804560661316,Nature,Background
0.0547143779695034,0.43878504633903503,Nature,Background
0.064820796251297,0.4830847680568695,Nature,Background
0.008438384160399437,0.3713087737560272,Nature,Background
0.0732467770576477,0.5013604760169983,Nature,Background
0.033235035836696625,0.48221293091773987,Nature,Background
-0.05150705203413963,0.3089887797832489,Nature,Background
-0.031488317996263504,0.3090970814228058,Nature,Background
0.01949910819530487,0.408944696187973,Nature,Background
0.0147620290517807,0.4858876168727875,Nature,Background
-0.004770353436470032,0.02889472246170044,Nature,Background
0.09684647619724274,0.37024006247520447,Nature,Background
-0.12140372395515442,0.3326111137866974,Nature,Background
0.01924441009759903,0.4417485296726227,Nature,Background
0.16438479721546173,0.3824296295642853,Nature,Background
-0.03161969408392906,0.36380138993263245,Nature,Background
0.06391200423240662,0.47049519419670105,Nature,Background
0.032262172549963,0.40653693675994873,Nature,Background
-0.15086664259433746,0.46510258316993713,Nature,Background
-0.0036467984318733215,0.3040112555027008,Nature,Background
-0.2631400227546692,0.28832104802131653,Nature,Background
-0.011529617011547089,0.43990060687065125,Nature,Background
0.14858832955360413,0.4833877980709076,Nature,Background
0.12997600436210632,0.45714113116264343,Nature,Background
0.11830583214759827,0.49066874384880066,Nature,Background
0.1871049851179123,0.3389487564563751,Nature,Background
0.17437054216861725,0.3192683160305023,Nature,Background
0.17990867793560028,0.4044744670391083,Nature,Background
0.058461762964725494,0.459102600812912,Nature,Background
-0.24049340188503265,0.22661256790161133,Nature,Background
0.07472747564315796,0.39031174778938293,Nature,Background
0.07067988067865372,0.4360140264034271,Nature,Background
-0.04737106338143349,0.523165762424469,Nature,Background
-0.04449911788105965,0.45276281237602234,Nature,Background
-0.18232248723506927,0.3476385176181793,Nature,Background
0.05218871682882309,0.29361599683761597,Nature,Background
-0.11110368371009827,0.26724669337272644,Nature,Background
0.13637001812458038,0.3814198672771454,Nature,Background
-0.20843733847141266,0.22719526290893555,Nature,Background
0.07549776136875153,0.4584963619709015,Nature,Background
-0.0009063445031642914,0.3574921190738678,Nature,Background
-0.33316534757614136,0.26089876890182495,Nature,Background
-0.0018173716962337494,0.379025399684906,Nature,Background
0.1397947520017624,0.3509454131126404,Nature,Background
-0.10807040333747864,0.2661464810371399,Nature,Background
-0.012665461748838425,0.11860238760709763,Nature,Background
0.12667587399482727,0.4268680512905121,Nature,Background
0.06444007158279419,0.4820883572101593,Nature,Background
-0.08656264841556549,0.4151114821434021,Nature,Background
-0.1243150532245636,0.3100860118865967,Nature,Background
0.1628333479166031,0.21054545044898987,Nature,Background
0.05682585388422012,0.49539074301719666,Nature,Background
0.17498719692230225,0.2810693085193634,Nature,Background
-0.22149710357189178,0.2633201479911804,Nature,Background
-0.0987868458032608,0.1764589548110962,Nature,Background
-0.0038785524666309357,0.5480365753173828,Nature,Background
0.048496175557374954,0.27794551849365234,Nature,Background
0.15235267579555511,0.5226877331733704,Nature,Background
-0.0017394684255123138,0.18783310055732727,Nature,Background
0.06161150336265564,0.33924034237861633,Nature,Background
0.12461328506469727,0.41646865010261536,Nature,Background
-0.21252672374248505,0.10578113049268723,Nature,Background
-0.05833969637751579,0.23669284582138062,Nature,Background
0.15847241878509521,0.42884406447410583,Nature,Background
-0.03509921953082085,0.36259081959724426,Nature,Background
-0.12533751130104065,0.3099152147769928,Nature,Background
0.1583620309829712,0.14478576183319092,Nature,Background
0.10860736668109894,0.4080955684185028,Nature,Background
-0.0654933750629425,0.43526366353034973,Nature,Background
-0.30270060896873474,0.22652709484100342,Nature,Background
0.064820796251297,0.4830847680568695,Nature,Background
0.09125460684299469,0.5314045548439026,Nature,Background
0.032262172549963,0.40653693675994873,Nature,Background
0.1355670690536499,0.3982711732387543,Nature,Background
0.0983046293258667,0.4748779833316803,Nature,Background
0.11265236139297485,0.5382799506187439,Nature,Background
0.06963887810707092,0.49930354952812195,Nature,Background
-0.011446747928857803,0.4792458713054657,Nature,Background
0.05932816490530968,0.5001072883605957,Nature,Background
0.1281394213438034,0.3651106655597687,Nature,Background
-0.2921346426010132,0.22923508286476135,Nature,Background
-0.10087649524211884,0.37456053495407104,Nature,Background
-0.01737864315509796,0.35425040125846863,Nature,Background
0.07737544924020767,0.4290864169597626,Nature,Background
0.006135925650596619,0.31565287709236145,Nature,Background
-0.10718987882137299,0.30151376128196716,Nature,Background
0.12549197673797607,0.3379787504673004,Nature,Background
0.07625994831323624,0.2970292866230011,Nature,Background
-0.04311041906476021,0.43851563334465027,Nature,Background
-0.010678030550479889,0.4589798152446747,Nature,Background
0.14858832955360413,0.4833877980709076,Nature,Background
-0.24108968675136566,0.16520461440086365,Nature,Background
0.09368967264890671,0.37081626057624817,Nature,Background
-0.12916363775730133,0.3499405086040497,Nature,Background
-0.06957301497459412,0.28325095772743225,Nature,Background
0.060854628682136536,0.48514196276664734,Nature,Background
0.0582507848739624,0.4262789487838745,Nature,Background
0.0850256085395813,0.49568888545036316,Nature,Background
0.05452587082982063,0.5221571922302246,Nature,Background
0.064820796251297,0.4830847680568695,Nature,Background
0.1689688116312027,0.11899691075086594,Nature,Background
0.12241064012050629,0.4199114143848419,Nature,Background
0.12567709386348724,0.3093070685863495,Nature,Background
0.038734614849090576,0.09652980417013168,Nature,Background
-0.03560032323002815,0.4204745590686798,Nature,Background
0.12141576409339905,0.46150240302085876,Nature,Background
-0.26175767183303833,0.17259463667869568,Nature,Background
-0.06610926985740662,0.24864116311073303,Nature,Background
-0.06401433050632477,0.3776788115501404,Nature,Background
-0.20501990616321564,0.14455029368400574,Nature,Background
0.2650952637195587,0.3340650498867035,Nature,Background
-0.09897831082344055,0.41646912693977356,Nature,Background
0.1147080808877945,0.3524976074695587,Nature,Background
-0.007643569260835648,0.3272426426410675,Nature,Background
-0.2671433687210083,0.31505391001701355,Nature,Background
-0.04216178134083748,0.48115554451942444,Nature,Background
0.14858832955360413,0.4833877980709076,Nature,Background
-0.017353717237710953,0.38738033175468445,Nature,Background
-0.0018778108060359955,0.12346937507390976,Nature,Background
0.13355188071727753,0.4506305158138275,Nature,Background
0.13116835057735443,0.4104432165622711,Nature,Background
0.07822362333536148,0.4933246672153473,Nature,Background
-0.05759190395474434,0.49356409907341003,Nature,Background
0.06477402150630951,0.3230166733264923,Nature,Background
0.032262172549963,0.40653693675994873,Nature,Background
-0.244346484541893,0.2679120600223541,Nature,Background
0.08274547755718231,0.49324116110801697,Nature,Background
-0.18870669603347778,0.2540515065193176,Nature,Background
-0.04757728800177574,0.41835203766822815,Nature,Background
0.040456097573041916,0.5185766816139221,Nature,Background
0.11042818427085876,0.4031091630458832,Nature,Background
-0.1903892308473587,0.2561202943325043,Nature,Background
-0.11649440228939056,0.37558597326278687,Nature,Background
-0.13101215660572052,0.3535344898700714,Nature,Background
-0.052614498883485794,0.4049220681190491,Nature,Background
-0.000992070883512497,0.49324676394462585,Nature,Background
0.13057735562324524,0.47387251257896423,Nature,Background
-0.02817423641681671,0.4345405399799347,Nature,Background
0.132999449968338,0.3376181721687317,Nature,Background
-0.15631189942359924,0.3232692778110504,Nature,Background
0.08095508813858032,0.5245904326438904,Nature,Background
0.13980920612812042,0.3908226788043976,Nature,Background
0.19302941858768463,0.39648160338401794,Nature,Background
0.018872147426009178,0.23794904351234436,Nature,Background
0.05751721188426018,0.4716906249523163,Nature,Background
-0.10100604593753815,0.10050848871469498,Nature,Background
-0.007643569260835648,0.3272426426410675,Nature,Background
-0.2703409492969513,0.3375524580478668,Nature,Background
0.1184798926115036,0.5319681167602539,Nature,Background
-0.12816168367862701,0.14244097471237183,Nature,Background
-0.03470855578780174,0.08745164424180984,Nature,Background
-0.1749541312456131,0.35983946919441223,Nature,Background
-0.014829356223344803,0.41741904616355896,Nature,Background
0.13123168051242828,0.4239548146724701,Nature,Background
0.09019818902015686,0.4401165544986725,Nature,Background
-0.1028367131948471,0.34229424595832825,Nature,Background
-0.001170661300420761,0.3552764356136322,Nature,Background
0.042683329433202744,0.44633933901786804,Nature,Background
-0.0433042086660862,0.43535760045051575,Nature,Background
-0.011529076844453812,0.41253602504730225,Nature,Background
0.10622555017471313,0.41574499011039734,Nature,Background
0.1187005341053009,0.21649545431137085,Nature,Background
0.10704222321510315,0.4147897958755493,Nature,Background
0.058250829577445984,0.4262789785861969,Nature,Background
-0.29945945739746094,0.25198763608932495,Nature,Background
0.02234780043363571,0.45277902483940125,Nature,Background
0.17498719692230225,0.2810693085193634,Nature,Background
-0.0522012822329998,0.36679211258888245,Nature,Background
-0.008433457463979721,0.46089252829551697,Nature,Background
0.2628318667411804,0.43509575724601746,Nature,Background
-0.26569533348083496,0.2860676944255829,Nature,Background
0.1358003318309784,0.3996783196926117,Nature,Background
0.05157094821333885,0.42045995593070984,Nature,Background
0.1104373186826706,0.460450679063797,Nature,Background
-0.041810255497694016,0.42541739344596863,Nature,Background
-0.07539521157741547,0.48828527331352234,Nature,Background
0.11275230348110199,0.4053170084953308,Nature,Background
0.09636348485946655,0.4134964048862457,Nature,Background
-0.013069391250610352,0.3428744971752167,Nature,Background
-0.23917393386363983,0.242496520280838,Nature,Background
-0.021731939166784286,0.4231303632259369,Nature,Background
-0.05846790596842766,0.3428432047367096,Nature,Background
0.09773042798042297,0.1985146701335907,Nature,Background
-0.04009716585278511,0.36652353405952454,Nature,Background
0.060533516108989716,0.3780367374420166,Nature,Background
0.015021458268165588,0.5152749419212341,Nature,Background
0.064820796251297,0.4830847680568695,Nature,Background
0.1089591532945633,0.42438557744026184,Nature,Background
0.06804245710372925,0.42833271622657776,Nature,Background
0.07005593180656433,0.4664880335330963,Nature,Background
0.07487066090106964,0.5471960306167603,Nature,Background
0.01768110692501068,0.39337047934532166,Nature,Background
-0.05328293517231941,0.04900549352169037,Nature,Background
-0.08984439074993134,0.4486757814884186,Nature,Background
0.07964422553777695,0.3747985363006592,Nature,Background
-0.0044044069945812225,0.5624921917915344,Nature,Background
0.14917775988578796,0.4427543580532074,Nature,Background
0.1920442134141922,0.25107070803642273,Nature,Background
0.025012580677866936,0.46354779601097107,Nature,Background
0.03393249213695526,0.17087596654891968,Nature,Background
0.011575920507311821,0.38902992010116577,Nature,Background
-0.03495573624968529,0.3508743643760681,Nature,Background
-0.004437804222106934,0.3149475157260895,Nature,Background
-0.19940628111362457,0.31097641587257385,Nature,Background
0.1518307477235794,0.48119494318962097,Nature,Background
-0.006533190608024597,0.4603171646595001,Nature,Background
0.12208813428878784,0.40156427025794983,Nature,Background
0.12012787163257599,0.43560925126075745,Nature,Background
0.13094109296798706,0.47319290041923523,Nature,Background
0.1380912959575653,0.3492354452610016,Nature,Background
-0.2648489773273468,0.21441537141799927,Nature,Background
-0.031098488718271255,0.4431634843349457,Nature,Background
-0.017543170601129532,0.4986715018749237,Nature,Background
0.137716606259346,0.36205974221229553,Nature,Background
-0.16247542202472687,0.18635088205337524,Nature,Background
-0.249013289809227,0.13467702269554138,Nature,Background
0.00029947608709335327,0.5031037926673889,Nature,Background
0.06160315126180649,0.2484894096851349,Nature,Background
-0.17351152002811432,0.3486204445362091,Nature,Background
0.06866051256656647,0.49230870604515076,Nature,Background
0.14645987749099731,0.47259029746055603,Nature,Background
0.022555846720933914,0.4266214966773987,Nature,Background
0.07057039439678192,0.32351529598236084,Nature,Background
-0.1256648451089859,0.31367918848991394,Nature,Background
-0.19222019612789154,0.33723947405815125,Nature,Background
0.14927715063095093,0.5384407639503479,Nature,Background
0.044442176818847656,0.495317667722702,Nature,Background
0.07781322300434113,0.437224417924881,Nature,Background
-0.18261796236038208,0.1788751184940338,Nature,Background
0.034619759768247604,0.515916645526886,Nature,Background
0.02477935515344143,0.5438265204429626,Nature,Background
0.2058078795671463,0.4238278269767761,Nature,Background
-0.05173527076840401,0.37719324231147766,Nature,Background
0.03612494841217995,0.49958762526512146,Nature,Background
0.0625377893447876,0.4507203996181488,Nature,Background
-0.10410045087337494,0.38750341534614563,Nature,Background
-0.051302630454301834,0.2649024426937103,Nature,Background
-0.0228535458445549,0.44619235396385193,Nature,Background
0.1030937135219574,0.5386680960655212,Nature,Background
-0.28905028104782104,0.20328673720359802,Nature,Background
-0.19770167768001556,0.2988186478614807,Nature,Background
-0.11181546747684479,0.26951083540916443,Nature,Background
0.04284805804491043,0.4095587432384491,Nature,Background
0.1230207234621048,0.3965848982334137,Nature,Background
-0.23972557485103607,0.1509724259376526,Nature,Background
-0.12052021920681,0.24717393517494202,Nature,Background
0.08482099324464798,0.3999107778072357,Nature,Background
-0.3158453404903412,0.2321714460849762,Nature,Background
-0.1901290863752365,0.3034301996231079,Nature,Background
0.007267780601978302,0.40611347556114197,Nature,Background
0.12313710153102875,0.4412313401699066,Nature,Background
-0.06787995994091034,0.439621239900589,Nature,Background
-0.028850406408309937,0.15361395478248596,Nature,Background
-0.05153915658593178,0.2773849368095398,Nature,Background
0.08320426940917969,0.4539482891559601,Nature,Background
-0.04909990355372429,0.2470134198665619,Nature,Background
0.08060652017593384,0.49523821473121643,Nature,Background
0.00029947608709335327,0.5031037926673889,Nature,Background
-0.25232163071632385,0.27128031849861145,Nature,Background
0.07067988067865372,0.4360140264034271,Nature,Background
0.09965139627456665,0.3731531798839569,Nature,Background
0.10243350267410278,0.5242259502410889,Nature,Background
0.01681648939847946,0.3501300811767578,Nature,Background
-0.02919483184814453,0.48063406348228455,Nature,Background
-0.019122745841741562,0.5085214376449585,Nature,Background
-0.06778320670127869,0.4180589020252228,Nature,Background
0.16165749728679657,0.5097431540489197,Nature,Background
0.11938799917697906,0.46359410881996155,Nature,Background
0.12532350420951843,0.46640971302986145,Nature,Background
0.09697428345680237,0.5074059367179871,Nature,Background
0.058250829577445984,0.4262789785861969,Nature,Background
-0.08422622084617615,0.3716888725757599,Nature,Background
0.030221085995435715,0.3221949636936188,Nature,Background
-0.1322450488805771,0.2939867377281189,Nature,Background
-0.010256167501211166,0.47185370326042175,Nature,Background
0.09044384956359863,0.5589049458503723,Nature,Background
-0.04530983045697212,0.5092571377754211,Nature,Background
0.001682966947555542,0.4428461492061615,Nature,Background
-0.14817269146442413,0.23039308190345764,Nature,Background
-0.055070240050554276,0.36252668499946594,Nature,Background
-0.06985950469970703,0.4697875678539276,Nature,Background
0.006235554814338684,0.42930418252944946,Nature,Background
0.16902048885822296,0.4724005162715912,Nature,Background
-0.19067151844501495,0.2649032771587372,Nature,Background
0.027797602117061615,0.36026531457901,Nature,Background
-0.07821227610111237,0.38583025336265564,Nature,Background
0.058250829577445984,0.4262789785861969,Nature,Background
0.05378490313887596,0.49000462889671326,Nature,Background
-0.09809422492980957,0.43090948462486267,Nature,Background
0.18862465023994446,0.4898938834667206,Nature,Background
-0.24982444941997528,0.3194073736667633,Nature,Background
0.1415063738822937,0.44298604130744934,Nature,Background
-0.22225157916545868,0.26136013865470886,Nature,Background
-0.31592461466789246,0.1785764992237091,Nature,Background
-0.09874133765697479,0.3698706328868866,Nature,Background
-0.04319732263684273,0.329501748085022,Nature,Background
-0.22220657765865326,0.19918689131736755,Nature,Background
0.00715765543282032,0.3663484752178192,Nature,Background
-0.2102833241224289,0.32628318667411804,Nature,Background
-0.24929623305797577,0.24907904863357544,Nature,Background
0.10362127423286438,0.4646954834461212,Nature,Background
0.0741896778345108,0.4346427023410797,Nature,Background
0.09156337380409241,0.43335774540901184,Nature,Background
0.18771164119243622,0.41076165437698364,Nature,Background
0.08306002616882324,0.3290279507637024,Nature,Background
-0.21185146272182465,0.18922314047813416,Nature,Background
0.10850304365158081,0.5001757144927979,Nature,Background
0.04356810078024864,0.2996143698692322,Nature,Background
-0.17445272207260132,0.1247098371386528,Nature,Background
0.058250829577445984,0.4262789785861969,Nature,Background
0.14878755807876587,0.4644644558429718,Nature,Background
0.032262172549963,0.40653693675994873,Nature,Background
-0.02134593203663826,0.4278169274330139,Nature,Background
0.04018774628639221,0.5068655610084534,Nature,Background
0.10370765626430511,0.3075036108493805,Nature,Background
0.04000862315297127,0.44678768515586853,Nature,Background
0.22429074347019196,0.3702492415904999,Nature,Background
0.020144023001194,0.40198183059692383,Nature,Background
-0.12725453078746796,0.3395887315273285,Nature,Background
0.03813696280121803,0.4880772531032562,Nature,Background
0.06888875365257263,0.40918657183647156,Nature,Background
0.06766285747289658,0.567449152469635,Nature,Background
0.17841826379299164,0.576850950717926,Nature,Background
-0.024395804852247238,0.3755125105381012,Nature,Background
0.01361115276813507,0.4261663258075714,Nature,Background
0.036291155964136124,0.48720380663871765,Nature,Background
0.03223570063710213,0.47141095995903015,Nature,Background
0.05259031057357788,0.40080592036247253,Nature,Background
-0.03369637206196785,0.3467981815338135,Nature,Background
-0.0543423630297184,0.4781350791454315,Nature,Background
-0.16929440200328827,0.1790304183959961,Nature,Background
0.09862878918647766,0.3112271726131439,Nature,Background
0.07759077847003937,0.42396771907806396,Nature,Background
-0.11526215076446533,0.27989840507507324,Nature,Background
0.009387167170643806,0.4231865704059601,Nature,Background
0.10743582248687744,0.48369845747947693,Nature,Background
-0.14995840191841125,0.28095749020576477,Nature,Background
-0.24632303416728973,0.20747315883636475,Nature,Background
0.18462906777858734,0.5183019638061523,Nature,Background
0.14858832955360413,0.4833877980709076,Nature,Background
-0.028440464287996292,0.5186492800712585,Nature,Background
0.064820796251297,0.4830847680568695,Nature,Background
0.03712575510144234,0.36846670508384705,Nature,Background
0.04695160686969757,0.4682053029537201,Nature,Background
0.29297274351119995,0.3882463276386261,Nature,Background
-0.1726198047399521,0.2120169997215271,Nature,Background
0.059705402702093124,0.41280338168144226,Nature,Background
0.03332216665148735,0.4724878966808319,Nature,Background
0.15660400688648224,0.32663512229919434,Nature,Background
-0.23702265322208405,0.237129807472229,Nature,Background
0.044636186212301254,0.24536117911338806,Nature,Background
0.02465030550956726,0.49957332015037537,Nature,Background
0.006306599825620651,0.43332424759864807,Nature,Background
-0.06375652551651001,0.39806780219078064,Nature,Background
0.08405078947544098,0.41851165890693665,Nature,Background
-0.05171925947070122,0.4807908236980438,Nature,Background
0.022315382957458496,0.43071725964546204,Nature,Background
-0.14654944837093353,0.34652066230773926,Nature,Background
0.04475530982017517,0.48111090064048767,Nature,Background
0.18746455013751984,0.5157970786094666,Nature,Background
0.1202065497636795,0.4706088602542877,Nature,Background
0.01884463243186474,0.48365697264671326,Nature,Background
0.09371309727430344,0.5021049380302429,Nature,Background
-0.013522256165742874,0.4136674106121063,Nature,Background
0.0900680273771286,0.2882632315158844,Nature,Background
0.018922848626971245,0.3156454265117645,Nature,Background
-0.1319374144077301,0.13243451714515686,Nature,Background
-0.06134778633713722,0.28669726848602295,Nature,Background
-0.13043174147605896,0.1182020977139473,Nature,Background
-0.03979377821087837,0.26327022910118103,Nature,Background
0.1301916092634201,0.4073731005191803,Nature,Background
0.1359197050333023,0.49368640780448914,Nature,Background
0.03798262029886246,0.3679610788822174,Nature,Background
0.058250829577445984,0.4262789785861969,Nature,Background
-0.04059210792183876,0.13533592224121094,Nature,Background
-0.08869056403636932,0.4196871817111969,Nature,Background
0.05359679460525513,0.4377436339855194,Nature,Background
-0.044215355068445206,0.442888468503952,Nature,Background
0.15375620126724243,0.44021371006965637,Nature,Background
0.029058579355478287,0.39782172441482544,Nature,Background
-0.11620350182056427,0.47148552536964417,Nature,Background
-0.0682963877916336,0.49050506949424744,Nature,Background
-0.0044280290603637695,0.41546398401260376,Nature,Background
0.020541884005069733,0.43522879481315613,Nature,Background
0.10236124694347382,0.4260411262512207,Nature,Background
-0.12769532203674316,0.4298063814640045,Nature,Background
0.19595272839069366,0.32832446694374084,Nature,Background
0.0582507848739624,0.4262789487838745,Nature,Background
0.17340688407421112,0.4127510190010071,Nature,Background
0.10399395227432251,0.3474915325641632,Nature,Background
0.06319857388734818,0.5277960896492004,Nature,Background
-0.1883157342672348,0.3494153320789337,Nature,Background
-0.10055246949195862,0.45528706908226013,Nature,Background
0.0677713006734848,0.4045726954936981,Nature,Background
0.10067799687385559,0.4217031002044678,Nature,Background
0.032262172549963,0.40653693675994873,Nature,Background
0.1668805629014969,0.36004117131233215,Nature,Background
-0.1188221126794815,0.3938004672527313,Nature,Background
0.09377270936965942,0.45357081294059753,Nature,Background
-0.11529120802879333,0.3974641263484955,Nature,Background
0.06416623294353485,0.5642204880714417,Nature,Background
-0.306331992149353,0.2101832926273346,Nature,Background
0.064820796251297,0.4830847680568695,Nature,Background
-0.05471324548125267,0.4479639232158661,Nature,Background
0.05802050232887268,0.32177552580833435,Nature,Background
0.07638835906982422,0.41925832629203796,Nature,Background
-0.23534812033176422,0.30362191796302795,Nature,Background
0.02777041867375374,0.2691951096057892,Nature,Background
0.0013436134904623032,0.27937835454940796,Nature,Background
0.11467400193214417,0.5236099362373352,Nature,Background
-0.12725329399108887,0.2017289102077484,Nature,Background
0.03138276934623718,0.44314536452293396,Nature,Background
-0.03104325756430626,0.38175562024116516,Nature,Background
-0.06152019277215004,0.43306639790534973,Nature,Background
0.28590208292007446,0.20546892285346985,Nature,Background
-0.04227278754115105,0.5148305296897888,Nature,Background
0.15370705723762512,0.449777215719223,Nature,Background
-0.14961843192577362,0.2313517928123474,Nature,Background
-0.30748531222343445,0.2868345081806183,Nature,Background
0.03314710035920143,0.3631913959980011,Nature,Background
-0.1697685420513153,0.21926027536392212,Nature,Background
0.051269348710775375,0.471523255109787,Nature,Background
0.007001504302024841,0.4897439181804657,Nature,Background
-0.1608387976884842,0.18574589490890503,Nature,Background
0.09342186152935028,0.4180047810077667,Nature,Background
0.007011201232671738,0.3963582217693329,Nature,Background
0.007910504937171936,0.3551044762134552,Nature,Background
-0.13678081333637238,0.2893413007259369,Nature,Background
0.09964799880981445,0.45820853114128113,Nature,Background
0.0633942186832428,0.439590722322464,Nature,Background
-0.25519421696662903,0.22795188426971436,Nature,Background
0.14858832955360413,0.4833877980709076,Nature,Background
-0.23157934844493866,0.22811952233314514,Nature,Background
0.30980539321899414,0.24305251240730286,Nature,Background
0.17214609682559967,0.44400671124458313,Nature,Background
0.1168706864118576,0.4810616672039032,Nature,Background
0.05247894302010536,0.5240283608436584,Nature,Background
-0.05740845575928688,0.37553539872169495,Nature,Background
0.0600876584649086,0.4763320982456207,Nature,Background
-0.0008898414671421051,0.4763607680797577,Nature,Background
-0.11787626147270203,0.373513787984848,Nature,Background
0.17345981299877167,0.2952120900154114,Nature,Background
-0.10470022261142731,0.3217121958732605,Nature,Background
0.01134820468723774,0.47255417704582214,Nature,Background
-0.14123444259166718,0.3250882625579834,Nature,Background
0.05552581325173378,0.378539115190506,Nature,Background
0.0582507848739624,0.4262789487838745,Nature,Background
-0.003947295248508453,0.46436038613319397,Nature,Background
0.17364643514156342,0.5140838027000427,Nature,Background
-0.01189301535487175,0.43468204140663147,Nature,Background
0.07775382697582245,0.29929426312446594,Nature,Background
0.03198053687810898,0.4716279208660126,Nature,Background
-0.31187087297439575,0.18822792172431946,Nature,Background
-0.2625652849674225,0.2994062602519989,Nature,Background
-0.07797962427139282,0.5198373198509216,Nature,Background
0.07556237280368805,0.3617919981479645,Nature,Background
0.12026362121105194,0.3811768889427185,Nature,Background
-0.18210797011852264,0.34940019249916077,Nature,Background
0.08617997169494629,0.3135734498500824,Nature,Background
0.1268720030784607,0.45161959528923035,Nature,Background
0.10371631383895874,0.3869185745716095,Nature,Background
0.0582507848739624,0.4262789487838745,Nature,Background
0.0582507848739624,0.4262789487838745,Nature,Background
-0.17220155894756317,0.3460151255130768,Nature,Background
-0.2649043798446655,0.08546224981546402,Nature,Background
0.13717132806777954,0.2878222167491913,Nature,Background
0.15127231180667877,0.144963800907135,Nature,Background
-0.19572044909000397,0.12187855690717697,Nature,Background
0.014957113191485405,0.3678627908229828,Nature,Background
0.09330727159976959,0.4740799367427826,Nature,Background
-0.00040169060230255127,0.3123658001422882,Nature,Background
-0.08515258133411407,0.27559512853622437,Nature,Background
0.08682487905025482,0.4284854233264923,Nature,Background
0.10069134831428528,0.4863998591899872,Nature,Background
-0.0805211216211319,0.3851518929004669,Nature,Background
-0.061143938452005386,0.36706244945526123,Nature,Background
-0.007994022220373154,0.5111624598503113,Nature,Background
0.03352895379066467,0.4430440366268158,Nature,Background
-0.08341343700885773,0.40214863419532776,Nature,Background
0.0258997343480587,0.5591311454772949,Nature,Background
0.04700777679681778,0.3758293688297272,Nature,Background
-0.10762658715248108,0.14641687273979187,Nature,Background
0.1692059487104416,0.3436407744884491,Nature,Background
0.05523602291941643,0.3263183832168579,Nature,Background
-0.2455599159002304,0.2634013593196869,Nature,Background
0.0985160619020462,0.09499987214803696,Nature,Background
0.04444149136543274,0.5079601407051086,Nature,Background
-0.0228535458445549,0.44619235396385193,Nature,Background
0.14795129001140594,0.3638049364089966,Nature,Background
0.04537127912044525,0.4798371493816376,Nature,Background
0.06884341686964035,0.4244851768016815,Nature,Background
0.07736998051404953,0.5246708989143372,Nature,Background
0.16555620729923248,0.3617956340312958,Nature,Background
-0.005176059901714325,0.37489238381385803,Nature,Background
-0.09462359547615051,0.32767704129219055,Nature,Background
0.017230324447155,0.3654904365539551,Nature,Background
0.07261362671852112,0.40985462069511414,Nature,Background
-0.0061018019914627075,0.3539164066314697,Nature,Background
-0.03265019878745079,0.4961083233356476,Nature,Background
0.07679736614227295,0.5160146355628967,Nature,Background
-0.08281503617763519,0.30838415026664734,Nature,Background
0.010875463485717773,0.29232704639434814,Nature,Background
-0.10721255838871002,0.2943994700908661,Nature,Background
0.06859400123357773,0.4714251458644867,Nature,Background
0.04382834956049919,0.36123308539390564,Nature,Background
0.03308548405766487,0.1981920301914215,Nature,Background
0.07395584881305695,0.36165517568588257,Nature,Background
-0.10095539689064026,0.46669039130210876,Nature,Background
-0.12533751130104065,0.3099152147769928,Nature,Background
-0.2286609262228012,0.14684709906578064,Nature,Background
0.05628388002514839,0.4660918414592743,Nature,Background
-0.21116693317890167,0.3344118893146515,Nature,Background
0.04545248672366142,0.20752105116844177,Nature,Background
-0.19571653008460999,0.16497862339019775,Nature,Background
0.03411770984530449,0.5259687900543213,Nature,Background
0.12712068855762482,0.415130615234375,Nature,Background
-0.1244516521692276,0.16283917427062988,Nature,Background
0.07415468990802765,0.44296059012413025,Nature,Background
-0.16628317534923553,0.23408731818199158,Nature,Background
-0.07663328945636749,0.41491061449050903,Nature,Background
0.020509760826826096,0.5533281564712524,Nature,Background
0.0011589061468839645,0.38207823038101196,Nature,Background
0.0345689095556736,0.40821337699890137,Nature,Background
0.0920783281326294,0.48168644309043884,Nature,Background
0.058250829577445984,0.4262789785861969,Nature,Background
0.08340319991111755,0.46762946248054504,Nature,Background
-0.19938154518604279,0.33599647879600525,Nature,Background
0.00839373841881752,0.4463118612766266,Nature,Background
0.04318439960479736,0.3488785922527313,Nature,Background
-0.03470855578780174,0.08745164424180984,Nature,Background
0.0015878044068813324,0.4467465579509735,Nature,Background
-0.0629548728466034,0.3634161055088043,Nature,Background
0.08078386634588242,0.3944275975227356,Nature,Background
-0.013690341264009476,0.4296855628490448,Nature,Background
0.0004475098103284836,0.32780322432518005,Nature,Background
0.14858832955360413,0.4833877980709076,Nature,Background
-0.1430196613073349,0.31097647547721863,Nature,Background
0.17841404676437378,0.5527346730232239,Nature,Background
0.03798262029886246,0.3679610788822174,Nature,Background
0.11096805334091187,0.4059115946292877,Nature,Background
0.09098844975233078,0.4804157316684723,Nature,Background
0.064820796251297,0.4830847680568695,Nature,Background
-0.2140524536371231,0.25684693455696106,Nature,Background
-0.02562972530722618,0.4024643003940582,Nature,Background
0.10808239877223969,0.12497489899396896,Nature,Background
-0.12513341009616852,0.2177334725856781,Nature,Background
0.049854427576065063,0.3563099503517151,Nature,Background
0.07030955702066422,0.5019046664237976,Nature,Background
0.18605010211467743,0.413524866104126,Nature,Background
0.06161150336265564,0.33924034237861633,Nature,Background
-0.2289457768201828,0.18619033694267273,Nature,Background
0.11249710619449615,0.3600340783596039,Nature,Background
0.13085006177425385,0.4672659933567047,Nature,Background
0.058250829577445984,0.4262789785861969,Nature,Background
0.06763310730457306,0.16975221037864685,Nature,Background
0.07838889956474304,0.3774224817752838,Nature,Background
0.006979173049330711,0.49872860312461853,Nature,Background
0.107176274061203,0.4506951868534088,Nature,Background
0.13743048906326294,0.4785939157009125,Nature,Background
0.058250829577445984,0.4262789785861969,Nature,Background
-0.22230564057826996,0.21104857325553894,Nature,Background
0.11989632248878479,0.542790949344635,Nature,Background
-0.08747442066669464,0.46511754393577576,Nature,Background
0.13625088334083557,0.46979090571403503,Nature,Background
-0.09557558596134186,0.4328431189060211,Nature,Background
0.00783616304397583,0.2496969997882843,Nature,Background
0.06539908051490784,0.4877522885799408,Nature,Background
0.10491544008255005,0.2206759750843048,Nature,Background
0.08901393413543701,0.37069830298423767,Nature,Background
0.03472081571817398,0.39449623227119446,Nature,Background
0.013351188972592354,0.42694392800331116,Nature,Background
0.08488215506076813,0.4854014813899994,Nature,Background
-0.11825250089168549,0.2838541567325592,Nature,Background
-0.27869439125061035,0.32168057560920715,Nature,Background
0.026707541197538376,0.4810122549533844,Nature,Background
-0.2271776646375656,0.3099382817745209,Nature,Background
0.0619986392557621,0.46369490027427673,Nature,Background
0.08742143213748932,0.48133406043052673,Nature,Background
0.13915422558784485,0.2712272107601166,Nature,Background
0.001682966947555542,0.4428461492061615,Nature,Background
0.12398606538772583,0.5045381188392639,Nature,Background
-0.13105453550815582,0.3725038170814514,Nature,Background
0.06979182362556458,0.40882501006126404,Nature,Background
-0.16447456181049347,0.29022082686424255,Nature,Background
-0.04201890155673027,0.27347174286842346,Nature,Background
-0.03772791102528572,0.20082136988639832,Nature,Background
-0.0228535458445549,0.44619235396385193,Nature,Background
-0.03792436048388481,0.42547371983528137,Nature,Background
0.0582507848739624,0.4262789487838745,Nature,Background
0.16936162114143372,0.24653154611587524,Nature,Background
0.034745968878269196,0.39892807602882385,Nature,Background
0.0582507848739624,0.4262789487838745,Nature,Background
-0.1460915356874466,0.2702777087688446,Nature,Background
-0.030606910586357117,0.4551633298397064,Nature,Background
0.27238836884498596,0.26369258761405945,Nature,Background
-0.20433615148067474,0.20717668533325195,Nature,Background
-0.19694550335407257,0.3859198987483978,Nature,Background
0.10842643678188324,0.4461474120616913,Nature,Background
-0.20042924582958221,0.2703094184398651,Nature,Background
0.09430928528308868,0.498331755399704,Nature,Background
-0.011833611875772476,0.2935841977596283,Nature,Background
0.03833149001002312,0.4156740605831146,Nature,Background
-0.21480773389339447,0.11728616803884506,Nature,Background
-0.009427733719348907,0.391789048910141,Nature,Background
0.0582507848739624,0.4262789487838745,Nature,Background
0.06782294809818268,0.3455486595630646,Nature,Background
0.10869070887565613,0.45109501481056213,Nature,Background
0.07886239141225815,0.4700559079647064,Nature,Background
-0.01782265305519104,0.4306804835796356,Nature,Background
-0.15766240656375885,0.3024250566959381,Nature,Background
-0.0752331018447876,0.37279942631721497,Nature,Background
0.21351701021194458,0.4221894443035126,Nature,Background
-0.172816202044487,0.1789398491382599,Nature,Background
-0.01576760783791542,0.4730531871318817,Nature,Background
-0.08021971583366394,0.3197151720523834,Nature,Background
-0.021515164524316788,0.3641095459461212,Nature,Background
-0.0228535458445549,0.44619235396385193,Nature,Background
-0.028723623603582382,0.5266048312187195,Nature,Background
0.017638612538576126,0.4148491621017456,Nature,Background
-0.04126408323645592,0.3782651722431183,Nature,Background
-0.07134158909320831,0.2972457706928253,Nature,Background
0.0774093046784401,0.44670823216438293,Nature,Background
0.1840825229883194,0.40004584193229675,Nature,Background
0.001465585082769394,0.46200039982795715,Nature,Background
0.01687716320157051,0.4302389919757843,Nature,Background
0.09641803801059723,0.3166038691997528,Nature,Background
-0.12533751130104065,0.3099152147769928,Nature,Background
0.032262172549963,0.40653693675994873,Nature,Background
0.1099904328584671,0.48610374331474304,Nature,Background
0.05977347493171692,0.42144277691841125,Nature,Background
0.009522587060928345,0.2687699496746063,Nature,Background
0.07234540581703186,0.4549202620983124,Nature,Background
0.12787409126758575,0.36323580145835876,Nature,Background
0.09617167711257935,0.3958686292171478,Nature,Background
0.1800106316804886,0.4589475691318512,Nature,Background
0.2382495254278183,0.32087939977645874,Nature,Background
0.0816563069820404,0.3514377176761627,Nature,Background
0.058250829577445984,0.4262789785861969,Nature,Background
0.07578106224536896,0.40236490964889526,Nature,Background
0.11498098075389862,0.48159489035606384,Nature,Background
0.06846165657043457,0.4959886968135834,Nature,Background
-0.23455427587032318,0.12556272745132446,Nature,Background
0.19429561495780945,0.41638973355293274,Nature,Background
-0.24368999898433685,0.23650047183036804,Nature,Background
0.08692185580730438,0.38262543082237244,Nature,Background
-0.0228535458445549,0.44619235396385193,Nature,Background
0.08768071234226227,0.48341700434684753,Nature,Background
-0.1699017435312271,0.17425629496574402,Nature,Background
-0.3886260390281677,0.2404870092868805,Nature,Background
-0.07611618936061859,0.462994784116745,Nature,Background
-0.0228535458445549,0.44619235396385193,Nature,Background
0.058250829577445984,0.4262789785861969,Nature,Background
0.12454402446746826,0.4682171642780304,Nature,Background
0.045750606805086136,0.3461868166923523,Nature,Background
-0.09268379211425781,0.41109761595726013,Nature,Background
-0.11752292513847351,0.3926939070224762,Nature,Background
-0.297534704208374,0.2739856541156769,Nature,Background
0.22479073703289032,0.29677221179008484,Nature,Background
-0.04228750243782997,0.3896813690662384,Nature,Background
0.0270718801766634,0.3425864279270172,Nature,Background
-0.0228535458445549,0.44619235396385193,Nature,Background
0.032262172549963,0.40653693675994873,Nature,Background
0.1920667439699173,0.5379969477653503,Nature,Background
-0.20029382407665253,0.24739447236061096,Nature,Background
0.07057727873325348,0.4581314027309418,Nature,Background
-0.1759919822216034,0.34516122937202454,Nature,Background
0.025596827268600464,0.4876788556575775,Nature,Background
0.1397569477558136,0.4757142961025238,Nature,Background
0.1480737030506134,0.34890416264533997,Nature,Background
0.05593181401491165,0.47817257046699524,Nature,Background
0.1346655637025833,0.49721232056617737,Nature,Background
-0.014035146683454514,0.13654136657714844,Nature,Background
-0.2308182269334793,0.2746112644672394,Nature,Background
0.04501567780971527,0.4392673671245575,Nature,Background
-0.172348752617836,0.3287885785102844,Nature,Background
0.07145482301712036,0.4783523380756378,Nature,Background
-0.0077176690101623535,0.3674199879169464,Nature,Background
0.07083159685134888,0.15767380595207214,Nature,Background
-0.2613898813724518,0.21798786520957947,Nature,Background
-0.014700829982757568,0.4836706817150116,Nature,Background
0.1591046303510666,0.43310531973838806,Nature,Background
-0.00023934990167617798,0.3654593527317047,Nature,Background
-0.32994815707206726,0.30110877752304077,Nature,Background
-0.052394118160009384,0.44878414273262024,Nature,Background
0.064820796251297,0.4830847680568695,Nature,Background
0.1852497011423111,0.40661439299583435,Nature,Background
-0.1387050300836563,0.42598211765289307,Nature,Background
0.14482231438159943,0.43590056896209717,Nature,Background
-0.09468518197536469,0.4797610938549042,Nature,Background
0.08588254451751709,0.46829953789711,Nature,Background
0.12675510346889496,0.3143943250179291,Nature,Background
0.05778246000409126,0.5576715469360352,Nature,Background
-0.21204276382923126,0.28100964426994324,Nature,Background
-0.22761665284633636,0.1362212896347046,Nature,Background
0.08066940307617188,0.30744820833206177,Nature,Background
0.06200480833649635,0.517087459564209,Nature,Background
-0.2655574083328247,0.19705161452293396,Nature,Background
0.05572561174631119,0.5127803683280945,Nature,Background
-0.23533909022808075,0.36193206906318665,Nature,Background
-0.028464581817388535,0.45002982020378113,Nature,Background
-0.2492458075284958,0.39959654211997986,Nature,Background
0.22937871515750885,0.4566292464733124,Nature,Background
-0.17848634719848633,0.30107825994491577,Nature,Background
0.040964722633361816,0.46840688586235046,Nature,Background
-0.015393927693367004,0.14180591702461243,Nature,Background
-0.12349206209182739,0.4142899811267853,Nature,Background
-0.04738067463040352,0.4370668828487396,Nature,Background
-0.09851433336734772,0.2062220573425293,Nature,Background
0.04773825779557228,0.40726932883262634,Nature,Background
0.102969691157341,0.409308522939682,Nature,Background
-0.0063346028327941895,0.5394116044044495,Nature,Background
0.0905662477016449,0.4480924904346466,Nature,Background
-0.0004352554678916931,0.15245124697685242,Nature,Background
-0.27685263752937317,0.1493636667728424,Nature,Background
-0.1776273399591446,0.30135002732276917,Nature,Background
-0.15564914047718048,0.2252233922481537,Nature,Background
0.12518806755542755,0.4880386292934418,Nature,Background
-0.18663941323757172,0.34470614790916443,Nature,Background
-0.02511659264564514,0.5010969042778015,Nature,Background
0.0893283262848854,0.4312930703163147,Nature,Background
-0.21736930310726166,0.34801724553108215,Nature,Background
0.0583854541182518,0.5173611044883728,Nature,Background
0.058250829577445984,0.4262789785861969,Nature,Background
0.06068914756178856,0.3704575002193451,Nature,Background
0.14595909416675568,0.5051931738853455,Nature,Background
-0.21432988345623016,0.2579961121082306,Nature,Background
-0.07367640733718872,0.05159281939268112,Nature,Background
-0.26171451807022095,0.2631933391094208,Nature,Background
0.15180538594722748,0.31822383403778076,Nature,Background
0.07063426077365875,0.5081700682640076,Nature,Background
0.1367441862821579,0.45132705569267273,Nature,Background
0.05929214507341385,0.43601110577583313,Nature,Background
0.18042846024036407,0.44375088810920715,Nature,Background
0.10829396545886993,0.5432111620903015,Nature,Background
-0.0669364333152771,0.46814510226249695,Nature,Background
-0.12533751130104065,0.3099152147769928,Nature,Background
0.14858832955360413,0.4833877980709076,Nature,Background
-0.23014657199382782,0.21997621655464172,Nature,Background
-0.030378177762031555,0.2647300660610199,Nature,Background
0.01987292990088463,0.4548548758029938,Nature,Background
0.049501147121191025,0.46414390206336975,Nature,Background
-0.04593342915177345,0.36662790179252625,Nature,Background
0.09862479567527771,0.4909522831439972,Nature,Background
0.025673333555459976,0.4519490897655487,Nature,Background
-0.02432606741786003,0.40223705768585205,Nature,Background
-0.11619986593723297,0.39344289898872375,Nature,Background
-0.25027909874916077,0.025396250188350677,Nature,Background
-0.03145816549658775,0.17123115062713623,Nature,Background
0.039541635662317276,0.4097646474838257,Nature,Background
-0.26936134696006775,0.23639973998069763,Nature,Background
-0.20662738382816315,0.28547948598861694,Nature,Background
-0.002992730587720871,0.399376779794693,Nature,Background
0.008935663849115372,0.44898441433906555,Nature,Background
-0.013689059764146805,0.4826589524745941,Nature,Background
0.1640748232603073,0.4412406384944916,Nature,Background
0.09235268831253052,0.4236350357532501,Nature,Background
0.1393970400094986,0.45147451758384705,Nature,Background
-0.03731558844447136,0.235447496175766,Nature,Background
-0.16731171309947968,0.28428563475608826,Nature,Background
-0.02793212980031967,0.43122124671936035,Nature,Background
-0.28368595242500305,0.21953541040420532,Nature,Background
-0.2616795301437378,0.2138793170452118,Nature,Background
-0.12963159382343292,0.30756238102912903,Nature,Background
0.16125254333019257,0.14630573987960815,Nature,Background
0.18571427464485168,0.5393796563148499,Nature,Background
0.07581199705600739,0.4764310419559479,Nature,Background
0.13096101582050323,0.4822828471660614,Nature,Background
-0.09695588052272797,0.3527383804321289,Nature,Background
-0.12349206209182739,0.4142899811267853,Nature,Background
0.0840861052274704,0.44864532351493835,Nature,Background
0.14807017147541046,0.30788639187812805,Nature,Background
0.03126385062932968,0.5036399960517883,Nature,Background
-0.10029684007167816,0.2817913889884949,Nature,Background
0.07343749701976776,0.09852602332830429,Nature,Background
0.08354026079177856,0.3780321180820465,Nature,Background
0.040088947862386703,0.14649847149848938,Nature,Background
0.11732076108455658,0.40968310832977295,Nature,Background
-0.0008898414671421051,0.4763607680797577,Nature,Background
0.17444568872451782,0.4349564015865326,Nature,Background
0.013636428862810135,0.4208124279975891,Nature,Background
0.03945387899875641,0.503186047077179,Nature,Background
0.08553224802017212,0.4712516963481903,Nature,Background
0.030889645218849182,0.3137039840221405,Nature,Background
0.056124478578567505,0.4084092676639557,Nature,Background
0.16919724643230438,0.4648517072200775,Nature,Background
0.058764681220054626,0.48137226700782776,Nature,Background
0.035618510097265244,0.40857982635498047,Nature,Background
-0.056691188365221024,0.5311728715896606,Nature,Background
-0.16002093255519867,0.24412956833839417,Nature,Background
0.064820796251297,0.4830847680568695,Nature,Background
-0.293695867061615,0.20419973134994507,Nature,Background
0.0039036236703395844,0.5256962180137634,Nature,Background
0.08258922398090363,0.5359189510345459,Nature,Background
0.17948466539382935,0.3392895758152008,Nature,Background
0.16442221403121948,0.512744128704071,Nature,Background
0.024116864427924156,0.43631047010421753,Nature,Background
0.1286955624818802,0.45787015557289124,Nature,Background
0.013418007642030716,0.4562571346759796,Nature,Background
0.03445718064904213,0.5256498456001282,Nature,Background
0.037962906062603,0.3108561635017395,Nature,Background
0.18106262385845184,0.5083726048469543,Nature,Background
-0.22786791622638702,0.18334272503852844,Nature,Background
-0.010954160243272781,0.07978814095258713,Nature,Background
0.06299744546413422,0.4243786633014679,Nature,Background
-0.12533751130104065,0.3099152147769928,Nature,Background
-0.060335639864206314,0.31510236859321594,Nature,Background
0.046971168369054794,0.40810397267341614,Nature,Background
0.09274572134017944,0.5530903935432434,Nature,Background
0.05334419384598732,0.4893164336681366,Nature,Background
0.1753375083208084,0.45645377039909363,Nature,Background
0.16975833475589752,0.41124096512794495,Nature,Background
0.2383699268102646,0.4215659499168396,Nature,Background
-0.09997983276844025,0.42891767621040344,Nature,Background
0.0354231558740139,0.4956556260585785,Nature,Background
0.2216961681842804,0.4633193910121918,Nature,Background
0.04951340705156326,0.4483895003795624,Nature,Background
0.055804312229156494,0.17136821150779724,Nature,Background
0.16374386847019196,0.4120139181613922,Nature,Background
-0.12953147292137146,0.29631558060646057,Nature,Background
0.026058511808514595,0.40692174434661865,Nature,Background
0.034994035959243774,0.4801776111125946,Nature,Background
-0.008295174688100815,0.3762538731098175,Nature,Background
0.05262567102909088,0.546413242816925,Nature,Background
0.08389407396316528,0.24303483963012695,Nature,Background
-0.05245569720864296,0.4575572907924652,Nature,Background
-0.12913669645786285,0.33345508575439453,Nature,Background
-0.18358315527439117,0.31154730916023254,Nature,Background
-0.02034241333603859,0.40963229537010193,Nature,Background
0.12636686861515045,0.22891008853912354,Nature,Background
-0.08132900297641754,0.4309425354003906,Nature,Background
0.07412982732057571,0.40734532475471497,Nature,Background
0.13336019217967987,0.3536141514778137,Nature,Background
0.14689232409000397,0.4367617666721344,Nature,Background
0.036417506635189056,0.4766504466533661,Nature,Background
-0.20317427814006805,0.2408316433429718,Nature,Background
-0.014119699597358704,0.2749955356121063,Nature,Background
-0.009227309376001358,0.3326871693134308,Nature,Background
0.11485601961612701,0.48403772711753845,Nature,Background
-0.03365298733115196,0.27891823649406433,Nature,Background
-0.26065248250961304,0.2790786921977997,Nature,Background
-0.2965497374534607,0.2672964334487915,Nature,Background
-0.057038236409425735,0.31666299700737,Nature,Background
-0.1544780135154724,0.14554661512374878,Nature,Background
0.1386687159538269,0.5106240510940552,Nature,Background
0.08932002633810043,0.33366939425468445,Nature,Background
-0.04964784160256386,0.44616642594337463,Nature,Background
0.07207252085208893,0.3799387514591217,Nature,Background
0.11737638711929321,0.5472771525382996,Nature,Background
0.06255960464477539,0.3842710554599762,Nature,Background
-0.03293854370713234,0.350112646818161,Nature,Background
0.032233431935310364,0.34954121708869934,Nature,Background
0.08643166720867157,0.5119369029998779,Nature,Background
0.07033872604370117,0.4768427312374115,Nature,Background
0.20500649511814117,0.3165917694568634,Nature,Background
0.04485716298222542,0.32983800768852234,Nature,Background
-0.0228535458445549,0.44619235396385193,Nature,Background
-0.0228535458445549,0.44619235396385193,Nature,Background
0.11121417582035065,0.4727881848812103,Nature,Background
0.038117654621601105,0.47769924998283386,Nature,Background
0.07376296073198318,0.4544421136379242,Nature,Background
0.12111786007881165,0.47782596945762634,Nature,Background
0.13695229589939117,0.32169774174690247,Nature,Background
0.0187921654433012,0.4058913290500641,Nature,Background
0.06847520172595978,0.1649228036403656,Nature,Background
0.06041645258665085,0.5569958090782166,Nature,Background
-0.07265590131282806,0.07871455699205399,Nature,Background
-0.13947565853595734,0.20885589718818665,Nature,Background
0.08540213108062744,0.5577903389930725,Nature,Background
0.06632627546787262,0.43461254239082336,Nature,Background
-0.19639064371585846,0.04021238535642624,Politics,Background
-0.24420563876628876,0.012210629880428314,Politics,Background
-0.2736355662345886,0.03910582512617111,Politics,Background
-0.4088720679283142,0.016169153153896332,Politics,Background
-0.09232236444950104,0.06781855970621109,Politics,Background
-0.3931640386581421,0.04855635017156601,Politics,Background
-0.3142590820789337,0.03062543272972107,Politics,Background
-0.3634943962097168,0.08321195095777512,Politics,Background
-0.2439407855272293,0.08503929525613785,Politics,Background
-0.29677703976631165,-0.0671880915760994,Politics,Background
-0.41201290488243103,0.04809776693582535,Politics,Background
-0.13952909409999847,-0.10809385776519775,Politics,Background
-0.47742360830307007,0.027080677449703217,Politics,Background
0.1099400669336319,-0.08928597718477249,Politics,Background
-0.3565256595611572,0.01657269150018692,Politics,Background
-0.4266625642776489,0.03913363069295883,Politics,Background
-0.3943753242492676,0.08980187028646469,Politics,Background
-0.43814289569854736,0.03396068513393402,Politics,Background
0.044130850583314896,-0.15334592759609222,Politics,Background
-0.2777567505836487,0.10258396714925766,Politics,Background
-0.19885455071926117,0.08652197569608688,Politics,Background
-0.16589410603046417,-0.1674274206161499,Politics,Background
-0.4295501410961151,0.13221517205238342,Politics,Background
-0.39440062642097473,0.08604254573583603,Politics,Background
-0.15578226745128632,-0.003136720508337021,Politics,Background
-0.42774099111557007,0.058691009879112244,Politics,Background
-0.3909817337989807,-0.013626735657453537,Politics,Background
-0.36925941705703735,0.08748622983694077,Politics,Background
-0.2567572593688965,0.04662732779979706,Politics,Background
-0.05341556295752525,-0.0257643461227417,Politics,Background
-0.30594372749328613,0.053644731640815735,Politics,Background
-0.38486140966415405,0.027824856340885162,Politics,Background
-0.3408290445804596,0.0968867763876915,Politics,Background
-0.38535821437835693,0.07473926991224289,Politics,Background
-0.4033661484718323,0.18488144874572754,Politics,Background
-0.49251341819763184,0.1574723720550537,Politics,Background
-0.32756179571151733,0.10461585968732834,Politics,Background
-0.32529014348983765,-0.003218676894903183,Politics,Background
-0.4294862449169159,0.08924775570631027,Politics,Background
-0.28507906198501587,-0.07699903845787048,Politics,Background
-0.34078100323677063,-0.050973933190107346,Politics,Background
-0.2726172208786011,0.011500723659992218,Politics,Background
-0.394298255443573,-0.0004988685250282288,Politics,Background
-0.06578025221824646,0.0631813183426857,Politics,Background
-0.12418533861637115,-0.1319146454334259,Politics,Background
-0.4080119729042053,0.048956453800201416,Politics,Background
-0.14035458862781525,0.06024548411369324,Politics,Background
-0.11349059641361237,0.026692792773246765,Politics,Background
-0.2906413972377777,0.09426059573888779,Politics,Background
-0.30486008524894714,-0.023430250585079193,Politics,Background
-0.011289633810520172,-0.08603348582983017,Politics,Background
-0.3709215521812439,0.04551418870687485,Politics,Background
-0.38717299699783325,0.1925632655620575,Politics,Background
-0.31819209456443787,0.06259744614362717,Politics,Background
-0.30903172492980957,0.08490032702684402,Politics,Background
-0.3557954728603363,-0.012067541480064392,Politics,Background
-0.33889591693878174,-0.004217937588691711,Politics,Background
-0.3801836371421814,0.07629383355379105,Politics,Background
-0.25263017416000366,0.08557619899511337,Politics,Background
-0.3599017858505249,0.001985602080821991,Politics,Background
-0.3798970878124237,0.10840601474046707,Politics,Background
-0.4127405881881714,-0.13640248775482178,Politics,Background
-0.4323458671569824,0.07454448193311691,Politics,Background
-0.1500888615846634,0.054727278649806976,Politics,Background
-0.4880685806274414,0.119261734187603,Politics,Background
-0.44117337465286255,0.11999448388814926,Politics,Background
-0.41107475757598877,0.17648115754127502,Politics,Background
-0.41592007875442505,0.02118438482284546,Politics,Background
-0.3400891125202179,-0.030814141035079956,Politics,Background
-0.3931015729904175,0.049123652279376984,Politics,Background
-0.353962779045105,0.10695066303014755,Politics,Background
-0.0646170824766159,-0.057425517588853836,Politics,Background
-0.442463219165802,0.13578355312347412,Politics,Background
-0.26738542318344116,-0.1100015714764595,Politics,Background
-0.40381306409835815,0.10976123064756393,Politics,Background
-0.37752455472946167,0.2512282431125641,Politics,Background
-0.41286805272102356,0.14879822731018066,Politics,Background
-0.4274566173553467,0.08297324925661087,Politics,Background
-0.3119966983795166,-0.005934275686740875,Politics,Background
-0.3152116537094116,0.1550147533416748,Politics,Background
-0.40385037660598755,0.09532567113637924,Politics,Background
-0.12169097363948822,-0.1479218304157257,Politics,Background
-0.05725589767098427,-0.03377310186624527,Politics,Background
-0.35178789496421814,-0.014645606279373169,Politics,Background
-0.16895221173763275,0.29125580191612244,Politics,Background
-0.4097430408000946,0.1339707374572754,Politics,Background
-0.43464237451553345,0.0910666212439537,Politics,Background
-0.40008577704429626,-0.10625726729631424,Politics,Background
-0.27656280994415283,0.08803410083055496,Politics,Background
-0.44519609212875366,0.16091307997703552,Politics,Background
-0.45676448941230774,0.03682372719049454,Politics,Background
-0.3821108341217041,0.11866483837366104,Politics,Background
-0.42003798484802246,0.16295704245567322,Politics,Background
-0.369040846824646,0.0935448631644249,Politics,Background
-0.10724735260009766,-0.04622674733400345,Politics,Background
-0.4338213801383972,0.10169493407011032,Politics,Background
-0.39312514662742615,0.047126688063144684,Politics,Background
-0.42174047231674194,0.10885129123926163,Politics,Background
-0.2991190254688263,0.07752356678247452,Politics,Background
-0.26215067505836487,0.13087144494056702,Politics,Background
-0.28567418456077576,-0.005430400371551514,Politics,Background
-0.35080087184906006,0.09921974688768387,Politics,Background
-0.44957804679870605,0.06203033775091171,Politics,Background
-0.4202502369880676,0.1557692289352417,Politics,Background
-0.33264797925949097,0.13114675879478455,Politics,Background
-0.24348638951778412,0.24866506457328796,Politics,Background
-0.4401612877845764,0.06561846286058426,Politics,Background
-0.047214675694704056,-0.12783831357955933,Politics,Background
-0.06739442050457001,-0.07669474184513092,Politics,Background
-0.40856772661209106,0.08868042379617691,Politics,Background
-0.2984687089920044,0.22048786282539368,Politics,Background
-0.2577859163284302,0.06663935631513596,Politics,Background
-0.4553607106208801,0.06717836111783981,Politics,Background
-0.33011624217033386,0.11256719380617142,Politics,Background
0.009225526824593544,0.03732144832611084,Politics,Background
-0.4125000238418579,0.15611428022384644,Politics,Background
-0.09102855622768402,-0.01004757359623909,Politics,Background
-0.37789154052734375,0.025355875492095947,Politics,Background
-0.14063753187656403,-0.07242057472467422,Politics,Background
-0.3351837694644928,0.03880203515291214,Politics,Background
-0.41157254576683044,0.00252629816532135,Politics,Background
-0.3434128165245056,0.24599289894104004,Politics,Background
-0.4377885162830353,0.06914668530225754,Politics,Background
-0.3383868932723999,-0.024687103927135468,Politics,Background
-0.2973748743534088,-0.06432464718818665,Politics,Background
-0.43084201216697693,0.15962457656860352,Politics,Background
-0.3490403890609741,0.11079932004213333,Politics,Background
-0.08841750025749207,-0.11076933145523071,Politics,Background
-0.4126648008823395,0.08571819216012955,Politics,Background
-0.4725140333175659,0.0491156131029129,Politics,Background
-0.15711326897144318,0.06134352833032608,Politics,Background
-0.45669955015182495,0.012510009109973907,Politics,Background
-0.4354041516780853,0.13811588287353516,Politics,Background
-0.4459094703197479,0.1172262504696846,Politics,Background
-0.4784929156303406,0.1186768040060997,Politics,Background
-0.4406461715698242,0.02665848284959793,Politics,Background
-0.39775514602661133,0.08753304928541183,Politics,Background
-0.3781486749649048,0.09734394401311874,Politics,Background
-0.3543546199798584,0.09262339025735855,Politics,Background
-0.31973397731781006,0.1025652214884758,Politics,Background
-0.07253745198249817,-0.18703413009643555,Politics,Background
-0.01645006239414215,0.04503908008337021,Politics,Background
-0.40901637077331543,0.1275765597820282,Politics,Background
-0.3819435238838196,0.07080046087503433,Politics,Background
-0.19627977907657623,0.0439985916018486,Politics,Background
-0.40568700432777405,0.14519163966178894,Politics,Background
-0.44701337814331055,0.02363777905702591,Politics,Background
-0.3182298541069031,0.10020148009061813,Politics,Background
-0.27792346477508545,0.10397253185510635,Politics,Background
-0.3432340621948242,-0.06334266066551208,Politics,Background
-0.34472763538360596,0.04667741805315018,Politics,Background
-0.27144116163253784,-0.13284453749656677,Politics,Background
-0.337334543466568,-0.01709160953760147,Politics,Background
-0.4180663824081421,0.10370024293661118,Politics,Background
-0.3082427382469177,0.08865337818861008,Politics,Background
-0.32267409563064575,-0.032053329050540924,Politics,Background
-0.015501700341701508,-0.18417906761169434,Politics,Background
-0.26638272404670715,0.03401122987270355,Politics,Background
-0.21313239634037018,-0.2264193594455719,Politics,Background
-0.35908418893814087,0.1141759529709816,Politics,Background
-0.3036358952522278,-0.07458606362342834,Politics,Background
-0.4539741575717926,-0.008709654211997986,Politics,Background
-0.24267561733722687,-0.00928187370300293,Politics,Background
-0.20389030873775482,-0.1115521639585495,Politics,Background
-0.24109725654125214,0.11969181150197983,Politics,Background
-0.25274115800857544,0.08002877980470657,Politics,Background
-0.41166961193084717,-0.012030307203531265,Politics,Background
-0.47813230752944946,0.17258399724960327,Politics,Background
-0.2743523120880127,-0.018441520631313324,Politics,Background
-0.261924147605896,0.17894816398620605,Politics,Background
-0.46532171964645386,0.024897180497646332,Politics,Background
-0.39828693866729736,0.08069821447134018,Politics,Background
-0.3050464391708374,0.19731315970420837,Politics,Background
-0.4479503631591797,0.12314244359731674,Politics,Background
-0.09508554637432098,-0.12604030966758728,Politics,Background
-0.4742077589035034,0.08188385516405106,Politics,Background
-0.041157376021146774,-0.0829814001917839,Politics,Background
-0.25919416546821594,0.07826340943574905,Politics,Background
-0.33813944458961487,0.0525665357708931,Politics,Background
-0.3398219347000122,0.011792846024036407,Politics,Background
-0.30989813804626465,-0.10762707889080048,Politics,Background
-0.3318401575088501,0.10108394175767899,Politics,Background
-0.3197290897369385,0.06034185737371445,Politics,Background
-0.32049840688705444,0.12206893414258957,Politics,Background
-0.39523690938949585,0.11630653589963913,Politics,Background
-0.23050592839717865,0.15345898270606995,Politics,Background
-0.15269823372364044,-0.09091761708259583,Politics,Background
-0.37712132930755615,0.06584758311510086,Politics,Background
-0.3009483814239502,0.06341829150915146,Politics,Background
-0.3205767869949341,0.05069633573293686,Politics,Background
-0.2813931107521057,0.14383795857429504,Politics,Background
-0.27819281816482544,0.04305494576692581,Politics,Background
-0.2698010802268982,-0.045258525758981705,Politics,Background
-0.34353187680244446,-0.025532763451337814,Politics,Background
-0.343718945980072,-0.08076704293489456,Politics,Background
0.01909351535141468,-0.05398813262581825,Politics,Background
-0.22269199788570404,-0.04582369327545166,Politics,Background
-0.3948492407798767,0.018004201352596283,Politics,Background
-0.35288381576538086,-0.09903451055288315,Politics,Background
-0.4031585454940796,0.07622375339269638,Politics,Background
-0.3614462912082672,0.08567675203084946,Politics,Background
0.03942497447133064,-0.030377406626939774,Politics,Background
-0.3819428086280823,-0.058439210057258606,Politics,Background
-0.1606379896402359,0.08196286112070084,Politics,Background
-0.5326790809631348,0.0617617592215538,Politics,Background
-0.4121958017349243,-0.021829240024089813,Politics,Background
-0.3965591788291931,-0.011206220835447311,Politics,Background
-0.4633992314338684,0.08074141293764114,Politics,Background
-0.36044037342071533,-0.039039209485054016,Politics,Background
-0.38701367378234863,-0.010122232139110565,Politics,Background
-0.31825464963912964,-0.013463512063026428,Politics,Background
-0.20241783559322357,-0.07814729958772659,Politics,Background
-0.23182277381420135,0.03632698208093643,Politics,Background
-0.328280508518219,0.06387629359960556,Politics,Background
-0.42483285069465637,-0.0005406960844993591,Politics,Background
-0.431276798248291,0.07377173751592636,Politics,Background
-0.15806396305561066,0.027467183768749237,Politics,Background
-0.4437677562236786,0.12370844930410385,Politics,Background
-0.14807386696338654,0.05753255635499954,Politics,Background
-0.15105019509792328,0.06467869132757187,Politics,Background
-0.3588641583919525,0.024146512150764465,Politics,Background
-0.41249048709869385,-0.10222040116786957,Politics,Background
-0.248580202460289,0.12777119874954224,Politics,Background
-0.29154694080352783,0.03378690034151077,Politics,Background
-0.17289389669895172,0.00928669422864914,Politics,Background
-0.3051077723503113,-0.08133693784475327,Politics,Background
0.0322982482612133,-0.0423927828669548,Politics,Background
-0.2646700143814087,-0.03490552306175232,Politics,Background
-0.5034723281860352,0.024103917181491852,Politics,Background
0.02482968382537365,-0.08752709627151489,Politics,Background
-0.2768709063529968,0.08423253148794174,Politics,Background
-0.0685344785451889,-0.06456537544727325,Politics,Background
-0.3055076599121094,0.05881386250257492,Politics,Background
0.07307477295398712,-0.08896154910326004,Politics,Background
-0.25823336839675903,0.13104647397994995,Politics,Background
-0.3250353932380676,0.17934593558311462,Politics,Background
-0.3796626031398773,0.0839974656701088,Politics,Background
-0.5049344301223755,-0.006169430911540985,Politics,Background
-0.06784811615943909,0.005903616547584534,Politics,Background
-0.43783000111579895,-0.04177591949701309,Politics,Background
-0.4181562066078186,0.17175951600074768,Politics,Background
-0.4366731345653534,0.14980700612068176,Politics,Background
-0.3603171110153198,-0.023692648857831955,Politics,Background
-0.2696666121482849,0.14802002906799316,Politics,Background
-0.4118373692035675,0.053610511124134064,Politics,Background
-0.33911383152008057,-0.0440795011818409,Politics,Background
-0.3656117916107178,0.03973259776830673,Politics,Background
-0.3117884397506714,-0.009485196322202682,Politics,Background
-0.09030561149120331,-0.14519472420215607,Politics,Background
-0.39220237731933594,0.05024120956659317,Politics,Background
-0.4448431730270386,0.03328729420900345,Politics,Background
-0.37994423508644104,0.1445348858833313,Politics,Background
-0.49068892002105713,0.08761214464902878,Politics,Background
-0.1745481938123703,-0.0649058073759079,Politics,Background
-0.3543764352798462,0.029020272195339203,Politics,Background
-0.38795897364616394,-0.004536498337984085,Politics,Background
-0.3281051814556122,0.013827838003635406,Politics,Background
-0.36773014068603516,0.11055506020784378,Politics,Background
-0.43866387009620667,-0.0426391139626503,Politics,Background
-0.4189014434814453,0.2196260392665863,Politics,Background
-0.387783408164978,0.18387386202812195,Politics,Background
-0.4323797821998596,0.0057028308510780334,Politics,Background
-0.38618290424346924,0.06495638936758041,Politics,Background
-0.400147020816803,0.08143643289804459,Politics,Background
-0.3811120390892029,0.10165248066186905,Politics,Background
-0.4377592206001282,0.10320138186216354,Politics,Background
-0.28840649127960205,0.0743735209107399,Politics,Background
-0.39308470487594604,0.04621458798646927,Politics,Background
-0.1610352247953415,0.026184163987636566,Politics,Background
-0.3464416265487671,0.004003196954727173,Politics,Background
-0.28529590368270874,0.06364842504262924,Politics,Background
-0.360393762588501,0.14808151125907898,Politics,Background
-0.2735505998134613,0.032846786081790924,Politics,Background
-0.20921537280082703,0.08655694872140884,Politics,Background
-0.18565420806407928,0.13238251209259033,Politics,Background
-0.4318767786026001,0.053477972745895386,Politics,Background
-0.3047165870666504,-0.03366725891828537,Politics,Background
-0.2874962389469147,-0.025339115411043167,Politics,Background
-0.3906884789466858,0.10832887142896652,Politics,Background
-0.4057196378707886,0.10426973551511765,Politics,Background
-0.22936926782131195,-0.05655205249786377,Politics,Background
-0.33161985874176025,0.10126844793558121,Politics,Background
-0.1704823076725006,0.07232963293790817,Politics,Background
-0.3490486741065979,0.09702444821596146,Politics,Background
-0.42372676730155945,0.05078185349702835,Politics,Background
-0.2432299107313156,0.09971121698617935,Politics,Background
-0.48847734928131104,0.16185227036476135,Politics,Background
-0.40237224102020264,0.10303892940282822,Politics,Background
-0.33959320187568665,0.15366783738136292,Politics,Background
-0.02784755453467369,-0.040491603314876556,Politics,Background
-0.06606212258338928,-0.03796342387795448,Politics,Background
-0.42497897148132324,0.08058465272188187,Politics,Background
-0.4045707583427429,0.1077868863940239,Politics,Background
-0.3717360198497772,0.021981440484523773,Politics,Background
-0.2134537547826767,0.19158777594566345,Politics,Background
-0.035182785242795944,-0.07487417757511139,Politics,Background
-0.3283761143684387,0.058824531733989716,Politics,Background
-0.23232679069042206,-0.17434212565422058,Politics,Background
-0.19083662331104279,-0.05529554933309555,Politics,Background
-0.41693854331970215,0.029521502554416656,Politics,Background
-0.131245955824852,-0.08600648492574692,Politics,Background
-0.5038825273513794,0.09516813606023788,Politics,Background
-0.3993769586086273,0.1524207890033722,Politics,Background
-0.3208581209182739,0.005401238799095154,Politics,Background
-0.4200238883495331,-0.07164575904607773,Politics,Background
-0.4380947947502136,0.11502639204263687,Politics,Background
-0.3595278263092041,-0.05098158121109009,Politics,Background
-0.28339773416519165,0.11715833097696304,Politics,Background
-0.42835748195648193,0.04370919615030289,Politics,Background
-0.32858097553253174,0.07292712479829788,Politics,Background
-0.37330329418182373,0.07769600301980972,Politics,Background
-0.25649726390838623,0.05368129909038544,Politics,Background
-0.3466271162033081,0.06883209198713303,Politics,Background
-0.22561080753803253,-0.046661779284477234,Politics,Background
-0.207027405500412,-0.01615392044186592,Politics,Background
-0.30435383319854736,-0.07717948406934738,Politics,Background
-0.3653184771537781,0.023811571300029755,Politics,Background
-0.3180311918258667,-0.004583537578582764,Politics,Background
-0.4557145833969116,0.1183471605181694,Politics,Background
-0.25324761867523193,-0.1020885556936264,Politics,Background
-0.41786789894104004,0.08466576784849167,Politics,Background
-0.4132774770259857,0.05485425144433975,Politics,Background
-0.3196753263473511,0.002631925046443939,Politics,Background
-0.3176090717315674,0.212083101272583,Politics,Background
-0.385262668132782,-0.0011002570390701294,Politics,Background
-0.228947713971138,-0.04927348718047142,Politics,Background
-0.3672863245010376,0.05248092859983444,Politics,Background
-0.31385666131973267,0.06820260733366013,Politics,Background
-0.25178956985473633,0.10379698127508163,Politics,Background
-0.3616156578063965,0.02226753532886505,Politics,Background
-0.28397125005722046,-0.0026171542704105377,Politics,Background
-0.4036829471588135,0.06954526156187057,Politics,Background
-0.23286251723766327,0.10554348677396774,Politics,Background
-0.35500556230545044,0.15861433744430542,Politics,Background
-0.4367579519748688,0.023702099919319153,Politics,Background
-0.4776586890220642,0.17841851711273193,Politics,Background
-0.5066611170768738,0.02813521772623062,Politics,Background
-0.3836943507194519,0.12797817587852478,Politics,Background
-0.011732298880815506,0.029135674238204956,Politics,Background
-0.231842502951622,0.011405117809772491,Politics,Background
-0.2571882903575897,0.04990120977163315,Politics,Background
0.01717781089246273,-0.0828346535563469,Politics,Background
-0.19172699749469757,0.0837792232632637,Politics,Background
-0.3804413080215454,0.1814354956150055,Politics,Background
-0.38787901401519775,0.009018473327159882,Politics,Background
-0.19008666276931763,0.10175413638353348,Politics,Background
-0.3834606111049652,0.09066394716501236,Politics,Background
-0.3730755150318146,0.12123801559209824,Politics,Background
-0.36188244819641113,0.14954298734664917,Politics,Background
-0.07064189016819,0.042876631021499634,Politics,Background
-0.3579014539718628,-0.07735597342252731,Politics,Background
-0.1775500327348709,0.07496530562639236,Politics,Background
-0.3780669569969177,0.11367177218198776,Politics,Background
-0.400275319814682,0.018869958817958832,Politics,Background
-0.34709233045578003,0.11241241544485092,Politics,Background
-0.40769076347351074,-0.018227823078632355,Politics,Background
-0.28914931416511536,0.06297386437654495,Politics,Background
-0.38882386684417725,0.021224088966846466,Politics,Background
-0.32282328605651855,0.2458125352859497,Politics,Background
-0.34979182481765747,0.11958213895559311,Politics,Background
-0.35574331879615784,0.007300816476345062,Politics,Background
-0.352802574634552,0.1369592845439911,Politics,Background
-0.3700641989707947,0.10560845583677292,Politics,Background
-0.11142818629741669,0.020837165415287018,Politics,Background
-0.3924662470817566,0.011996403336524963,Politics,Background
-0.2533295750617981,0.14472180604934692,Politics,Background
-0.3606402277946472,0.09336469322443008,Politics,Background
-0.1427319198846817,-0.03890605270862579,Politics,Background
-0.31198543310165405,0.22191300988197327,Politics,Background
-0.007486950606107712,-0.1399383544921875,Politics,Background
-0.41504421830177307,0.011493109166622162,Politics,Background
-0.42856836318969727,0.005435444414615631,Politics,Background
-0.2796778976917267,0.1978747546672821,Politics,Background
-0.35578468441963196,-0.10014329850673676,Politics,Background
-0.28457438945770264,0.1361176073551178,Politics,Background
-0.4054403305053711,0.03150966763496399,Politics,Background
-0.4346349835395813,0.08356224745512009,Politics,Background
-0.4581056833267212,0.12423651665449142,Politics,Background
-0.19231311976909637,0.12818393111228943,Politics,Background
-0.3511004149913788,0.03538794070482254,Politics,Background
-0.08906589448451996,-0.036657243967056274,Politics,Background
-0.08746352791786194,-0.04696030169725418,Politics,Background
-0.27712640166282654,0.15312695503234863,Politics,Background
-0.38998281955718994,0.16635951399803162,Politics,Background
-0.3041866719722748,0.0392717644572258,Politics,Background
-0.4816191792488098,0.19080966711044312,Politics,Background
-0.22470273077487946,0.062273748219013214,Politics,Background
-0.2718381881713867,0.12001156061887741,Politics,Background
-0.4727679491043091,0.02958100289106369,Politics,Background
-0.37376654148101807,-0.04890711233019829,Politics,Background
-0.21079398691654205,0.044287823140621185,Politics,Background
-0.4315759837627411,0.07244283705949783,Politics,Background
-0.4761389493942261,0.08361833542585373,Politics,Background
-0.31367117166519165,-0.010979853570461273,Politics,Background
-0.07541240751743317,-0.16955110430717468,Politics,Background
-0.3907465934753418,0.09417229145765305,Politics,Background
-0.36155277490615845,0.09636654704809189,Politics,Background
-0.11550992727279663,0.04408949613571167,Politics,Background
-0.38155636191368103,0.2142103612422943,Politics,Background
-0.20150351524353027,0.12121442705392838,Politics,Background
-0.058908481150865555,-0.06403086334466934,Politics,Background
-0.47712624073028564,0.18395397067070007,Politics,Background
-0.3199022114276886,0.1436462104320526,Politics,Background
-0.1804661899805069,-0.0652945414185524,Politics,Background
-0.278562068939209,0.0462779626250267,Politics,Background
-0.34264492988586426,0.14090725779533386,Politics,Background
-0.36428019404411316,0.08714678138494492,Politics,Background
-0.4464282989501953,0.13288024067878723,Politics,Background
-0.3385542631149292,0.03561735153198242,Politics,Background
-0.38073650002479553,0.11050086468458176,Politics,Background
-0.5012584328651428,-0.012157559394836426,Politics,Background
-0.35037559270858765,0.06931190937757492,Politics,Background
-0.45340582728385925,0.04490526020526886,Politics,Background
-0.2192869335412979,0.10604860633611679,Politics,Background
-0.24140052497386932,-0.0948403999209404,Politics,Background
-0.33458688855171204,0.0969863161444664,Politics,Background
-0.08765560388565063,-0.08552458882331848,Politics,Background
-0.21450300514698029,-0.09220810234546661,Politics,Background
-0.44210249185562134,0.06483092159032822,Politics,Background
-0.2479453831911087,0.14544478058815002,Politics,Background
-0.2756466865539551,0.07985226064920425,Politics,Background
-0.4150879681110382,0.12440719455480576,Politics,Background
-0.3107289671897888,-0.05096820741891861,Politics,Background
-0.28985536098480225,0.19564983248710632,Politics,Background
-0.14556969702243805,-0.035791635513305664,Politics,Background
-0.3603314161300659,0.14862960577011108,Politics,Background
-0.2918458580970764,-0.010231666266918182,Politics,Background
-0.41313016414642334,0.09108617156744003,Politics,Background
-0.4560122489929199,0.16076689958572388,Politics,Background
-0.3494057059288025,0.12427821010351181,Politics,Background
-0.46495842933654785,0.14931407570838928,Politics,Background
-0.3988930583000183,-0.0029524043202400208,Politics,Background
-0.27513229846954346,-0.025165241211652756,Politics,Background
-0.41232484579086304,-0.0036601871252059937,Politics,Background
-0.2929491400718689,-0.0025418326258659363,Politics,Background
0.02514832466840744,-0.0713026151061058,Politics,Background
-0.4129677414894104,0.1277962327003479,Politics,Background
-0.3254035711288452,0.04263141006231308,Politics,Background
-0.3390442430973053,0.06791713088750839,Politics,Background
-0.055300939828157425,0.0029000118374824524,Politics,Background
-0.36826789379119873,-0.04389505088329315,Politics,Background
-0.3084068298339844,0.11022340506315231,Politics,Background
-0.3496938943862915,-0.1246403306722641,Politics,Background
-0.11858312785625458,-0.054791033267974854,Politics,Background
-0.3626304268836975,-0.0524926483631134,Politics,Background
-0.34718602895736694,0.06785488873720169,Politics,Background
-0.3936083912849426,0.10868365317583084,Politics,Background
-0.1495986431837082,-0.07129921764135361,Politics,Background
-0.363545298576355,0.09467919915914536,Politics,Background
-0.043316300958395004,-0.23905324935913086,Politics,Background
-0.42791008949279785,0.013534687459468842,Politics,Background
-0.011500310152769089,-0.12243639677762985,Politics,Background
-0.36667758226394653,-0.011091750115156174,Politics,Background
-0.20048415660858154,-0.026154477149248123,Politics,Background
-0.4022095799446106,0.035438306629657745,Politics,Background
-0.2262505143880844,0.043629251420497894,Politics,Background
-0.379525750875473,0.07127410918474197,Politics,Background
-0.32373255491256714,0.1405034065246582,Politics,Background
-0.3719739019870758,0.07457781583070755,Politics,Background
-0.0921664834022522,-0.025770708918571472,Politics,Background
-0.3339129090309143,-0.03830205649137497,Politics,Background
-0.20968465507030487,0.01729455590248108,Politics,Background
-0.3576388359069824,0.014015443623065948,Politics,Background
-0.31248652935028076,0.05412425845861435,Politics,Background
-0.3411925137042999,-0.17794102430343628,Politics,Background
-0.24052678048610687,0.0814993605017662,Politics,Background
-0.426685631275177,0.10570178180932999,Politics,Background
-0.4256203770637512,-0.0015316344797611237,Politics,Background
-0.3552437424659729,0.20635142922401428,Politics,Background
-0.395449697971344,0.00693126767873764,Politics,Background
-0.11187705397605896,-0.013854891061782837,Politics,Background
-0.1672973483800888,0.01092536747455597,Politics,Background
-0.3207979202270508,0.06570198386907578,Politics,Background
-0.08957867324352264,0.042783625423908234,Politics,Background
-0.25294071435928345,0.1602535843849182,Politics,Background
-0.14285822212696075,0.06880151480436325,Politics,Background
-0.3693655729293823,0.20911529660224915,Politics,Background
-0.38963156938552856,0.15115004777908325,Politics,Background
-0.19429761171340942,-0.03224394470453262,Politics,Background
-0.3698417544364929,0.03534936159849167,Politics,Background
-0.2331034392118454,0.04187033325433731,Politics,Background
-0.38333019614219666,0.10760524123907089,Politics,Background
0.13437716662883759,-0.04933697357773781,Politics,Background
-0.3882864713668823,0.08882608264684677,Politics,Background
-0.3111727833747864,0.14697378873825073,Politics,Background
-0.30730295181274414,0.10480945557355881,Politics,Background
-0.2778027653694153,0.09741275757551193,Politics,Background
-0.3263285160064697,0.10912226885557175,Politics,Background
-0.46721646189689636,0.1377227008342743,Politics,Background
-0.3936946988105774,0.18707934021949768,Politics,Background
-0.28007543087005615,0.12197517603635788,Politics,Background
-0.5185036659240723,0.09808706492185593,Politics,Background
-0.4113639295101166,-0.08376168459653854,Politics,Background
-0.19855578243732452,-0.024928711354732513,Politics,Background
-0.2915082573890686,-0.02744157612323761,Politics,Background
-0.38225579261779785,0.04140683263540268,Politics,Background
-0.13354696333408356,0.08489691466093063,Politics,Background
-0.4296303391456604,0.10726398974657059,Politics,Background
-0.2771795690059662,-0.016224868595600128,Politics,Background
-0.34464943408966064,0.07856635004281998,Politics,Background
-0.39937567710876465,0.07019471377134323,Politics,Background
-0.3430708646774292,0.020903296768665314,Politics,Background
-0.11711937189102173,0.045109592378139496,Politics,Background
-0.3125849962234497,-0.011885922402143478,Politics,Background
-0.3318263590335846,0.05983373522758484,Politics,Background
-0.3030186593532562,0.0287935808300972,Politics,Background
-0.3667118549346924,-0.03973478078842163,Politics,Background
-0.12722213566303253,-0.0037693679332733154,Politics,Background
-0.25504612922668457,0.1432361900806427,Politics,Background
-0.11405335366725922,0.1776007115840912,Politics,Background
-0.09871827065944672,-0.027727928012609482,Politics,Background
-0.3354554772377014,0.11744625121355057,Politics,Background
-0.15683960914611816,0.109770767390728,Politics,Background
-0.3028252124786377,0.05748109519481659,Politics,Background
-0.4646373987197876,0.1219426617026329,Politics,Background
-0.3514479398727417,0.0546501949429512,Politics,Background
-0.23622475564479828,-0.054062314331531525,Politics,Background
-0.35042497515678406,0.039415858685970306,Politics,Background
-0.10351899266242981,-0.1698015034198761,Politics,Background
-0.3655589520931244,0.16707026958465576,Politics,Background
-0.3477030098438263,0.03478042036294937,Politics,Background
-0.02495623752474785,-0.02813514694571495,Politics,Background
-0.4387298822402954,-0.039537105709314346,Politics,Background
0.07257543504238129,-0.013493403792381287,Politics,Background
-0.3689904808998108,0.16341263055801392,Politics,Background
-0.3837125897407532,-0.07058338820934296,Politics,Background
-0.3388926088809967,0.02925311028957367,Politics,Background
-0.5160727500915527,0.008848309516906738,Politics,Background
-0.2836265563964844,0.0782214030623436,Politics,Background
-0.33807897567749023,0.06228259950876236,Politics,Background
-0.28553134202957153,0.1704709827899933,Politics,Background
-0.09071999788284302,-0.16819670796394348,Politics,Background
-0.1273595690727234,0.02241402119398117,Politics,Background
-0.31198742985725403,-0.01117701455950737,Politics,Background
-0.11938188970088959,0.019740886986255646,Politics,Background
-0.0840713232755661,0.0014678463339805603,Politics,Background
-0.34501758217811584,-0.026423949748277664,Politics,Background
-0.33491814136505127,0.11342047899961472,Politics,Background
-0.41482385993003845,0.02246595174074173,Politics,Background
-0.3262544572353363,0.15894290804862976,Politics,Background
-0.36682820320129395,0.0537189245223999,Politics,Background
-0.04213748499751091,-0.07873445749282837,Politics,Background
-0.23123906552791595,0.05530913919210434,Politics,Background
-0.3962506949901581,0.13190701603889465,Politics,Background
0.02076079323887825,0.012062214314937592,Politics,Background
-0.10385562479496002,-0.07562574744224548,Politics,Background
-0.32839953899383545,0.1398119330406189,Politics,Background
-0.08589839935302734,-0.009628716856241226,Politics,Background
-0.42441654205322266,0.050063908100128174,Politics,Background
-0.423308402299881,0.12145674973726273,Politics,Background
-0.2975994944572449,-0.10231636464595795,Politics,Background
-0.35720083117485046,0.11195661872625351,Politics,Background
-0.19285385310649872,0.11126121133565903,Politics,Background
-0.3301914930343628,0.12003772705793381,Politics,Background
-0.3777133524417877,0.10250537842512131,Politics,Background
-0.33105817437171936,-0.0006734132766723633,Politics,Background
-0.2561076581478119,-0.03434319794178009,Politics,Background
-0.3388277292251587,-0.048548951745033264,Politics,Background
-0.30851852893829346,0.09995540231466293,Politics,Background
-0.3743318021297455,0.07666891068220139,Politics,Background
-0.28576546907424927,0.15960001945495605,Politics,Background
-0.2550363540649414,0.05772808939218521,Politics,Background
0.05603375285863876,-0.038632169365882874,Politics,Background
-0.16106782853603363,0.057218633592128754,Politics,Background
-0.3173551857471466,0.05936966836452484,Politics,Background
-0.2512063980102539,0.05474844574928284,Politics,Background
-0.3176001012325287,-0.052470169961452484,Politics,Background
-0.4442426264286041,0.12662070989608765,Politics,Background
-0.3043268620967865,0.024146832525730133,Politics,Background
-0.22945834696292877,0.04918038845062256,Politics,Background
-0.37766170501708984,0.08760424703359604,Politics,Background
-0.10196520388126373,0.06640873104333878,Politics,Background
-0.3667029142379761,0.014210522174835205,Politics,Background
-0.37772393226623535,0.07607195526361465,Politics,Background
-0.4099552631378174,0.11175950616598129,Politics,Background
-0.35287848114967346,0.10189028829336166,Politics,Background
-0.3642416000366211,0.03628287464380264,Politics,Background
-0.34111297130584717,0.08792579919099808,Politics,Background
-0.31479310989379883,0.06894595175981522,Politics,Background
-0.36519595980644226,-0.09060975909233093,Politics,Background
-0.3272198438644409,0.143015056848526,Politics,Background
-0.24790363013744354,0.0160520002245903,Politics,Background
-0.47017568349838257,0.1384304165840149,Politics,Background
-0.3739761710166931,0.06535103172063828,Politics,Background
-0.20007041096687317,0.08808035403490067,Politics,Background
-0.4702678322792053,0.1424674093723297,Politics,Background
-0.3151102066040039,0.20320871472358704,Politics,Background
-0.36405205726623535,0.09953921288251877,Politics,Background
-0.3612178564071655,0.08611204475164413,Politics,Background
-0.01110612228512764,-0.0837312787771225,Politics,Background
-0.35627907514572144,0.04935061186552048,Politics,Background
-0.4615168571472168,-0.03753344714641571,Politics,Background
-0.3873145580291748,-0.028148770332336426,Politics,Background
-0.19413729012012482,0.21355941891670227,Politics,Background
-0.3400246500968933,0.12030861526727676,Politics,Background
-0.4544528126716614,0.04229584336280823,Politics,Background
-0.30775752663612366,0.11278750747442245,Politics,Background
-0.48729074001312256,0.12294270843267441,Politics,Background
-0.42053210735321045,0.07050419598817825,Politics,Background
-0.24433596432209015,-0.01495792344212532,Politics,Background
-0.39123833179473877,0.1686457097530365,Politics,Background
-0.4468122124671936,0.0507667139172554,Politics,Background
-0.36669379472732544,-0.017236534506082535,Politics,Background
-0.291045606136322,0.13435301184654236,Politics,Background
-0.29403984546661377,0.063642717897892,Politics,Background
-0.3908989429473877,0.15611997246742249,Politics,Background
-0.4629667401313782,0.03036128729581833,Politics,Background
-0.048656705766916275,-0.027750249952077866,Politics,Background
-0.4286165237426758,0.09318432956933975,Politics,Background
-0.24174268543720245,0.15721774101257324,Politics,Background
0.04485255852341652,-0.15014588832855225,Politics,Background
-0.3430488705635071,0.12932923436164856,Politics,Background
-0.44283556938171387,0.16428527235984802,Politics,Background
-0.14074738323688507,-0.00849577784538269,Politics,Background
-0.2596253752708435,0.06184152513742447,Politics,Background
-0.21848024427890778,0.07821714133024216,Politics,Background
-0.41017043590545654,0.023134715855121613,Politics,Background
-0.38779205083847046,0.1995542049407959,Politics,Background
-0.3633464574813843,0.03954169899225235,Politics,Background
-0.25850850343704224,0.19164645671844482,Politics,Background
-0.32935792207717896,0.09941431134939194,Politics,Background
-0.26497846841812134,-0.004332832992076874,Politics,Background
-0.425068736076355,0.06888548284769058,Politics,Background
-0.1695503145456314,0.06999074667692184,Politics,Background
-0.3305162787437439,0.0023261383175849915,Politics,Background
-0.39429542422294617,0.15176787972450256,Politics,Background
-0.4173485040664673,0.14891448616981506,Politics,Background
-0.013632122427225113,-0.014362268149852753,Politics,Background
-0.2439267784357071,-0.05068303272128105,Politics,Background
-0.3107897639274597,0.03175120800733566,Politics,Background
-0.09764547646045685,0.09578981250524521,Politics,Background
-0.26126629114151,0.00677374005317688,Politics,Background
-0.33911803364753723,-0.03234630450606346,Politics,Background
-0.3444545865058899,-0.05091235786676407,Politics,Background
-0.06213516369462013,0.005550548434257507,Politics,Background
-0.44151389598846436,0.09864389151334763,Politics,Background
-0.4044399857521057,-0.04042583703994751,Politics,Background
-0.4527115225791931,0.0912427231669426,Politics,Background
-0.3625001907348633,0.015771083533763885,Politics,Background
-0.1900290846824646,0.15754708647727966,Politics,Background
-0.20802657306194305,0.05002279579639435,Politics,Background
-0.35198789834976196,-0.09416928887367249,Politics,Background
-0.4430308938026428,0.11701727658510208,Politics,Background
-0.3002123534679413,0.1447235643863678,Politics,Background
-0.42809006571769714,0.056069016456604004,Politics,Background
-0.2889012098312378,0.046518757939338684,Politics,Background
-0.42016446590423584,0.08487293869256973,Politics,Background
-0.33631473779678345,0.02822905033826828,Politics,Background
-0.3688872754573822,0.060963138937950134,Politics,Background
-0.3262650966644287,-0.0029114559292793274,Politics,Background
-0.06849634647369385,-0.05477985739707947,Politics,Background
-0.4124504327774048,-0.07761170715093613,Politics,Background
-0.4254600405693054,0.04622401297092438,Politics,Background
-0.44110316038131714,0.11711173504590988,Politics,Background
-0.2672949433326721,0.015262886881828308,Politics,Background
-0.4697747826576233,0.10608317703008652,Politics,Background
-0.33254146575927734,0.14191818237304688,Politics,Background
-0.1757170408964157,-0.009584501385688782,Politics,Background
-0.4454444348812103,0.08605032414197922,Politics,Background
-0.38751664757728577,0.1596004068851471,Politics,Background
-0.06974399089813232,-0.10507433861494064,Politics,Background
-0.37321603298187256,0.05363277345895767,Politics,Background
-0.28539878129959106,0.012708514928817749,Politics,Background
-0.07226650416851044,-0.10553234815597534,Politics,Background
-0.18281620740890503,0.1306399405002594,Politics,Background
0.08327240496873856,-0.10240701586008072,Politics,Background
-0.2968078851699829,-0.05804818868637085,Politics,Background
-0.3530347943305969,-0.0015561543405056,Politics,Background
-0.4649604558944702,0.10808873921632767,Politics,Background
-0.3289937376976013,0.040419645607471466,Politics,Background
-0.2826715111732483,0.17817085981369019,Politics,Background
-0.3782424032688141,-0.013633374124765396,Politics,Background
-0.39177998900413513,0.04811035841703415,Politics,Background
-0.39996564388275146,-0.0722072422504425,Politics,Background
-0.012668829411268234,0.0105862095952034,Politics,Background
-0.022232607007026672,-0.05364244431257248,Politics,Background
-0.14418189227581024,-0.007225722074508667,Politics,Background
-0.08935821056365967,-0.07621585577726364,Politics,Background
-0.4858602285385132,0.12181077152490616,Politics,Background
-0.3539946675300598,0.12260057777166367,Politics,Background
-0.31475508213043213,0.01654776930809021,Politics,Background
-0.40220507979393005,0.24384340643882751,Politics,Background
-0.21215367317199707,-0.08893139660358429,Politics,Background
-0.02059408277273178,-0.229699969291687,Politics,Background
-0.29149192571640015,-0.11012092977762222,Politics,Background
-0.240152046084404,0.039026521146297455,Politics,Background
-0.32376888394355774,-0.018282603472471237,Politics,Background
-0.15266315639019012,-0.16018325090408325,Politics,Background
-0.4362926483154297,0.07634051889181137,Politics,Background
-0.4026939272880554,0.06339769810438156,Politics,Background
-0.11452387273311615,0.16607803106307983,Politics,Background
-0.33752357959747314,0.08459722250699997,Politics,Background
-0.27657490968704224,-0.12993848323822021,Politics,Background
-0.043782953172922134,-0.17554247379302979,Politics,Background
-0.21760177612304688,0.121272511780262,Politics,Background
-0.431238055229187,0.11729524284601212,Politics,Background
-0.3578227758407593,-0.10547329485416412,Politics,Background
-0.3016257882118225,-0.021726097911596298,Politics,Background
-0.2496032565832138,0.1134989783167839,Politics,Background
-0.08254921436309814,-0.12216287851333618,Politics,Background
-0.384481281042099,-0.06430482119321823,Politics,Background
-0.26382482051849365,0.045865707099437714,Politics,Background
-0.348713219165802,-0.02425657957792282,Politics,Background
-0.3401426076889038,0.04214916378259659,Politics,Background
-0.010276813060045242,0.038000062108039856,Politics,Background
-0.4108157753944397,0.0415680855512619,Politics,Background
-0.3976104259490967,0.06591623276472092,Politics,Background
-0.3253241777420044,0.11732088774442673,Politics,Background
-0.25483930110931396,0.008356183767318726,Politics,Background
0.03313232585787773,0.0777617022395134,Politics,Background
-0.3153965175151825,0.08716338127851486,Politics,Background
-0.4542478322982788,0.11240137368440628,Politics,Background
-0.3718412518501282,-0.025118447840213776,Politics,Background
-0.3003775477409363,-0.07139061391353607,Politics,Background
-0.3003632426261902,0.163932204246521,Politics,Background
-0.3754686117172241,0.11299221962690353,Politics,Background
-0.19508488476276398,-0.10094664990901947,Politics,Background
-0.2183837890625,0.2241448163986206,Politics,Background
-0.4842349886894226,0.022378571331501007,Politics,Background
-0.46049249172210693,0.0013544708490371704,Politics,Background
-0.13188083469867706,-0.013017617166042328,Politics,Background
-0.44480791687965393,-0.0303126722574234,Politics,Background
-0.3126373291015625,0.05908535420894623,Politics,Background
-0.014786958694458008,-0.12052225321531296,Politics,Background
-0.4763694405555725,0.08615303784608841,Politics,Background
-0.4324725866317749,-0.021800752729177475,Politics,Background
-0.2844468951225281,-0.0030344948172569275,Politics,Background
-0.45321381092071533,0.12817910313606262,Politics,Background
-0.406391441822052,0.059503331780433655,Politics,Background
-0.14794190227985382,-0.020735252648591995,Politics,Background
-0.44001540541648865,0.06882340461015701,Politics,Background
-0.3670511841773987,0.01746620237827301,Politics,Background
-0.10891878604888916,0.02168218046426773,Politics,Background
-0.3929772973060608,0.10821451991796494,Politics,Background
-0.43985864520072937,0.09828328341245651,Politics,Background
-0.37613528966903687,0.10603884607553482,Politics,Background
-0.4026884436607361,0.08772533386945724,Politics,Background
-0.25757068395614624,0.04844643175601959,Politics,Background
-0.4035688638687134,0.13337597250938416,Politics,Background
-0.1950424760580063,-0.005638130009174347,Politics,Background
-0.3202804625034332,0.06370142847299576,Politics,Background
-0.23106609284877777,0.0024884790182113647,Politics,Background
-0.344774067401886,-0.0059904418885707855,Politics,Background
-0.3582178056240082,0.08878306299448013,Politics,Background
-0.3416915237903595,0.2926364243030548,Politics,Background
-0.46642956137657166,0.15439897775650024,Politics,Background
-0.37192440032958984,0.08297870308160782,Politics,Background
-0.35775214433670044,-0.028116103261709213,Politics,Background
-0.22580479085445404,0.10507332533597946,Politics,Background
-0.3252280056476593,0.1218361034989357,Politics,Background
-0.31567373871803284,0.10639023035764694,Politics,Background
-0.3826811909675598,0.06836146861314774,Politics,Background
-0.2269631177186966,0.04142811894416809,Politics,Background
-0.25535786151885986,0.01763283461332321,Politics,Background
-0.3800925314426422,0.022264838218688965,Politics,Background
-0.3617488741874695,-0.04684154689311981,Politics,Background
-0.33806586265563965,0.029459483921527863,Politics,Background
-0.4348796606063843,0.043355099856853485,Politics,Background
-0.29314398765563965,0.0036490261554718018,Politics,Background
-0.31658387184143066,-0.010384812951087952,Politics,Background
-0.4467678368091583,0.09131289273500443,Politics,Background
-0.15526412427425385,0.009859137237071991,Politics,Background
-0.19492830336093903,-0.11655297875404358,Politics,Background
-0.33573606610298157,0.22062909603118896,Politics,Background
-0.49696874618530273,-0.019053742289543152,Politics,Background
-0.17339107394218445,0.0648903176188469,Politics,Background
-0.3404138386249542,0.09645678848028183,Politics,Background
-0.34370172023773193,0.2376972734928131,Politics,Background
-0.3228166103363037,0.0071553438901901245,Politics,Background
-0.4077723026275635,-0.009004924446344376,Politics,Background
-0.46716052293777466,0.11955782026052475,Politics,Background
-0.40639472007751465,0.07758437842130661,Politics,Background
-0.4174514412879944,0.16464290022850037,Politics,Background
-0.41884511709213257,0.06054828315973282,Politics,Background
-0.36442795395851135,0.03953291475772858,Politics,Background
-0.09305964410305023,-0.02414984628558159,Politics,Background
-0.3349161148071289,0.02557014673948288,Politics,Background
-0.45587486028671265,0.05506628006696701,Politics,Background
-0.15800583362579346,0.06981047242879868,Politics,Background
-0.3362588882446289,0.011470474302768707,Politics,Background
-0.3156815767288208,-0.06288693845272064,Politics,Background
-0.14823658764362335,0.2247236967086792,Politics,Background
-0.13007427752017975,-0.11877468228340149,Politics,Background
-0.43981367349624634,0.0478525385260582,Politics,Background
-0.2733802795410156,0.1013043150305748,Politics,Background
-0.37877023220062256,0.09329133480787277,Politics,Background
-0.40019696950912476,0.016045324504375458,Politics,Background
-0.05742212012410164,-0.013962149620056152,Politics,Background
-0.18995453417301178,-0.11235808581113815,Politics,Background
-0.041813138872385025,-0.12218327820301056,Politics,Background
-0.4241945147514343,0.09085758775472641,Politics,Background
-0.10300128161907196,-0.07467080652713776,Politics,Background
-0.4128352105617523,0.11834510415792465,Politics,Background
-0.3570355772972107,0.1088399812579155,Politics,Background
-0.08430464565753937,-0.05003443360328674,Politics,Background
-0.15379495918750763,0.15319567918777466,Politics,Background
-0.03764309361577034,0.04291921854019165,Politics,Background
-0.4177573025226593,0.02655557543039322,Politics,Background
-0.3950159251689911,0.08118044584989548,Politics,Background
0.059876710176467896,-0.05120646953582764,Politics,Background
-0.12002621591091156,-0.019519463181495667,Politics,Background
-0.09690240025520325,-0.006296396255493164,Politics,Background
-0.32402271032333374,0.007690317928791046,Politics,Background
-0.38125890493392944,0.08972831815481186,Politics,Background
-0.2424008995294571,-0.07603490352630615,Politics,Background
-0.32450684905052185,0.16298583149909973,Politics,Background
-0.226270392537117,0.062066756188869476,Politics,Background
-0.39066222310066223,0.07452567666769028,Politics,Background
-0.43070685863494873,0.07016896456480026,Politics,Background
-0.08624294400215149,-0.10809154808521271,Politics,Background
-0.45756494998931885,0.0397631898522377,Politics,Background
-0.3284948766231537,0.10986023396253586,Politics,Background
-0.20124223828315735,0.056196682155132294,Politics,Background
-0.47227180004119873,0.09926562756299973,Politics,Background
-0.09110227227210999,-0.0656798705458641,Politics,Background
-0.44070860743522644,-0.027246885001659393,Politics,Background
-0.4500531852245331,0.08608340471982956,Politics,Background
-0.18067733943462372,0.07524435967206955,Politics,Background
-0.08524307608604431,-0.05895359814167023,Politics,Background
-0.3688468337059021,0.18999138474464417,Politics,Background
-0.3835492730140686,0.010439939796924591,Politics,Background
-0.4215758144855499,0.1437135636806488,Politics,Background
-0.2868719696998596,0.022734753787517548,Politics,Background
-0.3617405891418457,0.047643594443798065,Politics,Background
-0.012275952845811844,-0.026017427444458008,Politics,Background
-0.42371368408203125,0.06618460267782211,Politics,Background
-0.22099657356739044,-0.026838269084692,Politics,Background
-0.17747928202152252,-0.06860210746526718,Politics,Background
-0.3890420198440552,0.06846099346876144,Politics,Background
-0.32022973895072937,0.061677075922489166,Politics,Background
-0.17709912359714508,0.10100609809160233,Politics,Background
-0.15616345405578613,0.12879610061645508,Politics,Background
-0.37301915884017944,0.09705788642168045,Politics,Background
-0.1144186407327652,-0.001330159604549408,Politics,Background
-0.1376388818025589,0.10544123500585556,Politics,Background
-0.3629452586174011,0.08433151990175247,Politics,Background
-0.31559962034225464,-0.04055554419755936,Politics,Background
0.0465560145676136,-0.12056301534175873,Politics,Background
-0.3512212038040161,0.18545356392860413,Politics,Background
-0.3254547119140625,0.10019262880086899,Politics,Background
-0.322851300239563,-0.014249905943870544,Politics,Background
-0.4464280307292938,0.07469172030687332,Politics,Background
-0.42818328738212585,0.12493684142827988,Politics,Background
-0.41652852296829224,0.09418667107820511,Politics,Background
-0.3446867763996124,0.09144683927297592,Politics,Background
-0.41600942611694336,0.11312734335660934,Politics,Background
-0.42528092861175537,0.03899746388196945,Politics,Background
0.0754450261592865,0.027263671159744263,Politics,Background
-0.19882990419864655,0.07748519629240036,Politics,Background
-0.3928129971027374,0.053907640278339386,Politics,Background
-0.26281195878982544,0.09822043031454086,Politics,Background
-0.3273252844810486,0.06352706998586655,Politics,Background
-0.34108322858810425,0.06986569613218307,Politics,Background
-0.36809009313583374,0.20230865478515625,Politics,Background
-0.4145805239677429,0.1908690333366394,Politics,Background
-0.4039621651172638,0.10553481429815292,Politics,Background
-0.024122122675180435,0.10845484584569931,Politics,Background
-0.4533501863479614,0.04499176889657974,Politics,Background
-0.37251630425453186,0.04219681769609451,Politics,Background
-0.44660264253616333,-0.09246186912059784,Politics,Background
-0.42683273553848267,0.0015978515148162842,Politics,Background
-0.4416290521621704,0.12710034847259521,Politics,Background
-0.37278884649276733,-0.012576431035995483,Politics,Background
-0.404622346162796,0.13993972539901733,Politics,Background
-0.3564649820327759,0.1053990051150322,Politics,Background
-0.4247604012489319,0.00020907819271087646,Politics,Background
-0.32260504364967346,0.1358666718006134,Politics,Background
-0.27899253368377686,-0.037064943462610245,Politics,Background
-0.23595605790615082,0.18313199281692505,Politics,Background
-0.33579182624816895,-0.12810152769088745,Politics,Background
-0.3863380551338196,0.06866132467985153,Politics,Background
-0.18717539310455322,0.03497373312711716,Politics,Background
-0.4380709230899811,0.05763756483793259,Politics,Background
-0.14845730364322662,-0.1467488408088684,Politics,Background
-0.3174985647201538,0.10796443372964859,Politics,Background
-0.3074454069137573,0.07112535089254379,Politics,Background
-0.31884026527404785,0.12842398881912231,Politics,Background
-0.39327916502952576,-0.041833315044641495,Politics,Background
-0.41598641872406006,-0.017433568835258484,Politics,Background
-0.0879879891872406,0.0780111625790596,Politics,Background
-0.3975353538990021,0.17836952209472656,Politics,Background
-0.3858273923397064,0.09965125471353531,Politics,Background
-0.17193543910980225,0.11669766157865524,Politics,Background
0.11304941773414612,-0.07799411565065384,Politics,Background
-0.09088097512722015,-0.08818107843399048,Politics,Background
-0.07939028739929199,-0.015398886054754257,Politics,Background
-0.28525325655937195,0.14016807079315186,Politics,Background
-0.2959534525871277,0.21514049172401428,Politics,Background
-0.33697807788848877,0.11200154572725296,Politics,Background
-0.489266574382782,0.09913111478090286,Politics,Background
-0.14013414084911346,-0.06583526730537415,Politics,Background
-0.21090444922447205,0.03687620908021927,Politics,Background
-0.3982812166213989,0.05805446207523346,Politics,Background
-0.3830363154411316,-0.015343163162469864,Politics,Background
-0.39477449655532837,0.03994562476873398,Politics,Background
-0.3118945062160492,-0.07954032719135284,Politics,Background
-0.23155589401721954,0.11915349215269089,Politics,Background
-0.38456547260284424,0.058971621096134186,Politics,Background
-0.011207032948732376,-0.02534552291035652,Politics,Background
-0.3788701891899109,0.020996741950511932,Politics,Background
-0.3285624384880066,-0.1240013912320137,Politics,Background
-0.4109207093715668,0.1146848127245903,Politics,Background
-0.3037968575954437,0.09316017478704453,Politics,Background
-0.47994184494018555,0.14093473553657532,Politics,Background
-0.2932927906513214,-0.04530048742890358,Politics,Background
-0.32434290647506714,-0.04642117768526077,Politics,Background
-0.07881402969360352,-0.04534868523478508,Politics,Background
-0.1262747198343277,0.006755068898200989,Politics,Background
-0.05189620330929756,-0.004306726157665253,Politics,Background
-0.10932230949401855,0.0823720172047615,Politics,Background
-0.3803926110267639,0.013822197914123535,Politics,Background
-0.4333729147911072,0.15891343355178833,Politics,Background
-0.0247303806245327,-0.1263485550880432,Politics,Background
-0.46296924352645874,0.06218547374010086,Politics,Background
-0.2889373302459717,0.008275657892227173,Politics,Background
-0.14410711824893951,-0.09995527565479279,Politics,Background
-0.35905933380126953,0.10248924046754837,Politics,Background
-0.3415256142616272,0.038774341344833374,Politics,Background
-0.27828437089920044,0.09689991921186447,Politics,Background
-0.25430166721343994,-0.07358419895172119,Politics,Background
-0.20572702586650848,0.06071550399065018,Politics,Background
-0.2729572653770447,0.07019343227148056,Politics,Background
-0.08616778254508972,-0.15888777375221252,Politics,Background
-0.3687046766281128,0.10552013665437698,Politics,Background
-0.0831776112318039,-0.20437413454055786,Politics,Background
-0.473113477230072,0.08680909126996994,Politics,Background
-0.049456093460321426,0.05357429385185242,Politics,Background
-0.32082420587539673,0.16011568903923035,Politics,Background
-0.1647304892539978,0.15972957015037537,Politics,Background
-0.3755032420158386,0.03011365979909897,Politics,Background
-0.20516297221183777,0.04621955007314682,Politics,Background
-0.47467750310897827,0.1455165445804596,Politics,Background
-0.22953329980373383,-0.0638432502746582,Politics,Background
-0.342722624540329,0.15746665000915527,Politics,Background
-0.37768232822418213,0.04040618985891342,Politics,Background
-0.4143138527870178,0.1320628523826599,Politics,Background
-0.4258791208267212,-0.01799510419368744,Politics,Background
-0.36501356959342957,0.11546892672777176,Politics,Background
-0.38619792461395264,-0.00931471586227417,Politics,Background
-0.15545165538787842,-0.1053934395313263,Politics,Background
-0.23691792786121368,-0.00881892442703247,Politics,Background
-0.14103786647319794,0.044009700417518616,Politics,Background
-0.3249497413635254,0.0059766992926597595,Politics,Background
-0.41546201705932617,0.053266026079654694,Politics,Background
-0.33391499519348145,0.11149508506059647,Politics,Background
-0.277495801448822,0.10685541480779648,Politics,Background
-0.2973939776420593,-0.062328942120075226,Politics,Background
-0.3909205198287964,0.0999429002404213,Politics,Background
-0.06648676097393036,0.0887468233704567,Politics,Background
-0.2854993939399719,0.0926356390118599,Politics,Background
-0.16735611855983734,-0.0012444965541362762,Politics,Background
-0.4222773611545563,0.05067851394414902,Politics,Background
-0.4041316509246826,0.08432292193174362,Politics,Background
-0.046091947704553604,0.0018536671996116638,Politics,Background
-0.3716249465942383,0.023737266659736633,Politics,Background
-0.4062817096710205,-0.04278532788157463,Politics,Background
-0.3761466145515442,0.010136716067790985,Politics,Background
-0.5315933227539062,0.010486088693141937,Politics,Background
-0.2994074523448944,0.006980769336223602,Politics,Background
-0.4251605272293091,0.11031688004732132,Politics,Background
-0.42349672317504883,0.01258687674999237,Politics,Background
-0.34109488129615784,0.14870741963386536,Politics,Background
-0.1170320063829422,-0.022304467856884003,Politics,Background
-0.19221395254135132,0.010915547609329224,Politics,Background
-0.30109405517578125,0.0013284161686897278,Politics,Background
-0.3604224920272827,0.14261913299560547,Politics,Background
-0.41446733474731445,0.04758690297603607,Politics,Background
-0.17371556162834167,0.13258016109466553,Politics,Background
-0.43416357040405273,0.22836190462112427,Politics,Background
-0.37759464979171753,-0.020022444427013397,Politics,Background
-0.09517665207386017,-0.03620903193950653,Politics,Background
-0.3782128095626831,0.10229598730802536,Politics,Background
-0.40496963262557983,0.11425956338644028,Politics,Background
-0.48466014862060547,0.1134856566786766,Politics,Background
-0.23919375240802765,-0.09095193445682526,Politics,Background
-0.3262706398963928,0.16053560376167297,Politics,Background
-0.44147562980651855,0.005822367966175079,Politics,Background
-0.3249064087867737,0.12555548548698425,Politics,Background
-0.42989492416381836,0.12027951329946518,Politics,Background
-0.43219268321990967,-0.0406450517475605,Politics,Background
-0.2963270843029022,0.18987417221069336,Politics,Background
-0.2652009129524231,0.11822601407766342,Politics,Background
-0.3800808787345886,0.11846906691789627,Politics,Background
-0.08826054632663727,-0.0950329452753067,Politics,Background
-0.19601139426231384,0.09026329964399338,Politics,Background
-0.41880863904953003,0.056714095175266266,Politics,Background
-0.3002156615257263,0.03894388675689697,Politics,Background
-0.19826312363147736,0.15624237060546875,Politics,Background
-0.49367380142211914,0.08290576189756393,Politics,Background
-0.36803507804870605,0.06351373344659805,Politics,Background
-0.4116249680519104,0.10367768257856369,Politics,Background
-0.05016888305544853,0.05114830285310745,Politics,Background
-0.35955554246902466,-0.01919376850128174,Politics,Background
-0.08846282958984375,-0.02072448655962944,Politics,Background
-0.21718217432498932,-0.12463688105344772,Politics,Background
0.006331907585263252,-0.08025112748146057,Politics,Background
-0.34209775924682617,-0.01115483045578003,Politics,Background
-0.2605559825897217,-0.10931963473558426,Politics,Background
-0.1944163739681244,0.02179693430662155,Politics,Background
-0.48628902435302734,0.128164142370224,Politics,Background
-0.04416840150952339,-0.28616344928741455,Sport,Background
-0.19048874080181122,-0.2959490716457367,Sport,Background
-0.12666259706020355,-0.26436516642570496,Sport,Background
0.03293722867965698,-0.2328973114490509,Sport,Background
0.022207025438547134,-0.3175484538078308,Sport,Background
-0.011669769883155823,-0.2717660665512085,Sport,Background
0.08385913074016571,-0.2737479507923126,Sport,Background
0.11067745089530945,-0.3322432041168213,Sport,Background
-0.08968819677829742,-0.16878008842468262,Sport,Background
0.030220070853829384,-0.27552586793899536,Sport,Background
0.028126467019319534,-0.3627009689807892,Sport,Background
-0.05554651841521263,-0.2710524797439575,Sport,Background
0.07231582701206207,-0.3237772285938263,Sport,Background
0.12801003456115723,-0.3659021258354187,Sport,Background
-0.07914243638515472,-0.3039951026439667,Sport,Background
0.057135455310344696,-0.22991150617599487,Sport,Background
-0.11549003422260284,-0.3608509600162506,Sport,Background
-0.011772572994232178,-0.2606443166732788,Sport,Background
-0.010027013719081879,-0.3679525554180145,Sport,Background
-0.03511935845017433,-0.2223374843597412,Sport,Background
0.0736365020275116,-0.3442445695400238,Sport,Background
-0.00394744798541069,-0.3640556335449219,Sport,Background
0.04981567710638046,-0.42042112350463867,Sport,Background
-0.06404708325862885,-0.3764468729496002,Sport,Background
0.09027764946222305,-0.4044382870197296,Sport,Background
0.026310887187719345,-0.32828381657600403,Sport,Background
0.08775898814201355,-0.24759918451309204,Sport,Background
0.0075132958590984344,-0.25580698251724243,Sport,Background
0.1391000598669052,-0.28609564900398254,Sport,Background
0.08598621189594269,-0.2708326280117035,Sport,Background
0.2205476611852646,-0.426742285490036,Sport,Background
-0.0376349501311779,-0.3445200026035309,Sport,Background
0.07536514103412628,-0.16147765517234802,Sport,Background
0.0901888757944107,-0.2949294447898865,Sport,Background
-0.027339745312929153,-0.15165762603282928,Sport,Background
0.06887458264827728,-0.2555140256881714,Sport,Background
0.03288647532463074,-0.18580500781536102,Sport,Background
0.035443756729364395,-0.28365397453308105,Sport,Background
-0.13344557583332062,-0.29074737429618835,Sport,Background
-0.09751380980014801,-0.3091930150985718,Sport,Background
-0.1725258231163025,-0.14947786927223206,Sport,Background
0.01101897843182087,-0.25733691453933716,Sport,Background
-0.15299956500530243,-0.1791626513004303,Sport,Background
-0.011995773762464523,-0.4198093116283417,Sport,Background
0.13360626995563507,-0.5051711201667786,Sport,Background
0.07302559912204742,-0.27383729815483093,Sport,Background
0.1290697306394577,-0.3005187213420868,Sport,Background
-0.0005657896399497986,-0.20023462176322937,Sport,Background
0.03266984224319458,-0.277011901140213,Sport,Background
0.08297981321811676,-0.3260383903980255,Sport,Background
-0.13738411664962769,-0.1395815908908844,Sport,Background
0.013722207397222519,-0.22027722001075745,Sport,Background
0.09669829905033112,-0.31414565443992615,Sport,Background
0.023145176470279694,-0.22364556789398193,Sport,Background
0.04918184503912926,-0.41687560081481934,Sport,Background
0.14601147174835205,-0.2098563313484192,Sport,Background
-0.002767622470855713,-0.19275668263435364,Sport,Background
0.11100153625011444,-0.33824422955513,Sport,Background
0.11490286886692047,-0.3535045087337494,Sport,Background
-0.1614244431257248,-0.22170013189315796,Sport,Background
-0.11833122372627258,-0.26053586602211,Sport,Background
0.025276251137256622,-0.23980775475502014,Sport,Background
-0.026152249425649643,-0.2503868639469147,Sport,Background
-0.18352890014648438,-0.16949421167373657,Sport,Background
-0.004258211702108383,-0.38107845187187195,Sport,Background
-0.1663270741701126,-0.18883875012397766,Sport,Background
0.11657300591468811,-0.32745927572250366,Sport,Background
0.09440194070339203,-0.22027835249900818,Sport,Background
0.06768105924129486,-0.47128233313560486,Sport,Background
0.18998128175735474,-0.31712499260902405,Sport,Background
0.04609472304582596,-0.3997174799442291,Sport,Background
0.08493243157863617,-0.3323281407356262,Sport,Background
0.06964930891990662,-0.27074551582336426,Sport,Background
-0.06966516375541687,-0.278338223695755,Sport,Background
0.13126173615455627,-0.31540432572364807,Sport,Background
0.23026369512081146,-0.38429075479507446,Sport,Background
-0.07956935465335846,-0.006429988890886307,Sport,Background
-0.07152590155601501,-0.22050222754478455,Sport,Background
-0.007890094071626663,-0.25016286969184875,Sport,Background
0.06424106657505035,-0.22509509325027466,Sport,Background
-0.15603597462177277,-0.27644097805023193,Sport,Background
-0.19247519969940186,-0.3342554271221161,Sport,Background
0.06441348791122437,-0.2541949152946472,Sport,Background
0.04137903451919556,-0.3244002163410187,Sport,Background
-0.12060989439487457,-0.30259472131729126,Sport,Background
0.10194939374923706,-0.3667430579662323,Sport,Background
-0.08796446025371552,-0.24038562178611755,Sport,Background
0.020022165030241013,-0.352151095867157,Sport,Background
-0.02837604284286499,-0.3049432337284088,Sport,Background
0.14952000975608826,-0.3083078861236572,Sport,Background
0.10396793484687805,-0.25447720289230347,Sport,Background
0.1418006718158722,-0.48619821667671204,Sport,Background
0.1205097883939743,-0.4362930953502655,Sport,Background
0.13938304781913757,-0.19191905856132507,Sport,Background
-0.08516006171703339,-0.253972589969635,Sport,Background
0.0056081656366586685,-0.34127119183540344,Sport,Background
0.0004686005413532257,-0.32308289408683777,Sport,Background
0.03999549150466919,-0.24366185069084167,Sport,Background
0.11337581276893616,-0.30216941237449646,Sport,Background
-0.0820665955543518,-0.31917330622673035,Sport,Background
0.03492697700858116,-0.3096616864204407,Sport,Background
-0.25395917892456055,-0.1542876958847046,Sport,Background
-0.030034955590963364,-0.28687024116516113,Sport,Background
-0.032250721007585526,-0.23859798908233643,Sport,Background
0.031553637236356735,-0.30462396144866943,Sport,Background
0.08967088162899017,-0.19313344359397888,Sport,Background
0.034290611743927,-0.3329332172870636,Sport,Background
0.07071729004383087,-0.26690617203712463,Sport,Background
0.028270740061998367,-0.28060877323150635,Sport,Background
-0.22079502046108246,-0.07265287637710571,Sport,Background
-0.008818566799163818,-0.33521851897239685,Sport,Background
-0.015738818794488907,-0.3057355284690857,Sport,Background
-0.11382268369197845,-0.2533622682094574,Sport,Background
0.15623034536838531,-0.3874548375606537,Sport,Background
-0.027973581105470657,-0.3576018512248993,Sport,Background
0.15046021342277527,-0.26752132177352905,Sport,Background
-0.08213886618614197,-0.32347699999809265,Sport,Background
0.1329280585050583,-0.3791375458240509,Sport,Background
0.1485520899295807,-0.25707972049713135,Sport,Background
0.045037396252155304,-0.33409062027931213,Sport,Background
0.24543917179107666,-0.4086665213108063,Sport,Background
-0.0024909377098083496,-0.3525749146938324,Sport,Background
-0.11172501742839813,-0.2277543544769287,Sport,Background
-0.030815422534942627,-0.07945210486650467,Sport,Background
0.08572901785373688,-0.3397938013076782,Sport,Background
0.2069753259420395,-0.4059206545352936,Sport,Background
-0.055597517639398575,-0.21209868788719177,Sport,Background
-0.0007496476173400879,-0.3115764260292053,Sport,Background
0.11095145344734192,-0.3280188739299774,Sport,Background
0.07799002528190613,-0.3119226098060608,Sport,Background
0.0966825932264328,-0.3076449930667877,Sport,Background
0.16777774691581726,-0.3745294511318207,Sport,Background
0.20148460566997528,-0.40047892928123474,Sport,Background
0.08338218182325363,-0.287534236907959,Sport,Background
-0.1879820078611374,-0.2835088074207306,Sport,Background
0.1196971982717514,-0.34078291058540344,Sport,Background
0.022060204297304153,-0.4234941899776459,Sport,Background
0.06678278744220734,-0.17655128240585327,Sport,Background
0.05029156059026718,-0.32461145520210266,Sport,Background
-0.04246600344777107,-0.399677038192749,Sport,Background
-0.05149878188967705,-0.2940085828304291,Sport,Background
-0.08200949430465698,-0.2671709954738617,Sport,Background
0.01664098910987377,-0.3463880717754364,Sport,Background
-0.11186276376247406,-0.2179640829563141,Sport,Background
-0.23989377915859222,-0.2247113287448883,Sport,Background
-0.1508691906929016,-0.2815181314945221,Sport,Background
0.12684360146522522,-0.42991068959236145,Sport,Background
0.07947041839361191,-0.42410656809806824,Sport,Background
-0.05957896634936333,-0.31992051005363464,Sport,Background
-0.07274481654167175,-0.07509469240903854,Sport,Background
-0.006499726325273514,-0.36752188205718994,Sport,Background
0.08833704888820648,-0.36558547616004944,Sport,Background
0.01859356090426445,-0.2981708347797394,Sport,Background
0.02330450713634491,-0.2662709057331085,Sport,Background
-0.0018757954239845276,-0.23103094100952148,Sport,Background
0.07498371601104736,-0.15895676612854004,Sport,Background
-0.13844580948352814,-0.2641185224056244,Sport,Background
0.10164675116539001,-0.26789590716362,Sport,Background
0.08051005005836487,-0.3428633511066437,Sport,Background
0.06362886726856232,-0.5152872800827026,Sport,Background
0.058148108422756195,-0.3233816921710968,Sport,Background
0.015842102468013763,-0.2520018517971039,Sport,Background
0.1386948674917221,-0.32544222474098206,Sport,Background
-0.05384683981537819,-0.1437542736530304,Sport,Background
0.033984337002038956,-0.24742236733436584,Sport,Background
0.043963707983493805,-0.328152060508728,Sport,Background
-0.0655137300491333,-0.12184035778045654,Sport,Background
-0.1666843146085739,-0.06366579234600067,Sport,Background
-0.059233229607343674,-0.28259462118148804,Sport,Background
-0.014813993126153946,-0.33245447278022766,Sport,Background
-0.016747068613767624,-0.19797679781913757,Sport,Background
-0.09124092757701874,-0.20820185542106628,Sport,Background
-0.019935574382543564,-0.2550555169582367,Sport,Background
0.03851856663823128,-0.36773523688316345,Sport,Background
0.0909653902053833,-0.28617170453071594,Sport,Background
-0.03402552381157875,-0.21585774421691895,Sport,Background
-0.01293666660785675,-0.3837948441505432,Sport,Background
0.10301712155342102,-0.319292813539505,Sport,Background
0.13360291719436646,-0.33028432726860046,Sport,Background
0.16053850948810577,-0.3184316158294678,Sport,Background
-0.03334232047200203,-0.33822882175445557,Sport,Background
0.0197698213160038,-0.2915230393409729,Sport,Background
0.018362896516919136,-0.3287515938282013,Sport,Background
-0.056707631796598434,-0.013199787586927414,Sport,Background
-0.12191234529018402,-0.44209620356559753,Sport,Background
-0.14585977792739868,-0.2581498622894287,Sport,Background
-0.009409800171852112,-0.2463282346725464,Sport,Background
-0.054799001663923264,-0.27704522013664246,Sport,Background
0.08597443997859955,-0.16540253162384033,Sport,Background
-0.10232296586036682,-0.3551684021949768,Sport,Background
-0.09252338111400604,-0.28071701526641846,Sport,Background
0.19284175336360931,-0.3884875476360321,Sport,Background
0.035477474331855774,-0.34459713101387024,Sport,Background
-0.1766936480998993,-0.3140077292919159,Sport,Background
0.06422606110572815,-0.26574763655662537,Sport,Background
-0.022129207849502563,-0.3126487731933594,Sport,Background
0.03826538845896721,-0.1903982162475586,Sport,Background
0.10745248198509216,-0.31033700704574585,Sport,Background
-0.05757379159331322,-0.08776360005140305,Sport,Background
0.14875762164592743,-0.37668517231941223,Sport,Background
-0.003106106072664261,-0.35422107577323914,Sport,Background
-0.10432538390159607,-0.2861841320991516,Sport,Background
-0.00979321077466011,-0.34580332040786743,Sport,Background
-0.037013497203588486,-0.363554984331131,Sport,Background
0.06822648644447327,-0.36723679304122925,Sport,Background
0.016506392508745193,-0.2155647873878479,Sport,Background
-0.031249623745679855,-0.15187382698059082,Sport,Background
0.0030532069504261017,-0.32005515694618225,Sport,Background
0.10538898408412933,-0.3519130051136017,Sport,Background
0.12441538274288177,-0.45899078249931335,Sport,Background
-0.05102822557091713,-0.30632686614990234,Sport,Background
-0.13483299314975739,-0.07380040735006332,Sport,Background
-0.07627715170383453,-0.21361538767814636,Sport,Background
-0.04432647302746773,-0.16868539154529572,Sport,Background
-0.028587624430656433,-0.2627175450325012,Sport,Background
-0.08011160790920258,0.05445856600999832,Sport,Background
-0.0027396343648433685,-0.2704547345638275,Sport,Background
-0.009952187538146973,-0.36617499589920044,Sport,Background
-0.11037515103816986,-0.2722433805465698,Sport,Background
0.15644492208957672,-0.3530372083187103,Sport,Background
0.14484284818172455,-0.31696566939353943,Sport,Background
0.018390631303191185,-0.3299503028392792,Sport,Background
0.06496255099773407,-0.2899704575538635,Sport,Background
0.009192313998937607,-0.3458397090435028,Sport,Background
0.09920044243335724,-0.4138576090335846,Sport,Background
0.08391962200403214,-0.20872533321380615,Sport,Background
0.10155737400054932,-0.26772719621658325,Sport,Background
-0.12492494285106659,-0.343431293964386,Sport,Background
0.09615394473075867,-0.21325308084487915,Sport,Background
-0.041354190558195114,-0.3505919575691223,Sport,Background
0.10561494529247284,-0.3278542459011078,Sport,Background
0.024251723662018776,-0.3471962511539459,Sport,Background
-0.0768444836139679,-0.2769070863723755,Sport,Background
0.09677691757678986,-0.3835790455341339,Sport,Background
0.07539218664169312,-0.35721492767333984,Sport,Background
-0.012348953634500504,-0.298946350812912,Sport,Background
0.0817590206861496,-0.3175400495529175,Sport,Background
-0.0933266133069992,-0.3467048406600952,Sport,Background
-0.08599592745304108,-0.09915928542613983,Sport,Background
0.06864022463560104,-0.288844496011734,Sport,Background
-0.0654871016740799,-0.26083168387413025,Sport,Background
-0.03998207673430443,-0.14272795617580414,Sport,Background
0.12018068134784698,-0.2625381350517273,Sport,Background
0.09884655475616455,-0.37694016098976135,Sport,Background
-0.01666668802499771,-0.26642605662345886,Sport,Background
0.07020492851734161,-0.333297461271286,Sport,Background
0.08116259425878525,-0.24481704831123352,Sport,Background
0.02097894623875618,-0.2205319106578827,Sport,Background
0.039392344653606415,-0.20407959818840027,Sport,Background
0.052762702107429504,-0.31175118684768677,Sport,Background
0.11060278117656708,-0.1574973165988922,Sport,Background
-0.18206258118152618,-0.19144213199615479,Sport,Background
-0.009453319013118744,-0.09445496648550034,Sport,Background
0.04875498265028,-0.2893037796020508,Sport,Background
-0.1310369223356247,-0.21037352085113525,Sport,Background
-0.019708164036273956,-0.2619571089744568,Sport,Background
0.002984965220093727,-0.42714908719062805,Sport,Background
0.03827527165412903,-0.22198337316513062,Sport,Background
-0.08636274933815002,-0.36304035782814026,Sport,Background
-0.02259182557463646,-0.35768958926200867,Sport,Background
0.014878472313284874,-0.30156826972961426,Sport,Background
0.021176280453801155,-0.303805410861969,Sport,Background
-0.18526016175746918,-0.289884477853775,Sport,Background
0.12838435173034668,-0.219395250082016,Sport,Background
-0.09760156273841858,-0.19678619503974915,Sport,Background
-0.08251003921031952,-0.18124428391456604,Sport,Background
-0.006433315575122833,-0.39946624636650085,Sport,Background
-0.005041453987360001,-0.3271002471446991,Sport,Background
0.10250698029994965,-0.16652293503284454,Sport,Background
-0.12095005810260773,-0.2388494908809662,Sport,Background
0.010453229770064354,-0.15695661306381226,Sport,Background
0.06469732522964478,-0.25044071674346924,Sport,Background
-0.06404708325862885,-0.3764468729496002,Sport,Background
0.06331397593021393,-0.300932914018631,Sport,Background
0.04001239687204361,-0.23872408270835876,Sport,Background
0.04382774978876114,-0.2611832320690155,Sport,Background
0.1480012685060501,-0.19605395197868347,Sport,Background
0.031221341341733932,-0.32010334730148315,Sport,Background
-0.06233145669102669,-0.40997153520584106,Sport,Background
0.02116597257554531,-0.36397162079811096,Sport,Background
0.07828827202320099,-0.35235124826431274,Sport,Background
-0.03438903018832207,-0.2007579803466797,Sport,Background
-0.11996607482433319,-0.2717794179916382,Sport,Background
-0.0037869997322559357,-0.3977644741535187,Sport,Background
0.019051112234592438,-0.3835079073905945,Sport,Background
-0.020347483456134796,-0.2858075201511383,Sport,Background
-0.12443865835666656,-0.1810896396636963,Sport,Background
-0.0003451146185398102,-0.31486499309539795,Sport,Background
0.07754787057638168,-0.4366541802883148,Sport,Background
-0.014149714261293411,-0.2913975119590759,Sport,Background
0.0625762790441513,-0.3596896827220917,Sport,Background
-0.06758047640323639,-0.29252684116363525,Sport,Background
0.016644489020109177,-0.34439942240715027,Sport,Background
0.06450816988945007,-0.3634589612483978,Sport,Background
0.08010219782590866,-0.49029091000556946,Sport,Background
0.021771254017949104,-0.4235169589519501,Sport,Background
-0.10117307305335999,-0.20377275347709656,Sport,Background
0.021621396765112877,-0.31267687678337097,Sport,Background
-0.0307728610932827,-0.26025065779685974,Sport,Background
-0.11735005676746368,-0.2125864326953888,Sport,Background
0.13980457186698914,-0.3212510645389557,Sport,Background
-0.0003457069396972656,-0.2825607657432556,Sport,Background
-0.15219949185848236,-0.28013816475868225,Sport,Background
-0.030815422534942627,-0.07945210486650467,Sport,Background
0.003873564302921295,-0.275701105594635,Sport,Background
0.02712811343371868,-0.3554319441318512,Sport,Background
0.05174136906862259,-0.32032468914985657,Sport,Background
-0.09783364832401276,-0.33572569489479065,Sport,Background
0.08713160455226898,-0.30282941460609436,Sport,Background
0.024181649088859558,-0.2665918469429016,Sport,Background
-0.0018751509487628937,-0.07356199622154236,Sport,Background
-0.05264991894364357,-0.2236720323562622,Sport,Background
-0.04861149564385414,-0.2849815785884857,Sport,Background
-0.05444841459393501,-0.2904353439807892,Sport,Background
-0.1160452663898468,-0.3073955774307251,Sport,Background
0.037094902247190475,-0.3110502362251282,Sport,Background
0.16569991409778595,-0.25840505957603455,Sport,Background
-0.08712098002433777,-0.2630811929702759,Sport,Background
-0.00882694125175476,-0.38408759236335754,Sport,Background
0.04645440727472305,-0.09292799979448318,Sport,Background
0.06531277298927307,-0.3723830282688141,Sport,Background
0.028804831206798553,-0.33697807788848877,Sport,Background
0.08597412705421448,-0.40111199021339417,Sport,Background
0.025134194642305374,-0.3295288383960724,Sport,Background
0.024388398975133896,-0.33787062764167786,Sport,Background
0.005531858652830124,-0.329924613237381,Sport,Background
0.024797655642032623,-0.3529958426952362,Sport,Background
0.02752947062253952,-0.1404399573802948,Sport,Background
0.06393991410732269,-0.3408612310886383,Sport,Background
0.0570288822054863,-0.3479669690132141,Sport,Background
-0.08967992663383484,-0.18051883578300476,Sport,Background
0.09336569160223007,-0.295986145734787,Sport,Background
0.029426442459225655,-0.27847400307655334,Sport,Background
-0.11129707098007202,-0.21726003289222717,Sport,Background
0.08865194022655487,-0.3383186459541321,Sport,Background
0.058529019355773926,-0.2929249703884125,Sport,Background
-0.08066409826278687,-0.23200994729995728,Sport,Background
-0.19393976032733917,0.15608707070350647,Sport,Background
0.18098483979701996,-0.29399991035461426,Sport,Background
-0.02042466029524803,-0.37296345829963684,Sport,Background
0.07182751595973969,-0.31517213582992554,Sport,Background
-0.05308998003602028,-0.2658681571483612,Sport,Background
0.09277957677841187,-0.2266581952571869,Sport,Background
-0.025549598038196564,-0.28492608666419983,Sport,Background
-0.08972726762294769,-0.2987898588180542,Sport,Background
0.020127514377236366,-0.25341615080833435,Sport,Background
0.018795346841216087,-0.3086298108100891,Sport,Background
-0.03664090111851692,-0.33047187328338623,Sport,Background
-0.06439287960529327,-0.2423800528049469,Sport,Background
0.0011911112815141678,-0.23188835382461548,Sport,Background
0.06555181741714478,-0.36191681027412415,Sport,Background
-0.1795700639486313,-0.20919227600097656,Sport,Background
-0.04641956463456154,-0.25458255410194397,Sport,Background
0.0057869553565979,-0.3221888840198517,Sport,Background
0.05269780382514,-0.3049023151397705,Sport,Background
-0.0496794767677784,-0.30624252557754517,Sport,Background
0.13252674043178558,-0.30653759837150574,Sport,Background
-0.0404517762362957,-0.3072713613510132,Sport,Background
-0.02988501265645027,-0.354024738073349,Sport,Background
0.06959239393472672,-0.2869642376899719,Sport,Background
0.024368789047002792,-0.2909889817237854,Sport,Background
0.13436022400856018,-0.30523547530174255,Sport,Background
0.0003991704434156418,-0.45853331685066223,Sport,Background
0.015172267332673073,-0.1909516155719757,Sport,Background
-0.056935522705316544,-0.2105974555015564,Sport,Background
-0.10043390095233917,0.07102344185113907,Sport,Background
-0.15247288346290588,-0.03597189113497734,Sport,Background
-0.03131858631968498,-0.3226333260536194,Sport,Background
0.0420047864317894,-0.27640363574028015,Sport,Background
0.027380891144275665,-0.3512316048145294,Sport,Background
-0.028026238083839417,-0.2094837725162506,Sport,Background
-0.007405538111925125,-0.32075226306915283,Sport,Background
0.09167540073394775,-0.309566855430603,Sport,Background
-0.032867658883333206,-0.2875431478023529,Sport,Background
-0.05564190074801445,-0.2133542001247406,Sport,Background
0.027302511036396027,-0.34381964802742004,Sport,Background
-0.009759154170751572,-0.31428763270378113,Sport,Background
-0.031099308282136917,-0.2831123173236847,Sport,Background
-0.09623660147190094,-0.15126800537109375,Sport,Background
0.016874253749847412,-0.2169988751411438,Sport,Background
0.009349504485726357,-0.22742754220962524,Sport,Background
-0.004801061004400253,-0.32186442613601685,Sport,Background
0.06935633718967438,-0.19449490308761597,Sport,Background
0.06825996935367584,-0.34169623255729675,Sport,Background
0.09314168989658356,-0.35930004715919495,Sport,Background
-0.010034032166004181,-0.18808594346046448,Sport,Background
-0.19626761972904205,-0.22869247198104858,Sport,Background
0.03077779710292816,-0.2999465763568878,Sport,Background
-0.047837305814027786,-0.3725334107875824,Sport,Background
0.20915716886520386,-0.4382186830043793,Sport,Background
0.008391961455345154,-0.353400319814682,Sport,Background
-0.05203205719590187,-0.20977067947387695,Sport,Background
0.19740831851959229,-0.30744850635528564,Sport,Background
0.0450429730117321,-0.2899978458881378,Sport,Background
-0.03323857858777046,-0.2141154706478119,Sport,Background
0.1659216284751892,-0.3242395520210266,Sport,Background
0.06514348834753036,-0.3367713987827301,Sport,Background
-0.010165546089410782,-0.32021722197532654,Sport,Background
0.03905606269836426,-0.42804595828056335,Sport,Background
-0.009578883647918701,-0.2346763014793396,Sport,Background
-0.07282736897468567,-0.07826243340969086,Sport,Background
-0.16122211515903473,-0.15650877356529236,Sport,Background
0.06490232050418854,-0.2938421666622162,Sport,Background
0.016499221324920654,-0.2505839467048645,Sport,Background
0.08064340054988861,-0.16884338855743408,Sport,Background
-0.020912062376737595,-0.23383978009223938,Sport,Background
-0.15299956500530243,-0.1791626513004303,Sport,Background
0.12149524688720703,-0.45064011216163635,Sport,Background
0.03851339966058731,-0.27846455574035645,Sport,Background
-0.02348700538277626,-0.2764154076576233,Sport,Background
0.15277770161628723,-0.13740386068820953,Sport,Background
0.07460416853427887,-0.304140567779541,Sport,Background
-0.21346010267734528,-0.24267593026161194,Sport,Background
-0.21368969976902008,-0.21562492847442627,Sport,Background
-0.14574329555034637,-0.14898079633712769,Sport,Background
0.025646401569247246,-0.30174845457077026,Sport,Background
0.021845340728759766,-0.2751638889312744,Sport,Background
0.05037348344922066,-0.354351282119751,Sport,Background
0.031115544959902763,-0.2605503499507904,Sport,Background
0.021446112543344498,-0.2284664809703827,Sport,Background
-0.07885876297950745,-0.19175249338150024,Sport,Background
0.08228810131549835,-0.31878289580345154,Sport,Background
0.20225639641284943,-0.3250107169151306,Sport,Background
-0.10992878675460815,-0.4317866265773773,Sport,Background
0.10052695870399475,-0.36150816082954407,Sport,Background
0.03997909650206566,-0.358926385641098,Sport,Background
0.030870307236909866,-0.21695047616958618,Sport,Background
-0.004769187420606613,-0.3565095365047455,Sport,Background
0.08532631397247314,-0.19915634393692017,Sport,Background
0.09938493371009827,-0.36743777990341187,Sport,Background
-0.015152465552091599,-0.3636385500431061,Sport,Background
0.164513498544693,-0.2995760440826416,Sport,Background
-0.03141114488244057,-0.2396511435508728,Sport,Background
0.14449481666088104,-0.2703598737716675,Sport,Background
0.009783335030078888,-0.390459269285202,Sport,Background
-0.05134718492627144,-0.3377900719642639,Sport,Background
-0.04954848811030388,-0.30334585905075073,Sport,Background
-0.16752532124519348,-0.3842286169528961,Sport,Background
-0.04998500272631645,0.0009724199771881104,Sport,Background
0.046922944486141205,-0.3332277834415436,Sport,Background
0.10332731902599335,-0.25883162021636963,Sport,Background
-0.02740611881017685,-0.3785354197025299,Sport,Background
-0.07165403664112091,-0.39378848671913147,Sport,Background
-0.12682172656059265,-0.24581393599510193,Sport,Background
-0.015126924961805344,-0.33926039934158325,Sport,Background
0.05154837667942047,-0.32476797699928284,Sport,Background
-0.10695920884609222,-0.3239293098449707,Sport,Background
-0.01603158935904503,-0.31195563077926636,Sport,Background
0.02711828611791134,-0.4390346109867096,Sport,Background
0.06419047713279724,-0.38643965125083923,Sport,Background
0.09999598562717438,-0.4396538734436035,Sport,Background
-0.0987006425857544,-0.19610917568206787,Sport,Background
-0.0006539486348628998,-0.40332213044166565,Sport,Background
0.06104806065559387,-0.23300957679748535,Sport,Background
0.19877739250659943,-0.48464348912239075,Sport,Background
-0.24536241590976715,-0.11324836313724518,Sport,Background
0.08379627764225006,-0.31062740087509155,Sport,Background
-0.07999658584594727,-0.2915084958076477,Sport,Background
-0.03976829722523689,-0.05225938931107521,Sport,Background
-0.1835549920797348,-0.18549203872680664,Sport,Background
0.028480209410190582,-0.11404212564229965,Sport,Background
0.09083521366119385,-0.3352524936199188,Sport,Background
0.041716985404491425,-0.30700448155403137,Sport,Background
-0.1251579374074936,-0.07028470933437347,Sport,Background
0.08159734308719635,-0.33886316418647766,Sport,Background
-0.05578548088669777,-0.4296592175960541,Sport,Background
-0.03261368349194527,-0.31897398829460144,Sport,Background
0.03574206307530403,-0.3272382616996765,Sport,Background
0.023668359965085983,-0.1692337989807129,Sport,Background
-0.0747370570898056,-0.26727187633514404,Sport,Background
0.06632393598556519,-0.23357391357421875,Sport,Background
0.08669432997703552,-0.26009172201156616,Sport,Background
-0.06000271067023277,-0.4214335083961487,Sport,Background
0.10018002986907959,-0.25272485613822937,Sport,Background
0.06674358248710632,-0.36389654874801636,Sport,Background
0.08812056481838226,-0.28000131249427795,Sport,Background
0.1253548115491867,-0.29219913482666016,Sport,Background
-0.21643461287021637,-0.20189324021339417,Sport,Background
0.012054838240146637,-0.28729861974716187,Sport,Background
-0.032980192452669144,-0.37552496790885925,Sport,Background
0.11362244188785553,-0.30232319235801697,Sport,Background
0.14255839586257935,-0.27730464935302734,Sport,Background
-0.043806273490190506,-0.20637696981430054,Sport,Background
-0.1503409892320633,-0.1419088989496231,Sport,Background
0.014365598559379578,-0.3692436218261719,Sport,Background
0.06557318568229675,-0.33870723843574524,Sport,Background
0.06232567876577377,-0.47762855887413025,Sport,Background
0.028109127655625343,-0.3273487687110901,Sport,Background
-0.010615162551403046,-0.29883140325546265,Sport,Background
-0.11870726943016052,-0.23724645376205444,Sport,Background
-0.030770335346460342,-0.3411552608013153,Sport,Background
0.0729207694530487,-0.4055100381374359,Sport,Background
-0.002704765647649765,-0.31924495100975037,Sport,Background
-0.19817791879177094,-0.30628278851509094,Sport,Background
-0.0029006823897361755,-0.2358984649181366,Sport,Background
-0.10870854556560516,-0.33967334032058716,Sport,Background
0.006622888147830963,-0.295329213142395,Sport,Background
0.022480852901935577,-0.46107029914855957,Sport,Background
0.09008367359638214,-0.24748903512954712,Sport,Background
-0.03408342972397804,-0.3120078444480896,Sport,Background
-0.1015097051858902,-0.17037749290466309,Sport,Background
-0.07361429929733276,-0.1888905167579651,Sport,Background
-0.017458457499742508,-0.36615362763404846,Sport,Background
0.04431452974677086,-0.18060904741287231,Sport,Background
0.05654030293226242,-0.2620614767074585,Sport,Background
-0.021282989531755447,-0.2954491376876831,Sport,Background
0.002396099269390106,-0.3289542496204376,Sport,Background
-0.043442096561193466,-0.2682020664215088,Sport,Background
0.042128246277570724,-0.27903568744659424,Sport,Background
0.08772313594818115,-0.3558023273944855,Sport,Background
0.06740909814834595,-0.24720752239227295,Sport,Background
-0.0005568601191043854,-0.32912126183509827,Sport,Background
0.04033336043357849,-0.4576631784439087,Sport,Background
-0.09007281064987183,-0.16249707341194153,Sport,Background
0.07268539071083069,-0.3652919828891754,Sport,Background
-0.03451899066567421,-0.1741790771484375,Sport,Background
0.047262635082006454,-0.3072204887866974,Sport,Background
0.004493847489356995,-0.314730167388916,Sport,Background
0.06359288096427917,-0.3893571197986603,Sport,Background
0.05537465214729309,-0.25733134150505066,Sport,Background
0.05444192886352539,-0.24861833453178406,Sport,Background
-0.10024787485599518,-0.286639541387558,Sport,Background
-0.04323368892073631,-0.35718339681625366,Sport,Background
0.032404232770204544,-0.3252510130405426,Sport,Background
-0.050791312009096146,-0.2735685110092163,Sport,Background
0.04076124727725983,-0.30598968267440796,Sport,Background
-0.08064529299736023,-0.1757478415966034,Sport,Background
0.013212567195296288,-0.07737164944410324,Sport,Background
0.035234928131103516,-0.4262755215167999,Sport,Background
0.17233040928840637,-0.34904971718788147,Sport,Background
0.017443794757127762,-0.39981603622436523,Sport,Background
0.0988137274980545,-0.31739041209220886,Sport,Background
-0.02053750678896904,-0.26060226559638977,Sport,Background
0.10756964981555939,-0.06302573531866074,Sport,Background
-0.039691079407930374,-0.2503814399242401,Sport,Background
-0.06152765825390816,-0.34041133522987366,Sport,Background
-0.13241548836231232,-0.1713581085205078,Sport,Background
0.13401472568511963,-0.3713897168636322,Sport,Background
0.07096268236637115,-0.3001445233821869,Sport,Background
-0.09699827432632446,-0.18967372179031372,Sport,Background
0.1327107697725296,-0.4454346001148224,Sport,Background
0.1021604984998703,-0.44657447934150696,Sport,Background
-0.0335269533097744,-0.36029794812202454,Sport,Background
0.10059204697608948,-0.15481379628181458,Sport,Background
0.10133183002471924,-0.31909626722335815,Sport,Background
-0.10077627003192902,-0.2661357820034027,Sport,Background
-0.0881134569644928,-0.3259883224964142,Sport,Background
-0.12985675036907196,-0.2901940941810608,Sport,Background
-0.07154771685600281,-0.359127014875412,Sport,Background
0.1059248298406601,-0.3996816575527191,Sport,Background
0.12654568254947662,-0.3242294490337372,Sport,Background
0.010294128209352493,-0.24310311675071716,Sport,Background
0.1543666422367096,-0.2063809335231781,Sport,Background
0.07406500726938248,-0.24034512042999268,Sport,Background
0.12041820585727692,-0.3350227177143097,Sport,Background
-0.023518752306699753,-0.32328495383262634,Sport,Background
-0.013865325599908829,-0.21240028738975525,Sport,Background
-0.055379483848810196,-0.3491089642047882,Sport,Background
-0.22398625314235687,-0.3156628906726837,Sport,Background
-0.08370830118656158,-0.10353036224842072,Sport,Background
0.09086279571056366,-0.36017438769340515,Sport,Background
0.03293722867965698,-0.2328973114490509,Sport,Background
-0.0988190770149231,-0.3110554814338684,Sport,Background
-0.10767202079296112,-0.270929753780365,Sport,Background
0.10117712616920471,-0.3973551094532013,Sport,Background
0.07425045222043991,-0.23062792420387268,Sport,Background
-0.06285437941551208,-0.1695164144039154,Sport,Background
-0.009500201791524887,-0.34730780124664307,Sport,Background
-0.11480139195919037,-0.20587685704231262,Sport,Background
-0.013186275959014893,-0.2839447855949402,Sport,Background
-0.048322323709726334,-0.25268447399139404,Sport,Background
0.046215787529945374,-0.1519773304462433,Sport,Background
0.02258775755763054,-0.3821263015270233,Sport,Background
0.10715240240097046,-0.40875834226608276,Sport,Background
0.021988701075315475,-0.2693210542201996,Sport,Background
-0.02089470997452736,-0.40686243772506714,Sport,Background
-0.013694431632757187,-0.27654603123664856,Sport,Background
-0.04083631560206413,-0.15991368889808655,Sport,Background
-0.17870719730854034,-0.12725327908992767,Sport,Background
0.06255840510129929,-0.2812836170196533,Sport,Background
0.0978613793849945,-0.28103435039520264,Sport,Background
-0.04780406877398491,-0.28557348251342773,Sport,Background
-0.06286092102527618,-0.1957716941833496,Sport,Background
0.05604855716228485,-0.37584975361824036,Sport,Background
-0.04717418923974037,-0.2670149803161621,Sport,Background
-0.0818147212266922,-0.22360274195671082,Sport,Background
0.07807780802249908,-0.34956806898117065,Sport,Background
0.15033464133739471,-0.18937882781028748,Sport,Background
0.026370741426944733,-0.1627597212791443,Sport,Background
-0.06526052951812744,-0.1914750039577484,Sport,Background
-0.17455552518367767,-0.3093825876712799,Sport,Background
0.10123281180858612,-0.24898305535316467,Sport,Background
0.007217535749077797,-0.2487524151802063,Sport,Background
0.18270795047283173,-0.29989635944366455,Sport,Background
-0.08558183908462524,-0.3234623372554779,Sport,Background
-0.04546692594885826,-0.2704429030418396,Sport,Background
-0.12128111720085144,-0.26370611786842346,Sport,Background
0.005583154037594795,-0.2754223942756653,Sport,Background
0.11775100231170654,-0.35782548785209656,Sport,Background
0.019467225298285484,-0.23304134607315063,Sport,Background
0.05496937409043312,-0.3212665915489197,Sport,Background
-0.0073706842958927155,-0.4106159508228302,Sport,Background
0.12031929194927216,-0.3244345784187317,Sport,Background
0.11493024230003357,-0.3149518668651581,Sport,Background
0.01718965172767639,-0.3371809720993042,Sport,Background
0.05390295758843422,-0.30156004428863525,Sport,Background
-0.014489855617284775,-0.38766244053840637,Sport,Background
-0.021515365689992905,-0.290704607963562,Sport,Background
-0.01467883214354515,-0.22960165143013,Sport,Background
-0.037285711616277695,-0.21416038274765015,Sport,Background
-0.041773173958063126,-0.3145921528339386,Sport,Background
0.016947580501437187,-0.32924360036849976,Sport,Background
0.07054823637008667,-0.3227742910385132,Sport,Background
0.09093558043241501,-0.2959422469139099,Sport,Background
0.003057321533560753,-0.20303797721862793,Sport,Background
-0.053824204951524734,-0.37479257583618164,Sport,Background
-0.1578274369239807,-0.2701358199119568,Sport,Background
0.12818489968776703,-0.22717687487602234,Sport,Background
0.04128933325409889,-0.3795936405658722,Sport,Background
-0.014248136430978775,-0.36704161763191223,Sport,Background
0.12217645347118378,-0.4714605510234833,Sport,Background
-0.1302197128534317,-0.3141123056411743,Sport,Background
-0.008007895201444626,-0.2616041302680969,Sport,Background
0.022053278982639313,-0.23743128776550293,Sport,Background
0.03889784961938858,-0.20683324337005615,Sport,Background
0.08199623227119446,-0.42229023575782776,Sport,Background
0.10212764143943787,-0.40857240557670593,Sport,Background
-0.1663270741701126,-0.18883875012397766,Sport,Background
-0.04056848958134651,-0.2807927429676056,Sport,Background
0.015341825783252716,-0.41731420159339905,Sport,Background
0.002498442307114601,-0.302671879529953,Sport,Background
0.0375632680952549,-0.3021050989627838,Sport,Background
-0.06458641588687897,-0.20757153630256653,Sport,Background
0.061943501234054565,-0.39942795038223267,Sport,Background
0.08069875836372375,-0.41404643654823303,Sport,Background
-0.11628009378910065,-0.2278198003768921,Sport,Background
-0.014716733247041702,-0.15169528126716614,Sport,Background
-0.1879739612340927,-0.19189858436584473,Sport,Background
0.09694868326187134,-0.2622900903224945,Sport,Background
0.036589231342077255,-0.24961799383163452,Sport,Background
0.05460885912179947,-0.33011457324028015,Sport,Background
-0.0005140118300914764,-0.38395196199417114,Sport,Background
0.12341965734958649,-0.1677010953426361,Sport,Background
-0.07268136739730835,-0.24630773067474365,Sport,Background
-0.1331569105386734,0.012782730162143707,Sport,Background
-0.03992604836821556,-0.35671302676200867,Sport,Background
0.02387738786637783,-0.28436219692230225,Sport,Background
0.09271052479743958,-0.2963620126247406,Sport,Background
0.09449349343776703,-0.2512693405151367,Sport,Background
-0.011998657137155533,-0.4083369970321655,Sport,Background
-0.06582948565483093,-0.2404976189136505,Sport,Background
0.09972858428955078,-0.33265453577041626,Sport,Background
-0.09923405945301056,-0.3306751251220703,Sport,Background
0.019260143861174583,-0.1516214907169342,Sport,Background
0.05500122904777527,-0.17801837623119354,Sport,Background
-0.006757158786058426,-0.29218825697898865,Sport,Background
0.044044073671102524,-0.3689209520816803,Sport,Background
-0.015404421836137772,-0.29153862595558167,Sport,Background
0.006639603525400162,-0.4475683569908142,Sport,Background
-0.024655211716890335,-0.15507052838802338,Sport,Background
-0.12246933579444885,-0.2876122295856476,Sport,Background
-0.04042050614953041,-0.31167492270469666,Sport,Background
0.03363652527332306,-0.311754435300827,Sport,Background
-0.007463563233613968,-0.3399195373058319,Sport,Background
0.007846340537071228,-0.27207592129707336,Sport,Background
0.11911043524742126,-0.3556884229183197,Sport,Background
0.11077968776226044,-0.3486739695072174,Sport,Background
0.17855612933635712,-0.29609212279319763,Sport,Background
0.05746069923043251,-0.3543473184108734,Sport,Background
-0.00624481588602066,-0.16964368522167206,Sport,Background
0.10384555160999298,-0.17696797847747803,Sport,Background
0.013503190129995346,-0.26525062322616577,Sport,Background
-0.03397676721215248,-0.2749778926372528,Sport,Background
0.08737346529960632,-0.40679940581321716,Sport,Background
-0.11672137677669525,-0.38261350989341736,Sport,Background
0.0006550699472427368,-0.3549309968948364,Sport,Background
-0.04894488677382469,-0.28951025009155273,Sport,Background
0.05352029204368591,-0.2094917595386505,Sport,Background
0.010511623695492744,-0.29349929094314575,Sport,Background
-0.131784588098526,-0.16524973511695862,Sport,Background
0.05160930007696152,-0.3738946318626404,Sport,Background
0.10740374028682709,-0.35012704133987427,Sport,Background
-0.1869494765996933,-0.2750323712825775,Sport,Background
-0.0799667090177536,-0.34015315771102905,Sport,Background
-0.12273405492305756,-0.3201272189617157,Sport,Background
-0.006403621286153793,-0.34536734223365784,Sport,Background
0.05119866132736206,-0.22897034883499146,Sport,Background
0.14289632439613342,-0.36100491881370544,Sport,Background
0.09091520309448242,-0.27202484011650085,Sport,Background
-0.10571801662445068,-0.33216404914855957,Sport,Background
0.04806128889322281,-0.44081559777259827,Sport,Background
-0.009638965129852295,-0.3117017447948456,Sport,Background
-0.037509288638830185,-0.32714176177978516,Sport,Background
0.018825307488441467,-0.31737175583839417,Sport,Background
-0.20437060296535492,-0.2513764798641205,Sport,Background
0.03607060760259628,-0.3900444805622101,Sport,Background
-0.02276577055454254,-0.2611377537250519,Sport,Background
-0.2320386916399002,-0.32417139410972595,Sport,Background
-0.01165568083524704,-0.3347979784011841,Sport,Background
0.035179246217012405,-0.3689577877521515,Sport,Background
-0.009759154170751572,-0.31428763270378113,Sport,Background
0.08035042881965637,-0.34239456057548523,Sport,Background
0.053732141852378845,-0.3521420955657959,Sport,Background
0.05578473210334778,-0.31975769996643066,Sport,Background
0.09899714589118958,-0.27213090658187866,Sport,Background
0.045549966394901276,-0.17268633842468262,Sport,Background
0.020529508590698242,-0.2566463053226471,Sport,Background
0.05186407268047333,-0.35964831709861755,Sport,Background
-0.07944105565547943,-0.31075915694236755,Sport,Background
0.1773948222398758,-0.13343185186386108,Sport,Background
-0.1262751817703247,-0.3050072193145752,Sport,Background
-0.06518420577049255,-0.20175829529762268,Sport,Background
-0.10043390095233917,0.07102344185113907,Sport,Background
-0.002243824303150177,-0.3579676151275635,Sport,Background
0.006622012704610825,-0.414368599653244,Sport,Background
-0.013592157512903214,-0.36930450797080994,Sport,Background
0.03532358258962631,-0.14418208599090576,Sport,Background
-0.1634470671415329,-0.18943217396736145,Sport,Background
-0.08343055844306946,-0.3075311779975891,Sport,Background
-0.02351793274283409,-0.2986929416656494,Sport,Background
-0.1716996282339096,-0.06343871355056763,Sport,Background
0.05007009208202362,-0.4006900191307068,Sport,Background
0.07335662841796875,-0.37184086441993713,Sport,Background
-0.0332992784678936,-0.4905722439289093,Sport,Background
0.08085739612579346,-0.3335566222667694,Sport,Background
-0.09440794587135315,-0.2833997309207916,Sport,Background
0.11254419386386871,-0.27175891399383545,Sport,Background
-0.05524847283959389,-0.24404415488243103,Sport,Background
-0.09815126657485962,-0.20167317986488342,Sport,Background
0.032600875943899155,-0.41968515515327454,Sport,Background
0.02620588056743145,-0.23777711391448975,Sport,Background
-0.03799446299672127,-0.31263643503189087,Sport,Background
0.13008593022823334,-0.38831809163093567,Sport,Background
0.04417634755373001,-0.3739885985851288,Sport,Background
0.11738699674606323,-0.3345276117324829,Sport,Background
0.18882271647453308,-0.29511699080467224,Sport,Background
-0.019210420548915863,-0.33663210272789,Sport,Background
-0.030887454748153687,-0.14407199621200562,Sport,Background
-0.05970307067036629,-0.30425673723220825,Sport,Background
-0.09880654513835907,-0.18260177969932556,Sport,Background
0.09412659704685211,-0.4953818917274475,Sport,Background
-0.003200732171535492,-0.4309913218021393,Sport,Background
-0.19568274915218353,-0.21017536520957947,Sport,Background
-0.043570566922426224,-0.3943336308002472,Sport,Background
-0.08052973449230194,-0.16792231798171997,Sport,Background
-0.04916045442223549,-0.3182682991027832,Sport,Background
-0.1346651315689087,-0.14902281761169434,Sport,Background
-0.028454985469579697,-0.2886582016944885,Sport,Background
-0.008684873580932617,-0.30437302589416504,Sport,Background
-0.04898591712117195,-0.29151463508605957,Sport,Background
0.055766209959983826,-0.16846194863319397,Sport,Background
0.032681774348020554,-0.4313980042934418,Sport,Background
0.1558135449886322,-0.2699950039386749,Sport,Background
0.08672350645065308,-0.3742271363735199,Sport,Background
-0.02369900420308113,-0.1735590398311615,Sport,Background
0.06327797472476959,-0.33829590678215027,Sport,Background
-0.021344896405935287,-0.34875696897506714,Sport,Background
0.05147622525691986,-0.21380293369293213,Sport,Background
0.021384410560131073,-0.2700215280056,Sport,Background
0.03186456859111786,-0.38837456703186035,Sport,Background
0.005463222041726112,-0.24633479118347168,Sport,Background
-0.049615878611803055,-0.2041219174861908,Sport,Background
0.05802108719944954,-0.4019060432910919,Sport,Background
-0.15163740515708923,-0.2936919927597046,Sport,Background
0.10093514621257782,-0.37709251046180725,Sport,Background
0.03298238664865494,-0.2924799919128418,Sport,Background
-0.02343648299574852,-0.27137553691864014,Sport,Background
-0.033926915377378464,-0.18500633537769318,Sport,Background
-0.10870854556560516,-0.33967334032058716,Sport,Background
0.08703459799289703,-0.31899937987327576,Sport,Background
0.05222766846418381,-0.2180243730545044,Sport,Background
-0.0058513544499874115,-0.3549090325832367,Sport,Background
-0.06279440224170685,-0.32949474453926086,Sport,Background
-0.010175760835409164,-0.261803537607193,Sport,Background
0.004602067172527313,-0.27080124616622925,Sport,Background
-0.01637839898467064,-0.4307727515697479,Sport,Background
-0.09751845896244049,-0.2767561376094818,Sport,Background
-0.02795591950416565,-0.2404100000858307,Sport,Background
0.16987882554531097,-0.3983248174190521,Sport,Background
-0.013222586363554,-0.41408148407936096,Sport,Background
-0.10837049782276154,-0.1415499746799469,Sport,Background
-0.03589477762579918,-0.3570214807987213,Sport,Background
0.10057181119918823,-0.26595667004585266,Sport,Background
0.09519092738628387,-0.3401993215084076,Sport,Background
0.09913301467895508,-0.3358747065067291,Sport,Background
-0.17688538134098053,-0.19768008589744568,Sport,Background
0.021053379401564598,-0.36268147826194763,Sport,Background
-0.03074762225151062,-0.33366093039512634,Sport,Background
0.09366579353809357,-0.29926228523254395,Sport,Background
0.023681147024035454,-0.3605703115463257,Sport,Background
0.05511316657066345,-0.21428212523460388,Sport,Background
0.081486776471138,-0.2259349524974823,Sport,Background
0.07498371601104736,-0.15895676612854004,Sport,Background
-0.02925274148583412,-0.33578038215637207,Sport,Background
-0.02252889797091484,-0.3616536259651184,Sport,Background
-0.0029541850090026855,-0.33767011761665344,Sport,Background
-0.029308516532182693,-0.3097509443759918,Sport,Background
0.003870207816362381,-0.23361200094223022,Sport,Background
0.07237526774406433,-0.3117910325527191,Sport,Background
-0.13417395949363708,-0.18460655212402344,Sport,Background
-0.0362873412668705,-0.2277071177959442,Sport,Background
-0.14399874210357666,-0.3441428542137146,Sport,Background
0.11998583376407623,-0.33920544385910034,Sport,Background
-0.14714477956295013,-0.39464572072029114,Sport,Background
-0.0048551857471466064,-0.3244568407535553,Sport,Background
-0.002078864723443985,-0.345826655626297,Sport,Background
0.07180330157279968,-0.25296464562416077,Sport,Background
0.06700984388589859,-0.254265159368515,Sport,Background
0.005660302937030792,-0.24976259469985962,Sport,Background
0.016409359872341156,-0.352498859167099,Sport,Background
0.15608322620391846,-0.33327212929725647,Sport,Background
0.0198773592710495,-0.28557825088500977,Sport,Background
0.18087880313396454,-0.3570818305015564,Sport,Background
-0.08245603740215302,-0.35347267985343933,Sport,Background
0.13447493314743042,-0.2623256742954254,Sport,Background
-0.015221785753965378,-0.24605366587638855,Sport,Background
0.003962384536862373,-0.3122929334640503,Sport,Background
0.008443979546427727,-0.23889589309692383,Sport,Background
-0.15047504007816315,-0.19594508409500122,Sport,Background
-0.06717918813228607,-0.20847547054290771,Sport,Background
0.05156286805868149,-0.29729774594306946,Sport,Background
-0.1986708790063858,-0.24317190051078796,Sport,Background
-0.04336875304579735,-0.32956138253211975,Sport,Background
0.0021117758005857468,-0.3251524865627289,Sport,Background
0.0964130312204361,-0.4805813133716583,Sport,Background
-0.11990569531917572,-0.17169320583343506,Sport,Background
-0.1843305081129074,-0.11061525344848633,Sport,Background
-0.000371783971786499,-0.35081300139427185,Sport,Background
-0.11042104661464691,-0.12438366562128067,Sport,Background
0.1298104226589203,-0.38136258721351624,Sport,Background
0.006433963775634766,-0.32065847516059875,Sport,Background
0.08096946775913239,-0.3159426152706146,Sport,Background
0.06647360324859619,-0.3494665324687958,Sport,Background
-0.002481166273355484,-0.2791217267513275,Sport,Background
-0.007950540632009506,-0.32931941747665405,Sport,Background
0.015473702922463417,-0.2879091501235962,Sport,Background
-0.11789894104003906,-0.23564094305038452,Sport,Background
-0.02443874254822731,-0.34790942072868347,Sport,Background
0.06972068548202515,-0.4207989275455475,Sport,Background
0.07310864329338074,-0.17946067452430725,Sport,Background
-0.02703796699643135,-0.13832230865955353,Sport,Background
0.058592647314071655,-0.2556522786617279,Sport,Background
-0.19148249924182892,-0.17036336660385132,Sport,Background
0.05798271670937538,-0.44460317492485046,Sport,Background
0.17776745557785034,-0.4109000861644745,Sport,Background
-0.036719586700201035,-0.30363717675209045,Sport,Background
-0.11175854504108429,-0.3055451214313507,Sport,Background
-0.08742108941078186,-0.2668187916278839,Sport,Background
0.07581043243408203,-0.41139671206474304,Sport,Background
0.08300507813692093,-0.3178878724575043,Sport,Background
0.03293722867965698,-0.2328973114490509,Sport,Background
0.009213944897055626,-0.30201268196105957,Sport,Background
0.030499853193759918,-0.2798191010951996,Sport,Background
0.06420102715492249,-0.4141367971897125,Sport,Background
-0.13617688417434692,-0.2684561014175415,Sport,Background
0.10610403120517731,-0.2018882930278778,Sport,Background
0.06864771991968155,-0.3464658558368683,Sport,Background
0.09753084182739258,-0.32754769921302795,Sport,Background
0.14622220396995544,-0.41828450560569763,Sport,Background
-0.11983492970466614,-0.23344793915748596,Sport,Background
-0.07429669797420502,-0.2510527968406677,Sport,Background
0.06292770802974701,-0.24021929502487183,Sport,Background
-0.11199924349784851,-0.15583941340446472,Sport,Background
0.03448372334241867,-0.3089333474636078,Sport,Background
0.14203083515167236,-0.31655505299568176,Sport,Background
0.03228969871997833,-0.28155410289764404,Sport,Background
0.007147524505853653,-0.24883469939231873,Sport,Background
0.15865245461463928,-0.4009701907634735,Sport,Background
-0.16678835451602936,-0.12724021077156067,Sport,Background
0.06902799010276794,-0.1198686957359314,Sport,Background
0.022885775193572044,-0.29804661870002747,Sport,Background
0.11686669290065765,-0.2289852797985077,Sport,Background
-0.0014408193528652191,-0.30058369040489197,Sport,Background
0.06369766592979431,-0.23436614871025085,Sport,Background
0.06994321942329407,-0.3020355999469757,Sport,Background
-0.03213753178715706,-0.37958118319511414,Sport,Background
-0.008892115205526352,-0.32086440920829773,Sport,Background
-0.051683295518159866,-0.3763827979564667,Sport,Background
0.14200152456760406,-0.21384677290916443,Sport,Background
0.1395774781703949,-0.38676124811172485,Sport,Background
-0.15299956500530243,-0.1791626513004303,Sport,Background
0.04962242394685745,-0.1775953471660614,Sport,Background
0.04051407799124718,-0.3341745436191559,Sport,Background
-0.1585780680179596,-0.20939719676971436,Sport,Background
-0.07805721461772919,-0.14129102230072021,Sport,Background
0.10101597011089325,-0.40469205379486084,Sport,Background
0.04115225374698639,-0.5232128500938416,Sport,Background
-0.020288977771997452,-0.3475836217403412,Sport,Background
0.0170170646160841,-0.3126230835914612,Sport,Background
-0.08644869923591614,-0.3026338815689087,Sport,Background
0.021577470004558563,-0.4261327087879181,Sport,Background
0.08827916532754898,-0.42475825548171997,Sport,Background
-0.09917214512825012,-0.17880648374557495,Sport,Background
0.043641384690999985,-0.28816697001457214,Sport,Background
0.057329144328832626,-0.4136958420276642,Sport,Background
-0.07841315865516663,-0.4057147204875946,Sport,Background
-0.04119165614247322,-0.48134830594062805,Sport,Background
0.08972454071044922,-0.32546931505203247,Sport,Background
0.04173251986503601,-0.2500593960285187,Sport,Background
-0.009884022176265717,-0.3468157947063446,Sport,Background
0.17552058398723602,-0.3628697693347931,Sport,Background
0.009551461786031723,-0.32042691111564636,Sport,Background
0.01939048245549202,-0.26282089948654175,Sport,Background
0.0568002387881279,-0.3329527676105499,Sport,Background
-0.026544928550720215,-0.34453290700912476,Sport,Background
0.002184595912694931,-0.2885187864303589,Sport,Background
-0.16230301558971405,-0.2707885801792145,Sport,Background
-0.026302751153707504,-0.36310359835624695,Sport,Background
-0.047318484634160995,-0.38303354382514954,Sport,Background
0.08952026069164276,-0.1563834547996521,Sport,Background
0.044406019151210785,-0.3097184896469116,Sport,Background
-0.0069834329187870026,-0.33217254281044006,Sport,Background
0.06313394755125046,-0.4416804909706116,Sport,Background
0.1129983514547348,-0.26361680030822754,Sport,Background
0.019540609791874886,-0.2445305585861206,Sport,Background
0.17725352942943573,-0.2935021221637726,Sport,Background
-0.15857793390750885,-0.21339735388755798,Sport,Background
-0.11419931054115295,-0.24257412552833557,Sport,Background
0.061613358557224274,-0.40082883834838867,Sport,Background
-0.18985354900360107,-0.24244120717048645,Sport,Background
0.029072823002934456,-0.31243690848350525,Sport,Background
0.054544150829315186,-0.28736525774002075,Sport,Background
0.021946657449007034,-0.24399742484092712,Sport,Background
0.006466193124651909,-0.34348103404045105,Sport,Background
0.035248298197984695,-0.19485855102539062,Sport,Background
0.07876111567020416,-0.26894238591194153,Sport,Background
-0.1301896721124649,-0.33624979853630066,Sport,Background
0.023000413551926613,-0.1418401449918747,Sport,Background
0.02434961497783661,-0.4189435541629791,Sport,Background
-0.0935201644897461,-0.3349051773548126,Sport,Background
-0.029083840548992157,-0.24437549710273743,Sport,Background
-0.02154599502682686,-0.3580363094806671,Sport,Background
0.07409824430942535,-0.27585846185684204,Sport,Background
-0.024826034903526306,-0.38939133286476135,Sport,Background
-0.18704049289226532,-0.2944228947162628,Sport,Background
0.010498952120542526,-0.3676994740962982,Sport,Background
-0.08059152960777283,-0.2393799126148224,Sport,Background
0.10085444152355194,-0.22650286555290222,Sport,Background
-0.13805226981639862,-0.05941890925168991,Sport,Background
0.008824877440929413,-0.2676275670528412,Sport,Background
0.10783939063549042,-0.26907795667648315,Sport,Background
-0.1409067064523697,-0.19835704565048218,Sport,Background
0.043689340353012085,-0.3549034297466278,Sport,Background
0.012364497408270836,-0.298648476600647,Sport,Background
0.03704383224248886,-0.29447102546691895,Sport,Background
-0.010081920772790909,-0.2730949819087982,Sport,Background
0.054918691515922546,-0.3733680844306946,Sport,Background
-0.10918392241001129,-0.17595307528972626,Sport,Background
0.021738842129707336,-0.1764267385005951,Sport,Background
0.10793155431747437,-0.338749498128891,Sport,Background
-0.03637026622891426,-0.14202314615249634,Sport,Background
0.10166977345943451,-0.33509406447410583,Sport,Background
-0.029003892093896866,-0.30888375639915466,Sport,Background
-0.11424991488456726,-0.2229214310646057,Sport,Background
-0.0519091822206974,-0.3458510637283325,Sport,Background
-0.039817068725824356,-0.4105171263217926,Sport,Background
0.09254959225654602,-0.2560157775878906,Sport,Background
-0.0861777812242508,-0.15473875403404236,Sport,Background
0.014472952112555504,-0.2752738893032074,Sport,Background
-0.0003498084843158722,-0.141495943069458,Sport,Background
0.1154690682888031,-0.21378740668296814,Sport,Background
0.024698276072740555,-0.20528241991996765,Sport,Background
-0.007601812481880188,-0.27471548318862915,Sport,Background
0.11037442088127136,-0.2715560793876648,Sport,Background
0.06682950258255005,-0.22980138659477234,Sport,Background
0.06578183174133301,-0.18155714869499207,Sport,Background
0.04236223176121712,-0.3281152546405792,Sport,Background
-0.09514762461185455,-0.397848904132843,Sport,Background
-0.17134402692317963,-0.3033345639705658,Sport,Background
-0.07060723006725311,-0.36000746488571167,Sport,Background
0.001064017415046692,-0.37212124466896057,Sport,Background
0.04739942401647568,-0.3087414503097534,Sport,Background
-0.006532557308673859,-0.23718926310539246,Sport,Background
0.005780274048447609,-0.3476734161376953,Sport,Background
0.17669080197811127,-0.22466468811035156,Sport,Background
0.022237619385123253,-0.22259366512298584,Sport,Background
0.007769528776407242,-0.22656026482582092,Sport,Background
0.0007659550756216049,-0.3607281744480133,Sport,Background
-0.021096084266901016,-0.32209688425064087,Sport,Background
-0.006491255015134811,-0.16940531134605408,Sport,Background
0.12382131814956665,-0.2670784890651703,Sport,Background
0.04186513274908066,-0.33335569500923157,Sport,Background
-0.03362002596259117,-0.3033455014228821,Sport,Background
0.00905650481581688,-0.2788533568382263,Sport,Background
0.018343070521950722,-0.3642660975456238,Sport,Background
0.06009504944086075,-0.29003533720970154,Sport,Background
0.045778773725032806,-0.3065928518772125,Sport,Background
0.1624746173620224,-0.3663344085216522,Sport,Background
-0.1968601793050766,-0.11615891754627228,Sport,Background
-0.03852534666657448,-0.35722360014915466,Sport,Background
-0.04211965575814247,-0.2927634119987488,Sport,Background
0.006726788356900215,-0.419210821390152,Sport,Background
0.13406774401664734,-0.3268735110759735,Sport,Background
0.13301368057727814,-0.3648112714290619,Sport,Background
-0.0014635920524597168,-0.3620547950267792,Sport,Background
0.08031433820724487,-0.3842410147190094,Sport,Background
0.04769842326641083,-0.37491896748542786,Sport,Background
-0.042866092175245285,-0.2749112546443939,Sport,Background
0.05426229536533356,-0.378601998090744,Sport,Background
-0.04130840674042702,-0.23687928915023804,Sport,Background
0.6039591431617737,0.08400251716375351,Universe,Background
0.5187366008758545,0.09769514948129654,Universe,Background
0.17708460986614227,-0.04090021550655365,Universe,Background
0.31361377239227295,-0.008510828018188477,Universe,Background
0.6221060752868652,0.10520584136247635,Universe,Background
0.6152629852294922,0.09324008971452713,Universe,Background
0.576974630355835,0.04897299408912659,Universe,Background
0.2869621813297272,0.026887357234954834,Universe,Background
0.5758728981018066,-0.0025372058153152466,Universe,Background
0.3445528745651245,0.060147322714328766,Universe,Background
0.13536995649337769,-0.0809686928987503,Universe,Background
0.6062755584716797,0.095183365046978,Universe,Background
0.6217149496078491,0.057097725570201874,Universe,Background
0.11385539174079895,-0.24942359328269958,Universe,Background
0.6787759065628052,0.048447899520397186,Universe,Background
0.25138214230537415,-0.1311335563659668,Universe,Background
0.2840961813926697,-0.13976097106933594,Universe,Background
0.6450517177581787,0.0027648136019706726,Universe,Background
0.6109457015991211,0.06042324751615524,Universe,Background
0.6069229245185852,0.02447337657213211,Universe,Background
0.10269509255886078,-0.13170406222343445,Universe,Background
0.6257384419441223,0.03990883380174637,Universe,Background
0.6482316255569458,0.08273818343877792,Universe,Background
0.12701265513896942,-0.13000226020812988,Universe,Background
0.20815837383270264,-0.06895987689495087,Universe,Background
0.21210481226444244,-0.23919108510017395,Universe,Background
0.3220538794994354,-0.09282150864601135,Universe,Background
0.6035473346710205,0.0068833306431770325,Universe,Background
0.21650470793247223,-0.1320083737373352,Universe,Background
0.07509198784828186,-0.4109399616718292,Universe,Background
0.5204164981842041,0.10954020172357559,Universe,Background
0.4285304844379425,-0.023413091897964478,Universe,Background
0.24015523493289948,-0.07221280783414841,Universe,Background
0.537750244140625,-0.03725309669971466,Universe,Background
0.6398360729217529,0.06666713207960129,Universe,Background
0.2635156512260437,-0.05931178480386734,Universe,Background
0.6017085313796997,0.12427171319723129,Universe,Background
0.020609300583600998,-0.26725733280181885,Universe,Background
0.562804639339447,0.07412583380937576,Universe,Background
0.627356767654419,0.04429721087217331,Universe,Background
0.22027935087680817,0.06007155030965805,Universe,Background
0.6483919620513916,0.057611770927906036,Universe,Background
-0.07671418786048889,0.07812751084566116,Universe,Background
-0.048191580921411514,-0.010475918650627136,Universe,Background
0.649822473526001,0.054649896919727325,Universe,Background
0.6542474627494812,0.04192357510328293,Universe,Background
0.1614881306886673,-0.0017115771770477295,Universe,Background
0.6778246760368347,0.08081581443548203,Universe,Background
0.15810738503932953,-0.2839018404483795,Universe,Background
0.24715973436832428,-0.1923690140247345,Universe,Background
0.6575605869293213,0.06585489958524704,Universe,Background
0.15394723415374756,-0.10940249264240265,Universe,Background
0.6974083781242371,0.012143783271312714,Universe,Background
0.39017218351364136,0.18533462285995483,Universe,Background
0.17989133298397064,-0.16074919700622559,Universe,Background
0.2770096957683563,-0.05116438493132591,Universe,Background
0.6154818534851074,-0.009034581482410431,Universe,Background
0.6509962677955627,0.0993892177939415,Universe,Background
0.6188052296638489,0.020579315721988678,Universe,Background
0.2541758120059967,-0.020321741700172424,Universe,Background
0.44184446334838867,-0.05004522576928139,Universe,Background
0.6745060682296753,0.06659796088933945,Universe,Background
0.4676746726036072,0.012315444648265839,Universe,Background
0.09423880279064178,-0.0819205641746521,Universe,Background
0.5771642923355103,0.003372788429260254,Universe,Background
0.1371096968650818,-0.06733136624097824,Universe,Background
0.6274670958518982,0.09748566895723343,Universe,Background
0.6382862329483032,0.000980868935585022,Universe,Background
0.14502671360969543,-0.2869264483451843,Universe,Background
0.6745060682296753,0.06659796088933945,Universe,Background
0.31888502836227417,-0.08286113291978836,Universe,Background
0.7012626528739929,0.06022654473781586,Universe,Background
0.637300431728363,0.039298705756664276,Universe,Background
0.6451870203018188,0.09409723430871964,Universe,Background
0.5987672805786133,0.10267513245344162,Universe,Background
-0.018683016300201416,-0.05485821142792702,Universe,Background
0.46522772312164307,0.07829483598470688,Universe,Background
0.6896419525146484,0.05572929233312607,Universe,Background
0.3037000894546509,-0.08992478996515274,Universe,Background
0.6441302299499512,0.07922834903001785,Universe,Background
0.6309872269630432,0.11273019760847092,Universe,Background
0.18658725917339325,0.03139182925224304,Universe,Background
0.1937420815229416,-0.10436610132455826,Universe,Background
0.25926831364631653,-0.013395838439464569,Universe,Background
0.2517802119255066,-0.05678490921854973,Universe,Background
0.3126124143600464,-0.07757394015789032,Universe,Background
1.8194317817687988e-05,-0.03760240972042084,Universe,Background
0.13417112827301025,-0.07555241882801056,Universe,Background
0.6448526382446289,0.05362914502620697,Universe,Background
0.3124605417251587,-0.14989829063415527,Universe,Background
0.6629122495651245,-0.007662646472454071,Universe,Background
0.4671615958213806,-0.02034642919898033,Universe,Background
-0.0494060255587101,-0.09438119828701019,Universe,Background
0.17113061249256134,-0.055991582572460175,Universe,Background
0.5762321949005127,0.03177283704280853,Universe,Background
0.22436320781707764,-0.13564953207969666,Universe,Background
0.5365601181983948,-0.0023802556097507477,Universe,Background
0.6256448030471802,0.04694073647260666,Universe,Background
0.3480793833732605,-0.0764843225479126,Universe,Background
0.42370009422302246,0.05701778084039688,Universe,Background
0.21572671830654144,-0.1548996865749359,Universe,Background
0.6415454149246216,0.0339248850941658,Universe,Background
0.5976382493972778,0.07350780814886093,Universe,Background
0.637300431728363,0.039298705756664276,Universe,Background
0.5910670757293701,0.1027655228972435,Universe,Background
0.3828820586204529,-0.004287060350179672,Universe,Background
0.4364129304885864,0.021420054137706757,Universe,Background
0.6657481789588928,0.03276025503873825,Universe,Background
0.5813443064689636,0.01572149246931076,Universe,Background
0.19417507946491241,-0.14367540180683136,Universe,Background
0.39196011424064636,-0.05868910625576973,Universe,Background
0.6692156195640564,0.05701924115419388,Universe,Background
0.35253557562828064,-0.045956045389175415,Universe,Background
0.2233322113752365,-0.15449601411819458,Universe,Background
0.260723739862442,-0.061299096792936325,Universe,Background
0.152301624417305,-0.07513665407896042,Universe,Background
0.3414320945739746,-0.07824436575174332,Universe,Background
0.25272029638290405,-0.007970668375492096,Universe,Background
-0.06413254141807556,-0.05069563910365105,Universe,Background
0.6736391186714172,0.10528048127889633,Universe,Background
0.11187094449996948,-0.06267319619655609,Universe,Background
0.24863067269325256,-0.0646001324057579,Universe,Background
0.3068144917488098,-0.04551233351230621,Universe,Background
0.6029653549194336,0.003726080060005188,Universe,Background
0.12198740243911743,-0.342038631439209,Universe,Background
0.16886194050312042,-0.24984115362167358,Universe,Background
0.1644384115934372,-0.03258788585662842,Universe,Background
0.18371184170246124,-0.17380380630493164,Universe,Background
0.08914951980113983,-0.361148476600647,Universe,Background
0.6638450622558594,-0.0028166770935058594,Universe,Background
0.2452012449502945,-0.1277415156364441,Universe,Background
0.5955677032470703,0.014775492250919342,Universe,Background
0.0894809365272522,-0.13838374614715576,Universe,Background
0.6365182995796204,0.019768886268138885,Universe,Background
0.6205759048461914,0.06710980087518692,Universe,Background
0.15068288147449493,-0.11036773025989532,Universe,Background
0.651531457901001,0.08752801269292831,Universe,Background
0.26559653878211975,-0.015712812542915344,Universe,Background
0.6033949851989746,0.08484362810850143,Universe,Background
0.6415454149246216,0.0339248850941658,Universe,Background
0.16726665198802948,-0.12233060598373413,Universe,Background
0.6382862329483032,0.000980868935585022,Universe,Background
0.2756649851799011,-0.07069199532270432,Universe,Background
0.4137209355831146,-0.026950068771839142,Universe,Background
0.06091131642460823,-0.094765305519104,Universe,Background
0.6415454149246216,0.0339248850941658,Universe,Background
0.5697232484817505,0.08551483601331711,Universe,Background
0.7233715057373047,0.04042280465364456,Universe,Background
0.3668753504753113,-0.14198225736618042,Universe,Background
0.6692156195640564,0.05701924115419388,Universe,Background
0.11715918779373169,-0.1087002158164978,Universe,Background
0.20830363035202026,-0.06271523982286453,Universe,Background
0.2488483041524887,-0.2108328938484192,Universe,Background
0.27852529287338257,-0.057218149304389954,Universe,Background
-0.026826176792383194,0.035395026206970215,Universe,Background
0.5123417973518372,0.02665773779153824,Universe,Background
0.49171364307403564,-0.044408753514289856,Universe,Background
0.09435617923736572,-0.14891964197158813,Universe,Background
0.6699181199073792,0.03475474566221237,Universe,Background
0.6393650770187378,0.023112013936042786,Universe,Background
-0.01911827176809311,-0.16987502574920654,Universe,Background
0.6362147331237793,0.05595238506793976,Universe,Background
0.58066725730896,0.08281169086694717,Universe,Background
0.427390992641449,-0.0813136100769043,Universe,Background
0.5948463678359985,0.04278907924890518,Universe,Background
0.7006522417068481,0.025741316378116608,Universe,Background
0.6413485407829285,-0.000491119921207428,Universe,Background
0.5226428508758545,0.0945817157626152,Universe,Background
0.3111094832420349,-0.07052093744277954,Universe,Background
0.2500889003276825,-0.014686763286590576,Universe,Background
0.2999475598335266,-0.01575760543346405,Universe,Background
0.24474307894706726,-0.19802191853523254,Universe,Background
0.6826828718185425,0.005367010831832886,Universe,Background
0.6635242700576782,0.024288251996040344,Universe,Background
0.660383939743042,0.027699090540409088,Universe,Background
0.34947454929351807,-0.10308699309825897,Universe,Background
0.32069385051727295,-0.004861239343881607,Universe,Background
0.3485804796218872,0.11167087405920029,Universe,Background
0.23243559896945953,-0.037499621510505676,Universe,Background
0.6114622354507446,0.08425872772932053,Universe,Background
0.42712074518203735,0.0415944829583168,Universe,Background
0.4453735053539276,-0.041732508689165115,Universe,Background
0.5397767424583435,-0.02547387406229973,Universe,Background
0.3761041760444641,-0.05156330391764641,Universe,Background
0.604630708694458,0.051641739904880524,Universe,Background
0.5701557397842407,0.07715523988008499,Universe,Background
0.15455074608325958,-0.01105622947216034,Universe,Background
0.20431728661060333,-0.05933244898915291,Universe,Background
0.040762245655059814,-0.18428382277488708,Universe,Background
0.6274670958518982,0.09748566895723343,Universe,Background
0.1964731365442276,-0.028375882655382156,Universe,Background
0.0786292552947998,0.04771818965673447,Universe,Background
0.08736632764339447,-0.10348403453826904,Universe,Background
0.14321473240852356,0.056437328457832336,Universe,Background
0.667414128780365,0.1276697814464569,Universe,Background
0.6495715379714966,0.08979298919439316,Universe,Background
0.6221060752868652,0.10520584136247635,Universe,Background
0.6205071210861206,-0.0195552259683609,Universe,Background
0.09936055541038513,-0.13709217309951782,Universe,Background
0.15590642392635345,-0.033340804278850555,Universe,Background
0.42424505949020386,-0.12548154592514038,Universe,Background
0.2649497091770172,-0.0777973085641861,Universe,Background
0.16589944064617157,-0.034729450941085815,Universe,Background
0.10337434709072113,-0.13677698373794556,Universe,Background
0.5843133330345154,0.06814690679311752,Universe,Background
0.6188052296638489,0.020579315721988678,Universe,Background
0.5202032923698425,-0.025865063071250916,Universe,Background
0.4432048499584198,-0.10059864073991776,Universe,Background
0.6441302299499512,0.07922834903001785,Universe,Background
0.0684749186038971,-0.09471330046653748,Universe,Background
0.1637764871120453,0.07881581038236618,Universe,Background
0.09601171314716339,-0.12313282489776611,Universe,Background
0.6238150000572205,0.046448931097984314,Universe,Background
0.6285041570663452,0.026818566024303436,Universe,Background
0.15358373522758484,-0.03589603304862976,Universe,Background
0.21604163944721222,-0.13065795600414276,Universe,Background
0.22148354351520538,-0.1491304636001587,Universe,Background
0.2825479805469513,-0.07723785191774368,Universe,Background
-0.0204065702855587,-0.16183532774448395,Universe,Background
0.2443452924489975,-0.08728818595409393,Universe,Background
0.6154321432113647,0.014467097818851471,Universe,Background
0.43140727281570435,-0.08156348019838333,Universe,Background
0.6146605610847473,0.008815214037895203,Universe,Background
0.6343616247177124,-0.01926271617412567,Universe,Background
0.42938700318336487,0.02599061280488968,Universe,Background
0.6103299856185913,0.07982700318098068,Universe,Background
0.6415454149246216,0.0339248850941658,Universe,Background
0.3623015284538269,-0.03338102996349335,Universe,Background
0.3718823790550232,-0.03647569194436073,Universe,Background
0.5272574424743652,0.05921144038438797,Universe,Background
0.5520387887954712,0.02945038676261902,Universe,Background
0.04229213669896126,-0.19411075115203857,Universe,Background
0.6035473346710205,0.0068833306431770325,Universe,Background
0.6491991877555847,0.0495891347527504,Universe,Background
0.1958172470331192,0.13288605213165283,Universe,Background
0.6204546689987183,0.0553819015622139,Universe,Background
0.11634548008441925,-0.014572784304618835,Universe,Background
0.6332424283027649,0.1056385263800621,Universe,Background
0.5663225650787354,-0.045596472918987274,Universe,Background
0.6699442863464355,0.03798745572566986,Universe,Background
0.26430749893188477,-0.07036194950342178,Universe,Background
0.6095772385597229,0.003824658691883087,Universe,Background
0.16515828669071198,0.08232464641332626,Universe,Background
0.6846978664398193,0.01908310502767563,Universe,Background
0.19726033508777618,-0.05757226049900055,Universe,Background
0.42039793729782104,0.0670151337981224,Universe,Background
0.219303160905838,0.05594033747911453,Universe,Background
0.09059423208236694,-0.047021131962537766,Universe,Background
0.5563241839408875,0.11417394131422043,Universe,Background
0.26559653878211975,-0.015712812542915344,Universe,Background
0.1030735969543457,-0.14393630623817444,Universe,Background
0.1429874747991562,-0.028094008564949036,Universe,Background
0.10520996153354645,0.05568038672208786,Universe,Background
0.1800372153520584,-0.062404125928878784,Universe,Background
0.08046592772006989,-0.016965702176094055,Universe,Background
0.15750175714492798,-0.10505466163158417,Universe,Background
0.16772115230560303,-0.22974234819412231,Universe,Background
0.6049793362617493,0.08699698001146317,Universe,Background
0.21381792426109314,-0.06162775307893753,Universe,Background
0.6490384340286255,0.006908997893333435,Universe,Background
0.6205759048461914,0.06710980087518692,Universe,Background
0.6548780202865601,0.04032593220472336,Universe,Background
0.02948654629290104,-0.016683578491210938,Universe,Background
0.5774081349372864,0.03254956752061844,Universe,Background
0.06429047882556915,-0.07545571774244308,Universe,Background
0.655299186706543,0.10699688643217087,Universe,Background
0.6581544876098633,0.0031522586941719055,Universe,Background
0.5837262868881226,0.07849413901567459,Universe,Background
0.1790059357881546,-0.08028047531843185,Universe,Background
0.37497758865356445,-0.030656084418296814,Universe,Background
0.2179698795080185,-0.0688328817486763,Universe,Background
0.4036765396595001,-0.04042542353272438,Universe,Background
0.30381590127944946,-0.09706955403089523,Universe,Background
0.33676475286483765,-0.0638018548488617,Universe,Background
0.33136627078056335,0.07762793451547623,Universe,Background
0.6053167581558228,0.028576485812664032,Universe,Background
0.7079179286956787,0.04951683431863785,Universe,Background
0.06446689367294312,-0.1737566888332367,Universe,Background
0.22926856577396393,-0.07346224784851074,Universe,Background
0.491707444190979,0.14761734008789062,Universe,Background
0.3030765652656555,0.13619020581245422,Universe,Background
0.5867691040039062,0.04046740382909775,Universe,Background
0.23599162697792053,-0.10673867911100388,Universe,Background
0.14084257185459137,0.0003655850887298584,Universe,Background
0.6948504447937012,0.06185551732778549,Universe,Background
0.2180825024843216,-0.09190617501735687,Universe,Background
0.0694860890507698,-0.129863440990448,Universe,Background
0.3438416123390198,-0.036099813878536224,Universe,Background
0.10596117377281189,0.03092939406633377,Universe,Background
0.618195652961731,0.08575130254030228,Universe,Background
0.26559653878211975,-0.015712812542915344,Universe,Background
0.11290387809276581,-0.08829619735479355,Universe,Background
0.6459909677505493,0.05259627103805542,Universe,Background
0.6128264665603638,0.13366353511810303,Universe,Background
0.06584140658378601,0.11970674246549606,Universe,Background
0.6883716583251953,0.05808892846107483,Universe,Background
0.26311421394348145,0.031780168414115906,Universe,Background
0.35859978199005127,-0.10227243602275848,Universe,Background
0.3889145255088806,0.020050637423992157,Universe,Background
0.5878459215164185,0.03891928493976593,Universe,Background
0.31797415018081665,0.017362914979457855,Universe,Background
0.1348305195569992,-0.07916510850191116,Universe,Background
0.4280114769935608,0.04534556716680527,Universe,Background
0.6107953786849976,0.012659043073654175,Universe,Background
0.6271611452102661,0.02373502403497696,Universe,Background
0.6363723874092102,0.07128145545721054,Universe,Background
0.3264908492565155,-0.08144774287939072,Universe,Background
0.2250213474035263,-0.16842690110206604,Universe,Background
0.7006522417068481,0.025741316378116608,Universe,Background
0.6512010097503662,0.06888753920793533,Universe,Background
0.43646687269210815,0.010362952947616577,Universe,Background
0.37418147921562195,0.017922766506671906,Universe,Background
0.1708620935678482,-0.09003854542970657,Universe,Background
0.3544016182422638,-0.12645193934440613,Universe,Background
-0.13412006199359894,-0.1845628023147583,Universe,Background
0.31854644417762756,-0.09187575429677963,Universe,Background
0.6737208366394043,0.11077754944562912,Universe,Background
0.6715665459632874,0.00489971786737442,Universe,Background
0.31876468658447266,-0.09192002564668655,Universe,Background
0.1728542596101761,-0.014916650950908661,Universe,Background
0.6661221981048584,0.06166275590658188,Universe,Background
0.6450517177581787,0.0027648136019706726,Universe,Background
0.2140914350748062,-0.10061520338058472,Universe,Background
0.6285041570663452,0.026818566024303436,Universe,Background
0.6441302299499512,0.07922834903001785,Universe,Background
0.6974083781242371,0.012143783271312714,Universe,Background
0.0820789635181427,-0.267731636762619,Universe,Background
0.6256448030471802,0.04694073647260666,Universe,Background
0.2801728844642639,-0.1164214164018631,Universe,Background
0.667414128780365,0.1276697814464569,Universe,Background
-0.020793527364730835,0.04370930790901184,Universe,Background
0.27523669600486755,-0.05694340914487839,Universe,Background
-0.16839207708835602,-0.15015700459480286,Universe,Background
-0.1280229091644287,-0.11846661567687988,Universe,Background
0.16041827201843262,-0.11573921144008636,Universe,Background
0.2480439990758896,-0.04777473211288452,Universe,Background
0.12820465862751007,-0.10091894119977951,Universe,Background
0.6415454149246216,0.0339248850941658,Universe,Background
0.6863110065460205,0.023454375565052032,Universe,Background
0.33214086294174194,0.006877906620502472,Universe,Background
0.4502916932106018,-0.02158011868596077,Universe,Background
0.7079179286956787,0.04951683431863785,Universe,Background
0.2636798620223999,-0.11159569770097733,Universe,Background
0.6382862329483032,0.000980868935585022,Universe,Background
0.6221060752868652,0.10520584136247635,Universe,Background
0.6357705593109131,0.051412440836429596,Universe,Background
0.139481320977211,-0.03043283149600029,Universe,Background
0.3387288749217987,-0.07177101820707321,Universe,Background
0.05041664093732834,-0.10507766157388687,Universe,Background
0.6390175819396973,0.13022994995117188,Universe,Background
0.15228497982025146,-0.09956684708595276,Universe,Background
0.161251038312912,-0.06949392706155777,Universe,Background
0.06004581227898598,-0.19008877873420715,Universe,Background
0.3247426748275757,-0.02601633220911026,Universe,Background
0.6091185808181763,0.06032552570104599,Universe,Background
0.6493745446205139,-0.02495729550719261,Universe,Background
0.40711939334869385,-0.024653851985931396,Universe,Background
0.6512001752853394,0.015879586338996887,Universe,Background
0.2281913161277771,-0.08322234451770782,Universe,Background
0.6017085313796997,0.12427171319723129,Universe,Background
0.4321330189704895,-0.05049528926610947,Universe,Background
0.2845557630062103,-0.04790594056248665,Universe,Background
-0.06314295530319214,-0.12755334377288818,Universe,Background
0.6542474031448364,0.041923604905605316,Universe,Background
0.1683378368616104,0.06541522592306137,Universe,Background
0.6360620260238647,0.09896338731050491,Universe,Background
0.23985141515731812,-0.062453098595142365,Universe,Background
0.6330904364585876,0.0692003145813942,Universe,Background
0.23853348195552826,-0.02536209672689438,Universe,Background
-0.016865145415067673,-0.07617540657520294,Universe,Background
0.6485722661018372,0.04661869257688522,Universe,Background
0.25286662578582764,-0.0325060598552227,Universe,Background
0.07799355685710907,-0.08750994503498077,Universe,Background
0.26845628023147583,-0.1144493892788887,Universe,Background
0.471920371055603,0.1320527195930481,Universe,Background
0.4234449863433838,0.11134994775056839,Universe,Background
0.21253491938114166,-0.09729903936386108,Universe,Background
0.5815623998641968,0.011766284704208374,Universe,Background
0.29652178287506104,-0.14646270871162415,Universe,Background
0.2921946048736572,-0.04992316663265228,Universe,Background
0.2573167085647583,-0.10978685319423676,Universe,Background
0.3285735249519348,-0.1132088229060173,Universe,Background
0.3114667534828186,0.01780443638563156,Universe,Background
0.23826976120471954,-0.10995763540267944,Universe,Background
0.4463425278663635,-0.006603844463825226,Universe,Background
0.20162132382392883,-0.14368478953838348,Universe,Background
0.23344451189041138,-0.10557788610458374,Universe,Background
0.41201621294021606,0.02769540250301361,Universe,Background
0.18851308524608612,-0.07376597076654434,Universe,Background
0.428872287273407,0.12148701399564743,Universe,Background
0.24223332107067108,0.019563548266887665,Universe,Background
0.5866825580596924,0.07974909991025925,Universe,Background
0.6095772385597229,0.003824658691883087,Universe,Background
0.36372458934783936,0.00981825590133667,Universe,Background
0.2722929120063782,-0.04138602316379547,Universe,Background
0.6571505069732666,0.09626864641904831,Universe,Background
-0.0628424882888794,-0.05963548645377159,Universe,Background
0.6415454149246216,0.0339248850941658,Universe,Background
0.1619645655155182,-0.033750876784324646,Universe,Background
0.6556621789932251,0.08382584899663925,Universe,Background
0.13612575829029083,0.027567632496356964,Universe,Background
0.6846978664398193,0.01908310502767563,Universe,Background
0.6182796955108643,0.005364947021007538,Universe,Background
0.5552628636360168,0.10237770527601242,Universe,Background
0.08727747201919556,-0.09197291731834412,Universe,Background
0.6520733833312988,0.11951964348554611,Universe,Background
0.6221137642860413,0.0576108917593956,Universe,Background
0.6029653549194336,0.003726080060005188,Universe,Background
0.4747844636440277,-0.0780111700296402,Universe,Background
0.6593549251556396,0.05081316828727722,Universe,Background
0.6491991877555847,0.0495891347527504,Universe,Background
0.15904463827610016,-0.09493815898895264,Universe,Background
0.6146653890609741,0.008323326706886292,Universe,Background
0.20068930089473724,-0.1498757302761078,Universe,Background
0.06768585741519928,-0.1618582308292389,Universe,Background
0.06609255820512772,0.08345503360033035,Universe,Background
0.6495370268821716,0.07278936356306076,Universe,Background
0.6520258784294128,0.07640885561704636,Universe,Background
0.6075634956359863,0.09765990823507309,Universe,Background
0.615619421005249,0.03505454957485199,Universe,Background
0.6107953786849976,0.012659043073654175,Universe,Background
0.6584365367889404,0.14589539170265198,Universe,Background
0.6520258784294128,0.07640885561704636,Universe,Background
0.5712558627128601,-0.018468014895915985,Universe,Background
0.6365410089492798,0.0700637623667717,Universe,Background
0.5833806395530701,0.0820818766951561,Universe,Background
0.20846252143383026,0.09515582770109177,Universe,Background
0.6497398614883423,0.044753894209861755,Universe,Background
0.5324093699455261,0.06792137771844864,Universe,Background
0.1034650206565857,-0.16711044311523438,Universe,Background
0.3086186647415161,-0.06351633369922638,Universe,Background
0.6439756155014038,0.05074995011091232,Universe,Background
0.53471839427948,0.009470388293266296,Universe,Background
0.6212863326072693,0.04392527788877487,Universe,Background
0.3623613715171814,-0.03692366182804108,Universe,Background
0.5149572491645813,0.05634107440710068,Universe,Background
0.26551342010498047,-0.24259305000305176,Universe,Background
0.21230058372020721,-0.2650476098060608,Universe,Background
0.11743450164794922,-0.287229984998703,Universe,Background
0.2741336524486542,-0.11309251934289932,Universe,Background
0.15442578494548798,-0.1017829030752182,Universe,Background
0.42117616534233093,0.14443153142929077,Universe,Background
-0.007453810423612595,-0.05471077561378479,Universe,Background
0.3470943868160248,-0.10863754153251648,Universe,Background
0.15651032328605652,-0.2859346568584442,Universe,Background
0.5476680397987366,-0.0038236677646636963,Universe,Background
0.6674754619598389,0.04962825030088425,Universe,Background
0.06700778752565384,-0.21766948699951172,Universe,Background
0.22425183653831482,-0.06385212391614914,Universe,Background
0.6053167581558228,0.028576485812664032,Universe,Background
0.6556621789932251,0.08382584899663925,Universe,Background
0.17548294365406036,-0.06567193567752838,Universe,Background
0.3293657600879669,0.022344768047332764,Universe,Background
0.15543232858181,0.05125059932470322,Universe,Background
0.44922518730163574,-0.004562199115753174,Universe,Background
0.29618948698043823,-0.027892008423805237,Universe,Background
0.5989001989364624,0.05041543394327164,Universe,Background
0.6146605610847473,0.008815214037895203,Universe,Background
0.6128264665603638,0.13366353511810303,Universe,Background
0.6448889374732971,0.02499481290578842,Universe,Background
0.6220270395278931,0.1220259889960289,Universe,Background
0.6273080706596375,0.03075658529996872,Universe,Background
0.6459850072860718,0.01774846762418747,Universe,Background
0.6003867387771606,0.042532019317150116,Universe,Background
0.36832332611083984,-0.0977160781621933,Universe,Background
0.08978062868118286,-0.01285438984632492,Universe,Background
0.44519951939582825,0.01070239394903183,Universe,Background
0.5146164298057556,-0.02292880415916443,Universe,Background
0.6146605610847473,0.008815214037895203,Universe,Background
0.17127713561058044,0.0007183924317359924,Universe,Background
0.5832533836364746,0.0953841283917427,Universe,Background
0.17456401884555817,-0.1768772006034851,Universe,Background
0.06446689367294312,-0.1737566888332367,Universe,Background
0.40279823541641235,-0.029428325593471527,Universe,Background
0.5968544483184814,0.032132819294929504,Universe,Background
0.19073991477489471,-0.08974968641996384,Universe,Background
0.11843916773796082,-0.17262160778045654,Universe,Background
0.6439224481582642,0.09670651704072952,Universe,Background
0.26314467191696167,0.022430799901485443,Universe,Background
0.25470802187919617,0.026235543191432953,Universe,Background
0.22098034620285034,-0.15054121613502502,Universe,Background
-0.033238735049963,-0.28430241346359253,Universe,Background
0.5391591787338257,0.026651881635189056,Universe,Background
0.6154321432113647,0.014467097818851471,Universe,Background
0.08018861711025238,-0.2943948209285736,Universe,Background
0.28726381063461304,0.061736099421978,Universe,Background
0.3182440996170044,0.11105165630578995,Universe,Background
0.25539430975914,-0.08346937596797943,Universe,Background
0.31009161472320557,-0.012550070881843567,Universe,Background
0.2935778498649597,-0.008501961827278137,Universe,Background
0.6613106727600098,0.040067948400974274,Universe,Background
0.581176221370697,0.04402244836091995,Universe,Background
0.6900129318237305,0.07805264741182327,Universe,Background
-0.03551569953560829,0.09373226016759872,Universe,Background
0.4730358123779297,-0.08933566510677338,Universe,Background
0.19231842458248138,-0.0809967890381813,Universe,Background
0.4006389379501343,0.08857619017362595,Universe,Background
0.6402269601821899,0.055696405470371246,Universe,Background
0.41878795623779297,0.15176457166671753,Universe,Background
0.6415454149246216,0.0339248850941658,Universe,Background
0.09602785110473633,-0.04714823514223099,Universe,Background
0.235860675573349,-0.02131255716085434,Universe,Background
0.15008603036403656,-0.02270616590976715,Universe,Background
0.5252586007118225,0.06961774080991745,Universe,Background
0.5882397890090942,0.06880524009466171,Universe,Background
0.26369646191596985,-0.10114231705665588,Universe,Background
0.3053853213787079,-0.03492477908730507,Universe,Background
0.2784789204597473,-0.028173651546239853,Universe,Background
0.14745734632015228,-0.10933929681777954,Universe,Background
0.404133677482605,-0.04355546832084656,Universe,Background
0.5471842288970947,0.06088083237409592,Universe,Background
0.15727971494197845,-0.09883083403110504,Universe,Background
0.09952662885189056,-0.10478401184082031,Universe,Background
-0.0496804378926754,-0.08138477802276611,Universe,Background
0.10216560959815979,-0.11031363904476166,Universe,Background
0.7006522417068481,0.025741316378116608,Universe,Background
0.6736391186714172,0.10528048127889633,Universe,Background
0.2197054773569107,-0.14502274990081787,Universe,Background
0.3155726194381714,-0.07504857331514359,Universe,Background
0.2622902989387512,-0.022443532943725586,Universe,Background
0.30076032876968384,-0.12191766500473022,Universe,Background
0.6198161840438843,0.007708922028541565,Universe,Background
0.38701537251472473,0.05604385584592819,Universe,Background
0.6020036935806274,0.004231207072734833,Universe,Background
0.5771642923355103,0.003372788429260254,Universe,Background
0.17315590381622314,0.06816015392541885,Universe,Background
0.35196182131767273,-0.08093912154436111,Universe,Background
0.08164350688457489,-0.3218258321285248,Universe,Background
0.16450436413288116,-0.09237303584814072,Universe,Background
0.6520258784294128,0.07640885561704636,Universe,Background
0.6009758710861206,0.02626296877861023,Universe,Background
0.6029653549194336,0.003726080060005188,Universe,Background
0.6388246417045593,0.05530291050672531,Universe,Background
0.5993271470069885,-0.0013164319097995758,Universe,Background
0.008205102756619453,-0.1116471141576767,Universe,Background
0.37410497665405273,0.22120186686515808,Universe,Background
0.560193657875061,0.09852265566587448,Universe,Background
0.6344796419143677,0.1040082797408104,Universe,Background
0.21309958398342133,-0.1357375979423523,Universe,Background
0.2610088884830475,-0.040063031017780304,Universe,Background
-0.05265803262591362,-0.1020519807934761,Universe,Background
0.6357705593109131,0.051412440836429596,Universe,Background
0.6692156195640564,0.05701924115419388,Universe,Background
0.6390175819396973,0.13022994995117188,Universe,Background
0.05728177726268768,-0.14648666977882385,Universe,Background
0.44605058431625366,0.05433458834886551,Universe,Background
0.5511780381202698,0.09012141078710556,Universe,Background
0.18445102870464325,-0.10999731719493866,Universe,Background
0.24269461631774902,-0.008124373853206635,Universe,Background
0.6400406360626221,0.008902497589588165,Universe,Background
0.024565938860177994,-0.17686793208122253,Universe,Background
0.19886897504329681,-0.062048375606536865,Universe,Background
0.05800143629312515,-0.10140568017959595,Universe,Background
0.6293309926986694,0.04024740308523178,Universe,Background
0.3553556799888611,-0.06365454196929932,Universe,Background
0.10315753519535065,-0.09860672056674957,Universe,Background
0.6205759048461914,0.06710980087518692,Universe,Background
0.194170281291008,-0.01277972012758255,Universe,Background
0.219278946518898,-0.015109255909919739,Universe,Background
0.21789316833019257,0.02268192172050476,Universe,Background
0.4433233439922333,-0.09029646962881088,Universe,Background
0.11908619105815887,-0.23526224493980408,Universe,Background
0.6221750378608704,0.08515226095914841,Universe,Background
0.28302931785583496,-0.05897629261016846,Universe,Background
0.17697982490062714,-0.10690045356750488,Universe,Background
0.13378630578517914,-0.07565949857234955,Universe,Background
0.009392313659191132,-0.04684467613697052,Universe,Background
0.1440296620130539,-0.022579174488782883,Universe,Background
0.15752245485782623,0.04438687860965729,Universe,Background
0.5955677032470703,0.014775492250919342,Universe,Background
0.19223672151565552,-0.06174912303686142,Universe,Background
0.2398720532655716,-0.0358533039689064,Universe,Background
0.23567138612270355,-0.16078776121139526,Universe,Background
0.5783883929252625,-0.00032486021518707275,Universe,Background
0.3762654662132263,-0.11725963652133942,Universe,Background
0.2528926730155945,0.07029702514410019,Universe,Background
0.5828571319580078,0.07457368820905685,Universe,Background
0.6787759065628052,0.048447899520397186,Universe,Background
0.14057274162769318,-0.11130404472351074,Universe,Background
0.1873069852590561,-0.07819218188524246,Universe,Background
0.6731525659561157,0.02140941470861435,Universe,Background
0.45548298954963684,-0.02937956154346466,Universe,Background
0.5494198203086853,-0.012552283704280853,Universe,Background
0.6891837120056152,0.08532171696424484,Universe,Background
0.2871142327785492,-0.17587436735630035,Universe,Background
0.22173918783664703,-0.06537710130214691,Universe,Background
0.5746947526931763,0.09259014576673508,Universe,Background
0.6520733833312988,0.11951964348554611,Universe,Background
0.6356158256530762,0.022001221776008606,Universe,Background
0.16577191650867462,-0.0684908926486969,Universe,Background
0.1395694762468338,-0.07172498106956482,Universe,Background
0.2641914188861847,-0.0480426624417305,Universe,Background
0.60219407081604,-0.005428500473499298,Universe,Background
0.6095772385597229,0.003824658691883087,Universe,Background
0.22106711566448212,-0.0689387321472168,Universe,Background
0.420786052942276,-0.004603542387485504,Universe,Background
0.2522190809249878,-0.029375780373811722,Universe,Background
0.6580753326416016,0.059443630278110504,Universe,Background
-0.022675979882478714,-0.11892987787723541,Universe,Background
0.4437936544418335,-0.016518544405698776,Universe,Background
0.6075946092605591,0.041153378784656525,Universe,Background
0.14586302638053894,-0.06266256421804428,Universe,Background
0.5262651443481445,0.044269271194934845,Universe,Background
0.5560011267662048,0.13096290826797485,Universe,Background
0.5774383544921875,0.09252341836690903,Universe,Background
0.17979402840137482,-0.09912608563899994,Universe,Background
-0.11416929960250854,-0.1032717376947403,Universe,Background
0.6035473346710205,0.0068833306431770325,Universe,Background
0.6736391186714172,0.10528048127889633,Universe,Background
0.5705400705337524,-0.0022823363542556763,Universe,Background
0.680584728717804,0.020767755806446075,Universe,Background
0.12037378549575806,-0.1810435652732849,Universe,Background
0.2253371924161911,-0.05841253697872162,Universe,Background
0.6364247798919678,-0.030253179371356964,Universe,Background
0.6731525659561157,0.02140941470861435,Universe,Background
0.5774081349372864,0.03254956752061844,Universe,Background
0.1888342946767807,-0.12833328545093536,Universe,Background
-0.04727679863572121,-0.08484698086977005,Universe,Background
0.5948049426078796,0.016894496977329254,Universe,Background
0.1808186024427414,0.014611445367336273,Universe,Background
-0.03499581292271614,-0.13834649324417114,Universe,Background
0.06549587845802307,-0.20708277821540833,Universe,Background
0.2346239537000656,-0.05343149974942207,Universe,Background
0.5723567605018616,0.07694970816373825,Universe,Background
0.48992347717285156,0.09467344731092453,Universe,Background
0.6477325558662415,0.07979565113782883,Universe,Background
0.35790637135505676,-0.09462957084178925,Universe,Background
0.09694798290729523,-0.11010265350341797,Universe,Background
0.22474806010723114,-0.12016063928604126,Universe,Background
0.2816509008407593,-0.018446043133735657,Universe,Background
0.6428606510162354,0.00850396603345871,Universe,Background
0.25608396530151367,-0.199977308511734,Universe,Background
0.2775854468345642,-0.12412607669830322,Universe,Background
0.07145722210407257,-0.012377254664897919,Universe,Background
0.05844798684120178,-0.035828523337841034,Universe,Background
0.667414128780365,0.1276697814464569,Universe,Background
0.479838490486145,-0.0681690201163292,Universe,Background
0.6364247798919678,-0.030253179371356964,Universe,Background
0.220834419131279,-0.03480055183172226,Universe,Background
0.6423231959342957,0.11489111930131912,Universe,Background
0.14008073508739471,0.08990747481584549,Universe,Background
0.4018322825431824,-0.1904653012752533,Universe,Background
-0.06268516182899475,-0.09841620177030563,Universe,Background
0.15952560305595398,-0.21856778860092163,Universe,Background
0.0563034787774086,-0.06101250648498535,Universe,Background
0.24059249460697174,-0.007038600742816925,Universe,Background
0.6450517177581787,0.0027648136019706726,Universe,Background
0.10674047470092773,-0.28363579511642456,Universe,Background
0.17319950461387634,-0.138077050447464,Universe,Background
0.6441302299499512,0.07922834903001785,Universe,Background
0.27338385581970215,-0.15298444032669067,Universe,Background
0.6787759065628052,0.048447899520397186,Universe,Background
0.6506521701812744,0.017801426351070404,Universe,Background
0.3038552403450012,0.013571463525295258,Universe,Background
0.1596183329820633,-0.03880559653043747,Universe,Background
0.6948504447937012,0.06185551732778549,Universe,Background
0.13954506814479828,-0.019593730568885803,Universe,Background
0.6450517177581787,0.0027648136019706726,Universe,Background
0.16778385639190674,-0.08080693334341049,Universe,Background
0.26559653878211975,-0.015712812542915344,Universe,Background
0.17851586639881134,-0.02273101732134819,Universe,Background
0.41844916343688965,0.034039683640003204,Universe,Background
0.06483934074640274,-0.0187416709959507,Universe,Background
0.3250579237937927,-0.04600641131401062,Universe,Background
0.6745060682296753,0.06659796088933945,Universe,Background
0.6776189208030701,0.03421788662672043,Universe,Background
0.16297782957553864,-0.09281797707080841,Universe,Background
-0.07083356380462646,-0.1000979021191597,Universe,Background
0.26559653878211975,-0.015712812542915344,Universe,Background
0.6023094654083252,0.012719511985778809,Universe,Background
0.6185019612312317,0.031227417290210724,Universe,Background
0.09034806489944458,-0.06013935059309006,Universe,Background
0.18915210664272308,-0.0868249386548996,Universe,Background
0.6128264665603638,0.13366353511810303,Universe,Background
0.21609768271446228,-0.046831414103507996,Universe,Background
0.3787634074687958,0.050258852541446686,Universe,Background
0.24314367771148682,-0.11843939125537872,Universe,Background
0.29067134857177734,-0.01028498262166977,Universe,Background
0.6238150000572205,0.046448931097984314,Universe,Background
0.4461873173713684,-0.10809385776519775,Universe,Background
0.5591890811920166,0.07193052023649216,Universe,Background
0.36032798886299133,0.05645892769098282,Universe,Background
0.25539430975914,-0.08346937596797943,Universe,Background
0.5792537331581116,0.060271330177783966,Universe,Background
0.1792493611574173,-0.05149580538272858,Universe,Background
0.6900129318237305,0.07805264741182327,Universe,Background
0.010465819388628006,-0.06471391022205353,Universe,Background
0.29373571276664734,0.023863524198532104,Universe,Background
0.36342257261276245,-0.06394466012716293,Universe,Background
0.6053167581558228,0.028576485812664032,Universe,Background
0.3345446288585663,-0.10593926906585693,Universe,Background
0.5953526496887207,0.10711488872766495,Universe,Background
0.6191813945770264,0.08882506936788559,Universe,Background
0.19205884635448456,-0.10588585585355759,Universe,Background
0.09501194953918457,0.04519052803516388,Universe,Background
0.07590015977621078,-0.12025085836648941,Universe,Background
0.2645684778690338,-0.033104438334703445,Universe,Background
0.17306120693683624,-0.0372745506465435,Universe,Background
0.545564591884613,0.07318439334630966,Universe,Background
0.02217324636876583,-0.10199742019176483,Universe,Background
0.4756626486778259,0.08254318684339523,Universe,Background
0.633882999420166,-0.002361603081226349,Universe,Background
0.5599489808082581,0.03143960237503052,Universe,Background
0.2559012770652771,-0.004731908440589905,Universe,Background
0.128075510263443,-0.13083074986934662,Universe,Background
0.3007798194885254,-0.25082987546920776,Universe,Background
0.6285041570663452,0.026818566024303436,Universe,Background
0.254665344953537,-0.04813539609313011,Universe,Background
0.6290740966796875,0.020457059144973755,Universe,Background
0.39006298780441284,0.05119224637746811,Universe,Background
0.59032142162323,0.056823499500751495,Universe,Background
0.2071104198694229,-0.07079524546861649,Universe,Background
-0.1197843849658966,-0.15252479910850525,Universe,Background
0.26559653878211975,-0.015712812542915344,Universe,Background
0.625007152557373,0.033202238380908966,Universe,Background
0.5108943581581116,-9.32738184928894e-05,Universe,Background
0.14151029288768768,0.01033955067396164,Universe,Background
0.6846978664398193,0.01908310502767563,Universe,Background
0.5494198203086853,-0.012552283704280853,Universe,Background
0.2232966274023056,-0.11280779540538788,Universe,Background
0.573877215385437,0.02287156879901886,Universe,Background
-0.02831840142607689,-0.14780959486961365,Universe,Background
0.6420952081680298,0.08986904472112656,Universe,Background
0.6212863326072693,0.04392527788877487,Universe,Background
0.6545588374137878,0.031790636479854584,Universe,Background
0.47823405265808105,-0.05366518348455429,Universe,Background
0.6364247798919678,-0.030253179371356964,Universe,Background
0.5979174375534058,0.05459769815206528,Universe,Background
0.14793641865253448,-0.07858732342720032,Universe,Background
0.10790546238422394,-0.26000383496284485,Universe,Background
0.05262446776032448,-0.09961318969726562,Universe,Background
0.028652459383010864,-0.1476362645626068,Universe,Background
0.6364247798919678,-0.030253179371356964,Universe,Background
0.16229265928268433,-0.061624206602573395,Universe,Background
0.6060776710510254,0.05344834178686142,Universe,Background
0.34538209438323975,0.07182352989912033,Universe,Background
0.15238144993782043,-0.006990235298871994,Universe,Background
-0.013680294156074524,-0.15098446607589722,Universe,Background
0.09147994220256805,-0.07456314563751221,Universe,Background
0.12654176354408264,-0.3452155590057373,Universe,Background
0.5834243297576904,0.019207552075386047,Universe,Background
0.05705689266324043,-0.15579840540885925,Universe,Background
0.5704488754272461,0.13235732913017273,Universe,Background
0.359943687915802,0.011595167219638824,Universe,Background
0.26559653878211975,-0.015712812542915344,Universe,Background
0.33708202838897705,-0.14778894186019897,Universe,Background
0.5146164298057556,-0.02292880415916443,Universe,Background
0.18175576627254486,-0.05859161913394928,Universe,Background
0.2722935974597931,-0.08218318223953247,Universe,Background
0.6846978664398193,0.01908310502767563,Universe,Background
0.0321369543671608,-0.12407873570919037,Universe,Background
0.16816852986812592,-0.000985078513622284,Universe,Background
0.0011506825685501099,-0.3624090850353241,Universe,Background
0.5429576635360718,-0.0048683881759643555,Universe,Background
0.3231986165046692,0.0726129338145256,Universe,Background
0.2380652129650116,-0.0484786182641983,Universe,Background
0.5878459215164185,0.03891928493976593,Universe,Background
0.6146605610847473,0.008815214037895203,Universe,Background
0.3447713255882263,-0.14009349048137665,Universe,Background
0.42975184321403503,-0.022695086896419525,Universe,Background
0.5935194492340088,-0.004987679421901703,Universe,Background
0.6900129318237305,0.07805264741182327,Universe,Background
0.6114622354507446,0.08425872772932053,Universe,Background
0.47660499811172485,0.049241647124290466,Universe,Background
0.6095998287200928,0.05486001819372177,Universe,Background
0.26559653878211975,-0.015712812542915344,Universe,Background
0.12877440452575684,-0.022172875702381134,Universe,Background
0.6974083781242371,0.012143783271312714,Universe,Background
0.4166046380996704,0.01442725956439972,Universe,Background
0.06852217018604279,-0.10029111802577972,Universe,Background
0.2369951605796814,-0.11321830749511719,Universe,Background
0.26559653878211975,-0.015712812542915344,Universe,Background
0.6475894451141357,0.06987231224775314,Universe,Background
0.3560560345649719,0.05870514363050461,Universe,Background
-0.03934912756085396,-0.05626034736633301,Universe,Background
0.19653266668319702,-0.029479943215847015,Universe,Background
0.3044948875904083,-0.0686635747551918,Universe,Background
0.3699284791946411,-0.04679305851459503,Universe,Background
0.14954742789268494,-0.07417571544647217,Universe,Background
0.184092715382576,2.637505531311035e-06,Universe,Background
0.6217149496078491,0.057097725570201874,Universe,Background
0.11560362577438354,-0.30005040764808655,Universe,Background
0.6282775402069092,0.03061310201883316,Universe,Background
0.1569470912218094,-0.10732068121433258,Universe,Background
0.31001296639442444,-0.14859837293624878,Universe,Background
0.6520258784294128,0.07640885561704636,Universe,Background
0.3348005414009094,-0.2231639325618744,Universe,Background
0.185612753033638,-0.09613149613142014,Universe,Background
0.6274670958518982,0.09748566895723343,Universe,Background
0.28726381063461304,0.061736099421978,Universe,Background
0.03234004229307175,-0.23311454057693481,Universe,Background
0.5935194492340088,-0.004987679421901703,Universe,Background
0.5712558627128601,-0.018468014895915985,Universe,Background
0.1181923896074295,-0.15682682394981384,Universe,Background
0.6283419132232666,0.05385936051607132,Universe,Background
0.6390269994735718,0.0640297457575798,Universe,Background
0.2837730050086975,-0.10327692329883575,Universe,Background
0.6182796955108643,0.005364947021007538,Universe,Background
0.44632092118263245,0.018811382353305817,Universe,Background
0.6350781917572021,0.08140178769826889,Universe,Background
0.04986025393009186,-0.10907512903213501,Universe,Background
0.07806161046028137,-0.08965225517749786,Universe,Background
0.6018477082252502,0.09849561005830765,Universe,Background
0.28400540351867676,-0.10831951349973679,Universe,Background
0.5919595956802368,0.08579208701848984,Universe,Background
0.10876156389713287,0.050095200538635254,Universe,Background
0.06560635566711426,-0.11296342313289642,Universe,Background
0.17962366342544556,-0.06138015538454056,Universe,Background
0.5751772522926331,0.04931192845106125,Universe,Background
0.16640165448188782,-0.06611475348472595,Universe,Background
0.373457133769989,-0.032817550003528595,Universe,Background
0.4299754798412323,0.053525932133197784,Universe,Background
0.047564856708049774,-0.057172179222106934,Universe,Background
0.3263116776943207,-0.0006472170352935791,Universe,Background
0.660383939743042,0.027699090540409088,Universe,Background
0.5801851749420166,0.08832821995019913,Universe,Background
0.7006522417068481,0.025741316378116608,Universe,Background
0.10968847572803497,-0.08436936885118484,Universe,Background
0.4558139443397522,-0.02495180070400238,Universe,Background
0.6009399890899658,0.07888326793909073,Universe,Background
0.29931509494781494,-0.08026372641324997,Universe,Background
0.11867032945156097,-0.11736445873975754,Universe,Background
0.6029653549194336,0.003726080060005188,Universe,Background
0.3545765280723572,0.09076099842786789,Universe,Background
0.6221060752868652,0.10520584136247635,Universe,Background
0.14222995936870575,-0.07256031036376953,Universe,Background
0.43214520812034607,0.04988180100917816,Universe,Background
0.023321863263845444,-0.055719293653964996,Universe,Background
0.6390175819396973,0.13022994995117188,Universe,Background
0.6065961122512817,0.07088970392942429,Universe,Background
0.5628841519355774,0.08927565068006516,Universe,Background
0.27635863423347473,-0.12991103529930115,Universe,Background
0.19399665296077728,-0.0698738694190979,Universe,Background
0.14454329013824463,-0.11892690509557724,Universe,Background
0.6009310483932495,0.07165602594614029,Universe,Background
-0.029525961726903915,-0.13353006541728973,Universe,Background
0.39887917041778564,0.009103827178478241,Universe,Background
0.05599477142095566,-0.09960819780826569,Universe,Background
0.3445667624473572,-0.054327573627233505,Universe,Background
0.2255699634552002,-0.1295274943113327,Universe,Background
0.30450010299682617,0.044577062129974365,Universe,Background
0.3456849753856659,-0.03305153548717499,Universe,Background
0.4227653443813324,-0.06446099281311035,Universe,Background
0.3798004984855652,-0.026231303811073303,Universe,Background
0.10178692638874054,-0.06577740609645844,Universe,Background
0.5148576498031616,0.08168824762105942,Universe,Background
0.6009399890899658,0.07888326793909073,Universe,Background
0.23093058168888092,-0.05383199453353882,Universe,Background
0.6285041570663452,0.026818566024303436,Universe,Background
0.040425557643175125,-0.007609765976667404,Universe,Background
0.15601110458374023,0.012009494006633759,Universe,Background
0.08672298491001129,-0.03670666366815567,Universe,Background
0.29918989539146423,-0.0157662071287632,Universe,Background
0.367644727230072,-0.0800236240029335,Universe,Background
0.6154321432113647,0.014467097818851471,Universe,Background
0.6696842908859253,0.03423693776130676,Universe,Background
0.5714204907417297,0.07523315399885178,Universe,Background
0.19806303083896637,-0.09810949862003326,Universe,Background
0.5889753103256226,0.05800028145313263,Universe,Background
0.38760074973106384,0.017945587635040283,Universe,Background
0.21431300044059753,-0.03374586999416351,Universe,Background
0.6473973989486694,-0.019468918442726135,Universe,Background
0.0507805161178112,-0.08968160301446915,Universe,Background
0.2234545648097992,-0.22878944873809814,Universe,Background
0.22606796026229858,-0.13360938429832458,Universe,Background
0.6725032329559326,0.06307638436555862,Universe,Background
0.6205759048461914,0.06710980087518692,Universe,Background
0.5909008979797363,0.09500206261873245,Universe,Background
0.42593106627464294,0.08191712945699692,Universe,Background
0.5492430925369263,0.07531016319990158,Universe,Background
0.17900514602661133,-0.07273606210947037,Universe,Background
0.40760210156440735,-0.04901587590575218,Universe,Background
0.6692156195640564,0.05701924115419388,Universe,Background
0.0022901371121406555,-0.02373334765434265,Universe,Background
0.24014534056186676,0.01826529949903488,Universe,Background
0.2567775249481201,-0.0782771185040474,Universe,Background
0.4049854278564453,0.21194392442703247,Universe,Background
0.6402269601821899,0.055696405470371246,Universe,Background
0.06446689367294312,-0.1737566888332367,Universe,Background
0.2352183610200882,-0.08346909284591675,Universe,Background
0.6656385660171509,0.11060049384832382,Universe,Background
0.6282775402069092,0.03061310201883316,Universe,Background
0.6436730623245239,0.016822166740894318,Universe,Background
0.6478895545005798,0.09772317856550217,Universe,Background
0.6466392278671265,0.05704861879348755,Universe,Background
0.6745060682296753,0.06659796088933945,Universe,Background
0.5989328026771545,0.05778606981039047,Universe,Background
-0.015686888247728348,-0.1909189522266388,Universe,Background
0.3609395921230316,-0.026281580328941345,Universe,Background
0.5955677032470703,0.014775492250919342,Universe,Background
0.6053167581558228,0.028576485812664032,Universe,Background
0.6146605610847473,0.008815214037895203,Universe,Background
0.11767098307609558,0.03401506692171097,Universe,Background
0.2889573276042938,-0.0893707349896431,Universe,Background
0.2413690984249115,-0.12713345885276794,Universe,Background
0.10674707591533661,-0.3121027946472168,Universe,Background
0.6537333726882935,0.09202196449041367,Universe,Background
0.3937746286392212,-0.10073600709438324,Universe,Background
0.18727634847164154,-0.05720354989171028,Universe,Background
0.2826213836669922,-0.07536336034536362,Universe,Background
0.5305203199386597,0.07786168903112411,Universe,Background
0.6205759048461914,0.06710980087518692,Universe,Background
0.4131368398666382,0.12395633012056351,Universe,Background
0.18078434467315674,-0.055467166006565094,Universe,Background
0.6506521701812744,0.017801426351070404,Universe,Background
0.4073314070701599,0.06736769527196884,Universe,Background
0.07261998951435089,-0.15636266767978668,Universe,Background
0.26559653878211975,-0.015712812542915344,Universe,Background
0.6146605610847473,0.008815214037895203,Universe,Background
0.587186336517334,0.023784928023815155,Universe,Background
0.6343616247177124,-0.01926271617412567,Universe,Background
0.14937323331832886,-0.05382443219423294,Universe,Background
0.5291623473167419,-0.015734590590000153,Universe,Background
0.13541710376739502,-0.06647935509681702,Universe,Background
0.6974083781242371,0.012143783271312714,Universe,Background
0.04191208630800247,-0.089335136115551,Universe,Background
0.13777673244476318,-0.1669619083404541,Universe,Background
0.5882633924484253,0.07306566089391708,Universe,Background
0.1702512800693512,-0.2906544804573059,Universe,Background
0.2477772831916809,-0.10684555768966675,Universe,Background
0.6974083781242371,0.012143783271312714,Universe,Background
0.25588279962539673,-0.08535368740558624,Universe,Background
0.06446689367294312,-0.1737566888332367,Universe,Background
0.08880153298377991,-0.05818472430109978,Universe,Background
0.5725364685058594,0.06831089407205582,Universe,Background
0.642319917678833,0.06350714713335037,Universe,Background
0.20612607896327972,-0.08296360075473785,Universe,Background
0.1400938183069229,-0.029283598065376282,Universe,Background
0.007477186620235443,-0.08081921935081482,Universe,Background
0.6576176881790161,0.05450977385044098,Universe,Background
0.008992727845907211,-0.05822085589170456,Universe,Background
0.1915290653705597,0.023824594914913177,Universe,Background
0.6771285533905029,0.02429986000061035,Universe,Background
0.06449289619922638,0.05110955983400345,Universe,Background
0.12141481041908264,-0.0953296571969986,Universe,Background
0.11686594784259796,-0.052390702068805695,Universe,Background
0.6846978664398193,0.01908310502767563,Universe,Background
0.19824828207492828,-0.1346326768398285,Universe,Background
0.6455000638961792,0.04672028869390488,Universe,Background
0.23910291492938995,-0.12900927662849426,Universe,Background
0.2958901822566986,-0.030075564980506897,Universe,Background
0.19682912528514862,-0.06396467983722687,Universe,Background
0.36048710346221924,-0.09173210710287094,Universe,Background
-0.0014245584607124329,0.05102548748254776,Universe,Background
0.6230719089508057,0.1311359405517578,Universe,Background
0.36968833208084106,-0.05122899264097214,Universe,Background
0.3855816125869751,-0.018051110208034515,Universe,Background
0.09310756623744965,-0.13079601526260376,Universe,Background
0.3649638891220093,-0.039528973400592804,Universe,Background
0.08379663527011871,-0.164793461561203,Universe,Background
0.6343616247177124,-0.01926271617412567,Universe,Background
-0.060604412108659744,-0.11279855668544769,Universe,Background
0.19718369841575623,-0.05661458522081375,Universe,Background
-0.04885007068514824,-0.10035049915313721,Universe,Background
0.3490549623966217,0.02871479094028473,Universe,Background
0.5704402923583984,0.043124012649059296,Universe,Background
0.6330897808074951,0.02063598483800888,Universe,Background
0.6731525659561157,0.02140941470861435,Universe,Background
0.6061971783638,0.08439133316278458,Universe,Background
0.5716281533241272,0.05955367535352707,Universe,Background
0.3886706233024597,-0.011809293180704117,Universe,Background
0.22393478453159332,-0.11563517153263092,Universe,Background
0.17292048037052155,-0.09262460470199585,Universe,Background
0.25123199820518494,-0.0717163234949112,Universe,Background
0.6152629852294922,0.09324008971452713,Universe,Background
0.5330355167388916,0.02254011482000351,Universe,Background
0.363626629114151,0.18714818358421326,Universe,Background
0.24538899958133698,-0.11991437524557114,Universe,Background
0.6900129318237305,0.07805264741182327,Universe,Background
0.6869320869445801,-0.0018269121646881104,Universe,Background
0.6736391186714172,0.10528048127889633,Universe,Background
0.33687669038772583,-0.25222256779670715,Universe,Background
0.0008553881198167801,-0.04006347805261612,Universe,Background
0.6441302299499512,0.07922834903001785,Universe,Background
0.3001699447631836,0.03307223320007324,Universe,Background
0.6609029769897461,0.010316677391529083,Universe,Background
0.5521438717842102,0.03927413374185562,Universe,Background
0.2596387267112732,-0.08610363304615021,Universe,Background
0.15353016555309296,-0.05092597007751465,Universe,Background
0.21720628440380096,-0.14159941673278809,Universe,Background
0.6575345993041992,0.06254672259092331,Universe,Background
0.5146164298057556,-0.02292880415916443,Universe,Background
0.47767457365989685,-0.026531003415584564,Universe,Background
0.13557705283164978,-0.026479758322238922,Universe,Background
0.0932883769273758,-0.07254908978939056,Universe,Background
0.22115768492221832,-0.263726145029068,Universe,Background
0.6251379251480103,0.06662528961896896,Universe,Background
-0.06848643720149994,-0.06363634765148163,Universe,Background
0.18067233264446259,-0.13301461935043335,Universe,Background
0.6321914196014404,0.07061996310949326,Universe,Background
0.16381390392780304,-0.05353223532438278,Universe,Background
0.3338456153869629,-0.09796936810016632,Universe,Background
0.09507504105567932,-0.15451264381408691,Universe,Background
0.22758349776268005,-0.059889163821935654,Universe,Background
0.4038749933242798,-0.11192142218351364,Universe,Background
0.6846978664398193,0.01908310502767563,Universe,Background
0.16238507628440857,-0.04630671441555023,Universe,Background
0.42038649320602417,-0.0391632504761219,Universe,Background
0.21381792426109314,-0.06162775307893753,Universe,Background
0.6674754619598389,0.04962825030088425,Universe,Background
-0.11296959221363068,-0.05174404755234718,Recalled (Health),Recalled mean
-0.03555082902312279,0.005300484597682953,Recalled (Nature),Recalled mean
-0.07530088722705841,-0.06288673728704453,Recalled (Politics),Recalled mean
-0.052784714847803116,-0.06600595265626907,Recalled (Sport),Recalled mean
-0.011556070297956467,-0.036210156977176666,Recalled (Universe),Recalled mean
-0.08293503522872925,-0.05668773874640465,Original story,Original
