PCA plot,Model,series,PC1,PC2,Generation,Node name
Combined,GPT-2,Grandparent,0.08834665297031362,0.04893866246051734,0,
Combined,GPT-2,Grandparent,0.06348274836055656,0.13781332167464044,0,
Combined,GPT-2,Parent,0.05524030980129459,-0.04247513042091439,1,
Combined,GPT-2,Parent,0.0618089850021028,0.027362431909250456,1,
Combined,GPT-2,Child,0.03670189924581764,-0.061754035443003334,2,
Combined,GPT-2,Child,0.06541017060833412,-0.006699223535485894,2,
Combined,GPT-2,Grandparent,0.06711872470327848,-0.10698761398168341,0,
Combined,GPT-2,Grandparent,-0.6358479982933971,0.030589055862268358,0,
Combined,GPT-2,Parent,-0.08314654361758256,-0.1729942345376937,1,
Combined,GPT-2,Parent,0.06853238948452153,0.11224348337619164,1,
Combined,GPT-2,Grandparent,0.06154212429064136,0.05609579912602877,0,
Combined,GPT-2,Grandparent,-0.05601810906506211,-0.18487692795436628,0,
Combined,GPT-2,Parent,-0.5235406175853567,-0.02773612341798317,1,
Combined,GPT-2,Parent,0.021832208119984396,-0.05757794094527325,1,
Combined,GPT-2,Child,0.07873101108249989,0.016423029385775816,2,
Combined,GPT-2,Child,0.05930023748673115,-0.00668429624272945,2,
Combined,GPT-2,Grandparent,0.10871752437606244,0.10503715381431895,0,
Combined,GPT-2,Grandparent,0.06572328485674285,-0.0018134613059216562,0,
Combined,GPT-2,Parent,0.07381224895267946,0.06547025434273782,1,
Combined,GPT-2,Parent,0.06971938131188166,0.11336048478897842,1,
Combined,GPT-2,Grandparent,0.05551889627014827,0.1192120029139104,0,
Combined,GPT-2,Grandparent,0.10882786960915239,0.00336147918554977,0,
Combined,GPT-2,Parent,0.08826068993046111,-0.002548289544376816,1,
Combined,GPT-2,Parent,0.06730068735228856,0.11543947416030884,1,
Combined,GPT-2,Child,-0.45430029774987857,0.009113845521449393,2,
Combined,GPT-2,Child,0.11557033107909565,0.0124132209897815,2,
Combined,GPT-2,Grandparent,0.04765897912407279,-0.020874477609789725,0,
Combined,GPT-2,Grandparent,0.027421737661685163,-0.14822427161102963,0,
Combined,GPT-2,Parent,0.10006765489330952,0.03388439729136785,1,
Combined,GPT-2,Parent,-0.019997108962241068,-0.05555548506438329,1,
Combined,GPT-2,Grandparent,0.1014033717511116,0.02946997369215704,0,
Combined,GPT-2,Grandparent,0.1143492154877659,-0.05831719129129116,0,
Combined,GPT-2,Parent,0.10018807117908754,-0.03022580923191592,1,
Combined,GPT-2,Parent,0.09704745787103772,0.013453580799779036,1,
Combined,GPT-2,Child,-0.43431795742538437,0.0031739843085942226,2,
Combined,GPT-2,Child,0.04126818084144907,0.04817893588943216,2,
Combined,GPT-2,Grandparent,0.09887345423005896,0.032499491694200695,0,
Combined,GPT-2,Grandparent,0.05653139908271773,-0.0154063242078795,0,
Combined,GPT-2,Parent,0.08661167350484676,0.05242030477656475,1,
Combined,GPT-2,Grandparent,0.07022508639533495,-0.06676604103478147,0,
Combined,GPT-2,Grandparent,-0.44419714044166797,-0.02147502182457297,0,
Combined,GPT-2,Parent,0.11783335309825073,0.0209316046721654,1,
Combined,GPT-2,Child,0.00801007305259751,-0.1120105953843001,2,
Combined,GPT-2,Child,0.08947975054046191,-0.003816866813642545,2,
Combined,GPT-2,Grandparent,0.04612833425041406,0.14590181370646138,0,
Combined,GPT-2,Grandparent,0.09033315254572405,0.09475244665893459,0,
Combined,GPT-2,Parent,0.08951507680634264,0.013829914481418527,1,
Combined,GPT-2,Parent,-0.0020283638485154654,0.17637540553209843,1,
Combined,GPT-2,Grandparent,0.10725885691562569,-0.025447301203397863,0,
Combined,GPT-2,Grandparent,0.08477317334159692,-0.04685113178368691,0,
Combined,GPT-2,Parent,0.10229291876269096,-0.04324770233371259,1,
Combined,GPT-2,Parent,0.047845852642174114,0.027120864974471835,1,
Combined,GPT-2,Child,0.09680790778829736,0.08070589036486724,2,
Combined,GPT-2,Child,0.1081832288575703,0.014158530173185285,2,
Combined,GPT-2,Grandparent,0.08534456914142786,0.04744295294896721,0,
Combined,GPT-2,Grandparent,-0.5245432572050054,0.06170623478941238,0,
Combined,GPT-2,Parent,0.0469726915515545,-0.02834817439570284,1,
Combined,GPT-2,Parent,-0.06677123128519998,-0.14195026162803326,1,
Combined,GPT-2,Grandparent,0.06599514738527147,0.011403346849819767,0,
Combined,GPT-2,Grandparent,-0.012142040556159776,-0.13505918183471913,0,
Combined,GPT-2,Parent,0.07859824081727294,-0.03810800688525573,1,
Combined,GPT-2,Parent,-0.5988230370666066,0.0005647602003166484,1,
Combined,GPT-2,Child,0.08622402974600842,0.04976188301906681,2,
Combined,GPT-2,Child,0.10604132097553723,-0.016612545679756317,2,
Combined,GPT-2,Grandparent,0.08130200540552761,-0.034006725575212844,0,
Combined,GPT-2,Grandparent,0.11615228744918436,0.03661735979032892,0,
Combined,GPT-2,Parent,0.12127668261079949,0.0669153325593904,1,
Combined,GPT-2,Parent,0.08225474361708157,-0.08472927945910255,1,
Combined,GPT-2,Grandparent,0.034556835064878354,0.07326572639573536,0,
Combined,GPT-2,Grandparent,0.03740931995183673,-0.07503237096560171,0,
Combined,GPT-2,Parent,0.09253858778331976,0.01610411046107146,1,
Combined,GPT-2,Parent,0.09349640416736849,0.041469744539652006,1,
Combined,GPT-2,Child,0.029892612305410043,0.04730028556117598,2,
Combined,GPT-2,Child,-0.4488243208504171,0.0009732598437960649,2,
Combined,GPT-2,Grandparent,0.061693196825819634,-0.031558200892504114,0,
Combined,GPT-2,Grandparent,0.031007762840963113,0.03228667843296907,0,
Combined,GPT-2,Parent,0.05116844047098519,-0.10839999743206041,1,
Combined,GPT-2,Parent,0.06733136903370505,-0.06967708099640102,1,
Combined,GPT-2,Grandparent,0.07592327982725948,-0.11947780744806002,0,
Combined,GPT-2,Grandparent,0.00991005488908616,-0.11180602568137737,0,
Combined,GPT-2,Parent,0.10900787018806424,0.009296314679681894,1,
Combined,GPT-2,Parent,0.08632874810221425,-0.13628377701486963,1,
Combined,GPT-2,Child,0.055282870159725966,-0.024533262612055056,2,
Combined,GPT-2,Child,0.052298173027889895,0.011429770379642119,2,
Combined,GPT-2,Grandparent,-0.6401819277310299,0.03783087061771571,0,
Combined,GPT-2,Grandparent,0.08577132529612295,0.09539232369965166,0,
Combined,GPT-2,Parent,0.10912815270666983,0.08116401361381066,1,
Combined,GPT-2,Parent,0.04646811126960313,0.10534560965923953,1,
Combined,GPT-2,Grandparent,0.09984879085826806,-0.040065199072896025,0,
Combined,GPT-2,Grandparent,-0.5924496923593454,0.007587086907681176,0,
Combined,GPT-2,Parent,0.03788662803655013,-0.09998746565016414,1,
Combined,GPT-2,Parent,-0.08008326080193341,-0.23265389463702602,1,
Combined,GPT-2,Child,0.0902829766371719,-0.09828059750873348,2,
Combined,GPT-2,Child,0.11330377922248619,0.08279179933017254,2,
Combined,GPT-2,Grandparent,0.05848770143066154,-0.029275903208834917,0,
Combined,GPT-2,Grandparent,0.08796144256543185,0.135008749700756,0,
Combined,GPT-2,Parent,0.022113568762864445,0.08130038911262644,1,
Combined,GPT-2,Parent,0.03754987009742998,0.17758288952067539,1,
Combined,GPT-2,Grandparent,0.01783840429930373,-0.03964686500117051,0,
Combined,GPT-2,Grandparent,-0.48382358665582487,0.055443838757289386,0,
Combined,GPT-2,Parent,0.06761615106499926,0.06435651298452887,1,
Combined,GPT-2,Parent,0.03507824738332036,0.025421789326769386,1,
Combined,GPT-2,Child,0.07564246672610216,-0.04849605501113393,2,
Combined,GPT-2,Child,0.1426803267446738,0.04210061434649353,2,
Combined,GPT-2,Grandparent,0.0820127208574945,-0.07706462790057322,0,
Combined,GPT-2,Grandparent,0.0748789755510169,-0.13167060034891995,0,
Combined,GPT-2,Parent,0.10582682897081504,0.06533109246213889,1,
Combined,GPT-2,Parent,0.049388820337243365,-0.050449061708793985,1,
Combined,GPT-2,Grandparent,0.06463700224377267,-0.08756503154781285,0,
Combined,GPT-2,Grandparent,-0.530618498018903,-0.016312696059915536,0,
Combined,GPT-2,Parent,0.05124054258482766,-0.08196373118656249,1,
Combined,GPT-2,Parent,0.03558319808024689,-0.06498458097599802,1,
Combined,GPT-2,Child,0.026083856714912788,-0.05639853270490228,2,
Combined,GPT-2,Child,0.09386839931498958,0.04277023096933799,2,
Combined,GPT-2,Grandparent,0.09950169515557776,0.06837867979557599,0,
Combined,GPT-2,Grandparent,-0.05324442764729957,-0.16263836050397593,0,
Combined,GPT-2,Parent,0.07725561956137063,0.01537186145955139,1,
Combined,GPT-2,Parent,0.0137627911557715,0.10519991119097662,1,
Combined,GPT-2,Grandparent,0.08395146426848944,0.032938367091445216,0,
Combined,GPT-2,Grandparent,0.08751208665264326,-0.006851077817269821,0,
Combined,GPT-2,Parent,0.10018209135898862,0.004456668331538713,1,
Combined,GPT-2,Parent,0.06946596609264308,0.07749672667790576,1,
Combined,GPT-2,Child,0.060320264680510986,-0.010049862043456934,2,
Combined,GPT-2,Child,0.08181942635705843,-0.0031390773979860028,2,
Combined,GPT-2,Grandparent,-0.0006623773296271267,0.012142605480026504,0,
Combined,GPT-2,Grandparent,-0.598464531368719,0.04685851837410399,0,
Combined,GPT-2,Parent,0.032558975376648085,-0.04485637247780693,1,
Combined,GPT-2,Parent,-0.04914058172030274,-0.13595789160110042,1,
Combined,GPT-2,Grandparent,0.1075866950776201,0.01156331599202969,0,
Combined,GPT-2,Grandparent,0.10934826926603985,0.07516988955212295,0,
Combined,GPT-2,Parent,0.04291498409553038,0.13141871051644216,1,
Combined,GPT-2,Parent,0.10873777738848955,0.019316410490149566,1,
Combined,GPT-2,Child,0.05554884565801143,0.08864410344322557,2,
Combined,GPT-2,Child,0.044176832317361504,-0.05724006070743235,2,
Combined,GPT-2,Grandparent,-0.5304136257694546,-0.022388483883263536,0,
Combined,GPT-2,Grandparent,0.015385106633561354,-0.14520930862629725,0,
Combined,GPT-2,Parent,0.07227095813121964,0.024072960764026225,1,
Combined,GPT-2,Parent,-0.014739756087239776,-0.077376613689715,1,
Combined,GPT-2,Grandparent,0.07021124215196435,-0.007667443954324491,0,
Combined,GPT-2,Grandparent,0.08685855229954093,0.0765281382408383,0,
Combined,GPT-2,Parent,0.07712227707055065,0.08043667898231989,1,
Combined,GPT-2,Parent,0.06822257484396528,0.04679779806348528,1,
Combined,GPT-2,Child,0.035626143517728304,-0.06827982580389694,2,
Combined,GPT-2,Child,0.08961728981189333,0.06907855986846234,2,
Combined,GPT-2,Grandparent,0.07772726344703637,-0.10031020140483898,0,
Combined,GPT-2,Grandparent,-0.46092037693904336,-4.317662732305158e-05,0,
Combined,GPT-2,Parent,0.047413118557809,0.005176236924917371,1,
Combined,GPT-2,Parent,0.003433459941911675,-0.06181399536675915,1,
Combined,GPT-2,Grandparent,-0.010238754885365662,-0.1233945898430032,0,
Combined,GPT-2,Grandparent,0.07525799432730526,0.02242593608608967,0,
Combined,GPT-2,Parent,-0.4655770649133424,0.013434125761586169,1,
Combined,GPT-2,Parent,0.06826708480807223,-0.06686547007580762,1,
Combined,GPT-2,Child,0.06118744504914317,-0.04264234843665893,2,
Combined,GPT-2,Child,0.09197802664927214,-0.02433997597686288,2,
Combined,GPT-2,Grandparent,0.074703113840455,0.026669339440316034,0,
Combined,GPT-2,Grandparent,0.09217376476709085,0.08446675450379025,0,
Combined,GPT-2,Parent,0.10271550962342653,-0.0021363984689057014,1,
Combined,GPT-2,Parent,0.07966503747337567,0.1356617271120242,1,
Combined,GPT-2,Grandparent,0.0588604945665472,-0.06473748518349415,0,
Combined,GPT-2,Grandparent,-0.5267588113711533,0.008648822681235142,0,
Combined,GPT-2,Parent,0.022677623670366003,-0.042096763990331056,1,
Combined,GPT-2,Parent,0.03206646489120417,0.09490500953383363,1,
Combined,GPT-2,Child,0.09810844278226981,0.06769678591706088,2,
Combined,GPT-2,Child,0.06818184340315339,-0.10470080796251137,2,
Combined,GPT-2,Grandparent,0.07142922768419172,-0.0637427025682495,0,
Combined,GPT-2,Grandparent,0.004926510983886295,0.06756780862324513,0,
Combined,GPT-2,Parent,-0.011288768564029479,0.11188928630624756,1,
Combined,GPT-2,Parent,0.047884075890521245,0.026492507869045685,1,
Combined,GPT-2,Grandparent,0.04517280177193726,-0.05354784935541034,0,
Combined,GPT-2,Grandparent,0.051891767394099717,-0.1619521296216754,0,
Combined,GPT-2,Parent,-0.3365204171784886,0.03655840942108547,1,
Combined,GPT-2,Parent,0.05075667353137516,-0.04243508245853989,1,
Combined,GPT-2,Child,0.0737992845806639,0.07651777908222389,2,
Combined,GPT-2,Child,0.01830875532136137,0.13541969875439155,2,
Combined,GPT-2,Grandparent,0.07168337557832755,0.0624508744204765,0,
Combined,GPT-2,Grandparent,0.06206621523243576,-0.030330494894680038,0,
Combined,GPT-2,Parent,0.059948242103666505,0.052466810675653945,1,
Combined,GPT-2,Parent,0.0055647662283334455,-0.11870558687967116,1,
Combined,GPT-2,Grandparent,0.0355436048494976,-0.11566345982667935,0,
Combined,GPT-2,Grandparent,-0.328225493842747,-0.01938936598869215,0,
Combined,GPT-2,Parent,0.06878751328907975,0.020594476146427277,1,
Combined,GPT-2,Parent,0.09237442903828127,-0.020356428807878617,1,
Combined,GPT-2,Child,0.09342292292075982,0.021481753782325114,2,
Combined,GPT-2,Child,0.026878302823976852,0.005816338581355194,2,
Combined,GPT-2,Grandparent,0.03339598067570278,0.0005318241223422333,0,
Combined,GPT-2,Grandparent,0.06628072683483571,0.14633010970583835,0,
Combined,GPT-2,Parent,0.06750025349934338,0.0804302430656219,1,
Combined,GPT-2,Parent,0.07987164459199637,0.08722480619329136,1,
Combined,GPT-2,Grandparent,0.09594570300026183,0.009428883193048005,0,
Combined,GPT-2,Grandparent,0.08590704592588955,-0.10944502088539855,0,
Combined,GPT-2,Parent,0.10129694757815436,-0.062271024677850895,1,
Combined,GPT-2,Parent,0.05310861207868165,-0.12107226245929535,1,
Combined,GPT-2,Child,0.07815565690415893,0.06225313990575107,2,
Combined,GPT-2,Child,-0.5238570550686666,0.0015886974426799715,2,
Combined,GPT-2,Grandparent,0.03782464681783563,0.011393050449727065,0,
Combined,GPT-2,Grandparent,0.07818304456817325,0.09408721119621673,0,
Combined,GPT-2,Parent,0.022570689874764467,-0.12215008906108728,1,
Combined,GPT-2,Parent,0.07012112387907786,0.16891805076722843,1,
Combined,GPT-2,Grandparent,0.09148338746991022,0.12455654126326583,0,
Combined,GPT-2,Grandparent,0.0593576878479266,0.003273505020381705,0,
Combined,GPT-2,Parent,0.039300811229558204,-0.02642639197260016,1,
Combined,GPT-2,Parent,0.07799081579621482,0.10163131541612958,1,
Combined,GPT-2,Child,0.09860460642307149,-0.04897667378622258,2,
Combined,GPT-2,Child,0.054198771769501636,-0.045821184670755806,2,
Combined,GPT-2,Grandparent,0.08703790972332208,-0.05342037393735036,0,
Combined,GPT-2,Grandparent,0.03476614327352808,-0.05690512996037936,0,
Combined,GPT-2,Parent,-0.6028053697525261,0.026579878412066257,1,
Combined,GPT-2,Parent,0.0450970845061534,0.03545734868779426,1,
Combined,GPT-2,Grandparent,0.053358058361834305,0.010039138874520827,0,
Combined,GPT-2,Grandparent,0.031220303305056558,0.008972887219788167,0,
Combined,GPT-2,Parent,0.04661428881075961,0.0229848135197718,1,
Combined,GPT-2,Parent,0.028866050996768318,0.10849321388170863,1,
Combined,GPT-2,Child,0.04938002787924576,-0.09740592978730273,2,
Combined,GPT-2,Child,0.08928278061881777,0.0035469083323795103,2,
Combined,GPT-2,Grandparent,0.05058863627576595,-0.08022778519645925,0,
Combined,GPT-2,Grandparent,0.07204102460860812,-0.0162027492961995,0,
Combined,GPT-2,Parent,-0.5682045646395524,-0.025160319746894214,1,
Combined,GPT-2,Parent,0.05557581450249929,0.01656229164304802,1,
Combined,GPT-2,Grandparent,0.084604028235614,-0.10770450299679023,0,
Combined,GPT-2,Grandparent,0.09098924712139188,0.05211390157837188,0,
Combined,GPT-2,Parent,0.07993398453423796,-0.014913589270249574,1,
Combined,GPT-2,Parent,0.09256576425359761,-0.00392169687287885,1,
Combined,GPT-2,Child,0.10182359875248596,0.020121834382739626,2,
Combined,GPT-2,Child,0.04175723965329184,0.08538104109033988,2,
Combined,GPT-2,Grandparent,0.030582316672748966,0.02566572700908362,0,
Combined,GPT-2,Grandparent,-0.02768051883308001,0.17152959458780317,0,
Combined,GPT-2,Parent,0.02253361332643446,-0.05888476643952328,1,
Combined,GPT-2,Parent,-0.7172266856777988,0.012716619478360286,1,
Combined,GPT-2,Grandparent,0.05765922455348042,0.026198015038633116,0,
Combined,GPT-2,Grandparent,-0.6027550241302604,-0.00930766849967021,0,
Combined,GPT-2,Parent,0.04523603607033066,-0.025881499926262853,1,
Combined,GPT-2,Parent,-0.047033296154642024,0.017240370264446896,1,
Combined,GPT-2,Child,0.0850825545250125,-0.01835762855137171,2,
Combined,GPT-2,Child,0.08722387243700136,-0.01455371971656346,2,
Combined,GPT-2,Grandparent,0.13871538439916334,0.056700821750059964,0,
Combined,GPT-2,Grandparent,0.14703476082486575,0.03544745102380064,0,
Combined,GPT-2,Parent,0.10342187960873576,0.009106678986237925,1,
Combined,GPT-2,Parent,0.05707424682946256,-0.04837755821867279,1,
Combined,GPT-2,Grandparent,-0.028300862929770045,0.17146387950256808,0,
Combined,GPT-2,Grandparent,0.0566954480091277,0.06215509380611942,0,
Combined,GPT-2,Parent,0.0690015774630989,-0.08350348586732882,1,
Combined,GPT-2,Parent,0.06243431093166695,0.028619679252269426,1,
Combined,GPT-2,Child,0.04330097285313585,-0.08117870112393133,2,
Combined,GPT-2,Child,-0.44847810128500226,0.060462248045937556,2,
Combined,GPT-2,Grandparent,0.03531399601275452,0.0023148844365277416,0,
Combined,GPT-2,Grandparent,0.03658021311758173,-0.09013444821498322,0,
Combined,GPT-2,Parent,0.08861172985665121,-0.0427932493241145,1,
Combined,GPT-2,Parent,0.05523351882689255,-0.019664596628862666,1,
Combined,GPT-2,Grandparent,0.0323166867711201,-0.0504486311288272,0,
Combined,GPT-2,Grandparent,0.09519618418731968,-0.05859436629544581,0,
Combined,GPT-2,Parent,-0.38108323392645016,-0.01447631612214779,1,
Combined,GPT-2,Parent,-0.052353287014460126,-0.1371071967086876,1,
Combined,GPT-2,Child,0.07922800783719021,0.07157505189037408,2,
Combined,GPT-2,Child,0.0034486992201159263,-0.16489234707755068,2,
Combined,GPT-2,Grandparent,0.06511948016320485,0.04444030085859418,0,
Combined,GPT-2,Grandparent,0.07676239622248299,0.015929970936590064,0,
Combined,GPT-2,Parent,0.05978396403860891,0.006616266110658683,1,
Combined,GPT-2,Parent,0.08539477774784474,0.07041617401957757,1,
Combined,GPT-2,Grandparent,-0.00856057903200517,-0.10239747478381807,0,
Combined,GPT-2,Grandparent,-0.030072197273220608,-0.2746724032283701,0,
Combined,GPT-2,Parent,0.021779769770818833,0.03372527127633298,1,
Combined,GPT-2,Parent,-0.6131434324512062,-0.0064359342442740445,1,
Combined,GPT-2,Child,0.07634256639682242,0.02725293298868919,2,
Combined,GPT-2,Child,0.10295354911262207,-0.10744902797945341,2,
Combined,GPT-2,Grandparent,0.12825731234511986,0.024739164124526297,0,
Combined,GPT-2,Grandparent,0.0863931136361433,0.023794570460618163,0,
Combined,GPT-2,Parent,0.11272740331554862,0.07305489186468177,1,
Combined,GPT-2,Parent,0.07624812150236045,0.1039703550982274,1,
Combined,GPT-2,Grandparent,0.0900722915374879,0.029073252700842874,0,
Combined,GPT-2,Grandparent,0.08122008046819958,-0.05807406932487772,0,
Combined,GPT-2,Parent,0.08433999306498748,-0.06486116130961338,1,
Combined,GPT-2,Parent,0.09160281947004659,-0.01680895837496369,1,
Combined,GPT-2,Child,0.04590169492753786,-0.06236362409083105,2,
Combined,GPT-2,Child,0.11058341283668816,0.06721287448702044,2,
Combined,GPT-2,Grandparent,0.09190307870928643,0.04288839527705278,0,
Combined,GPT-2,Grandparent,-0.0068950273847745895,-0.05866591919417729,0,
Combined,GPT-2,Parent,0.0924932930862016,-0.031268752113131085,1,
Combined,GPT-2,Parent,-0.5936442866964771,0.018702311283297,1,
Combined,GPT-2,Grandparent,0.08030262939474851,-0.05629319225246828,0,
Combined,GPT-2,Grandparent,-0.5981378436487239,0.015037622699204518,0,
Combined,GPT-2,Parent,0.0796661734349919,-0.038404632372220075,1,
Combined,GPT-2,Parent,0.03000386431147739,-0.2197386945412878,1,
Combined,GPT-2,Child,0.050498535229470135,-0.044723418066013876,2,
Combined,GPT-2,Child,0.1004806047471609,0.004643378790834462,2,
Combined,GPT-2,Grandparent,0.09198351708736885,0.029878654882453427,0,
Combined,GPT-2,Grandparent,0.10549108083899629,0.024711471232856105,0,
Combined,GPT-2,Parent,0.04144886995079135,0.1146863057059626,1,
Combined,GPT-2,Parent,0.05488498157462082,0.16329387309556467,1,
Combined,GPT-2,Grandparent,0.07933996345345994,0.043355783324456526,0,
Combined,GPT-2,Grandparent,0.05641863942530017,-0.1392961920259503,0,
Combined,GPT-2,Parent,0.05406439484999981,-0.08719829343002419,1,
Combined,GPT-2,Parent,0.03219840708416055,-0.13367668160625748,1,
Combined,GPT-2,Child,0.06534163153657334,0.04692888655938549,2,
Combined,GPT-2,Child,0.05993058639578693,0.02197063217878954,2,
Combined,GPT-2,Grandparent,0.02100332854512642,0.07877605519513974,0,
Combined,GPT-2,Grandparent,0.03848904373078811,-0.06904991800079158,0,
Combined,GPT-2,Parent,0.07641400695267121,0.07805740932461383,1,
Combined,GPT-2,Parent,-0.52292009297204,-0.006432489317662582,1,
Combined,GPT-2,Grandparent,0.060467200256585744,-0.08183572677218222,0,
Combined,GPT-2,Grandparent,-0.48156253761811463,-0.01888297618975563,0,
Combined,GPT-2,Parent,0.07628119397774924,-0.017880406339977745,1,
Combined,GPT-2,Parent,0.10421585060370767,-0.06920740531380838,1,
Combined,GPT-2,Child,0.09285842304917748,0.023618997815190685,2,
Combined,GPT-2,Child,0.09178936581050158,0.10340120124470659,2,
Combined,GPT-2,Grandparent,0.08485768299666327,-0.10194281193252547,0,
Combined,GPT-2,Grandparent,0.06748501783927413,0.04589865632445763,0,
Combined,GPT-2,Parent,0.08533258678998916,0.02524500566902294,1,
Combined,GPT-2,Parent,0.05536104521945551,-0.08371056674070565,1,
Combined,GPT-2,Grandparent,0.04720985544499324,0.06550959104270553,0,
Combined,GPT-2,Grandparent,-0.5353069110962787,0.0014132775609622572,0,
Combined,GPT-2,Parent,-0.004756115341436884,0.1688447179791776,1,
Combined,GPT-2,Parent,-0.030585742223995935,-0.011756302822046582,1,
Combined,GPT-2,Child,0.039133985876798796,0.03661096056339468,2,
Combined,GPT-2,Child,0.07194862648757648,0.03950331868807954,2,
Combined,GPT-2,Grandparent,0.07195951693856853,-0.05793279431325709,0,
Combined,GPT-2,Grandparent,0.08779478726640956,-0.000359528925469555,0,
Combined,GPT-2,Parent,0.0464883909553052,-0.11063682789709155,1,
Combined,GPT-2,Parent,0.08310413085619298,-0.042626805636173944,1,
Combined,GPT-2,Grandparent,0.018005539074089933,-0.04376111085229305,0,
Combined,GPT-2,Grandparent,0.019779175517566965,-0.07832181643182554,0,
Combined,GPT-2,Parent,-0.4915422485657637,-0.016667176367707648,1,
Combined,GPT-2,Parent,0.049022443171006715,0.10853984967535628,1,
Combined,GPT-2,Child,0.08687171923022742,-0.022165408458226874,2,
Combined,GPT-2,Child,0.047514664769983235,0.050649675270527564,2,
Combined,GPT-2,Grandparent,0.09707275990986265,-0.002876909530194569,0,
Combined,GPT-2,Grandparent,0.07669588622078825,0.054000255068176926,0,
Combined,GPT-2,Parent,0.10385409723765265,0.03907270447718614,1,
Combined,GPT-2,Parent,0.08689597984094558,0.056208651865439094,1,
Combined,GPT-2,Grandparent,0.10749590013915572,-0.10279765899271567,0,
Combined,GPT-2,Grandparent,0.024237369815149925,-0.1810445569525549,0,
Combined,GPT-2,Parent,0.0003640214549128448,-0.11763264532325388,1,
Combined,GPT-2,Parent,-0.6487505476120563,0.008695194180568399,1,
Combined,GPT-2,Child,0.08103381788407948,-0.11274067525695416,2,
Combined,GPT-2,Child,0.0872731112385895,0.05439257940656194,2,
Combined,GPT-2,Grandparent,0.07730422833657613,0.01940742047430363,0,
Combined,GPT-2,Grandparent,0.07339995530474612,0.10017716925478781,0,
Combined,GPT-2,Parent,0.04947039573065837,0.030618721435496227,1,
Combined,GPT-2,Parent,0.02041104984451022,0.13673989380894258,1,
Combined,GPT-2,Grandparent,0.039965759099128036,-0.1822223335747828,0,
Combined,GPT-2,Parent,0.05083895364750422,-0.15081580163307698,1,
Combined,GPT-2,Child,0.07638082573756744,0.004861099831612838,2,
Combined,GPT-2,Child,0.025028198742695303,-0.10474429031384581,2,
Combined,GPT-2,Grandparent,0.054898798898344786,-0.02897258221073628,0,
Combined,GPT-2,Grandparent,0.05215204853582381,0.027620568878664365,0,
Combined,GPT-2,Parent,-0.2936358648653727,-0.027093290360117456,1,
Combined,GPT-2,Parent,0.035122381305103555,0.005587049895423228,1,
Combined,GPT-2,Grandparent,-0.3217993983629038,-0.004105922970404291,0,
Combined,GPT-2,Grandparent,0.09355574747709815,-0.08466392545608593,0,
Combined,GPT-2,Parent,0.0365880010448709,-0.06668773219625442,1,
Combined,GPT-2,Parent,0.05980583528806382,-0.018515483257617645,1,
Combined,GPT-2,Child,0.07119234128329945,0.06223605023711759,2,
Combined,GPT-2,Child,0.06114868542084723,-0.0031986134821096047,2,
Combined,GPT-2,Grandparent,0.013329787105657765,0.15343522560473413,0,
Combined,GPT-2,Grandparent,-0.011345927757192894,0.15870416775416857,0,
Combined,GPT-2,Parent,0.0025616327009795456,0.13215726760437646,1,
Combined,GPT-2,Parent,-0.027962954703744623,0.188452108896532,1,
Combined,GPT-2,Grandparent,0.08486353035989885,0.07437505621129531,0,
Combined,GPT-2,Grandparent,0.12610137334235338,0.0649542764930792,0,
Combined,GPT-2,Parent,0.09796142613745731,0.1170143920572929,1,
Combined,GPT-2,Parent,0.0912693494747599,0.14024419743877592,1,
Combined,GPT-2,Child,0.049832008285179086,-0.15675020716200483,2,
Combined,GPT-2,Child,0.057684040508149785,-0.08511574661390096,2,
Combined,GPT-2,Grandparent,0.0116531507147711,-0.1887672290920883,0,
Combined,GPT-2,Grandparent,-0.6916581931930889,0.004824166216963054,0,
Combined,GPT-2,Parent,0.06923835655706903,-0.16082020953107434,1,
Combined,GPT-2,Grandparent,0.11244658029052461,0.00239302427165896,0,
Combined,GPT-2,Grandparent,0.08014355789494011,0.03044768388035373,0,
Combined,GPT-2,Parent,0.06940121111998364,-0.01607879162386457,1,
Combined,GPT-2,Parent,0.04055895933268928,0.1212738777834177,1,
Combined,GPT-2,Child,0.06614075656347251,0.016888285466303655,2,
Combined,GPT-2,Child,-0.45191017251814064,0.01269142121477253,2,
Combined,GPT-2,Grandparent,0.09612443647833081,0.03772961896660547,0,
Combined,GPT-2,Grandparent,0.030110291654829854,-0.03557161481405539,0,
Combined,GPT-2,Parent,0.014322841178729988,-0.0744986194198149,1,
Combined,GPT-2,Parent,-0.013101737200008953,-0.12740565274953541,1,
Combined,GPT-2,Grandparent,0.06070037365591125,-0.05505596612702318,0,
Combined,GPT-2,Grandparent,0.06096723824769825,-0.030812547734014983,0,
Combined,GPT-2,Parent,0.06683887358165216,-0.02512983155738263,1,
Combined,GPT-2,Child,0.08835599875324297,0.05112780743830538,2,
Combined,GPT-2,Child,0.08696770068427623,-0.018929642891006918,2,
Combined,GPT-2,Grandparent,0.05288008952269337,-0.0005481278031077194,0,
Combined,GPT-2,Grandparent,0.08121143995696815,-0.010269589169674968,0,
Combined,GPT-2,Parent,-0.4206224923024848,0.00915723112193204,1,
Combined,GPT-2,Parent,0.0035420358595823465,-0.031661983189861624,1,
Combined,GPT-2,Grandparent,-0.690056637094515,0.0016960587299696796,0,
Combined,GPT-2,Grandparent,0.05683657203729559,-0.13102573826347327,0,
Combined,GPT-2,Parent,0.09521549254141737,0.022767042273684923,1,
Combined,GPT-2,Parent,0.036609570563086946,-0.04847324629017599,1,
Combined,GPT-2,Child,0.030076603655580236,0.002241760080098419,2,
Combined,GPT-2,Child,0.02500541720325067,-0.1020086374751493,2,
Combined,GPT-2,Grandparent,0.07309249681912312,0.09447267852066264,0,
Combined,GPT-2,Grandparent,0.03437728856410056,0.09805811109284705,0,
Combined,GPT-2,Parent,0.08001141155853256,0.0060110398534157965,1,
Combined,GPT-2,Parent,-0.027923625908722265,0.18249251874904454,1,
Combined,GPT-2,Grandparent,0.058842875115874015,0.10048296933495968,0,
Combined,GPT-2,Grandparent,0.06627981533980212,0.1442516194336609,0,
Combined,GPT-2,Parent,0.04196476478714171,0.10484944971796144,1,
Combined,GPT-2,Parent,0.05554812737329379,0.09807027149401985,1,
Combined,GPT-2,Child,0.09420484258395545,0.028737794103582532,2,
Combined,GPT-2,Child,0.028768269590522963,-0.043141908453808345,2,
Combined,GPT-2,Grandparent,0.038150555487987195,-0.1309655012663554,0,
Combined,GPT-2,Grandparent,0.06255543814107067,-0.11227513256547504,0,
Combined,GPT-2,Parent,-0.5651293699512625,-0.03853378116083904,1,
Combined,GPT-2,Parent,0.027150491807219408,-0.16129677623575328,1,
Combined,GPT-2,Grandparent,0.05159442968340137,0.10359978613329833,0,
Combined,GPT-2,Grandparent,0.11559679578101197,0.03968911501745596,0,
Combined,GPT-2,Parent,0.007950466054218841,0.10340319978757459,1,
Combined,GPT-2,Parent,0.050279860798138884,0.14255139219959498,1,
Combined,GPT-2,Child,0.0069271599345025955,-0.01936530150494382,2,
Combined,GPT-2,Child,0.10604298290512786,0.024540914472004356,2,
Combined,GPT-2,Grandparent,-0.49669457866855393,-0.011607474094243432,0,
Combined,GPT-2,Grandparent,0.011095555914002539,-0.15819043019838502,0,
Combined,GPT-2,Parent,0.08139020884566368,-0.07368498683878955,1,
Combined,GPT-2,Parent,0.05822720537330045,-0.056779457814425636,1,
Combined,GPT-2,Grandparent,0.08569697541214527,-0.049210295907870454,0,
Combined,GPT-2,Grandparent,0.03661896526499759,-0.0644390978671896,0,
Combined,GPT-2,Parent,0.10892084633699342,0.03592635683273126,1,
Combined,GPT-2,Parent,-0.6535544706970949,0.0323700454055941,1,
Combined,GPT-2,Child,0.08782901551051851,0.11639223330696677,2,
Combined,GPT-2,Child,0.047944263586656155,0.009543554004034113,2,
Combined,GPT-2,Grandparent,0.09704805007770327,0.016598648521489602,0,
Combined,GPT-2,Grandparent,0.10757062711269023,-0.014941791786947234,0,
Combined,GPT-2,Parent,0.08488938070566962,-0.06217875846918702,1,
Combined,GPT-2,Parent,0.08188287587257527,-0.020516312691532167,1,
Combined,GPT-2,Grandparent,0.09870555282473001,-0.061777850315449134,0,
Combined,GPT-2,Grandparent,0.07001021397389189,-0.004701233571531201,0,
Combined,GPT-2,Parent,0.09284354379120072,-0.0049674767223149745,1,
Combined,GPT-2,Parent,0.03095612877469384,-0.0036469586476206095,1,
Combined,GPT-2,Child,0.11208077962804479,0.020341858474753945,2,
Combined,GPT-2,Child,0.022423844732021962,-0.06273235058176961,2,
Combined,GPT-2,Grandparent,0.0019212943449743803,0.1844587819793828,0,
Combined,GPT-2,Grandparent,0.006401690106144997,0.050177698778134286,0,
Combined,GPT-2,Parent,-0.44392901956486364,0.01376000467084126,1,
Combined,GPT-2,Parent,0.04747872492028751,0.1384477053542407,1,
Combined,GPT-2,Grandparent,0.10139710791765856,0.05888216541860806,0,
Combined,GPT-2,Grandparent,0.09736469323562355,0.11538744435574057,0,
Combined,GPT-2,Parent,0.1174603992573053,0.12485469561263379,1,
Combined,GPT-2,Parent,0.09360559527015937,0.15650574896566974,1,
Combined,GPT-2,Child,0.10983253512761752,-0.05394984369263246,2,
Combined,GPT-2,Child,0.03405314063169178,-0.03677702650409929,2,
Combined,GPT-2,Grandparent,-0.004568537018223518,-0.20395223919980077,0,
Combined,GPT-2,Grandparent,0.0696337954079188,-0.15366957628464462,0,
Combined,GPT-2,Parent,-0.6001899260924338,-0.010906822791132849,1,
Combined,GPT-2,Parent,0.02140078639325051,-0.19083534485813208,1,
Combined,GPT-2,Grandparent,0.0812484108145264,0.02088229083779385,0,
Combined,GPT-2,Grandparent,0.10486048764934515,0.022285800754113932,0,
Combined,GPT-2,Parent,0.09960075242245814,-0.05592812681089325,1,
Combined,GPT-2,Parent,0.1018259175702399,0.06420516923258188,1,
Combined,GPT-2,Child,0.0672572509248545,-0.0144358086539922,2,
Combined,GPT-2,Child,0.08258972224854559,0.006701211274632096,2,
Combined,GPT-2,Grandparent,-0.030700580713948954,0.16738868168382312,0,
Combined,GPT-2,Grandparent,-0.6871266044037551,0.00975077803165105,0,
Combined,GPT-2,Parent,0.02870837737871053,-0.10534811383668577,1,
Combined,GPT-2,Parent,-0.04996884112831894,0.15968606906302626,1,
Combined,GPT-2,Grandparent,0.08228919165846935,-0.0349324280741856,0,
Combined,GPT-2,Grandparent,0.027241261298353938,0.030443053600329107,0,
Combined,GPT-2,Parent,0.027049084194142183,-0.05033760430758788,1,
Combined,GPT-2,Parent,0.07303038446703142,-0.14281208885367816,1,
Combined,GPT-2,Child,0.08308745742647228,0.06753869648567273,2,
Combined,GPT-2,Child,0.06990722168078413,-0.08371803647955779,2,
Combined,GPT-2,Grandparent,0.01897467875605981,-0.0657700939438097,0,
Combined,GPT-2,Grandparent,-0.5683380884849832,0.040208633350638324,0,
Combined,GPT-2,Parent,0.03142405905923938,0.06598592077228681,1,
Combined,GPT-2,Parent,0.012293768912015553,-0.1225474223617014,1,
Combined,GPT-2,Grandparent,0.0312532658194647,0.09852872076079651,0,
Combined,GPT-2,Grandparent,-0.5515663631303026,-0.001155627053163922,0,
Combined,GPT-2,Parent,0.06268682186732355,-0.06316447648380259,1,
Combined,GPT-2,Parent,0.003325936237789681,-0.05205933138445137,1,
Combined,GPT-2,Child,0.08516873346811368,0.04392455585176493,2,
Combined,GPT-2,Child,0.06409575708711042,-0.02786992057899775,2,
Combined,GPT-2,Grandparent,0.05836877390943746,-0.02361775531178238,0,
Combined,GPT-2,Parent,0.1099493030118522,-0.037774746164486374,1,
Combined,GPT-2,Grandparent,0.0763441978257925,-0.1011296074775427,0,
Combined,GPT-2,Grandparent,0.09795085057272132,0.06999206701136511,0,
Combined,GPT-2,Parent,0.09068706205962287,-0.0572630685770962,1,
Combined,GPT-2,Parent,0.041279191139570945,0.054846553578512834,1,
Combined,GPT-2,Child,0.08868623105847115,0.027411515413482173,2,
Combined,GPT-2,Child,0.03169419148097354,-0.05560624781230624,2,
Combined,GPT-2,Grandparent,0.1103149672621681,0.06502973231533898,0,
Combined,GPT-2,Grandparent,-0.014785777004221026,-0.07550914572335894,0,
Combined,GPT-2,Parent,-0.598573724684825,0.040261574913368306,1,
Combined,GPT-2,Parent,0.0017665517258174212,0.11477296376263918,1,
Combined,GPT-2,Grandparent,0.07772790116737645,0.06533474131220252,0,
Combined,GPT-2,Grandparent,0.11399987017623517,0.06613612501104342,0,
Combined,GPT-2,Parent,0.0875945942907618,0.0012621623683470686,1,
Combined,GPT-2,Parent,0.06553949010019612,0.21087405175924967,1,
Combined,GPT-2,Child,0.06614074961526424,0.032100471624047146,2,
Combined,GPT-2,Child,0.08065774277885732,-0.005996263884293118,2,
Combined,GPT-2,Grandparent,-0.013093083765853695,-0.1412505088797699,0,
Combined,GPT-2,Grandparent,-0.5559083598130784,-0.0374565143566761,0,
Combined,GPT-2,Parent,0.07462859036163534,-0.09705858775143092,1,
Combined,GPT-2,Parent,0.021691794868266178,-0.18787647869867044,1,
Combined,GPT-2,Grandparent,0.090142514839065,0.1260636108240544,0,
Combined,GPT-2,Grandparent,0.08344310359582532,0.08777707130564989,0,
Combined,GPT-2,Parent,0.05166987414400155,0.18662054580733625,1,
Combined,GPT-2,Parent,0.026411291563257697,0.04910902280132651,1,
Combined,GPT-2,Child,0.07215399945777166,-0.03649801931473312,2,
Combined,GPT-2,Child,0.07396355012069239,0.10719398296859725,2,
Combined,GPT-2,Grandparent,0.0721952885146586,-0.07221815007007308,0,
Combined,GPT-2,Grandparent,0.045967627757513195,-0.16666137303097878,0,
Combined,GPT-2,Parent,0.05397161881180102,-0.1255061353311077,1,
Combined,GPT-2,Parent,-0.488017347248497,-0.029144822314498088,1,
Combined,GPT-2,Grandparent,-0.49182062205700994,0.025373167619694888,0,
Combined,GPT-2,Grandparent,-0.0009667752085706069,-0.04577337206989907,0,
Combined,GPT-2,Parent,0.09220246272920099,0.0886382914759854,1,
Combined,GPT-2,Parent,0.0016636928125898793,0.0021137200159563603,1,
Combined,GPT-2,Child,0.0716379871291991,-0.05633760032859844,2,
Combined,GPT-2,Child,0.09248993072926005,-0.028407883404879816,2,
Combined,GPT-2,Grandparent,0.09763234904062071,-0.03235589019593493,0,
Combined,GPT-2,Grandparent,0.09570896414784366,-0.08217277928352482,0,
Combined,GPT-2,Parent,0.03448150804654026,-0.07439787807887602,1,
Combined,GPT-2,Parent,0.05902752865777588,0.022024595939925035,1,
Combined,GPT-2,Grandparent,0.12527221458722285,0.029643633328899473,0,
Combined,GPT-2,Grandparent,-0.5231520530917289,0.012986302505399255,0,
Combined,GPT-2,Parent,0.060904081640559285,-0.14337618180659625,1,
Combined,GPT-2,Parent,0.11065541693148835,-0.056434893428030986,1,
Combined,GPT-2,Child,-0.012611852198537709,-0.040330822425952165,2,
Combined,GPT-2,Child,0.0866272076131041,0.06810072677868102,2,
Combined,GPT-2,Grandparent,0.008457731166251134,-0.02047539827166747,0,
Combined,GPT-2,Grandparent,0.027096079208859737,0.032591778655313895,0,
Combined,GPT-2,Parent,-0.0018449555474104808,0.092918588262953,1,
Combined,GPT-2,Parent,-0.03724760959690116,-0.2637389668092274,1,
Combined,GPT-2,Grandparent,0.04677703705595834,-0.0551637504379583,0,
Combined,GPT-2,Grandparent,0.05338825734193591,-0.12576263447661862,0,
Combined,GPT-2,Parent,0.09072231986984178,-0.05527377992549135,1,
Combined,GPT-2,Parent,0.020611697119410084,0.03401494583564644,1,
Combined,GPT-2,Child,0.09314817057828294,-0.07091102485461011,2,
Combined,GPT-2,Child,0.07025613359218778,0.09690503742571872,2,
Combined,GPT-2,Grandparent,0.06584935623298989,0.07481300222567996,0,
Combined,GPT-2,Grandparent,0.07602496509929602,-0.06882571652531051,0,
Combined,GPT-2,Parent,-0.4937296933643159,-0.008037816235431117,1,
Combined,GPT-2,Parent,0.035204599969002236,0.018984776568605668,1,
Combined,GPT-2,Grandparent,-0.16001584250508993,-0.2681497443377092,0,
Combined,GPT-2,Grandparent,0.06163492465560376,-0.054456680499470556,0,
Combined,GPT-2,Parent,-0.019307683473561228,-0.07674597082094362,1,
Combined,GPT-2,Parent,-0.02081572560169183,-0.17635933820153693,1,
Combined,GPT-2,Child,0.09315351906837979,0.0020672754008047778,2,
Combined,GPT-2,Child,-0.36219411603771595,0.012670718485334244,2,
Combined,GPT-2,Grandparent,0.09697295840075075,0.04548003268183429,0,
Combined,GPT-2,Grandparent,0.0881714036679957,-0.037944968457804595,0,
Combined,GPT-2,Parent,0.09925178999836361,0.062062755250478656,1,
Combined,GPT-2,Parent,0.05680462444264315,0.0265448888668848,1,
Combined,GPT-2,Grandparent,0.09811419209814873,-0.06112590662327368,0,
Combined,GPT-2,Grandparent,0.09250231580188689,0.024766512658774564,0,
Combined,GPT-2,Parent,0.05564202712736481,-0.03030051827216535,1,
Combined,GPT-2,Parent,0.06677883509725648,-0.10098097851750087,1,
Combined,GPT-2,Child,0.10516482070844559,0.03154741978138567,2,
Combined,GPT-2,Child,0.08003363929022261,-0.028725549708952497,2,
Combined,GPT-2,Grandparent,0.044710311336621136,-0.03918127558985122,0,
Combined,GPT-2,Grandparent,-0.4122252833579486,-0.008234845703865276,0,
Combined,GPT-2,Parent,0.05578504467925964,0.07355371526572893,1,
Combined,GPT-2,Parent,0.07197035365739123,0.0406388641050786,1,
Combined,GPT-2,Grandparent,0.05021352985165089,0.0010885707185968613,0,
Combined,GPT-2,Parent,0.07785773838272854,0.11709503200937832,1,
Combined,GPT-2,Parent,0.08846807115313929,-0.06914160960632677,1,
Combined,GPT-2,Child,0.0949050555972326,0.03649765019693687,2,
Combined,GPT-2,Child,0.04007354564317225,0.013260850078884482,2,
Combined,GPT-2,Grandparent,0.05563820339099405,-0.09545620231472704,0,
Combined,GPT-2,Grandparent,-0.4505994681512078,0.000806518301380171,0,
Combined,GPT-2,Parent,0.06634072081404974,0.11989830084227744,1,
Combined,GPT-2,Parent,0.010280761132258683,-0.11295753263584266,1,
Combined,GPT-2,Grandparent,0.015315550697065401,-0.08406083626801719,0,
Combined,GPT-2,Grandparent,0.04687341634007664,0.023816950723254356,0,
Combined,GPT-2,Parent,0.09982611584955725,0.03660263119241756,1,
Combined,GPT-2,Parent,0.11199245512846598,-0.0013959505461679466,1,
Combined,GPT-2,Child,-0.5961424735472522,-0.005394341796842921,2,
Combined,GPT-2,Child,0.05024715361656292,0.04286973506694045,2,
Combined,GPT-2,Grandparent,0.10466194498232667,-0.015046444015632621,0,
Combined,GPT-2,Grandparent,0.09061623327534447,0.004780868289597851,0,
Combined,GPT-2,Parent,0.09790173235601064,-0.0009759494943086843,1,
Combined,GPT-2,Parent,0.07463675696282875,-0.032279157669105406,1,
Combined,GPT-2,Grandparent,0.04770688069940705,0.09650259332157696,0,
Combined,GPT-2,Grandparent,0.06101748468293182,-0.03469587001137901,0,
Combined,GPT-2,Parent,0.038400895943432614,-0.07980405171053763,1,
Combined,GPT-2,Parent,0.07235522631540854,0.02303035057319999,1,
Combined,GPT-2,Child,0.09562014082565945,-0.00992304617875805,2,
Combined,GPT-2,Child,0.034953867098449255,-0.14205502750634894,2,
Combined,GPT-2,Grandparent,-0.39870446628210254,0.0029417318883232517,0,
Combined,GPT-2,Grandparent,0.09027131178513771,0.03466684073659579,0,
Combined,GPT-2,Parent,0.08024423449162144,-0.048226720786792084,1,
Combined,GPT-2,Parent,-0.11822308175485172,-0.11111753292258753,1,
Combined,GPT-2,Grandparent,-0.02421938202529505,-0.21305577396857583,0,
Combined,GPT-2,Grandparent,0.041289769098361226,-0.1927628997427816,0,
Combined,GPT-2,Parent,-0.383911299735169,-0.013294742350302011,1,
Combined,GPT-2,Parent,0.004929978953846551,-0.20478897728543408,1,
Combined,GPT-2,Child,0.04290292319478028,0.047940555575412824,2,
Combined,GPT-2,Child,0.09566247202546059,0.11061213010233319,2,
Combined,GPT-2,Grandparent,0.0700372883645043,-0.0048634103462925566,0,
Combined,GPT-2,Grandparent,0.09967274804772654,0.0856857173021314,0,
Combined,GPT-2,Parent,0.08878958021331723,0.057175373061321394,1,
Combined,GPT-2,Parent,0.05252759659283952,0.05116141203342615,1,
Combined,GPT-2,Grandparent,0.07949976813779851,0.13116663753312807,0,
Combined,GPT-2,Grandparent,0.09725678505350681,0.055023546365490957,0,
Combined,GPT-2,Parent,0.10090092320168886,0.08624179787441644,1,
Combined,GPT-2,Parent,0.08875286109530937,0.005506026315987942,1,
Combined,GPT-2,Child,0.07500507670245939,0.08158275619955452,2,
Combined,GPT-2,Child,0.10343336427135155,0.028339473163343946,2,
Combined,GPT-2,Grandparent,-0.018363743854924862,-0.22816743532391764,0,
Combined,GPT-2,Grandparent,0.09902170584679182,-0.1651578849000275,0,
Combined,GPT-2,Parent,0.02261749204732544,-0.07774333106967722,1,
Combined,GPT-2,Parent,-0.49271568937339216,-0.056368734016478066,1,
Combined,GPT-2,Grandparent,0.12338236917312699,0.02706520760092864,0,
Combined,GPT-2,Grandparent,-0.46044318487204045,-0.007036969462830039,0,
Combined,GPT-2,Parent,0.06936668858920528,-0.08728284035466986,1,
Combined,GPT-2,Parent,0.07014740036544943,-0.11179271529970888,1,
Combined,GPT-2,Child,0.0509182703027005,0.06405390331564687,2,
Combined,GPT-2,Child,0.06926213232912286,-0.028292235122926022,2,
Combined,GPT-2,Grandparent,0.058768907241132255,0.08764539527624328,0,
Combined,GPT-2,Grandparent,0.042290276653493046,0.14817687107029245,0,
Combined,GPT-2,Parent,0.05174497594872803,-0.02608577289828322,1,
Combined,GPT-2,Grandparent,0.1139166896331112,-0.057693153988109515,0,
Combined,GPT-2,Grandparent,0.12382380182358206,-0.015459285023789526,0,
Combined,GPT-2,Parent,0.12809656944806694,0.04389358162851252,1,
Combined,GPT-2,Parent,0.06753392776357264,0.01392776519489275,1,
Combined,GPT-2,Child,0.1170812964071924,0.07248870094207432,2,
Combined,GPT-2,Child,0.055108244446258836,-0.005855392319941346,2,
Combined,GPT-2,Grandparent,0.030710086963819418,-0.14022818972982462,0,
Combined,GPT-2,Grandparent,-0.5401791336608953,-0.0001372292562180043,0,
Combined,GPT-2,Parent,0.12582359785382666,0.11166832643134103,1,
Combined,GPT-2,Parent,0.011531557269403811,-0.24890060425399732,1,
Combined,GPT-2,Grandparent,0.13252635216447226,-0.0175291844611269,0,
Combined,GPT-2,Grandparent,0.13131899997302576,0.0030219336054349366,0,
Combined,GPT-2,Parent,0.07545277682747725,0.050318070638044964,1,
Combined,GPT-2,Parent,0.06642183696287159,0.0756577396065057,1,
Combined,GPT-2,Child,0.07949067893127411,-0.0339788357373869,2,
Combined,GPT-2,Child,-0.6921669462166895,-0.0019496554778443982,2,
Combined,GPT-2,Grandparent,0.002932634342318965,-0.24305934880322105,0,
Combined,GPT-2,Grandparent,0.08207602030496923,0.03999227213468682,0,
Combined,GPT-2,Parent,0.08563427066306967,0.061110693021799854,1,
Combined,GPT-2,Parent,0.052839644544192856,-0.025616626380361704,1,
Combined,GPT-2,Grandparent,0.08057175893485821,0.05806446243702046,0,
Combined,GPT-2,Grandparent,0.04060718887484289,-0.036037905967590524,0,
Combined,GPT-2,Parent,0.057974463328342364,0.1736872953598308,1,
Combined,GPT-2,Parent,0.06539948241284013,0.04279688145353184,1,
Combined,GPT-2,Child,-0.5212769859821044,0.013634846027927564,2,
Combined,GPT-2,Child,0.06764776179690224,-0.026921564569175313,2,
Combined,GPT-2,Grandparent,0.053461591855191226,-0.08092453190989532,0,
Combined,GPT-2,Grandparent,0.0780265455927089,-0.04018973828709948,0,
Combined,GPT-2,Parent,0.06360579425212955,-0.0026361560076776282,1,
Combined,GPT-2,Parent,0.03575998208850207,0.13886484788900452,1,
Combined,GPT-2,Grandparent,0.0697683565937898,0.10218663239685165,0,
Combined,GPT-2,Grandparent,0.0658570676576767,0.11672747103249616,0,
Combined,GPT-2,Parent,0.05210910050612796,0.09901189037426127,1,
Combined,GPT-2,Parent,0.03338106104012296,0.06965900849750262,1,
Combined,GPT-2,Child,0.06794037679444023,-0.0015053342819367093,2,
Combined,GPT-2,Child,0.04910403965481803,0.0122124162236798,2,
Combined,GPT-2,Grandparent,0.05605772414650114,0.02678136997660019,0,
Combined,GPT-2,Grandparent,-0.2601621937670132,-0.04776986468333972,0,
Combined,GPT-2,Parent,0.07182654556427012,-0.00043991173434403867,1,
Combined,GPT-2,Parent,0.0247259591476337,-0.028080118272172612,1,
Combined,GPT-2,Grandparent,0.044856726135761645,-0.08075728763128404,0,
Combined,GPT-2,Grandparent,0.028964707337657408,-0.06508676891081404,0,
Combined,GPT-2,Parent,0.09640096328676638,0.01566941687368046,1,
Combined,GPT-2,Parent,0.06344290352950983,0.0219492135303533,1,
Combined,GPT-2,Child,-0.0037864576312723547,-0.06621215888293845,2,
Combined,GPT-2,Child,0.09169274088203193,0.04177312849875638,2,
Combined,GPT-2,Grandparent,0.051128455241569455,0.059190939419291315,0,
Combined,GPT-2,Grandparent,-0.5572332756762608,0.01051202693399648,0,
Combined,GPT-2,Parent,0.10254889205330989,0.028483075523284815,1,
Combined,GPT-2,Parent,-0.04334236481315516,0.19150778970219057,1,
Combined,GPT-2,Grandparent,0.07814246487388979,-0.05598077318890432,0,
Combined,GPT-2,Grandparent,0.11595048513880975,0.03344935116816491,0,
Combined,GPT-2,Parent,0.08841407896105909,-0.007888036339764298,1,
Combined,GPT-2,Parent,-0.36834783887273165,0.02844242690076024,1,
Combined,GPT-2,Child,0.01940336426361303,-0.008204490999883756,2,
Combined,GPT-2,Child,0.013050993003848762,-0.06465283391889334,2,
Combined,GPT-2,Grandparent,0.011486449032848668,0.059857465487182675,0,
Combined,GPT-2,Grandparent,0.011921555324529091,0.07747959432019033,0,
Combined,GPT-2,Grandparent,-0.5363173497847924,0.003350098233433144,0,
Combined,GPT-2,Grandparent,0.043050165977770685,-0.10285834297227435,0,
Combined,GPT-2,Parent,0.09160897193977693,-0.05137800224709556,1,
Combined,GPT-2,Parent,-0.02251483498691951,-0.15303434955993497,1,
Combined,GPT-2,Child,0.07506251998311851,0.015687291922444342,2,
Combined,GPT-2,Child,0.10385320395975373,-0.022770138545355385,2,
Combined,GPT-2,Grandparent,0.14337885307948392,0.04909187911595607,0,
Combined,GPT-2,Grandparent,0.05706758956109419,0.11020874090646808,0,
Combined,GPT-2,Parent,0.07696051914461784,0.06202895658562715,1,
Combined,GPT-2,Parent,0.07420229777313798,-0.10618027825952285,1,
Combined,GPT-2,Grandparent,0.10969944908947964,0.008399252504231867,0,
Combined,GPT-2,Grandparent,0.07592642611923021,0.05169918935316612,0,
Combined,GPT-2,Parent,0.055432987731142164,0.08245209431010685,1,
Combined,GPT-2,Parent,0.04203131018667176,0.09103094719719647,1,
Combined,GPT-2,Child,0.05956025077661216,0.004100488887290539,2,
Combined,GPT-2,Child,-0.36109794630606906,0.06487412317314882,2,
Combined,GPT-2,Grandparent,0.05318037525640798,-0.07936066715816777,0,
Combined,GPT-2,Grandparent,0.03161318108434819,-0.16878615051434684,0,
Combined,GPT-2,Parent,0.061139312761121646,-0.053030015788470185,1,
Combined,GPT-2,Parent,0.04274176974351473,-0.20041979324026607,1,
Combined,GPT-2,Grandparent,0.029954335020075096,4.1959919116885054e-05,0,
Combined,GPT-2,Grandparent,0.07850380650948253,0.11371838225023065,0,
Combined,GPT-2,Parent,0.0578110838884193,0.05036305301888332,1,
Combined,GPT-2,Parent,0.047764650365450516,0.03806466020672495,1,
Combined,GPT-2,Child,0.044742173429521435,-0.13481718351126132,2,
Combined,GPT-2,Child,0.0707652064352159,0.05066523734295746,2,
Combined,GPT-2,Grandparent,-0.6072136782135046,-0.004731001501648998,0,
Combined,GPT-2,Grandparent,0.050711080573623515,-0.08171130687267478,0,
Combined,GPT-2,Parent,0.01748254149447637,-0.1065573141670543,1,
Combined,GPT-2,Parent,-0.08197434975109134,-0.13652458781072227,1,
Combined,GPT-2,Grandparent,0.10669450929568543,0.059623515946249275,0,
Combined,GPT-2,Grandparent,0.0881998883896745,-0.022165642355920303,0,
Combined,GPT-2,Parent,0.0949771240613908,0.13539761786928278,1,
Combined,GPT-2,Parent,0.0517477421435284,-0.022043021366740877,1,
Combined,GPT-2,Child,0.07701510653412219,0.022949361464826446,2,
Combined,GPT-2,Child,0.07107089455452947,0.06099121711958278,2,
Combined,GPT-2,Grandparent,-0.024427656606710643,0.00703661906340253,0,
Combined,GPT-2,Grandparent,0.028973977861819034,0.021984435624356716,0,
Combined,GPT-2,Parent,0.055334691550397934,-0.019243605065073433,1,
Combined,GPT-2,Parent,-0.4924779872532708,-0.03824596639527155,1,
Combined,GPT-2,Grandparent,0.027955183742002024,-0.1543870981286529,0,
Combined,GPT-2,Grandparent,0.08706826553063766,0.006042354443429673,0,
Combined,GPT-2,Parent,0.08939192137270227,-0.003833330978890673,1,
Combined,GPT-2,Parent,0.044227261192935,-0.06509437441722919,1,
Combined,GPT-2,Child,0.07506913271386113,-0.136985124134514,2,
Combined,GPT-2,Child,0.07502985051099605,0.025250257815351465,2,
Combined,GPT-2,Grandparent,-0.5007410301970844,0.012571631306139329,0,
Combined,GPT-2,Grandparent,0.03220775073799179,-0.022446376833537614,0,
Combined,GPT-2,Parent,0.06763603302882072,-0.08035646221172166,1,
Combined,GPT-2,Parent,0.06881450333643006,-0.06778654954480681,1,
Combined,GPT-2,Grandparent,0.009164290186155381,-0.03655068117725554,0,
Combined,GPT-2,Grandparent,0.00028928709087787033,-0.14357891671956635,0,
Combined,GPT-2,Parent,0.030269631680839792,-0.04995552105224306,1,
Combined,GPT-2,Parent,-0.6480053506994726,0.009684181710571565,1,
Combined,GPT-2,Child,0.11949666755659066,0.035381908842266115,2,
Combined,GPT-2,Child,0.06735145996134605,0.03738334898709924,2,
Combined,GPT-2,Grandparent,0.14790797804557598,0.024786092328692458,0,
Combined,GPT-2,Grandparent,0.12977261032815357,0.01003317392635339,0,
Combined,GPT-2,Parent,0.12246691058125958,0.09737888618546887,1,
Combined,GPT-2,Parent,0.1160696006880036,-0.1223328141359635,1,
Combined,GPT-2,Grandparent,0.06836514679504403,-0.04326981144551664,0,
Combined,GPT-2,Grandparent,-0.6057644109080126,-0.016525036267324888,0,
Combined,GPT-2,Parent,-0.03400331548200816,-0.21755614250218713,1,
Combined,GPT-2,Parent,-0.012147785832715198,-0.11984198311568961,1,
Combined,GPT-2,Child,0.08819814759652958,0.06622784525715819,2,
Combined,GPT-2,Child,0.08286143099128877,0.009095538335400166,2,
Combined,GPT-2,Grandparent,0.10565553972523532,0.11193147234123259,0,
Combined,GPT-2,Grandparent,0.09914298327939841,0.01958957965169392,0,
Combined,GPT-2,Parent,0.09305190428905752,0.08322957251457709,1,
Combined,GPT-2,Parent,0.08523907479739458,0.07443748530512556,1,
Combined,GPT-2,Grandparent,0.032039781533426556,-0.18455759688506712,0,
Combined,GPT-2,Grandparent,0.07891220101308749,-0.18638425903929984,0,
Combined,GPT-2,Parent,0.03142082502755095,0.1117563167515606,1,
Combined,GPT-2,Child,0.057229997372653274,0.03558838129432088,2,
Combined,GPT-2,Child,0.08583519829279025,0.026955196503823955,2,
Combined,GPT-2,Grandparent,0.0856630810091917,-0.0042129362643491715,0,
Combined,GPT-2,Grandparent,0.0777092995286505,0.021775023106325838,0,
Combined,GPT-2,Parent,0.06868468340425316,-0.02149299826583465,1,
Combined,GPT-2,Parent,-0.5209624054250754,-0.008233115048371122,1,
Combined,GPT-2,Grandparent,-0.0184492577754429,-0.15987639259741657,0,
Combined,GPT-2,Grandparent,-0.6090994501553909,-0.015451774961129882,0,
Combined,GPT-2,Parent,0.044350661211422386,0.1351149489137673,1,
Combined,GPT-2,Parent,0.02693233748194597,0.13688087257940088,1,
Combined,GPT-2,Child,0.056731408714009855,0.023155360343217146,2,
Combined,GPT-2,Child,0.07575430812662075,0.01225927561728562,2,
Combined,GPT-2,Grandparent,0.0880709511322521,-0.010388032587427409,0,
Combined,GPT-2,Grandparent,0.08955660441149932,0.021234457657931145,0,
Combined,GPT-2,Parent,0.09923732646732916,0.03167640450129019,1,
Combined,GPT-2,Parent,0.05789634085009868,0.03538719487819669,1,
Combined,GPT-2,Grandparent,0.031053111809236707,0.025433644837938963,0,
Combined,GPT-2,Grandparent,0.05748965425628876,0.14857444845687354,0,
Combined,GPT-2,Parent,0.08836597671199314,0.02860872449021771,1,
Combined,GPT-2,Parent,0.015606784743548001,0.18023370752046225,1,
Combined,GPT-2,Child,0.09344431701865351,-0.022792572256418543,2,
Combined,GPT-2,Child,0.07247010635252084,0.042983301674033095,2,
Combined,GPT-2,Grandparent,0.07657804099604015,-0.12661834358527788,0,
Combined,GPT-2,Grandparent,0.007914205922606615,-0.1371752614942623,0,
Combined,GPT-2,Parent,0.06321685533419312,-0.022127915351782906,1,
Combined,GPT-2,Parent,-0.7347698372297411,0.023240682618843083,1,
Combined,GPT-2,Grandparent,0.10104905684476943,-0.029069168711912625,0,
Combined,GPT-2,Grandparent,-0.5490731038919802,0.036327341766474376,0,
Combined,GPT-2,Parent,0.0488771562715304,-0.0571724931819871,1,
Combined,GPT-2,Parent,0.03637046890275538,-0.06117011302258185,1,
Combined,GPT-2,Child,0.0845881286488052,-0.06184041921392945,2,
Combined,GPT-2,Child,0.0808669866242382,-0.018953718210541974,2,
Combined,GPT-2,Grandparent,0.0914746033040806,0.00870251597452642,0,
Combined,GPT-2,Grandparent,0.04746596925478486,0.013804801109139722,0,
Combined,GPT-2,Parent,0.06902659538117112,0.08937745979518338,1,
Combined,GPT-2,Parent,0.09043568919519444,0.016232623919970005,1,
Combined,GPT-2,Grandparent,0.09261245516583531,-0.05871708821083634,0,
Combined,GPT-2,Grandparent,0.015489709973940379,-0.09884136599750815,0,
Combined,GPT-2,Parent,0.12192221093895002,0.0363496775321408,1,
Combined,GPT-2,Parent,0.06305796629876927,-0.07754878368060754,1,
Combined,GPT-2,Child,0.06882870822216118,-0.05340335853575915,2,
Combined,GPT-2,Child,0.08452921636579516,-0.0001804006435265772,2,
Combined,GPT-2,Grandparent,-0.5949094341832557,0.02071437937301196,0,
Combined,GPT-2,Grandparent,0.14027837134866095,0.04001882088341209,0,
Combined,GPT-2,Parent,0.09509647659719246,0.05450108641371053,1,
Combined,GPT-2,Parent,0.06747798564710476,0.08124319962253249,1,
Combined,GPT-2,Grandparent,-0.023862147785487717,-0.1904925076991932,0,
Combined,GPT-2,Grandparent,0.028023760535675846,-0.18456673725531345,0,
Combined,GPT-2,Parent,-0.48041819217843784,0.016300222212143268,1,
Combined,GPT-2,Parent,-0.0031071125286659495,-0.08967924990200482,1,
Combined,GPT-2,Child,0.09587289248902356,-0.07490397531923647,2,
Combined,GPT-2,Child,0.10523827756463472,0.08138549797444856,2,
Combined,GPT-2,Grandparent,0.0878754573724004,0.1367291629390186,0,
Combined,GPT-2,Grandparent,0.06741783787306943,0.007959341222502301,0,
Combined,GPT-2,Parent,0.10227349892876074,0.04455900138332006,1,
Combined,GPT-2,Parent,0.06615774374169159,0.18979260292881692,1,
Combined,GPT-2,Grandparent,0.043584332408609525,0.11447877952335314,0,
Combined,GPT-2,Grandparent,0.04190571023117014,0.02935522295771713,0,
Combined,GPT-2,Parent,0.07355162070346723,0.07615974391265384,1,
Combined,GPT-2,Parent,0.01612614801323041,0.04582510904629952,1,
Combined,GPT-2,Child,-0.4462476312038123,0.02862577135126856,2,
Combined,GPT-2,Child,0.08553839764831274,-0.006454404656913867,2,
Combined,GPT-2,Grandparent,0.043540230178373086,-0.025099822230390496,0,
Combined,GPT-2,Grandparent,0.06877733519375033,-0.10160001303112579,0,
Combined,GPT-2,Parent,0.0739770108126195,-0.0060487895525198655,1,
Combined,GPT-2,Parent,0.06448663731492695,-0.09076443420077324,1,
Combined,GPT-2,Grandparent,0.014156899648587387,-0.023159862399970685,0,
Combined,GPT-2,Grandparent,0.03645319050478166,-0.07105543899436163,0,
Combined,GPT-2,Parent,0.06921325767850477,-0.022114498583707044,1,
Combined,GPT-2,Parent,0.04978532940835613,-0.05618138903758525,1,
Combined,GPT-2,Child,-0.45305928573741594,0.04874078312687496,2,
Combined,GPT-2,Child,0.04430956926582261,0.00343556823259528,2,
Combined,GPT-2,Grandparent,0.027577192150334516,0.047051171524910375,0,
Combined,GPT-2,Grandparent,0.040024297032032106,0.05452941683173746,0,
Combined,GPT-2,Parent,0.07941264782447417,0.13910355172229014,1,
Combined,GPT-2,Grandparent,0.019148152313152186,-0.20706326216813578,0,
Combined,GPT-2,Grandparent,-0.04788105028116468,-0.17212651026053338,0,
Combined,GPT-2,Parent,-0.0393287715075318,0.18684086666466806,1,
Combined,GPT-2,Parent,-0.7166341013442773,0.013233872696029108,1,
Combined,GPT-2,Child,0.07773425201328031,0.007659251511547877,2,
Combined,GPT-2,Child,0.06159660888110964,-0.04381117408336493,2,
Combined,GPT-2,Grandparent,0.08782247306908597,0.023593435607220926,0,
Combined,GPT-2,Grandparent,0.07777427507397015,0.06854749416315345,0,
Combined,GPT-2,Parent,0.04142685027227639,0.18010239766992994,1,
Combined,GPT-2,Parent,0.07928931210000334,0.12971300112813963,1,
Combined,GPT-2,Grandparent,0.07608794270645193,-0.045874487777783836,0,
Combined,GPT-2,Grandparent,0.08982857375499337,-0.011316702195849977,0,
Combined,GPT-2,Parent,0.055356601341337595,-0.09082098333557828,1,
Combined,GPT-2,Parent,0.09630653631986551,0.13037597146993785,1,
Combined,GPT-2,Child,-0.5214058433741315,0.009525884679600733,2,
Combined,GPT-2,Child,0.08494973549061283,-0.03501286829353688,2,
Combined,GPT-2,Grandparent,0.031233419540038682,0.039135207025254484,0,
Combined,GPT-2,Grandparent,0.0601462678981808,0.0727462329461865,0,
Combined,GPT-2,Parent,0.10515225635971438,0.05174168263190707,1,
Combined,GPT-2,Parent,0.03553677810493522,0.08469821845654792,1,
Combined,GPT-2,Grandparent,0.06316674027251594,0.01690123955234455,0,
Combined,GPT-2,Grandparent,0.059979761734714636,0.047240742837046996,0,
Combined,GPT-2,Parent,0.022926275656061947,-0.10951868548880724,1,
Combined,GPT-2,Parent,0.009527165954196533,0.1588101615582637,1,
Combined,GPT-2,Child,0.046881330872543835,-0.05646500069034973,2,
Combined,GPT-2,Child,0.056230218168474205,-0.06269132223339209,2,
Combined,GPT-2,Grandparent,-0.5279103453033667,0.009955662245593896,0,
Combined,GPT-2,Grandparent,0.0752654321892681,0.01638365311228894,0,
Combined,GPT-2,Parent,0.04560999131668496,-0.05245131141065983,1,
Combined,GPT-2,Parent,0.03430700618592746,0.16436622994965508,1,
Combined,GPT-2,Grandparent,0.1132130941128392,0.04852633505637183,0,
Combined,GPT-2,Grandparent,0.060326099160459286,-0.02815288139050218,0,
Combined,GPT-2,Parent,-0.32402153906000997,0.030287242162094073,1,
Combined,GPT-2,Parent,0.033677868192208055,0.06418668205502277,1,
Combined,GPT-2,Child,0.07542999413322933,0.04425961931960945,2,
Combined,GPT-2,Child,0.04323381383820331,-0.02026231062975712,2,
Combined,GPT-2,Grandparent,0.058514873791324404,-0.04831858980355392,0,
Combined,GPT-2,Grandparent,0.09979873381811129,-0.13534667231462397,0,
Combined,GPT-2,Parent,-0.013942726301117161,-0.18890165417570381,1,
Combined,GPT-2,Grandparent,0.04398236215428126,0.03849573505780827,0,
Combined,GPT-2,Grandparent,0.09779099971592292,0.0541942232532727,0,
Combined,GPT-2,Parent,0.10771765519776902,-0.021565234154228133,1,
Combined,GPT-2,Parent,0.05109819089756936,0.1469436836156079,1,
Combined,GPT-2,Child,-0.4955837923628765,0.0005835012016097813,2,
Combined,GPT-2,Child,0.08815780692014984,-0.0027191080925454618,2,
Combined,GPT-2,Grandparent,0.10038080326674499,-0.12692987334876732,0,
Combined,GPT-2,Grandparent,-0.05318646750918027,-0.25784623309873694,0,
Combined,GPT-2,Parent,0.09804683595640748,-0.0826758212427565,1,
Combined,GPT-2,Parent,0.06510338067597422,-0.08130306444985301,1,
Combined,GPT-2,Grandparent,0.020810964165817205,-0.17134178099982944,0,
Combined,GPT-2,Grandparent,0.06971989318511095,-0.0719763965294325,0,
Combined,GPT-2,Parent,0.07090636936251442,-0.10987602510986479,1,
Combined,GPT-2,Parent,0.051685753244862014,-0.11910133805454676,1,
Combined,GPT-2,Child,0.10636595373127308,0.00803563727358969,2,
Combined,GPT-2,Child,0.05691515112127475,-0.018276873647645582,2,
Combined,GPT-2,Grandparent,0.10404495972489053,0.14413717016033714,0,
Combined,GPT-2,Grandparent,0.06630680769790985,0.14250837018707177,0,
Combined,GPT-2,Parent,0.07560925823838743,0.06996645681779752,1,
Combined,GPT-2,Parent,-0.5533598856361597,0.05418802770502236,1,
Combined,GPT-2,Grandparent,0.04057132517175537,0.014208606639074,0,
Combined,GPT-2,Grandparent,0.07753845301102005,0.033492355036546954,0,
Combined,GPT-2,Parent,0.06626612546724202,0.08508015662861117,1,
Combined,GPT-2,Child,0.030986650854532328,0.0042126123438369426,2,
Combined,GPT-2,Child,-0.49135366672643477,0.015757380661083297,2,
Combined,GPT-2,Grandparent,0.07080408423505884,-0.052312274426314656,0,
Combined,GPT-2,Grandparent,0.08877673841268074,0.00915442316224501,0,
Combined,GPT-2,Parent,0.06479602063654409,0.07549755352551824,1,
Combined,GPT-2,Grandparent,0.013177023015332892,-0.09881516633037878,0,
Combined,GPT-2,Grandparent,0.06093272520336933,-0.0841044584449199,0,
Combined,GPT-2,Parent,0.08149813469624695,0.09551524759080426,1,
Combined,GPT-2,Parent,0.033127361035040714,0.06112784459215371,1,
Combined,GPT-2,Child,0.035292101445019805,0.04146679683650117,2,
Combined,GPT-2,Child,-0.44269306506548206,0.022446276123234063,2,
Combined,GPT-2,Grandparent,0.07792028170017444,-0.03089009091060504,0,
Combined,GPT-2,Grandparent,0.03234792071090796,-0.08654724919805959,0,
Combined,GPT-2,Parent,0.06295061775789272,0.09739418783323844,1,
Combined,GPT-2,Parent,0.019708367406994463,-0.1964402339107799,1,
Combined,GPT-2,Grandparent,0.05210088980865128,0.03967971931361497,0,
Combined,GPT-2,Grandparent,0.0389133491116057,0.04011167682695188,0,
Combined,GPT-2,Parent,0.0515453870754028,-0.02336648035956664,1,
Combined,GPT-2,Parent,0.040685156729516475,0.13742406410806723,1,
Combined,GPT-2,Child,0.022644704535762478,-0.02973584228860735,2,
Combined,GPT-2,Child,0.04196626668604934,0.0032977710653318898,2,
Combined,GPT-2,Grandparent,0.045627942468932675,-0.016155344563923042,0,
Combined,GPT-2,Grandparent,-0.6020718174822791,0.013598332409796816,0,
Combined,GPT-2,Parent,0.09221291253542221,-0.04588364082805258,1,
Combined,GPT-2,Parent,0.08687102140735103,-0.07702203943747671,1,
Combined,GPT-2,Grandparent,-0.04599646088255234,0.0008420739047838565,0,
Combined,GPT-2,Grandparent,-0.05643141680973854,-0.17841637636486896,0,
Combined,GPT-2,Parent,0.04046539251736645,-0.0272867625801983,1,
Combined,GPT-2,Parent,-0.5306749596600049,0.011755748493670988,1,
Combined,GPT-2,Child,0.07432307785181162,-0.06572232495199841,2,
Combined,GPT-2,Child,0.07824402951755488,0.12976307896377196,2,
Combined,GPT-2,Grandparent,0.0701609921025864,-0.018681620312508338,0,
Combined,GPT-2,Grandparent,0.12967386727051983,0.05437226727058487,0,
Combined,GPT-2,Parent,0.06381556428280745,-0.020178028515367912,1,
Combined,GPT-2,Parent,0.09234968500509219,0.07015009274665117,1,
Combined,GPT-2,Grandparent,-0.6380525524324832,0.022061720516884237,0,
Combined,GPT-2,Grandparent,0.12415083286973452,-0.05841173789695231,0,
Combined,GPT-2,Parent,0.07338216313050883,-0.014507284784171893,1,
Combined,GPT-2,Parent,0.07123092706763129,0.11008134532032383,1,
Combined,GPT-2,Child,0.06938362223391777,-0.05262016910115218,2,
Combined,GPT-2,Child,0.02621323535473784,-0.1102625653056216,2,
Combined,GPT-2,Grandparent,0.05214735426709684,-0.004937221605369968,0,
Combined,GPT-2,Grandparent,0.054311191640157616,0.1364895242149554,0,
Combined,GPT-2,Parent,0.04666910804258511,-0.005770297116686671,1,
Combined,GPT-2,Parent,0.08478731701971491,0.153386200137066,1,
Combined,GPT-2,Grandparent,-0.6853501733195604,0.026225820556939106,0,
Combined,GPT-2,Grandparent,-0.07027148422007568,-0.2696040160426777,0,
Combined,GPT-2,Parent,0.043654440244571956,-0.03158626335967724,1,
Combined,GPT-2,Parent,-0.05677252580593943,-0.20163414011144995,1,
Combined,GPT-2,Child,0.05667079025014453,0.05849425096121314,2,
Combined,GPT-2,Child,0.050348561929736906,0.05469133571771858,2,
Combined,GPT-2,Grandparent,0.07908879443793276,0.06585705866757749,0,
Combined,GPT-2,Grandparent,0.0640624727565185,-0.04488242479864364,0,
Combined,GPT-2,Parent,0.08370874672489793,-0.05295096782591461,1,
Combined,GPT-2,Parent,0.07594691036999231,-0.1012128056439761,1,
Combined,GPT-2,Grandparent,0.04534861817334713,0.025078218586907817,0,
Combined,GPT-2,Grandparent,0.06148431533037043,0.16723028065469223,0,
Combined,GPT-2,Parent,0.00029698368512254535,-0.049175588602681355,1,
Combined,GPT-2,Parent,0.04611269491371944,0.0870979699613312,1,
Combined,GPT-2,Child,0.05483100506928835,-0.04616049209291629,2,
Combined,GPT-2,Child,-0.38120848458769846,0.019038884563109457,2,
Combined,GPT-2,Grandparent,0.07634768822322456,-0.0665866261355539,0,
Combined,GPT-2,Grandparent,0.10894035890291447,0.035084837764614484,0,
Combined,GPT-2,Parent,0.009080675999099409,-0.04672237949432942,1,
Combined,GPT-2,Parent,0.06369590387858803,-0.09459245212315286,1,
Combined,GPT-2,Grandparent,0.03022210621989265,-0.1737874615539024,0,
Combined,GPT-2,Grandparent,0.02438736060671821,0.07743114485065825,0,
Combined,GPT-2,Parent,-0.46852323202069557,0.003518012790455047,1,
Combined,GPT-2,Parent,0.03792640604237469,-0.10611935508855436,1,
Combined,GPT-2,Child,0.09787979235729204,-0.033002860980195156,2,
Combined,GPT-2,Child,0.07951736404357956,0.033601306312629003,2,
Combined,GPT-2,Grandparent,0.08300270298177535,0.01810589728111827,0,
Combined,GPT-2,Grandparent,0.02772281570713981,0.12612653915184693,0,
Combined,GPT-2,Parent,0.027276151046434265,-0.01732976110403186,1,
Combined,GPT-2,Parent,0.0009224465978323366,0.009714533054760994,1,
Combined,GPT-2,Grandparent,0.024207912378743784,-0.05353026309893907,0,
Combined,GPT-2,Grandparent,0.07086834190757109,-0.0878996382616549,0,
Combined,GPT-2,Parent,0.07459934958969916,-0.14355086511796653,1,
Combined,GPT-2,Parent,0.0025594145921409503,-0.15509376067029415,1,
Combined,GPT-2,Child,0.12401196764844322,0.046318672591225525,2,
Combined,GPT-2,Child,-0.5471371253853711,-5.003852602495671e-05,2,
Combined,GPT-2,Grandparent,0.09035129035797469,0.07456256518549656,0,
Combined,GPT-2,Grandparent,0.08410564207295453,0.08137849996813715,0,
Combined,GPT-2,Parent,0.06240392327422009,-0.020253374276946828,1,
Combined,GPT-2,Parent,0.03415176936724293,0.11413495471472833,1,
Combined,GPT-2,Grandparent,0.08116664321931005,0.06937773490025116,0,
Combined,GPT-2,Grandparent,0.0882807190515318,-0.025832417266907843,0,
Combined,GPT-2,Parent,0.06391481827969803,0.03743108269367467,1,
Combined,GPT-2,Parent,0.07760595345777194,-0.031213914254028325,1,
Combined,GPT-2,Child,0.041011802082770846,-0.01681507185727833,2,
Combined,GPT-2,Child,0.07584308269106592,0.03480979185951141,2,
Combined,GPT-2,Grandparent,0.044309178503923165,-0.0761046265537866,0,
Combined,GPT-2,Grandparent,-0.6473679725574703,0.009031327106628838,0,
Combined,GPT-2,Parent,0.03993869979954391,-0.05839224264852548,1,
Combined,GPT-2,Parent,0.07336198331512424,0.0464537050187194,1,
Combined,GPT-2,Grandparent,0.054854237549054045,-0.054269395179457634,0,
Combined,GPT-2,Grandparent,0.05060541071330261,-0.03449559006766935,0,
Combined,GPT-2,Parent,0.04495065665409747,-0.06790737620446885,1,
Combined,GPT-2,Parent,0.02448328018632572,0.10130033387656885,1,
Combined,GPT-2,Child,0.07191740034238936,-0.018643075340182013,2,
Combined,GPT-2,Child,-0.41487982704150106,0.014704465649352653,2,
Combined,GPT-2,Grandparent,0.04698540956774467,-0.05154412642751263,0,
Combined,GPT-2,Grandparent,-0.005018533588957632,0.09379135271445994,0,
Combined,GPT-2,Parent,-0.026358914896928654,0.11900105885773131,1,
Combined,GPT-2,Grandparent,0.07678973056804907,-0.07899451840159548,0,
Combined,GPT-2,Grandparent,0.1155977296118557,0.05723639334758061,0,
Combined,GPT-2,Parent,0.06432376295570263,0.044188221262511936,1,
Combined,GPT-2,Parent,-0.37309171767749644,0.014976688044233187,1,
Combined,GPT-2,Child,0.05890831555088654,0.02400058611290631,2,
Combined,GPT-2,Child,0.09152959224702706,0.019662931991561605,2,
Combined,GPT-2,Grandparent,0.049093354018510435,-0.06571445245713554,0,
Combined,GPT-2,Grandparent,0.04246419001399507,-0.008529679967371764,0,
Combined,GPT-2,Parent,-0.018504929279670686,-0.24288532993249512,1,
Combined,GPT-2,Parent,0.008927480756457778,-0.212377808721139,1,
Combined,GPT-2,Grandparent,-0.04132253523334701,-0.0924737817879948,0,
Combined,GPT-2,Grandparent,0.030065006639117015,-0.039191268644134004,0,
Combined,GPT-2,Parent,-0.6398353490360293,0.03866421623234005,1,
Combined,GPT-2,Parent,-0.04015774941883455,0.18622780223027574,1,
Combined,GPT-2,Child,0.07357678877565324,-0.03900445763394994,2,
Combined,GPT-2,Child,0.09124387648139058,0.09876537021902532,2,
Combined,GPT-2,Grandparent,0.07032020367707163,0.08663811033930785,0,
Combined,GPT-2,Grandparent,0.05880093376832931,-0.015761203376791138,0,
Combined,GPT-2,Parent,0.12109629775601645,-0.036047767684422145,1,
Combined,GPT-2,Parent,0.009866343707702969,-0.08668742146058793,1,
Combined,GPT-2,Grandparent,0.03912253663874428,-0.09768934779946946,0,
Combined,GPT-2,Grandparent,0.1017704708952934,0.09184139033764131,0,
Combined,GPT-2,Parent,-0.44679767381342633,0.016243656753899886,1,
Combined,GPT-2,Parent,0.031966633375996575,-0.04112142994725049,1,
Combined,GPT-2,Child,0.0462358903402539,-0.0994663270962888,2,
Combined,GPT-2,Child,0.06619991318422565,0.023615648719331812,2,
Combined,GPT-2,Grandparent,0.04495317583967538,-0.0471667628003738,0,
Combined,GPT-2,Grandparent,0.02537648881628389,0.09479806266060323,0,
Combined,GPT-2,Parent,0.04736563350243752,0.06611552630020123,1,
Combined,GPT-2,Parent,0.05183461331649927,-0.004032193613304977,1,
Combined,GPT-2,Grandparent,0.10387359888358141,0.1008213509847061,0,
Combined,GPT-2,Grandparent,0.09004129780804504,-0.012673717206583154,0,
Combined,GPT-2,Parent,0.07706496816033176,0.05346783869067912,1,
Combined,GPT-2,Parent,0.07727505628681977,0.06515367932626694,1,
Combined,GPT-2,Child,0.0335301893942788,-0.09490783112981187,2,
Combined,GPT-2,Child,0.052891958211216825,-0.031203860335266415,2,
Combined,GPT-2,Grandparent,0.08334105828812492,0.04741223752544737,0,
Combined,GPT-2,Grandparent,-0.6415185633158613,-0.0033648296454407787,0,
Combined,GPT-2,Parent,0.06601998843163043,-0.09881656764961289,1,
Combined,GPT-2,Grandparent,0.07843086645799345,0.08138536463952403,0,
Combined,GPT-2,Grandparent,0.10359431116481164,-0.04430180559131995,0,
Combined,GPT-2,Parent,0.07764796602806055,0.024478850413794183,1,
Combined,GPT-2,Parent,0.08424458654091116,0.09031116489656531,1,
Combined,GPT-2,Child,0.08067334675896354,-0.017643884812376935,2,
Combined,GPT-2,Child,0.001794556526782653,-0.037743555113099694,2,
Combined,GPT-2,Grandparent,-0.5680947776703752,0.024554479030561325,0,
Combined,GPT-2,Grandparent,0.06825150250509197,-0.04168742892746323,0,
Combined,GPT-2,Parent,0.05192993468810647,0.06227338560465109,1,
Combined,GPT-2,Parent,0.05883136935068588,0.04954439276597223,1,
Combined,GPT-2,Grandparent,0.08868756433186911,0.053670961074550654,0,
Combined,GPT-2,Grandparent,0.0641134884010179,0.015324854726068518,0,
Combined,GPT-2,Parent,0.07305150629945809,0.011680425083181704,1,
Combined,GPT-2,Parent,0.0740777552717992,0.08286713496633778,1,
Combined,GPT-2,Child,0.06404858263697318,0.04785550773305723,2,
Combined,GPT-2,Child,0.058346732472916774,-0.08452200131044803,2,
Combined,GPT-2,Grandparent,0.021765311243402457,-0.20564565313202213,0,
Combined,GPT-2,Grandparent,-0.5268656269009909,0.006622360030209602,0,
Combined,GPT-2,Parent,0.046658224802727605,-0.034688968385070434,1,
Combined,GPT-2,Parent,0.010161681573073365,-0.04393188414124543,1,
Combined,GPT-2,Grandparent,0.0936803794520661,-0.13836528994325398,0,
Combined,GPT-2,Grandparent,0.1195120328958076,-0.07055747056592268,0,
Combined,GPT-2,Parent,0.0824867464527124,-0.033165509839428876,1,
Combined,GPT-2,Parent,0.11217619364580866,-0.040082540231865825,1,
Combined,GPT-2,Child,0.07425419603824085,0.03226001714851898,2,
Combined,GPT-2,Child,0.08761922569490832,0.1273588027123942,2,
Combined,GPT-2,Grandparent,0.03730233771306323,0.035223721461336094,0,
Combined,GPT-2,Grandparent,0.06522975811631548,0.005388875695120933,0,
Combined,GPT-2,Parent,0.02909985288686804,0.04462589583011619,1,
Combined,GPT-2,Parent,-0.5765296441988806,0.000915994461635822,1,
Combined,GPT-2,Grandparent,0.07787779594615421,-0.09871654286751823,0,
Combined,GPT-2,Grandparent,0.1371487530221082,0.03182323916855502,0,
Combined,GPT-2,Parent,0.03671003308178481,-0.03839592361443475,1,
Combined,GPT-2,Parent,-0.6349430750568926,0.020191536358252063,1,
Combined,GPT-2,Child,0.017128757665201937,-0.056139705220155836,2,
Combined,GPT-2,Child,0.07480538016864667,0.0374629055350855,2,
Combined,GPT-2,Grandparent,0.026339432023454807,0.0808439164099055,0,
Combined,GPT-2,Grandparent,0.06401067526356916,0.02755586213271641,0,
Combined,GPT-2,Parent,0.0932809295529019,-0.004463146169787265,1,
Combined,GPT-2,Parent,0.05240172830807377,0.015319156748810823,1,
Combined,GPT-2,Grandparent,0.040161626712998125,0.05952663586966695,0,
Combined,GPT-2,Grandparent,0.08387567529616759,0.0753459851769339,0,
Combined,GPT-2,Parent,0.06688097535567601,-0.03500325186336563,1,
Combined,GPT-2,Parent,0.03031360270581447,-0.057500780353957864,1,
Combined,GPT-2,Child,0.06880854728084479,-0.0184590456002427,2,
Combined,GPT-2,Child,0.09036068453814589,0.0330287153288093,2,
Combined,GPT-2,Grandparent,0.07185328273845827,0.011618924658297704,0,
Combined,GPT-2,Grandparent,0.12975179884646423,-0.09571176325457822,0,
Combined,GPT-2,Parent,-0.4808233028891073,-0.004881875089671325,1,
Combined,GPT-2,Grandparent,0.031022950026809416,-0.10181947370058454,0,
Combined,GPT-2,Grandparent,0.08053809839646628,0.0019593961666919076,0,
Combined,GPT-2,Parent,0.07065601408158703,-0.0963813527737055,1,
Combined,GPT-2,Parent,-0.45832424873195066,0.0017097292024916898,1,
Combined,GPT-2,Child,0.08752987219058654,-0.003244078661220629,2,
Combined,GPT-2,Child,0.06181335885661956,0.035485202054521575,2,
Combined,GPT-2,Grandparent,0.02992054728656518,0.09551333907679346,0,
Combined,GPT-2,Grandparent,0.048801164049813134,0.024690573741213286,0,
Combined,GPT-2,Parent,0.05853443114164746,0.13286208082531967,1,
Combined,GPT-2,Parent,0.07441622979681846,0.06223886472631117,1,
Combined,GPT-2,Grandparent,0.09580404112473596,-0.06589810831728116,0,
Combined,GPT-2,Grandparent,0.06690611363541946,-0.06820697359751757,0,
Combined,GPT-2,Parent,0.08953199791541039,-0.07252967483028482,1,
Combined,GPT-2,Parent,0.04702806881242389,-0.12045400009038265,1,
Combined,GPT-2,Child,0.08794651483225754,0.06597129487637877,2,
Combined,GPT-2,Child,-0.4577850366805751,0.013855286789301407,2,
Combined,GPT-2,Grandparent,0.06943258514766595,-0.01312524709748009,0,
Combined,GPT-2,Grandparent,-0.010329448502811372,0.13094739856060342,0,
Combined,GPT-2,Parent,0.046595808732842976,-0.0026387929198218576,1,
Combined,GPT-2,Parent,-0.05108266650855566,0.17468242148200364,1,
Combined,GPT-2,Grandparent,0.019606021851548062,-0.14950583169370443,0,
Combined,GPT-2,Grandparent,0.06918415000373719,-0.06965475201282935,0,
Combined,GPT-2,Parent,0.09080930655395486,-0.07522646220709787,1,
Combined,GPT-2,Parent,0.10648537594780746,-0.01694003309478056,1,
Combined,GPT-2,Child,-0.05255727550182502,-0.1509998393666193,2,
Combined,GPT-2,Child,0.0554799436535474,-0.09340158277115625,2,
Combined,GPT-2,Grandparent,0.04577539154891051,0.0287696000644051,0,
Combined,GPT-2,Grandparent,0.08450908332159142,0.08227100399499165,0,
Combined,GPT-2,Parent,-0.4266988849847131,0.043746759671412894,1,
Combined,GPT-2,Parent,0.03827777321090815,0.21679310847245423,1,
Combined,GPT-2,Grandparent,0.03762577818810079,-0.015490141466470365,0,
Combined,GPT-2,Grandparent,-0.5184259916006623,0.04721841359552059,0,
Combined,GPT-2,Parent,0.047476730016690116,-0.07051076478908534,1,
Combined,GPT-2,Parent,-0.012648820520883664,-0.1397011161738849,1,
Combined,GPT-2,Child,0.06826106993185807,0.039473566421196836,2,
Combined,GPT-2,Child,0.08280493076721139,0.007238576559331293,2,
Combined,GPT-2,Grandparent,0.1244717032937995,0.018926176024040134,0,
Combined,GPT-2,Grandparent,0.10419615916048246,-0.07619314727527454,0,
Combined,GPT-2,Parent,0.07839315757930698,0.024657226504294128,1,
Combined,GPT-2,Parent,0.12682727293528595,-0.030280983879293413,1,
Combined,GPT-2,Grandparent,0.030711977651002486,0.044222191685840545,0,
Combined,GPT-2,Grandparent,0.014119224065712133,0.12482318672604448,0,
Combined,GPT-2,Parent,0.011310665634079944,0.12517869482145808,1,
Combined,GPT-2,Parent,0.0140606022392318,0.07210137954249315,1,
Combined,GPT-2,Child,0.05222464036422458,-0.026759342739449906,2,
Combined,GPT-2,Child,-0.4119294121698275,0.03474961410217659,2,
Combined,GPT-2,Grandparent,0.09345897553479014,-0.13193845939160811,0,
Combined,GPT-2,Grandparent,0.0949996273090037,-0.09908356426788129,0,
Combined,GPT-2,Parent,0.01647606690457907,-0.0004551018591870755,1,
Combined,GPT-2,Parent,0.03635126586834729,-0.06577739117742727,1,
Combined,GPT-2,Grandparent,0.07878459831598053,0.12911913710430645,0,
Combined,GPT-2,Grandparent,0.1117956232482457,-0.03524890769712466,0,
Combined,GPT-2,Parent,0.09144041584162185,0.014232493232880164,1,
Combined,GPT-2,Parent,0.05671345952451534,0.0347332808486601,1,
Combined,GPT-2,Child,0.06154403777907659,-0.019410104060011594,2,
Combined,GPT-2,Child,0.10611878154972597,0.030706139924214792,2,
Combined,GPT-2,Grandparent,-0.592663340627015,0.024099378627852254,0,
Combined,GPT-2,Grandparent,0.08802218175621905,-0.039085953718087256,0,
Combined,GPT-2,Parent,0.05775740488309963,-0.17479330998109752,1,
Combined,GPT-2,Parent,-0.061894219938200455,-0.2637955987125389,1,
Combined,GPT-2,Grandparent,0.06287383379984104,-0.07312289165065411,0,
Combined,GPT-2,Grandparent,0.0518699015288559,-0.09789455241684011,0,
Combined,GPT-2,Parent,-0.4419365516110647,0.014550743375975155,1,
Combined,GPT-2,Parent,0.014982796801883354,-0.02759072212399562,1,
Combined,GPT-2,Child,0.059932866498230125,-0.04301769691461301,2,
Combined,GPT-2,Child,0.030686319083151305,-0.025081041791350876,2,
Combined,GPT-2,Grandparent,0.06318371191271792,0.07835623557691253,0,
Combined,GPT-2,Grandparent,0.05549959558316739,0.08677401249336089,0,
Combined,GPT-2,Parent,0.0342441259610721,0.13752574667735257,1,
Combined,GPT-2,Parent,0.010761533596797403,0.1356133700090246,1,
Combined,GPT-2,Grandparent,-0.00043609383064141375,0.12343282507974158,0,
Combined,GPT-2,Grandparent,-0.6434796192470251,0.021372142479587578,0,
Combined,GPT-2,Parent,-0.041676257861462174,0.11897967101975446,1,
Combined,GPT-2,Child,0.0442534332262754,0.09112126440559014,2,
Combined,GPT-2,Child,0.03515767904519467,0.02952416072957615,2,
Combined,GPT-2,Grandparent,0.06457228117729863,-0.10220528311960338,0,
Combined,GPT-2,Grandparent,0.09735098301293636,-0.07508328811725722,0,
Combined,GPT-2,Parent,0.06816093696310158,0.07498561856739527,1,
Combined,GPT-2,Parent,0.08495554377381025,-0.06669910899424979,1,
Combined,GPT-2,Grandparent,0.05863419310638625,-0.124020597201545,0,
Combined,GPT-2,Grandparent,0.07781856928714133,0.08788052218010158,0,
Combined,GPT-2,Parent,0.0318392521442155,-0.10401311623847581,1,
Combined,GPT-2,Parent,0.10208860326244515,0.045220196985820305,1,
Combined,GPT-2,Child,-0.4779408338528786,-0.0005222715732551828,2,
Combined,GPT-2,Child,0.07224101820065001,0.036092961221408176,2,
Combined,GPT-2,Grandparent,0.07413165036942415,0.03280138059413672,0,
Combined,GPT-2,Grandparent,0.06439241931948067,0.017922412786709006,0,
Combined,GPT-2,Parent,0.08140563496372474,-0.0026258306073359125,1,
Combined,GPT-2,Parent,0.05192126221738568,0.04502206030812926,1,
Combined,GPT-2,Grandparent,0.10671831455448208,0.04394760198276095,0,
Combined,GPT-2,Grandparent,0.10933707772024404,0.08001354555749575,0,
Combined,GPT-2,Parent,0.0837144467004028,0.025766521405725724,1,
Combined,GPT-2,Parent,0.08706745413198022,0.1391285017625175,1,
Combined,GPT-2,Child,0.07331869300427289,0.004527617273617754,2,
Combined,GPT-2,Child,0.0487160630665509,0.07059312239125365,2,
Combined,GPT-2,Grandparent,0.034944977325776255,-0.09521149187698665,0,
Combined,GPT-2,Grandparent,-0.44772423683895884,-0.01576596847626793,0,
Combined,GPT-2,Parent,0.043266312241389666,-0.14756624306316238,1,
Combined,GPT-2,Parent,-0.07783032327092056,-0.20853657443718154,1,
Combined,GPT-2,Grandparent,0.04253422224470395,0.009582716249582724,0,
Combined,GPT-2,Grandparent,0.03975011757390618,0.05352045276576485,0,
Combined,GPT-2,Parent,0.053951988862434234,0.04730212712451647,1,
Combined,GPT-2,Child,0.06599678237357141,-0.029845684066963828,2,
Combined,GPT-2,Child,0.05645321867226981,0.0434864356651216,2,
Combined,GPT-2,Grandparent,0.03095212707951167,-0.07164821505989932,0,
Combined,GPT-2,Grandparent,-0.032781519564663714,-0.07475277918304203,0,
Combined,GPT-2,Parent,0.07866892732414012,-0.055253920678917726,1,
Combined,GPT-2,Parent,-0.6859374507525698,0.007717170412722392,1,
Combined,GPT-2,Grandparent,0.0777297436766737,0.012368659306120938,0,
Combined,GPT-2,Grandparent,0.09636335213887051,-0.0033639163842451294,0,
Combined,GPT-2,Parent,0.05263887931254328,0.05950853579102475,1,
Combined,GPT-2,Parent,0.09484197064878629,0.07140391744554582,1,
Combined,GPT-2,Child,0.06738106366652043,-0.0804161890996971,2,
Combined,GPT-2,Child,0.0724615248884052,0.060531116659085275,2,
Combined,GPT-2,Grandparent,0.02630153109258773,0.050378854372276065,0,
Combined,GPT-2,Grandparent,-0.5628380666660546,0.014846334455720093,0,
Combined,GPT-2,Parent,0.04843503340827688,-0.08494137461918042,1,
Combined,GPT-2,Parent,-0.005756087489530496,0.1327968924359322,1,
Combined,GPT-2,Grandparent,0.020928801764015723,-0.011823253592190837,0,
Combined,GPT-2,Grandparent,0.08343781717576203,0.13040050552295906,0,
Combined,GPT-2,Parent,0.06650663809794513,0.15163189129951093,1,
Combined,GPT-2,Parent,-0.042180869489758466,0.19509510480300524,1,
Combined,GPT-2,Child,0.03658069731427211,-0.031189960241391316,2,
Combined,GPT-2,Child,0.08172106456792655,0.00598377994136786,2,
Combined,GPT-2,Grandparent,0.05530047590059672,-0.08719532894487736,0,
Combined,GPT-2,Grandparent,0.06357367893205586,0.04244948962153404,0,
Combined,GPT-2,Parent,0.07507544719311683,-0.1009714537827737,1,
Combined,GPT-2,Parent,-0.4765936418666004,-0.0069249931640746575,1,
Combined,GPT-2,Grandparent,0.07038488650453563,-0.07200206819070139,0,
Combined,GPT-2,Grandparent,0.06433758810907018,-0.013625495346133257,0,
Combined,GPT-2,Parent,0.07528287194137674,-0.035282243120666676,1,
Combined,GPT-2,Parent,-0.5269304400380298,-0.0388509025800461,1,
Combined,GPT-2,Child,0.05057220911606495,0.015581588377588147,2,
Combined,GPT-2,Child,0.0754745943977241,0.015161210516159287,2,
Combined,GPT-2,Grandparent,0.018884546359078727,0.09782421807689277,0,
Combined,GPT-2,Grandparent,0.06586617808338238,-0.047724686381446065,0,
Combined,GPT-2,Parent,0.07756110487569133,0.06993972198116401,1,
Combined,GPT-2,Parent,0.05673820709279802,0.06639029201226798,1,
Combined,GPT-2,Grandparent,0.011982668464731255,0.1269385224719603,0,
Combined,GPT-2,Grandparent,-0.04375911575562911,0.1692780230753953,0,
Combined,GPT-2,Parent,0.03935211722195083,0.19724641071811624,1,
Combined,GPT-2,Child,0.04668651122581064,0.0981979989477191,2,
Combined,GPT-2,Child,0.05729599677871255,0.05217303696978577,2,
Combined,GPT-2,Grandparent,0.08124325967920822,-0.0769541617972737,0,
Combined,GPT-2,Grandparent,0.088072131401613,-0.03903397816115714,0,
Combined,GPT-2,Parent,0.055659550979127975,-0.11012715273551857,1,
Combined,GPT-2,Parent,-0.6049661233085151,-0.015116554689976235,1,
Combined,GPT-2,Grandparent,0.09423071108209044,0.049335542272773786,0,
Combined,GPT-2,Grandparent,0.10447681922153121,0.07570691635246726,0,
Combined,GPT-2,Parent,0.09208929004374737,0.062227513626214405,1,
Combined,GPT-2,Parent,0.052130727142349696,0.13393392430855833,1,
Combined,GPT-2,Child,0.047574151454429385,-0.049216820054403615,2,
Combined,GPT-2,Child,0.08830175015588256,0.04847886307686425,2,
Combined,GPT-2,Grandparent,0.024564411772159785,-0.23447675664372059,0,
Combined,GPT-2,Grandparent,-0.5408791935468598,-0.028733420359176923,0,
Combined,GPT-2,Parent,0.007796527240106123,-0.040866155442873316,1,
Combined,GPT-2,Grandparent,0.10141979166668948,0.008809045721828229,0,
Combined,GPT-2,Grandparent,0.003706936049858585,-0.22508427834344089,0,
Combined,GPT-2,Parent,0.06969936681654999,-0.15487095468147344,1,
Combined,GPT-2,Parent,0.0686252410902436,-0.12651944067926624,1,
Combined,GPT-2,Child,0.015828513768895675,-0.004404408224903915,2,
Combined,GPT-2,Child,0.06909229539215735,0.004038517511483533,2,
Combined,GPT-2,Grandparent,0.017017906116288055,-0.02036355121480911,0,
Combined,GPT-2,Grandparent,-0.4367873741986063,0.07502933073906945,0,
Combined,GPT-2,Parent,0.04700448762653521,0.14198080493784043,1,
Combined,GPT-2,Parent,0.06860241782358338,0.08718177352855379,1,
Combined,GPT-2,Grandparent,0.07095127302017884,-0.13326285392092702,0,
Combined,GPT-2,Grandparent,0.10009070786039945,0.011433722044718028,0,
Combined,GPT-2,Parent,0.05042367265767535,-0.02961727054034206,1,
Combined,GPT-2,Parent,0.03738068526003351,-0.07461624177333584,1,
Combined,GPT-2,Child,0.01859117065258236,-0.032555506929256586,2,
Combined,GPT-2,Child,0.08416627065934901,0.010590466035681331,2,
Combined,GPT-2,Grandparent,0.04793004608014314,0.012793067805828982,0,
Combined,GPT-2,Grandparent,0.03312352781853137,0.15412035045411182,0,
Combined,GPT-2,Parent,-0.5974608978201899,0.05682691638512969,1,
Combined,GPT-2,Parent,-0.022397873266970177,0.18125794123408007,1,
Combined,GPT-2,Grandparent,-0.021065583050848928,-0.14350596366026955,0,
Combined,GPT-2,Grandparent,0.1156436933740285,-0.04975142155045663,0,
Combined,GPT-2,Parent,0.050884583585280495,-0.03286673211079704,1,
Combined,GPT-2,Parent,0.0669923439108904,-0.04515301420685126,1,
Combined,GPT-2,Child,0.04861010410433854,-0.015359489364618981,2,
Combined,GPT-2,Child,0.03698782726924732,-0.02183174086355545,2,
Combined,GPT-2,Grandparent,-0.4826394712597315,0.012313945982817836,0,
Combined,GPT-2,Grandparent,0.10195686041038671,0.04060322591622348,0,
Combined,GPT-2,Parent,0.06808054704923763,0.08098791849293453,1,
Combined,GPT-2,Parent,0.09567183357121549,0.023633170639190532,1,
Combined,GPT-2,Grandparent,0.07288392851988602,-0.09008457833177955,0,
Combined,GPT-2,Grandparent,0.0302430222389016,-0.021695104642968824,0,
Combined,GPT-2,Parent,0.06985556915804658,-0.031999378224089714,1,
Combined,GPT-2,Parent,0.05038061183624637,-0.1116822461196396,1,
Combined,GPT-2,Child,-0.0030952014670874556,-0.07004103560301148,2,
Combined,GPT-2,Child,0.07996751094607013,0.06132782584396311,2,
Combined,GPT-2,Grandparent,0.06795662388688768,0.06224812563215295,0,
Combined,GPT-2,Grandparent,-0.40174760917814456,0.056178682315123504,0,
Combined,GPT-2,Parent,0.08495399683476415,0.03418569126693317,1,
Combined,GPT-2,Grandparent,0.06397483054699733,0.07597015032680442,0,
Combined,GPT-2,Grandparent,0.09737827972331725,-0.04791783647898856,0,
Combined,GPT-2,Parent,0.038517838007818536,0.12484804907420642,1,
Combined,GPT-2,Parent,0.07568223117328231,0.06760777187006894,1,
Combined,GPT-2,Child,0.08719056067089971,0.030208562198727418,2,
Combined,GPT-2,Child,0.08890679968180037,-0.005656120947265857,2,
Combined,GPT-2,Grandparent,0.05286988389221726,-0.07005492103839775,0,
Combined,GPT-2,Grandparent,0.04343143733214072,-0.025999606974343975,0,
Combined,GPT-2,Parent,0.05304164237164552,0.09571891338800338,1,
Combined,GPT-2,Parent,-0.6051078486183454,-0.004097777502058666,1,
Combined,GPT-2,Grandparent,0.04889114352083724,0.018822860324851736,0,
Combined,GPT-2,Grandparent,-0.6021046315034263,0.031077995289921508,0,
Combined,GPT-2,Parent,0.06360491218988779,-0.06154405520931504,1,
Combined,GPT-2,Parent,0.002144859390193287,0.09562391890744275,1,
Combined,GPT-2,Child,0.02221796188907349,-0.11320066575364549,2,
Combined,GPT-2,Child,0.0671585195246333,0.09330925423444217,2,
Combined,GPT-2,Grandparent,0.07605688494449152,-0.014896985090672651,0,
Combined,GPT-2,Grandparent,0.07898723247973814,0.11545808253529996,0,
Combined,GPT-2,Parent,0.0831553307226296,-0.022964173209437434,1,
Combined,GPT-2,Parent,0.04811454653749451,-0.07692115234226404,1,
Combined,GPT-2,Grandparent,0.07506042923898776,-0.11498977449952306,0,
Combined,GPT-2,Grandparent,0.06315802977223609,-0.09801345277422698,0,
Combined,GPT-2,Parent,-0.3378362623627095,-0.027381146855558546,1,
Combined,GPT-2,Parent,0.023523848589862666,-0.11776763514526294,1,
Combined,GPT-2,Child,-0.0016259142274524757,0.05813784427268744,2,
Combined,GPT-2,Child,0.01856094700722999,-0.033892150713002,2,
Combined,GPT-2,Grandparent,0.03450242949278841,0.1647208278814914,0,
Combined,GPT-2,Grandparent,0.04991503918116985,0.13595943238353778,0,
Combined,GPT-2,Parent,0.01796935759743343,0.09108597776053398,1,
Combined,GPT-2,Parent,0.04302175170109369,0.1499631068374842,1,
Combined,GPT-2,Grandparent,0.057910392543948766,-0.09445121798038526,0,
Combined,GPT-2,Grandparent,0.048975473576076,-0.07140070377160247,0,
Combined,GPT-2,Parent,0.07648284603562679,-0.04413219764567426,1,
Combined,GPT-2,Parent,0.08481660580973939,-0.025276646144941177,1,
Combined,GPT-2,Child,0.020142074438666627,0.10085071883524999,2,
Combined,GPT-2,Child,0.08139676261250063,-0.03630858873943442,2,
Combined,GPT-2,Grandparent,0.0537448703616204,0.08508069056196829,0,
Combined,GPT-2,Grandparent,-0.6443841858858864,0.020355997432075043,0,
Combined,GPT-2,Parent,0.058639001315818486,0.080209470826691,1,
Combined,GPT-2,Parent,0.04759023089191662,0.048479810425233,1,
Combined,GPT-2,Grandparent,-0.5178145480850642,0.00916196366599253,0,
Combined,GPT-2,Grandparent,0.04435410782318543,0.047582838934321435,0,
Combined,GPT-2,Parent,0.11030735981309794,0.10066579496472289,1,
Combined,GPT-2,Parent,0.0846523253869641,0.12524909798153816,1,
Combined,GPT-2,Child,0.08070316113778944,0.04917938436521297,2,
Combined,GPT-2,Child,0.06854843680837816,-0.0025216097834432193,2,
Combined,GPT-2,Grandparent,0.08076773760761233,-0.11796427659650005,0,
Combined,GPT-2,Grandparent,0.07951028093792786,-0.1250896760253342,0,
Combined,GPT-2,Parent,0.09288212429738747,0.02008434411066593,1,
Combined,GPT-2,Grandparent,0.0913515567122801,0.04480775389165168,0,
Combined,GPT-2,Grandparent,-0.30654729252520796,0.0017731584288234092,0,
Combined,GPT-2,Parent,0.07077750384802353,-0.015229529478119189,1,
Combined,GPT-2,Parent,0.0474983808592919,-0.003132963732811116,1,
Combined,GPT-2,Child,0.0779894974949482,0.015980275818951305,2,
Combined,GPT-2,Child,0.04940278075648505,0.0023270775422775452,2,
Combined,GPT-2,Grandparent,0.033132987838590505,-0.19386461402231467,0,
Combined,GPT-2,Grandparent,0.01746497294326666,0.08422714116243879,0,
Combined,GPT-2,Parent,0.03908531635988592,-0.0530900821821379,1,
Combined,GPT-2,Parent,0.0025665585582400445,-0.26289154207057736,1,
Combined,GPT-2,Grandparent,0.08589808675252322,0.06999244677421185,0,
Combined,GPT-2,Grandparent,0.061901555787921364,0.11766940038944584,0,
Combined,GPT-2,Parent,0.01461511247866032,0.013674906421721901,1,
Combined,GPT-2,Parent,0.02458654727139599,0.14648681156910115,1,
Combined,GPT-2,Child,0.045527482587469,-0.014186757723152166,2,
Combined,GPT-2,Child,0.10621090035704474,0.004490656078005258,2,
Combined,GPT-2,Grandparent,0.06725442842531854,-0.1073396525056557,0,
Combined,GPT-2,Grandparent,0.04222332684187592,-0.0909705111661363,0,
Combined,GPT-2,Parent,0.12571144383376773,-0.017386563922213685,1,
Combined,GPT-2,Parent,-0.7342907000971818,0.02362086340808164,1,
Combined,GPT-2,Grandparent,0.016360385833073005,0.01949021889478752,0,
Combined,GPT-2,Grandparent,0.07733602356525641,0.05694476374869845,0,
Combined,GPT-2,Parent,0.07239398847931858,0.027383739815549334,1,
Combined,GPT-2,Parent,0.030501438187014042,0.11231575718407652,1,
Combined,GPT-2,Child,0.058746954844147464,0.016283972805662742,2,
Combined,GPT-2,Child,0.10630444316780086,-0.04414883648590887,2,
Combined,GPT-2,Grandparent,0.08722012170090772,-0.013517796865739258,0,
Combined,GPT-2,Grandparent,-0.5243807366702838,0.004808808986959676,0,
Combined,GPT-2,Parent,0.04442640028486294,-0.02828270559641085,1,
Combined,GPT-2,Grandparent,0.05599601679653143,0.04812679208793764,0,
Combined,GPT-2,Grandparent,-0.5496774998377598,0.021993631005505627,0,
Combined,GPT-2,Parent,0.06013169675810019,-0.04670741564586468,1,
Combined,GPT-2,Parent,0.09558952042121613,0.046434763958707756,1,
Combined,GPT-2,Child,0.0577184201825239,-0.047632516231986326,2,
Combined,GPT-2,Child,0.03569143071451365,-0.05857387963991351,2,
Combined,GPT-2,Grandparent,0.05910368888576692,-0.0702402567754417,0,
Combined,GPT-2,Grandparent,0.07597547875364524,0.03541272855591298,0,
Combined,GPT-2,Parent,0.05292249064785188,-0.03396920592004278,1,
Combined,GPT-2,Parent,0.04658519137476623,0.024264282958892047,1,
Combined,GPT-2,Grandparent,0.10445044443820091,-0.026123499741374408,0,
Combined,GPT-2,Grandparent,0.0996217946245588,0.047488267733755536,0,
Combined,GPT-2,Parent,0.06869416747753887,-0.18150429870004547,1,
Combined,GPT-2,Parent,0.12691448724645615,-0.05385215325662803,1,
Combined,GPT-2,Child,0.09156787217775966,0.06237503522325612,2,
Combined,GPT-2,Child,0.08544819645041074,0.03295974135205632,2,
Combined,GPT-2,Grandparent,-0.4847956183577836,0.021313244749080425,0,
Combined,GPT-2,Grandparent,0.07728839183520739,-0.05253785361100491,0,
Combined,GPT-2,Parent,0.02439406533097339,-0.04441900622936747,1,
Combined,GPT-2,Parent,-0.00456729750425621,-0.1186779911028308,1,
Combined,GPT-2,Grandparent,0.05438737529245354,-0.06336295223724604,0,
Combined,GPT-2,Grandparent,0.0799927579241515,-0.07957629870282575,0,
Combined,GPT-2,Parent,0.038136324821393515,0.05151627583612315,1,
Combined,GPT-2,Parent,-0.7347602666781383,0.022687251772332658,1,
Combined,GPT-2,Child,0.045741263812644206,0.07399825989889734,2,
Combined,GPT-2,Child,0.05881461335747292,-0.059355005165279015,2,
Combined,GPT-2,Grandparent,0.08422046489260578,-0.011918946127509612,0,
Combined,GPT-2,Grandparent,0.0722071453173779,0.034109193214657926,0,
Combined,GPT-2,Parent,0.06347880476965473,0.06227574046207925,1,
Combined,GPT-2,Parent,0.011056972163305579,0.022032072632337158,1,
Combined,GPT-2,Grandparent,0.08042493811280012,0.033218291847629915,0,
Combined,GPT-2,Grandparent,0.10521999551677089,-0.06605607092856684,0,
Combined,GPT-2,Parent,-0.3673700802855799,-0.019406388016282677,1,
Combined,GPT-2,Parent,-0.026045935217527284,-0.06532093051468389,1,
Combined,GPT-2,Child,0.09953507049708292,0.0006352413091791617,2,
Combined,GPT-2,Child,0.05592539727164649,0.07738298821195085,2,
Combined,GPT-2,Grandparent,0.09203289618731386,-0.022903004221630992,0,
Combined,GPT-2,Grandparent,0.03982739632506243,0.13289032611483448,0,
Combined,GPT-2,Parent,0.1040040928012868,0.06677605382729047,1,
Combined,GPT-2,Parent,-0.008447270484117968,-0.040695192593646685,1,
Combined,GPT-2,Grandparent,0.012693563386475305,0.019169091762999826,0,
Combined,GPT-2,Grandparent,0.06138643663372224,-0.02362343133953566,0,
Combined,GPT-2,Parent,0.09731022648458872,-0.009328868569271976,1,
Combined,GPT-2,Child,0.09845795945818557,0.015557307861066806,2,
Combined,GPT-2,Child,0.08968619552535781,0.017880001614751607,2,
Combined,GPT-2,Grandparent,0.08466458021341668,-0.0428556079263934,0,
Combined,GPT-2,Grandparent,0.042625718530705015,-0.07606988362372677,0,
Combined,GPT-2,Parent,-0.041973876751363465,0.03537679103213694,1,
Combined,GPT-2,Parent,-0.6075665201039315,0.013478772259837,1,
Combined,GPT-2,Grandparent,0.11222416987190496,-0.005563409776232278,0,
Combined,GPT-2,Grandparent,0.05229953496000739,-0.07641032269622053,0,
Combined,GPT-2,Parent,0.07864572889879284,0.024877512336819143,1,
Combined,GPT-2,Parent,0.09436827611577699,0.02416622327094458,1,
Combined,GPT-2,Child,0.053176106540934596,-0.03414500365113423,2,
Combined,GPT-2,Child,0.03153629550322045,-0.024786031663394426,2,
Combined,GPT-2,Grandparent,0.04481718259044081,0.0626247448388393,0,
Combined,GPT-2,Grandparent,0.04203158671584805,0.07001699835087966,0,
Combined,GPT-2,Parent,-0.5703395527267392,0.06737115046372139,1,
Combined,GPT-2,Grandparent,-0.0936900566766391,0.10878254845456986,0,
Combined,GPT-2,Grandparent,0.05030213011059626,0.11548062987173917,0,
Combined,GPT-2,Parent,-0.016320385128127723,0.15319307394343457,1,
Combined,GPT-2,Parent,-0.0363390107919378,0.187798192425586,1,
Combined,GPT-2,Child,-0.49098977587585696,0.03649952985450899,2,
Combined,GPT-2,Child,-0.01986791509302053,-0.08474492424883491,2,
Combined,GPT-2,Grandparent,0.025128092045566982,-0.08633697524781118,0,
Combined,GPT-2,Grandparent,0.09656080835817611,-0.020080390685878757,0,
Combined,GPT-2,Parent,0.08031617781522288,-0.009031586456849199,1,
Combined,GPT-2,Parent,0.08134928510159131,-0.019197166844195427,1,
Combined,GPT-2,Grandparent,0.07077380712863399,-0.00377749426258548,0,
Combined,GPT-2,Grandparent,-0.05052186501942295,0.1488606622288334,0,
Combined,GPT-2,Parent,0.06296787733620227,-0.05830896497639713,1,
Combined,GPT-2,Parent,0.043402022648767455,-0.12184085190692603,1,
Combined,GPT-2,Child,-0.40383247365518493,0.02032905100806256,2,
Combined,GPT-2,Child,0.08075986290554452,0.09129338887205235,2,
Combined,GPT-2,Grandparent,0.07895290319084218,0.10687485967180654,0,
Combined,GPT-2,Grandparent,0.05068537580351684,-0.07456115919366003,0,
Combined,GPT-2,Parent,0.06710198129441128,-0.028870196501238274,1,
Combined,GPT-2,Parent,0.08967033267392564,0.03567986889658388,1,
Combined,GPT-2,Grandparent,-0.017778738634271554,-0.18655210314060175,0,
Combined,GPT-2,Grandparent,-0.5141564920019758,-0.022799936029824847,0,
Combined,GPT-2,Parent,0.09464758600319795,-0.010619388514980626,1,
Combined,GPT-2,Parent,0.10059981756375264,-0.10647222067310248,1,
Combined,GPT-2,Child,0.02606017557930637,-0.06705511907607284,2,
Combined,GPT-2,Child,0.09990134316057071,-0.05328904875966752,2,
Combined,GPT-2,Grandparent,0.023136705234648725,0.11202732351520862,0,
Combined,GPT-2,Grandparent,0.10622815128736274,0.09537584951610027,0,
Combined,GPT-2,Parent,0.08954737154245031,0.060907664029942105,1,
Combined,GPT-2,Parent,0.08248962055645073,0.12294801433336987,1,
Combined,GPT-2,Grandparent,-0.5291074130971033,0.0025724049052049075,0,
Combined,GPT-2,Grandparent,0.10024599104748967,0.006648673142422771,0,
Combined,GPT-2,Parent,0.028356754223239904,-0.02069450064219451,1,
Combined,GPT-2,Parent,0.086583362954031,0.06013744510644675,1,
Combined,GPT-2,Child,0.06344367519549424,-0.042500517274375565,2,
Combined,GPT-2,Child,0.05248262775543373,-0.024005521482535867,2,
Combined,GPT-2,Grandparent,0.08512234780010787,0.01160362154952799,0,
Combined,GPT-2,Grandparent,0.04810044221622717,0.05420630420194131,0,
Combined,GPT-2,Parent,0.08766638160886944,-0.045054420420451026,1,
Combined,GPT-2,Parent,0.04865568592528618,0.0802452927147836,1,
Combined,GPT-2,Grandparent,0.03454335307360728,0.005730838537544319,0,
Combined,GPT-2,Grandparent,0.043518153917089346,0.08561928948031391,0,
Combined,GPT-2,Parent,-0.4968989063672273,0.06564725957822272,1,
Combined,GPT-2,Parent,0.02822055045833736,0.1629631409450579,1,
Combined,GPT-2,Child,0.03753730834576601,0.043991863244881156,2,
Combined,GPT-2,Child,0.04063032423204155,-0.0979103989488951,2,
Combined,GPT-2,Grandparent,0.078134025091197,-0.03850349332738492,0,
Combined,GPT-2,Grandparent,0.07765450870635326,-0.028447533091717662,0,
Combined,GPT-2,Parent,0.05648043266224197,0.02238928248994757,1,
Combined,GPT-2,Parent,-0.025447273432886112,-0.022538789740346708,1,
Combined,GPT-2,Grandparent,0.06320220786165359,0.11630326989321033,0,
Combined,GPT-2,Grandparent,0.006649843745222467,0.07774230768757263,0,
Combined,GPT-2,Parent,0.047177629356428705,-0.00817298995311197,1,
Combined,GPT-2,Parent,0.026582645799817076,0.06427266841764304,1,
Combined,GPT-2,Child,0.045624418829604454,-0.0026259232725941222,2,
Combined,GPT-2,Child,0.10423616107536203,-0.04453710205091563,2,
Combined,GPT-2,Grandparent,0.1542879838847784,-0.002653831036002222,0,
Combined,GPT-2,Grandparent,-0.5250659006982227,-0.017796815903745038,0,
Combined,GPT-2,Parent,0.09345550619870738,-0.10276351825205063,1,
Combined,GPT-2,Parent,0.1198932124410159,-0.09138891032126256,1,
Combined,GPT-2,Grandparent,0.09913159227142432,-0.029567997774490002,0,
Combined,GPT-2,Grandparent,0.1320860005674713,0.044374877720143646,0,
Combined,GPT-2,Parent,0.10722482220611815,-0.029861869450929925,1,
Combined,GPT-2,Parent,0.04201931690579557,-0.09647449079246802,1,
Combined,GPT-2,Child,0.07542964179082184,0.059920441083358256,2,
Combined,GPT-2,Child,0.06505410474985177,0.026076201137808244,2,
Combined,GPT-2,Grandparent,-0.08004534986459991,-0.2538909078196713,0,
Combined,GPT-2,Grandparent,0.020285218088378437,-0.005779233060045211,0,
Combined,GPT-2,Parent,-0.6050793371660337,0.03805712867636464,1,
Combined,GPT-2,Parent,8.912672362265426e-06,0.05859160961537834,1,
Combined,GPT-2,Grandparent,0.033122908658894126,0.039784837916343546,0,
Combined,GPT-2,Grandparent,0.08536514251936134,-0.08525159281548483,0,
Combined,GPT-2,Parent,0.0802095711987228,0.0033775690241928486,1,
Combined,GPT-2,Child,0.07191043303336611,-0.004463066642178961,2,
Combined,GPT-2,Child,-0.475482519967381,-0.0029709439976429194,2,
Combined,GPT-2,Grandparent,0.02949766427688367,0.03406170084997584,0,
Combined,GPT-2,Grandparent,0.042889593604700384,0.06712895927194537,0,
Combined,GPT-2,Parent,0.032713526538807096,0.09309551864440974,1,
Combined,GPT-2,Parent,0.04997829304954614,0.04203052084818871,1,
Combined,GPT-2,Grandparent,0.11656251138251639,0.02163625189907079,0,
Combined,GPT-2,Grandparent,0.11259170966144372,-0.021872256481277212,0,
Combined,GPT-2,Parent,0.05996023159854359,-0.08936818138447285,1,
Combined,GPT-2,Parent,0.11718467854722432,0.00983855290286328,1,
Combined,GPT-2,Child,-0.5031764249469521,-0.013333258343930031,2,
Combined,GPT-2,Child,0.014045792059213925,-0.04692975557120464,2,
Combined,GPT-2,Grandparent,0.06141510897076371,0.006384032469053896,0,
Combined,GPT-2,Grandparent,0.06481927645177989,0.17510220232923474,0,
Combined,GPT-2,Parent,0.04881525172675056,-0.035797337850794086,1,
Combined,GPT-2,Parent,0.05657282797623808,0.0954694843881324,1,
Combined,GPT-2,Grandparent,0.10278049334631714,-0.029938853213411696,0,
Combined,GPT-2,Grandparent,0.07703015892739734,0.008598958899944078,0,
Combined,GPT-2,Parent,0.09092313076047794,0.10086143138229921,1,
Combined,GPT-2,Parent,0.07361756001321551,-0.08120530272924197,1,
Combined,GPT-2,Child,0.07113185548597756,0.06775802648415694,2,
Combined,GPT-2,Child,0.05329112086627444,-0.029463783601260115,2,
Combined,GPT-2,Grandparent,-0.2929112147680723,0.00769007237697963,0,
Combined,GPT-2,Grandparent,0.036346652997176716,-0.0841207521836493,0,
Combined,GPT-2,Parent,0.09293588195212976,0.09584227158277168,1,
Combined,GPT-2,Parent,0.07838939807587371,0.010840229079191271,1,
Combined,GPT-2,Grandparent,0.06493223941215107,0.07208857245727116,0,
Combined,GPT-2,Grandparent,0.026584960169309814,0.07658468895350294,0,
Combined,GPT-2,Parent,0.08804877017488824,0.13676940369212362,1,
Combined,GPT-2,Parent,0.060111588802059086,0.07568078366757028,1,
Combined,GPT-2,Child,0.030312547107054055,-0.05780097252256038,2,
Combined,GPT-2,Child,0.052403845369209216,0.03986283642892167,2,
Combined,GPT-2,Grandparent,0.08822964335350508,0.0016109552577133028,0,
Combined,GPT-2,Grandparent,-0.5727560931277508,-0.024114530059934008,0,
Combined,GPT-2,Parent,0.0075752832152485745,0.05587055409334578,1,
Combined,GPT-2,Parent,-0.05533184055818552,-0.22358473651009483,1,
Combined,GPT-2,Grandparent,0.1049894680939637,-0.03185747671827413,0,
Combined,GPT-2,Grandparent,0.10150844754796777,0.05147081530238131,0,
Combined,GPT-2,Parent,0.099877488050026,-0.0011812748852247095,1,
Combined,GPT-2,Parent,0.08754245604658317,-0.0258834761175368,1,
Combined,GPT-2,Child,-0.46132782101455777,0.0025861529990342377,2,
Combined,GPT-2,Child,0.08886033284935202,0.05111060842808017,2,
Combined,GPT-2,Grandparent,-0.019318965838053034,-0.09827170111513875,0,
Combined,GPT-2,Grandparent,0.0881613124081439,0.10236631052224815,0,
Combined,GPT-2,Parent,0.03033905589017539,-0.023758179391273705,1,
Combined,GPT-2,Parent,-0.014759105403671612,0.2229590121480228,1,
Combined,GPT-2,Grandparent,-0.4492419043254616,-0.004426934538168425,0,
Combined,GPT-2,Grandparent,0.08254817407794902,-0.021800659551949417,0,
Combined,GPT-2,Parent,0.017849619663727053,-0.0673344490462657,1,
Combined,GPT-2,Parent,-0.02179474994200519,-0.06490626881315567,1,
Combined,GPT-2,Child,0.07935873056783231,-0.004004198343116847,2,
Combined,GPT-2,Child,0.09793999501293131,0.05728026879217553,2,
Combined,GPT-2,Grandparent,0.1032106263794807,-0.061063711621049385,0,
Combined,GPT-2,Grandparent,0.07221674503895895,0.023995602285940904,0,
Combined,GPT-2,Parent,0.048944121328642,0.1482763489013004,1,
Combined,GPT-2,Parent,0.03494240358572533,0.040852838562909784,1,
Combined,GPT-2,Grandparent,0.05981678127159132,-0.035865548972523684,0,
Combined,GPT-2,Grandparent,0.03758349415184507,-0.07340567928367348,0,
Combined,GPT-2,Parent,0.025607175199241033,-0.056139827531470336,1,
Combined,GPT-2,Parent,-0.5560648041420699,-0.014552467903217948,1,
Combined,GPT-2,Child,0.03817936488809565,-0.038850934293536636,2,
Combined,GPT-2,Child,0.06745629141616778,0.036330540049059785,2,
Combined,GPT-2,Grandparent,0.035989941687581385,0.10058064991351655,0,
Combined,GPT-2,Grandparent,0.026528312941708418,0.093647291834321,0,
Combined,GPT-2,Parent,0.03303498992174314,0.034577460818477936,1,
Combined,GPT-2,Parent,0.04356486618693127,0.12242760610031253,1,
Combined,GPT-2,Grandparent,0.011233843600332648,-0.04851548278440187,0,
Combined,GPT-2,Grandparent,-0.502535033776353,-0.018172423114246692,0,
Combined,GPT-2,Parent,-0.005802575390317156,-0.051354834829077406,1,
Combined,GPT-2,Parent,-0.014403298659153083,-0.13334121386815362,1,
Combined,GPT-2,Child,0.04709291790249476,-8.723129016031084e-05,2,
Combined,GPT-2,Child,0.029353365088996837,0.0257010576809109,2,
Combined,GPT-2,Grandparent,0.11578470121527776,-0.0013566760348170104,0,
Combined,GPT-2,Grandparent,0.06697548073366794,0.030402967804396986,0,
Combined,GPT-2,Parent,0.08183090330503581,0.08464962047578975,1,
Combined,GPT-2,Parent,0.0863218650739847,0.040281316224880334,1,
Combined,GPT-2,Grandparent,0.04095725481012296,0.0422854153152869,0,
Combined,GPT-2,Grandparent,0.08738503445321366,0.032152029132474245,0,
Combined,GPT-2,Parent,-0.38057758996247504,0.045714798575760184,1,
Combined,GPT-2,Parent,0.06744181775777738,0.14576300276643728,1,
Combined,GPT-2,Child,0.10346141434953139,-0.027629266972927856,2,
Combined,GPT-2,Child,0.07052492856592456,-0.01151288518278325,2,
Combined,GPT-2,Grandparent,0.042871607288532086,-0.17291103946140815,0,
Combined,GPT-2,Grandparent,0.07832595768562169,-0.11039926685433965,0,
Combined,GPT-2,Parent,0.07490957981472289,0.006791348305368714,1,
Combined,GPT-2,Parent,0.036232049080788815,-0.09727047148567552,1,
Combined,GPT-2,Grandparent,0.09795970982237966,-0.03858245609423785,0,
Combined,GPT-2,Grandparent,0.044464801422851974,-0.12046038003632079,0,
Combined,GPT-2,Parent,0.1147602802240854,-0.05446980451452124,1,
Combined,GPT-2,Parent,0.09560223788485216,-0.012830241824883128,1,
Combined,GPT-2,Child,0.09124581082797249,0.00595430657270685,2,
Combined,GPT-2,Child,0.04150599022782588,0.06523767579414247,2,
Combined,GPT-2,Grandparent,-0.0036597905125487157,0.0459798771769549,0,
Combined,GPT-2,Grandparent,-0.010093995577951986,0.1339941760321173,0,
Combined,GPT-2,Parent,0.09718085821922487,-0.0312774199523254,1,
Combined,GPT-2,Parent,-0.6897132425769001,0.03399645432385356,1,
Combined,GPT-2,Grandparent,0.017528891898302267,-0.04222984989697975,0,
Combined,GPT-2,Grandparent,0.0961927528539964,-0.08971597691747044,0,
Combined,GPT-2,Parent,0.12528988834059834,-0.03222377034783426,1,
Combined,GPT-2,Parent,0.06786044142846041,0.004387586814439462,1,
Combined,GPT-2,Child,-0.4450737671596356,0.04637148228756358,2,
Combined,GPT-2,Child,0.015061626624836774,-0.15376506507331392,2,
Combined,GPT-2,Grandparent,0.09611430484260801,0.047790184142540194,0,
Combined,GPT-2,Grandparent,0.04621518804285082,0.028301295329631018,0,
Combined,GPT-2,Parent,0.0956201399831278,-0.009568193146455227,1,
Combined,GPT-2,Parent,0.02782784250386012,-0.14757445230440933,1,
Combined,GPT-2,Grandparent,0.0593174896150051,-0.007764202225309988,0,
Combined,GPT-2,Grandparent,-0.041715189689579435,-0.12639961617244166,0,
Combined,GPT-2,Parent,0.004254693466207143,-0.26577314339049457,1,
Combined,GPT-2,Child,0.032444745958809224,-0.034218449840300855,2,
Combined,GPT-2,Child,0.07593559195872791,0.020245687218760085,2,
Combined,GPT-2,Grandparent,0.13275539672379336,-0.016363604197788224,0,
Combined,GPT-2,Grandparent,0.1007894534341591,0.05786786351008438,0,
Combined,GPT-2,Parent,-0.4790490730694932,0.04441948424785143,1,
Combined,GPT-2,Parent,0.10869260322002375,0.02409729814946136,1,
Combined,GPT-2,Grandparent,0.007961280806908434,-0.10118619257176834,0,
Combined,GPT-2,Grandparent,-0.5658398167723055,-0.017808888034867475,0,
Combined,GPT-2,Parent,0.03696261173973986,-0.10205654216219115,1,
Combined,GPT-2,Parent,0.03511678052567922,0.02307477927444838,1,
Combined,GPT-2,Child,0.06488527368569448,-0.0458616645953292,2,
Combined,GPT-2,Child,0.010935343780444598,-0.046585865760842435,2,
Combined,GPT-2,Grandparent,0.08611643408339877,0.053769951270974746,0,
Combined,GPT-2,Grandparent,0.08224338807018436,0.0185456153663682,0,
Combined,GPT-2,Parent,0.10125286475001284,0.04413571948354491,1,
Combined,GPT-2,Parent,0.05802131291796809,0.15778786337437775,1,
Combined,GPT-2,Grandparent,0.10734146393089629,-0.03865173500355114,0,
Combined,GPT-2,Grandparent,0.1103201021231388,-0.06863087177327279,0,
Combined,GPT-2,Parent,-0.5608214760577123,-0.01826812843383706,1,
Combined,GPT-2,Parent,0.10083211313292795,-0.10370192459697111,1,
Combined,GPT-2,Child,0.050770877511628586,0.015038470815625251,2,
Combined,GPT-2,Child,0.04005989520578139,-0.09383242826151929,2,
Combined,GPT-2,Grandparent,0.03050579068719913,0.010438890036754571,0,
Combined,GPT-2,Grandparent,0.06224459308841028,0.1108945679836495,0,
Combined,GPT-2,Parent,0.03132961405490004,0.06735415201158186,1,
Combined,GPT-2,Parent,0.019359979816298684,0.15678266049693337,1,
Combined,GPT-2,Grandparent,-0.48925038711696855,0.013309213391978096,0,
Combined,GPT-2,Grandparent,-0.05918520312913979,-0.2930284424872418,0,
Combined,GPT-2,Parent,0.09645384374234814,-0.06544241554589734,1,
Combined,GPT-2,Parent,-0.026208033494255194,-0.2151070201537387,1,
Combined,GPT-2,Child,0.08080909773606487,0.06285788606715943,2,
Combined,GPT-2,Child,0.08700716720514336,0.037471481867993026,2,
Combined,GPT-2,Grandparent,0.0740979601667299,0.02783690572107863,0,
Combined,GPT-2,Grandparent,0.12422059797107723,0.05907490772014424,0,
Combined,GPT-2,Parent,0.06564317058971528,0.04561005237490181,1,
Combined,GPT-2,Parent,0.0863400024667432,0.07836872414148381,1,
Combined,GPT-2,Grandparent,0.09338807527309828,-0.0011032053303946087,0,
Combined,GPT-2,Grandparent,0.03648952640770025,-0.09427611528785038,0,
Combined,GPT-2,Parent,0.06299594093760723,-0.007571949145515891,1,
Combined,GPT-2,Parent,0.11779653394005321,0.031538192425876535,1,
Combined,GPT-2,Child,-0.49481847948095226,0.029315784564245446,2,
Combined,GPT-2,Child,0.07452690671842573,-0.01795665752678357,2,
Combined,GPT-2,Grandparent,0.07908573245507819,-0.05820957039242139,0,
Combined,GPT-2,Grandparent,0.08114267322432538,0.021660725524670355,0,
Combined,GPT-2,Parent,-0.0015579818103451963,0.045403894307413664,1,
Combined,GPT-2,Parent,0.01970084814739508,0.11219545880491194,1,
Combined,GPT-2,Grandparent,0.034946412783591486,-0.04078511988189158,0,
Combined,GPT-2,Grandparent,0.04955203118952797,-0.019336372339370075,0,
Combined,GPT-2,Parent,0.07804492153298125,0.06017923436270075,1,
Combined,GPT-2,Parent,0.07084798392839178,0.09409622762250071,1,
Combined,GPT-2,Child,-0.4616383202414664,-0.020616483527283486,2,
Combined,GPT-2,Child,0.07751167049507345,-0.015968072511010727,2,
Combined,GPT-2,Grandparent,0.04303722265818956,0.10328014451731217,0,
Combined,GPT-2,Grandparent,0.06365116948712603,-0.0012381640138265193,0,
Combined,GPT-2,Parent,0.10784616959600458,0.004595668357959979,1,
Combined,GPT-2,Parent,0.018351697209149132,0.04990781841712122,1,
Combined,GPT-2,Grandparent,0.07721159624547988,-0.036796437910143455,0,
Combined,GPT-2,Grandparent,0.07724019709392663,-0.041317033428189744,0,
Combined,GPT-2,Parent,0.09441178002034618,0.023318129217915713,1,
Combined,GPT-2,Parent,0.0626161879627912,-0.08513030742584214,1,
Combined,GPT-2,Child,0.06882461029300206,0.00187306122463535,2,
Combined,GPT-2,Child,0.11555536366062567,0.04519981620819369,2,
Combined,GPT-2,Grandparent,0.11496736526720383,0.05833717624304605,0,
Combined,GPT-2,Grandparent,0.08401989530557663,-0.06698388596030819,0,
Combined,GPT-2,Parent,0.03290754678797607,-0.01251561626342858,1,
Combined,GPT-2,Parent,-0.6868208354942703,0.030405279286014667,1,
Combined,GPT-2,Grandparent,0.04189897219234451,-0.060869774607424855,0,
Combined,GPT-2,Grandparent,0.012974510428400334,-0.04897545022116746,0,
Combined,GPT-2,Parent,0.02964314349327771,-0.13219466005046301,1,
Combined,GPT-2,Parent,-0.6413495480280822,0.004348173532648232,1,
Combined,GPT-2,Child,0.12044170817289715,0.004773931411366769,2,
Combined,GPT-2,Child,0.08605693451498071,0.07119761163481968,2,
Combined,GPT-2,Grandparent,0.10421220642464436,0.06029147146885332,0,
Combined,GPT-2,Grandparent,0.11520515201964228,0.035230777373875616,0,
Combined,GPT-2,Parent,0.07242338229655353,0.01934697758322218,1,
Combined,GPT-2,Parent,0.1133625512130049,-0.03215090397793644,1,
Combined,GPT-2,Grandparent,0.07083916734143889,-0.09064057616947528,0,
Combined,GPT-2,Grandparent,0.10593314097665943,0.004903847571290269,0,
Combined,GPT-2,Parent,0.0807594912208952,0.047926423769356186,1,
Combined,GPT-2,Parent,0.0854302104274995,0.016852307423026545,1,
Combined,GPT-2,Child,0.08319551667654815,0.012746589968768178,2,
Combined,GPT-2,Child,0.07521181601033679,-0.005452449740865271,2,
Combined,GPT-2,Grandparent,-0.008340301196399951,-0.0521855369204076,0,
Combined,GPT-2,Grandparent,-0.023004994880860847,0.08801754012304036,0,
Combined,GPT-2,Parent,-0.49888329523325803,0.03715702307424817,1,
Combined,GPT-2,Parent,0.0006877242021034236,0.2387891426757706,1,
Combined,GPT-2,Grandparent,0.10009108995643111,0.01829264384982587,0,
Combined,GPT-2,Grandparent,0.13819513190958838,0.030458041707270636,0,
Combined,GPT-2,Parent,0.06748649125235728,-0.05812118298151425,1,
Combined,GPT-2,Parent,0.11039082611258114,0.04382088991701499,1,
Combined,GPT-2,Child,0.03420570048141979,-0.1046861672374022,2,
Combined,GPT-2,Child,-0.3992632319696676,0.023708402463295527,2,
Combined,GPT-2,Grandparent,-0.06418089510699893,0.1517565404065819,0,
Combined,GPT-2,Grandparent,0.06091437536959629,-0.058258416283709334,0,
Combined,GPT-2,Parent,0.02800529983187192,-4.254897275626811e-05,1,
Combined,GPT-2,Parent,0.06634730533691664,0.026774959450635,1,
Combined,GPT-2,Grandparent,0.04117329469431513,-0.02006958823976446,0,
Combined,GPT-2,Grandparent,-0.40339745879322664,0.017534255311970594,0,
Combined,GPT-2,Parent,0.08268457245962017,0.05308974519271797,1,
Combined,GPT-2,Parent,0.09714171005134704,0.08537103634596722,1,
Combined,GPT-2,Child,0.06787466012741007,0.017026087892801564,2,
Combined,GPT-2,Child,0.0923201621257944,0.005741580812365212,2,
Combined,GPT-2,Grandparent,0.10796396385856455,-0.05921509355228405,0,
Combined,GPT-2,Grandparent,0.07751345597309937,-0.18062324223049178,0,
Combined,GPT-2,Parent,0.11273502385575408,0.04580487402673392,1,
Combined,GPT-2,Parent,0.11406579314969895,0.010845839522513282,1,
Combined,GPT-2,Grandparent,0.08221768174432624,0.002007226270659031,0,
Combined,GPT-2,Grandparent,0.033177494271449295,0.1412159229884427,0,
Combined,GPT-2,Parent,0.08882079300896684,0.10250907854263297,1,
Combined,GPT-2,Parent,0.041778941217956105,0.12805094875911824,1,
Combined,GPT-2,Child,0.033004840273130796,-0.04394790015117184,2,
Combined,GPT-2,Child,0.042900685394034604,0.06861812051310015,2,
Combined,GPT-2,Grandparent,-0.4921468070800348,-0.009255678655405743,0,
Combined,GPT-2,Grandparent,-0.019864662521588902,-0.23739411177692887,0,
Combined,GPT-2,Parent,0.060625916186862056,-0.04081660208972665,1,
Combined,GPT-2,Grandparent,0.06860602271581469,-0.030294569986402734,0,
Combined,GPT-2,Grandparent,0.03715441860486906,0.007979829070583694,0,
Combined,GPT-2,Parent,0.11186961326039556,-0.052249458329808006,1,
Combined,GPT-2,Parent,-0.49195090664226176,-0.006131014503539122,1,
Combined,GPT-2,Child,0.10409684284598691,-0.06292152055109834,2,
Combined,GPT-2,Child,0.057360464141219134,0.13533991565409872,2,
Combined,GPT-2,Grandparent,0.08129660820829711,-0.16037755956749827,0,
Combined,GPT-2,Grandparent,0.05319324408136994,0.11295789600438472,0,
Combined,GPT-2,Parent,0.05978419904071217,-0.022831272307302905,1,
Combined,GPT-2,Parent,0.01883934770106741,0.11881750850523105,1,
Combined,GPT-2,Grandparent,0.06262037846252345,0.07471435932485332,0,
Combined,GPT-2,Grandparent,0.07923185595853849,0.0566974198904129,0,
Combined,GPT-2,Parent,0.06645140544322196,0.040737497930874646,1,
Combined,GPT-2,Parent,0.004514971356956515,0.13529000922083115,1,
Combined,GPT-2,Child,0.08825141810814474,0.017512137728336274,2,
Combined,GPT-2,Child,0.12045503519738787,-0.023779877003184638,2,
Combined,GPT-2,Grandparent,0.01097687882343597,-0.21068637893490527,0,
Combined,GPT-2,Grandparent,0.07564732648816327,-0.033662395164846884,0,
Combined,GPT-2,Parent,-0.5952011608519573,0.03779737230320637,1,
Combined,GPT-2,Parent,-0.06498571274957299,-0.18638312667132728,1,
Combined,GPT-2,Grandparent,0.05598275452897336,-0.14484015748913423,0,
Combined,GPT-2,Grandparent,0.09611209390402761,-0.04202432095586703,0,
Combined,GPT-2,Parent,-0.5421175038660989,-0.03401018681414925,1,
Combined,GPT-2,Parent,-0.0788910318414648,-0.2722468612709204,1,
Combined,GPT-2,Child,0.08132022180763503,-0.010342457457589495,2,
Combined,GPT-2,Child,0.029714428171501585,-0.043635702592579345,2,
Combined,GPT-2,Grandparent,0.0844273558265589,0.11168931791496627,0,
Combined,GPT-2,Grandparent,0.05141196163093528,0.06325216105286725,0,
Combined,GPT-2,Parent,0.078409039126573,0.10593927744785335,1,
Combined,GPT-2,Parent,0.040731488762195296,0.1743481758036042,1,
Combined,GPT-2,Grandparent,0.10677944778434771,0.050452373720039106,0,
Combined,GPT-2,Grandparent,0.10799752919467304,0.12388053651673003,0,
Combined,GPT-2,Parent,0.07866071504419385,0.03968970209038235,1,
Combined,GPT-2,Parent,0.04955121837319004,0.09786897014381087,1,
Combined,GPT-2,Child,0.011533313991648489,-4.361604677118515e-06,2,
Combined,GPT-2,Child,0.08398995849222929,0.04942497274321069,2,
Combined,GPT-2,Grandparent,0.04963441792512109,-0.006133953460163701,0,
Combined,GPT-2,Grandparent,0.10256492967809483,-0.07678915891413163,0,
Combined,GPT-2,Parent,-0.3738921339332298,0.016478791545790374,1,
Combined,GPT-2,Parent,0.026125011255109597,-0.05679549016355922,1,
Combined,GPT-2,Grandparent,0.12543247747248362,0.025239483140242713,0,
Combined,GPT-2,Grandparent,0.09285285024470426,0.06167435483754683,0,
Combined,GPT-2,Parent,-0.5572676353554064,0.012287483126136582,1,
Combined,GPT-2,Child,0.021187308224196313,-0.051650826562751856,2,
Combined,GPT-2,Child,0.06946980126939246,0.02584707946908023,2,
Combined,GPT-2,Grandparent,0.061236424762948376,-0.12103341205229301,0,
Combined,GPT-2,Grandparent,0.08859472971050794,-0.03647909579801008,0,
Combined,GPT-2,Parent,0.05974910348583617,-0.0031969099702533936,1,
Combined,GPT-2,Parent,0.0579568619639165,-0.10504328217150824,1,
Combined,GPT-2,Grandparent,0.0899611836736643,-0.028773107999392474,0,
Combined,GPT-2,Grandparent,0.12105770519434217,-0.01979202368691104,0,
Combined,GPT-2,Parent,0.07302898079021553,-0.03836943239051408,1,
Combined,GPT-2,Parent,0.08681932194377123,-0.03745477015632511,1,
Combined,GPT-2,Child,0.026346984565945447,0.026660819806062688,2,
Combined,GPT-2,Child,0.08296563025122732,-0.025492511223674564,2,
Combined,GPT-2,Grandparent,0.03572222999708244,0.019556758894499388,0,
Combined,GPT-2,Grandparent,-0.563825576011426,0.0009432026771847674,0,
Combined,GPT-2,Parent,0.0733611089937643,4.432802141001018e-05,1,
Combined,GPT-2,Parent,0.08994133958232725,0.08086952443242831,1,
Combined,GPT-2,Grandparent,0.03315542366697067,-0.06958026017988196,0,
Combined,GPT-2,Grandparent,0.027476394930459957,0.0122622394612423,0,
Combined,GPT-2,Parent,0.09611785267514522,0.04334687121894377,1,
Combined,GPT-2,Parent,0.020696418161127834,-0.19259053858422706,1,
Combined,GPT-2,Child,0.09851433289128296,-0.039286789495214594,2,
Combined,GPT-2,Child,-0.5508109535048247,0.021655410560914985,2,
Combined,GPT-2,Grandparent,0.08002869187576488,-0.04168272625749921,0,
Combined,GPT-2,Grandparent,0.06841078497209808,-0.004755819393119833,0,
Combined,GPT-2,Parent,0.0893536068489697,0.06171378619391374,1,
Combined,GPT-2,Parent,0.03288923733492515,0.007698271319119727,1,
Combined,GPT-2,Grandparent,0.055648001031344915,0.032457778314433985,0,
Combined,GPT-2,Grandparent,0.08520726272631138,-0.13779469697655314,0,
Combined,GPT-2,Parent,0.05392012380602682,-0.02531543972179807,1,
Combined,GPT-2,Parent,0.09017545518099884,-0.04012648489226996,1,
Combined,GPT-2,Child,0.07198904971205403,0.05457669368778069,2,
Combined,GPT-2,Child,0.051193042321974906,-0.002197259883008805,2,
Combined,GPT-2,Grandparent,0.08490382656251075,0.05317849820014538,0,
Combined,GPT-2,Grandparent,0.08518169527663326,0.0511364831581019,0,
Combined,GPT-2,Parent,-0.5254706142091778,0.029374031937569708,1,
Combined,GPT-2,Parent,0.041147079770276894,-0.021548710995864723,1,
Combined,GPT-2,Grandparent,0.04515788194907201,-0.07578265565423283,0,
Combined,GPT-2,Grandparent,0.08960126833890589,0.11016108682241867,0,
Combined,GPT-2,Parent,0.06917290887130952,-0.13139620853418557,1,
Combined,GPT-2,Parent,0.012479849930130713,0.011935189643550195,1,
Combined,GPT-2,Child,0.09436424860161437,0.03225614955769638,2,
Combined,GPT-2,Child,0.0975084801473601,0.05320613026923876,2,
Combined,GPT-2,Grandparent,0.10152216046060265,0.04253164435414675,0,
Combined,GPT-2,Grandparent,-0.5870197434625715,0.01573335955193009,0,
Combined,GPT-2,Parent,0.04087159532087582,-0.08740812298378356,1,
Combined,GPT-2,Parent,0.021819346331927433,-0.05954183792755796,1,
Combined,GPT-2,Grandparent,0.06949827069059653,0.10494426736080252,0,
Combined,GPT-2,Grandparent,0.05834456521329836,0.007836291024668622,0,
Combined,GPT-2,Parent,0.09807669881167273,0.14272835781225984,1,
Combined,GPT-2,Child,0.08078976911966966,-0.007693111775546987,2,
Combined,GPT-2,Child,0.052998568767829414,-0.0860943047158636,2,
Combined,GPT-2,Grandparent,0.05159559011096535,-0.05169722232003156,0,
Combined,GPT-2,Grandparent,-0.48833104289429907,-0.003021745804314501,0,
Combined,GPT-2,Parent,0.03646631871435602,-0.0073530068215778965,1,
Combined,GPT-2,Parent,0.050531181712341,0.12160454569974595,1,
Combined,GPT-2,Grandparent,0.13274654824185955,-0.013011591539004146,0,
Combined,GPT-2,Grandparent,0.10844203059822874,0.044051006544047824,0,
Combined,GPT-2,Parent,0.07404920066081452,0.040168069639643034,1,
Combined,GPT-2,Parent,0.11281973262738927,0.04391891223665686,1,
Combined,GPT-2,Child,0.0957247054996892,4.467911410275779e-06,2,
Combined,GPT-2,Child,0.03794660415914862,-0.10808705634064542,2,
Combined,GPT-2,Grandparent,0.04590074794593687,-0.008468744814255984,0,
Combined,GPT-2,Grandparent,-0.03335478607124941,-0.029813430546920948,0,
Combined,GPT-2,Parent,0.005074523403410263,-0.030481754597234144,1,
Combined,GPT-2,Parent,-0.6511941064657295,0.020904594517336707,1,
Combined,GPT-2,Grandparent,0.05516190381956403,0.016937178238263566,0,
Combined,GPT-2,Grandparent,0.04242774981177696,-0.08647597834596915,0,
Combined,GPT-2,Parent,0.07902411873843039,0.11525606665440885,1,
Combined,GPT-2,Parent,0.02713908651681702,-0.08679626195998119,1,
Combined,GPT-2,Child,-0.36813478236719327,0.03073586673018127,2,
Combined,GPT-2,Child,0.049205933556243794,0.0740939829363353,2,
Combined,GPT-2,Grandparent,0.0766066813959995,-0.07398325363658576,0,
Combined,GPT-2,Parent,0.057035872198490906,-0.03955644073670126,1,
Combined,GPT-2,Grandparent,0.06440055401677955,-0.0990881094497862,0,
Combined,GPT-2,Grandparent,0.0745927230499355,-0.016344946377203972,0,
Combined,GPT-2,Parent,0.05082821978336881,0.042608122809638875,1,
Combined,GPT-2,Parent,0.07042945089173674,0.047345390258044955,1,
Combined,GPT-2,Child,0.04880841463300102,-0.019970934723875424,2,
Combined,GPT-2,Child,0.023210100613612863,0.04554908820449206,2,
Combined,GPT-2,Grandparent,0.05728060585448649,-0.09810175589432431,0,
Combined,GPT-2,Grandparent,-0.4883062083040905,0.016351452091586772,0,
Combined,GPT-2,Parent,0.08973953129812347,-0.011816167188340517,1,
Combined,GPT-2,Parent,0.029587368115824304,-0.047678910240974454,1,
Combined,GPT-2,Grandparent,0.05646271280586549,0.015442541386794137,0,
Combined,GPT-2,Grandparent,0.040126948064228556,-0.03417884108045143,0,
Combined,GPT-2,Parent,0.09188023639565357,-0.0655653461152177,1,
Combined,GPT-2,Parent,0.01799033935284912,-0.04893479985473091,1,
Combined,GPT-2,Child,0.0885603251943877,0.1368237785269408,2,
Combined,GPT-2,Child,0.05496059435480864,0.0029365805098674415,2,
Combined,GPT-2,Grandparent,-0.5603090566782198,0.011657562408245151,0,
Combined,GPT-2,Grandparent,0.09302070327079516,-0.010566998133293455,0,
Combined,GPT-2,Parent,0.06211990946877333,-0.010652445506721238,1,
Combined,GPT-2,Parent,0.018410012889843654,0.0971641991841369,1,
Combined,GPT-2,Grandparent,0.08478777103415983,0.008730518609524245,0,
Combined,GPT-2,Grandparent,0.05579963330265658,0.18860849026889503,0,
Combined,GPT-2,Parent,-0.40223180275030274,0.009183482977215628,1,
Combined,GPT-2,Parent,0.022281299070984004,0.007485096820666455,1,
Combined,GPT-2,Child,0.0775129550214944,0.010927785227251975,2,
Combined,GPT-2,Child,0.027604485192463283,-0.048490883161884,2,
Combined,GPT-2,Grandparent,0.02104053105161122,0.07538520783728556,0,
Combined,GPT-2,Grandparent,0.10657951705175114,-0.01150011223498887,0,
Combined,GPT-2,Parent,0.0777438231283414,0.12723173780186772,1,
Combined,GPT-2,Grandparent,0.07256592518376768,-0.002235169337875967,0,
Combined,GPT-2,Grandparent,0.05067247214093588,-0.07909443818597876,0,
Combined,GPT-2,Parent,0.06298812425342663,0.10757358797739983,1,
Combined,GPT-2,Child,-0.39318479265399003,0.02719067404907632,2,
Combined,GPT-2,Child,0.06321733916964739,-0.06462726391526669,2,
Combined,GPT-2,Grandparent,0.009159409783972654,-0.02180677834026265,0,
Combined,GPT-2,Grandparent,0.0324544824531333,0.026142075269151768,0,
Combined,GPT-2,Parent,0.0551077143686432,0.08957299265484504,1,
Combined,GPT-2,Parent,0.06253319026628101,-0.004704576182219228,1,
Combined,GPT-2,Grandparent,0.06696514449300248,0.034380943219688265,0,
Combined,GPT-2,Grandparent,0.08745591089299452,-0.05685826249547926,0,
Combined,GPT-2,Parent,0.09513772795289409,-0.036314499036899595,1,
Combined,GPT-2,Parent,0.041274141411389846,-0.016328293441991448,1,
Combined,GPT-2,Child,-0.4195339089896606,0.028428042505149864,2,
Combined,GPT-2,Child,0.08225795948670372,-0.0030606834804417695,2,
Combined,GPT-2,Grandparent,0.08387781085522403,-0.044043085359460964,0,
Combined,GPT-2,Grandparent,0.02935634711171195,-0.022671541910924603,0,
Combined,GPT-2,Parent,0.06693688311506496,0.04037393375179534,1,
Combined,GPT-2,Parent,0.05896713610818736,0.0006396623637772359,1,
Combined,GPT-2,Grandparent,0.04050823085763578,-0.061864073326780164,0,
Combined,GPT-2,Parent,0.06459599873524202,-0.03127594575108752,1,
Combined,GPT-2,Parent,0.03046218091330473,-0.1571077060584913,1,
Combined,GPT-2,Child,0.051902315202877546,-0.10254862096059492,2,
Combined,GPT-2,Child,0.0836091670566218,0.05848057288500914,2,
Combined,GPT-2,Grandparent,0.07556550390690395,-0.010976310393768842,0,
Combined,GPT-2,Grandparent,0.07102296628325752,0.06913832203672306,0,
Combined,GPT-2,Parent,-0.37914579260522396,0.022552590953559146,1,
Combined,GPT-2,Parent,-0.05286971604840583,-0.13434099134551994,1,
Combined,GPT-2,Grandparent,-0.5607392746281359,0.022558699862357676,0,
Combined,GPT-2,Grandparent,0.06730260917473006,0.017456305477087295,0,
Combined,GPT-2,Parent,-0.002822715937856284,-0.05212392610010769,1,
Combined,GPT-2,Parent,0.07123251872412165,0.06344217590770557,1,
Combined,GPT-2,Child,0.06111825195055391,-0.029753472327102865,2,
Combined,GPT-2,Child,0.05014973748228106,0.07706501392567787,2,
Combined,GPT-2,Grandparent,0.08334560189562251,0.01372772489963513,0,
Combined,GPT-2,Grandparent,0.02331366705345069,-0.1573041952487938,0,
Combined,GPT-2,Parent,0.10214898760176536,0.03432740062671214,1,
Combined,GPT-2,Parent,0.011447298635513688,-0.2050829688357319,1,
Combined,GPT-2,Grandparent,0.09277390367946942,-0.05115202758503055,0,
Combined,GPT-2,Grandparent,-0.3866695408506539,-0.011454460999951493,0,
Combined,GPT-2,Parent,0.06927164694063019,-0.07128769536816916,1,
Combined,GPT-2,Parent,-0.052755260539025475,-0.12546701883052738,1,
Combined,GPT-2,Child,0.08869218067356693,0.04988453071769173,2,
Combined,GPT-2,Child,0.0932689783637777,0.01458417540906258,2,
Combined,GPT-2,Grandparent,0.06880689719193446,0.05447811831992039,0,
Combined,GPT-2,Grandparent,0.06352788841509295,0.01286544271686509,0,
Combined,GPT-2,Parent,0.057330416834352964,0.022214719686754193,1,
Combined,GPT-2,Parent,0.031145650963764218,0.03324776158119035,1,
Combined,GPT-2,Grandparent,0.0018985407804545014,-0.15614816915384142,0,
Combined,GPT-2,Grandparent,0.08321125823821608,-0.1278298566524869,0,
Combined,GPT-2,Parent,0.041517015634404034,-0.027668465019034166,1,
Combined,GPT-2,Parent,0.03300376854626812,-0.08685791886390028,1,
Combined,GPT-2,Child,0.07385651386122159,0.012006942801944863,2,
Combined,GPT-2,Child,0.018219829862633048,-0.028168269428398805,2,
Combined,GPT-2,Grandparent,0.09973314092198027,0.03166570768918156,0,
Combined,GPT-2,Grandparent,0.08094596526781335,0.08204061563458945,0,
Combined,GPT-2,Parent,-0.5586049298053862,0.03999540544574881,1,
Combined,GPT-2,Parent,0.060652738324059575,0.13589728794181827,1,
Combined,GPT-2,Grandparent,0.025660926608887902,0.024817994274887418,0,
Combined,GPT-2,Grandparent,0.09678601206373441,0.056106356566194275,0,
Combined,GPT-2,Parent,0.07898086324781263,0.021347882933460304,1,
Combined,GPT-2,Parent,0.026558582984684515,0.03530555729246515,1,
Combined,GPT-2,Child,0.09359374798257426,-0.03069603831900541,2,
Combined,GPT-2,Child,-0.6010618546421037,0.03305419033297101,2,
Combined,GPT-2,Grandparent,0.00999096008245666,-0.2119844212005587,0,
Combined,GPT-2,Grandparent,0.10974444365449718,-0.08440215593902232,0,
Combined,GPT-2,Parent,0.0928261874258564,-0.0669741534223289,1,
Combined,GPT-2,Parent,0.10889745824405796,-0.028874004151552272,1,
Combined,GPT-2,Grandparent,0.008781998966585798,0.05766832603722828,0,
Combined,GPT-2,Grandparent,-0.00715163560276727,-0.09256157124452168,0,
Combined,GPT-2,Parent,0.042971693636949394,-0.1940866186521028,1,
Combined,GPT-2,Child,0.07337113712546309,-0.02114478831741568,2,
Combined,GPT-2,Child,-0.5720787425459998,0.009751952518843327,2,
Combined,GPT-2,Grandparent,0.08573674790773902,-0.04538519704487222,0,
Combined,GPT-2,Grandparent,0.10280894595822818,0.08712185478080225,0,
Combined,GPT-2,Parent,0.04342888018150836,-0.022936353539599396,1,
Combined,GPT-2,Parent,0.1202471233163476,-0.021587149668845573,1,
Combined,GPT-2,Grandparent,0.04636976475058698,0.14094040316633089,0,
Combined,GPT-2,Grandparent,0.08267411420927964,0.011889340381157723,0,
Combined,GPT-2,Parent,0.04009791313409848,-0.018459408860485346,1,
Combined,GPT-2,Parent,0.015850228309149478,0.14951535920350115,1,
Combined,GPT-2,Child,0.048927085780438535,-0.029532521067694443,2,
Combined,GPT-2,Child,0.0818365275201362,-0.013324204827275424,2,
Combined,GPT-2,Grandparent,0.11562340169325667,0.048643214160620306,0,
Combined,GPT-2,Grandparent,0.1024626623679727,-0.012721523879910556,0,
Combined,GPT-2,Parent,-0.5413235216257201,-0.013005171237423582,1,
Combined,GPT-2,Parent,0.04543641891350164,-0.018647718145944125,1,
Combined,GPT-2,Grandparent,0.10692301881579555,0.025082228922809938,0,
Combined,GPT-2,Grandparent,0.08480815136833275,-0.0585450516700581,0,
Combined,GPT-2,Parent,0.1108985812212503,0.05128425945996605,1,
Combined,GPT-2,Parent,0.12007398229955642,-0.025829697897489755,1,
Combined,GPT-2,Child,0.07862339340476743,-0.08155947172045964,2,
Combined,GPT-2,Child,0.09273928264221772,0.10934008854426963,2,
Combined,GPT-2,Grandparent,-0.020263873636824282,-0.11616284484085466,0,
Combined,GPT-2,Grandparent,-0.6845532720956765,0.020995765500274273,0,
Combined,GPT-2,Parent,0.07191799320608756,0.06458528060199714,1,
Combined,GPT-2,Parent,-0.079627179276678,-0.20601981736429315,1,
Combined,GPT-2,Grandparent,0.06696116505959473,0.10779680050287137,0,
Combined,GPT-2,Grandparent,0.09289689430896277,0.09298741849805857,0,
Combined,GPT-2,Parent,0.09543276483742764,0.05186190005930606,1,
Combined,GPT-2,Child,0.06256935095625227,-0.06889830481205372,2,
Combined,GPT-2,Child,0.07323642081219969,0.0019663076629414145,2,
Combined,GPT-2,Grandparent,-0.6420200655131296,0.00046116292237326673,0,
Combined,GPT-2,Grandparent,0.0012637816267200496,-0.14223982597381776,0,
Combined,GPT-2,Parent,0.1105014279763435,0.04531481598835559,1,
Combined,GPT-2,Parent,0.061012611707269446,-0.06343559812870675,1,
Combined,GPT-2,Grandparent,0.03079728774570372,0.06032484406731533,0,
Combined,GPT-2,Grandparent,-0.567675912577677,-0.02013362539094727,0,
Combined,GPT-2,Parent,0.08903173791001522,0.012403100223811444,1,
Combined,GPT-2,Child,0.07751756084390403,0.05624888236030349,2,
Combined,GPT-2,Child,0.0742024234378905,-0.001206682724627885,2,
Combined,GPT-2,Grandparent,0.0825007146773744,0.030430792658417086,0,
Combined,GPT-2,Grandparent,0.06718793539498123,0.10198643218652018,0,
Combined,GPT-2,Parent,0.07273913680166218,-0.06747892705243681,1,
Combined,GPT-2,Grandparent,0.04282318878446202,-0.054170830202686114,0,
Combined,GPT-2,Grandparent,9.138546141030503e-05,0.001979612902457208,0,
Combined,GPT-2,Parent,-0.007424144456189646,-0.10974665949477089,1,
Combined,GPT-2,Child,0.07601844143120648,0.04257519393538946,2,
Combined,GPT-2,Child,0.06941364983716386,0.07695564324298435,2,
Combined,GPT-2,Grandparent,0.07970079310467763,-0.0004613372490498385,0,
Combined,GPT-2,Grandparent,0.04989288385233097,0.012095497428033874,0,
Combined,GPT-2,Parent,-0.4089310107914282,0.007750887432299242,1,
Combined,GPT-2,Parent,-0.003224016335887299,0.056340896310671275,1,
Combined,GPT-2,Grandparent,0.06031444061442949,0.10893118333067738,0,
Combined,GPT-2,Grandparent,0.09634419963364912,0.07262926130485269,0,
Combined,GPT-2,Parent,0.09594749538086669,0.14479515339566046,1,
Combined,GPT-2,Parent,0.07270284975823298,0.1132438354559647,1,
Combined,GPT-2,Child,0.08503296322767688,-0.055377188966963316,2,
Combined,GPT-2,Child,0.09976123677469706,0.023795566059237785,2,
Combined,GPT-2,Grandparent,0.05488276204333299,-0.15441647479585927,0,
Combined,GPT-2,Grandparent,-0.4900368093904976,-0.029964411060895802,0,
Combined,GPT-2,Parent,0.03401836072292439,-0.053332412062721345,1,
Combined,GPT-2,Parent,-0.02330032711630841,-0.06218963615611145,1,
Combined,GPT-2,Grandparent,0.06807660895593648,-0.1466391509243762,0,
Combined,GPT-2,Grandparent,-0.6952802959852703,-0.003603479335429707,0,
Combined,GPT-2,Parent,0.13108692797972682,-0.023567254318453162,1,
Combined,GPT-2,Parent,-0.03584864716196863,-0.2663868052094429,1,
Combined,GPT-2,Child,0.04788206275491352,-0.014186214976587197,2,
Combined,GPT-2,Child,0.07932809548584929,0.00407199911211584,2,
Combined,GPT-2,Grandparent,0.03223438514445209,0.07920567956728218,0,
Combined,GPT-2,Grandparent,0.0699871069821537,0.0349882464277574,0,
Combined,GPT-2,Parent,0.06102853301945678,0.09737146393190056,1,
Combined,GPT-2,Parent,0.0625303608275077,0.122663621108446,1,
Combined,GPT-2,Grandparent,0.010786833200327956,0.03967609575189639,0,
Combined,GPT-2,Grandparent,0.03125807489057641,-0.038716460453531346,0,
Combined,GPT-2,Parent,0.053359322146406866,0.07516235012159088,1,
Combined,GPT-2,Parent,-0.03637064991849246,-0.03595173502053943,1,
Combined,GPT-2,Child,-0.44338887741217914,-0.016172144939317283,2,
Combined,GPT-2,Child,0.075394261519171,0.034990655154578595,2,
Combined,GPT-2,Grandparent,0.0037416676338595284,-0.1025752120544612,0,
Combined,GPT-2,Grandparent,0.010368910687906263,-0.0429955207133267,0,
Combined,GPT-2,Parent,0.058744494402237515,0.06989080853035216,1,
Combined,GPT-2,Parent,0.021460001622744786,-0.039336427961825106,1,
Combined,GPT-2,Grandparent,0.10299759169981353,0.049179460088387826,0,
Combined,GPT-2,Grandparent,0.0984600593658956,0.04548748148628512,0,
Combined,GPT-2,Parent,0.06356546660781201,0.01434052247435431,1,
Combined,GPT-2,Parent,0.09542438866270396,0.09205081869843879,1,
Combined,GPT-2,Child,-0.50211377719739,0.013733970088332399,2,
Combined,GPT-2,Child,0.05914947237469651,-0.06697711603229792,2,
Combined,GPT-2,Grandparent,0.039387090743917864,-0.1083491003512853,0,
Combined,GPT-2,Grandparent,0.03182560273793949,-0.10879369450188661,0,
Combined,GPT-2,Parent,-0.04837855390181688,-0.1976397395894675,1,
Combined,GPT-2,Parent,-0.06530622669423468,-0.23463514572852995,1,
Combined,GPT-2,Grandparent,0.0501396074341264,0.07661290569489872,0,
Combined,GPT-2,Grandparent,0.06291049423019264,0.09686335597573867,0,
Combined,GPT-2,Parent,0.09894420297647437,0.07045837215355956,1,
Combined,GPT-2,Parent,-0.5215476093477007,0.045402080329823125,1,
Combined,GPT-2,Child,0.0654931251587519,-0.03565855383023617,2,
Combined,GPT-2,Child,0.11163298492516112,-0.042242163533031396,2,
Combined,GPT-2,Grandparent,0.07956872144374504,-0.019187085468754125,0,
Combined,GPT-2,Grandparent,0.06705463041706475,-0.159298289631302,0,
Combined,GPT-2,Parent,0.07048587798677151,-0.12034538083112613,1,
Combined,GPT-2,Parent,0.04709834345454161,0.007509885948402393,1,
Combined,GPT-2,Grandparent,0.07626627084784898,0.02793472076014126,0,
Combined,GPT-2,Grandparent,-0.012345989526454878,-0.11152392635933574,0,
Combined,GPT-2,Parent,0.0773952249214448,0.018204905454288035,1,
Combined,GPT-2,Child,0.062463328241091076,-0.038900450609636136,2,
Combined,GPT-2,Child,-0.4937680426864981,0.01891981914861113,2,
Combined,GPT-2,Grandparent,0.044236338327380845,0.08873005162632595,0,
Combined,GPT-2,Grandparent,0.06554372757589598,-0.01211815134606497,0,
Combined,GPT-2,Parent,0.09418248244166139,0.0053217812332865145,1,
Combined,GPT-2,Parent,0.0397095352557659,0.060189829902971524,1,
Combined,GPT-2,Grandparent,-0.0701619466220341,-0.08441429946735422,0,
Combined,GPT-2,Grandparent,-0.04824562169756351,-0.26827202564943475,0,
Combined,GPT-2,Parent,-0.037914531160713506,-0.1637410960517888,1,
Combined,GPT-2,Child,0.05742953098385279,0.12524578643541598,2,
Combined,GPT-2,Child,-0.4893802727398886,-0.010335892166066027,2,
Combined,GPT-2,Grandparent,0.09876093241952875,0.006999433334063287,0,
Combined,GPT-2,Grandparent,0.09493174303908551,-0.016233523695217675,0,
Combined,GPT-2,Parent,0.0813317129079771,0.10373792626136952,1,
Combined,GPT-2,Parent,0.10186444952781809,0.0033727132728444994,1,
Combined,GPT-2,Grandparent,0.07369007513341885,0.028953129026142912,0,
Combined,GPT-2,Grandparent,0.057087773860188075,0.08755427442713186,0,
Combined,GPT-2,Parent,0.059964848222998426,0.0728264939090044,1,
Combined,GPT-2,Parent,0.030246811183084837,0.1342892911260079,1,
Combined,GPT-2,Child,-0.4706554415754484,0.0031385336627204655,2,
Combined,GPT-2,Child,0.06238140085192179,-0.06213386194354035,2,
Combined,GPT-2,Grandparent,0.06408498909490204,-0.09866251099648533,0,
Combined,GPT-2,Grandparent,0.05508304589000366,-0.08978429311906991,0,
Combined,GPT-2,Parent,0.004202472416256352,0.07364884464543199,1,
Combined,GPT-2,Parent,-0.042591922464152214,0.1711425741953523,1,
Combined,GPT-2,Grandparent,0.025391824242790236,0.022049973621414382,0,
Combined,GPT-2,Grandparent,0.028251564464754176,0.08810853958084584,0,
Combined,GPT-2,Parent,0.042658473070124936,-0.048355856758442575,1,
Combined,GPT-2,Parent,0.0472410145745702,0.1382691547879428,1,
Combined,GPT-2,Child,0.06690049124966625,-0.006571939941825478,2,
Combined,GPT-2,Child,-0.5561024678396398,0.019555957290376264,2,
Combined,GPT-2,Grandparent,0.13147495753973193,0.00924985382678883,0,
Combined,GPT-2,Grandparent,0.08371200069755926,0.008069926660088385,0,
Combined,GPT-2,Parent,0.10491130292716572,-0.014972899121828495,1,
Combined,GPT-2,Parent,0.12439807741407306,-0.026614927073735875,1,
Combined,GPT-2,Grandparent,-0.0007427997014249325,0.008862647792921579,0,
Combined,GPT-2,Grandparent,0.023633327518479925,0.0975715901597793,0,
Combined,GPT-2,Parent,-0.42784753677065906,0.013633994716397648,1,
Combined,GPT-2,Parent,0.07611987372999489,0.012657077857162554,1,
Combined,GPT-2,Child,0.053733645740168756,0.006921917097501945,2,
Combined,GPT-2,Child,0.06804514788303723,-0.011595601568976665,2,
Combined,GPT-2,Grandparent,0.08629512227258294,-0.039678596587289554,0,
Combined,GPT-2,Grandparent,0.05705481673442514,-0.04347257116604499,0,
Combined,GPT-2,Parent,0.08299389336896473,-0.053511944646079786,1,
Combined,GPT-2,Parent,0.06541204750261927,-0.04462809468500134,1,
Combined,GPT-2,Grandparent,0.11145019575500867,0.06420543156090133,0,
Combined,GPT-2,Grandparent,0.11054103062123699,-0.021265636459055614,0,
Combined,GPT-2,Parent,0.09659291499557465,0.01091305911930913,1,
Combined,GPT-2,Parent,0.09879641570077032,-0.0918349555807039,1,
Combined,GPT-2,Child,0.10491374225420032,0.040086214768270415,2,
Combined,GPT-2,Child,-0.4834371081597166,-0.0031584239281142647,2,
Combined,GPT-2,Grandparent,0.07941858299076761,0.001041428050872161,0,
Combined,GPT-2,Grandparent,-0.0436532361220358,0.025521065352615363,0,
Combined,GPT-2,Parent,0.03942595189526656,0.04768617883522996,1,
Combined,GPT-2,Parent,-0.11725625628113151,-0.28833811751403865,1,
Combined,GPT-2,Grandparent,0.001508860475310897,0.03129655456046585,0,
Combined,GPT-2,Grandparent,0.04047360715411099,0.05817759514107232,0,
Combined,GPT-2,Parent,0.06120886511823208,0.10905138905934211,1,
Combined,GPT-2,Parent,-0.0027415701055842766,0.13265555774857618,1,
Combined,GPT-2,Child,0.054860712505253484,0.019072556139404964,2,
Combined,GPT-2,Child,0.09553300974706143,0.04157483512243502,2,
Combined,GPT-2,Grandparent,0.08668756342730376,-0.08269170554150466,0,
Combined,GPT-2,Grandparent,0.041706785978655146,-0.13844209121573345,0,
Combined,GPT-2,Parent,0.06712146959870419,-0.03142497463097828,1,
Combined,GPT-2,Parent,-0.5922209552189408,0.0113821428976758,1,
Combined,GPT-2,Grandparent,0.07629262308266511,0.05448225517643907,0,
Combined,GPT-2,Grandparent,0.11044273385524905,-0.024341477745843852,0,
Combined,GPT-2,Parent,0.02986250606789134,-0.049865469448291455,1,
Combined,GPT-2,Parent,0.05342672993572044,-0.007487364069108952,1,
Combined,GPT-2,Child,0.06168516417296149,0.07073666598730664,2,
Combined,GPT-2,Child,0.06241420542197389,-0.047319677394803764,2,
Combined,GPT-2,Grandparent,0.11072505776882728,0.05628491781559607,0,
Combined,GPT-2,Grandparent,-0.49548921923943295,0.0037653148371667865,0,
Combined,GPT-2,Parent,0.009224194599150581,0.0021462132960597393,1,
Combined,GPT-2,Parent,-0.03966435932445829,0.19364147900353326,1,
Combined,GPT-2,Grandparent,0.02823838224253169,0.0640102242092279,0,
Combined,GPT-2,Parent,-0.5547438734787392,0.044899689048930796,1,
Combined,GPT-2,Parent,-0.047305259637924854,-0.004636454310571059,1,
Combined,GPT-2,Child,0.07036403124858708,-0.016455713249869577,2,
Combined,GPT-2,Child,0.12160932403364996,0.038201877611460704,2,
Combined,GPT-2,Grandparent,0.0829598922308633,-0.07232718488505242,0,
Combined,GPT-2,Grandparent,0.08380372408287015,-0.058538557116471115,0,
Combined,GPT-2,Parent,0.08901131920027598,0.07708095201020261,1,
Combined,GPT-2,Parent,0.08019541627717229,0.00786625160001633,1,
Combined,GPT-2,Grandparent,0.09938162437493171,-0.006487030740149188,0,
Combined,GPT-2,Grandparent,0.06832481308618854,-0.04795707643678799,0,
Combined,GPT-2,Parent,0.043837873706986406,-0.0432167948682312,1,
Combined,GPT-2,Parent,0.08233601073477376,0.07116043995944189,1,
Combined,GPT-2,Child,0.07601935662632645,-0.10974409077314977,2,
Combined,GPT-2,Child,-0.44296528834856563,0.025598460899661907,2,
Combined,GPT-2,Grandparent,0.04254439486166599,0.13498277585447507,0,
Combined,GPT-2,Grandparent,0.07363694765913585,0.05279956265558239,0,
Combined,GPT-2,Parent,0.006077612256726964,0.07954951965254295,1,
Combined,GPT-2,Parent,0.029911267909264884,0.10032944676437952,1,
Combined,GPT-2,Grandparent,0.07362687025842363,0.08167399779532254,0,
Combined,GPT-2,Grandparent,0.12358039237309076,0.12208799748934422,0,
Combined,GPT-2,Parent,0.050273815118938935,0.1252489511924257,1,
Combined,GPT-2,Parent,0.05983872741531088,0.1019358063817119,1,
Combined,GPT-2,Child,0.09031340417962472,-0.0519177157752784,2,
Combined,GPT-2,Child,0.059031995841791675,-0.009358696986667569,2,
Combined,GPT-2,Grandparent,-0.006526765465928329,-0.18339276918609698,0,
Combined,GPT-2,Grandparent,0.05784084480948053,-0.13493352168046333,0,
Combined,GPT-2,Parent,-0.5180352758551483,0.029089193220000368,1,
Combined,GPT-2,Parent,0.08993516434967751,-0.007364221309831355,1,
Combined,GPT-2,Grandparent,0.09776024029457375,0.009308399887715549,0,
Combined,GPT-2,Grandparent,0.04699652347602073,-0.004852237011881641,0,
Combined,GPT-2,Parent,-0.5385427790716422,-0.014182280469749302,1,
Combined,GPT-2,Parent,0.053666041318983435,0.09520576618919657,1,
Combined,GPT-2,Child,0.11603275206437362,-0.041844145824050674,2,
Combined,GPT-2,Child,0.0523360068745626,0.02623658568928484,2,
Combined,GPT-2,Grandparent,0.10356842711053475,-0.03249360113414376,0,
Combined,GPT-2,Grandparent,0.06853077081633026,0.054102784162691604,0,
Combined,GPT-2,Parent,0.10221533403549748,-0.022885964072001264,1,
Combined,GPT-2,Parent,0.060920019513207795,0.022788965991967176,1,
Combined,GPT-2,Grandparent,0.019520556229912757,-0.17282875936292824,0,
Combined,GPT-2,Parent,0.025577099720027398,-0.0686941215574604,1,
Combined,GPT-2,Child,0.03261912294622217,-0.08008545404741908,2,
Combined,GPT-2,Child,0.08067654597520427,-0.0007369031587454894,2,
Combined,GPT-2,Grandparent,0.07303070808702143,-0.05704903485263987,0,
Combined,GPT-2,Grandparent,-0.0001352002120249982,0.04382283011708351,0,
Combined,GPT-2,Parent,0.08001091913459345,0.014081112097785283,1,
Combined,GPT-2,Parent,-0.514922799375922,0.04262423449439994,1,
Combined,GPT-2,Grandparent,0.04856644727401035,0.04679427524685099,0,
Combined,GPT-2,Grandparent,-0.03858987076331647,-0.041490139598819614,0,
Combined,GPT-2,Parent,0.026406624118179383,-0.07454410306677903,1,
Combined,GPT-2,Parent,-0.02674167478840595,-0.089422585473415,1,
Combined,GPT-2,Child,-0.4940303029305579,0.010412130175955799,2,
Combined,GPT-2,Child,0.0763563992962571,0.03488609089657367,2,
Combined,GPT-2,Grandparent,0.046844031507351225,0.10429535237343154,0,
Combined,GPT-2,Grandparent,0.11497987132082294,0.016846598039967933,0,
Combined,GPT-2,Parent,0.07916381214586755,-0.06384731983334922,1,
Combined,GPT-2,Parent,0.06650709991179404,0.0015227574064109448,1,
Combined,GPT-2,Grandparent,0.09479485013848316,0.04361315620016341,0,
Combined,GPT-2,Grandparent,0.08644774800160049,0.13057840213611713,0,
Combined,GPT-2,Parent,0.0808702668681248,-0.05271218217651179,1,
Combined,GPT-2,Parent,0.06978820420629478,0.07307378199189006,1,
Combined,GPT-2,Child,-0.36741865055631745,-0.0078024158738405815,2,
Combined,GPT-2,Child,0.08169703994611024,-0.046189351304942595,2,
Combined,GPT-2,Grandparent,0.09449306209801764,-0.15595270387872165,0,
Combined,GPT-2,Grandparent,-0.048525242481385795,0.13857156681672475,0,
Combined,GPT-2,Parent,0.03491548924894534,-0.09967043729649669,1,
Combined,GPT-2,Grandparent,0.05343176494115709,-0.08698294530471537,0,
Combined,GPT-2,Grandparent,0.061868842679889444,-0.003498607164884003,0,
Combined,GPT-2,Parent,0.0076008910685119195,0.0002135731006128667,1,
Combined,GPT-2,Parent,0.005864779313833322,0.07794457380140445,1,
Combined,GPT-2,Child,0.06153249467963397,0.03271878680414361,2,
Combined,GPT-2,Child,0.09147040758568468,0.02026071773548166,2,
Combined,GPT-2,Grandparent,0.09127601181843191,-0.05535228386991594,0,
Combined,GPT-2,Grandparent,-0.5943638366119722,0.014321647359719377,0,
Combined,GPT-2,Parent,0.06992904220429855,0.02194578008773287,1,
Combined,GPT-2,Parent,-0.011054144682999345,0.0638773176082163,1,
Combined,GPT-2,Grandparent,0.04138497759131669,-0.07883790763897308,0,
Combined,GPT-2,Grandparent,0.06893619678060149,-0.07555466817929986,0,
Combined,GPT-2,Parent,-0.5169187699068005,-0.006139600652026502,1,
Combined,GPT-2,Child,0.05268365253144117,0.07818181038166859,2,
Combined,GPT-2,Child,0.11906017149595526,0.021335762510621914,2,
Combined,GPT-2,Grandparent,0.0619824065174264,-0.03576602535793337,0,
Combined,GPT-2,Grandparent,0.0837475244802882,0.022518654345755826,0,
Combined,GPT-2,Parent,0.06156918904317269,0.0059878793044759095,1,
Combined,GPT-2,Parent,0.03848070906792004,-0.12160222000265491,1,
Combined,GPT-2,Grandparent,-0.09232572229608609,-0.1576251565429744,0,
Combined,GPT-2,Grandparent,0.0219073318575144,-0.15550522837930641,0,
Combined,GPT-2,Parent,0.020667148609388012,-0.11542537912917483,1,
Combined,GPT-2,Child,0.003603535064973382,-0.08314258927022943,2,
Combined,GPT-2,Child,-0.4771750982073863,0.012726240766934061,2,
Combined,GPT-2,Grandparent,0.09928684565310536,0.046475876201263235,0,
Combined,GPT-2,Grandparent,0.0869691589244767,0.07542833813044099,0,
Combined,GPT-2,Parent,0.08423289889448184,-0.0355890183641552,1,
Combined,GPT-2,Parent,0.09674121122219025,0.10148874923643532,1,
Combined,GPT-2,Grandparent,-0.007633332823116313,-0.25908689979069777,0,
Combined,GPT-2,Parent,0.049692104709182686,-0.03559059597746222,1,
Combined,GPT-2,Child,0.064532585496661,-0.02703768297001911,2,
Combined,GPT-2,Child,0.04884166832955479,-0.11226560139727436,2,
Combined,GPT-2,Grandparent,0.10690559666091981,0.1243885169814632,0,
Combined,GPT-2,Grandparent,0.05141945481042811,-0.0847161201053006,0,
Combined,GPT-2,Parent,-0.3478242045929985,0.033143056805414545,1,
Combined,GPT-2,Parent,0.06165310179970746,0.12440039878608343,1,
Combined,GPT-2,Grandparent,0.04571271304786289,0.01137877246476721,0,
Combined,GPT-2,Grandparent,0.03075677334503178,-0.16236148942247242,0,
Combined,GPT-2,Parent,0.06553955317867706,-0.06711415536687293,1,
Combined,GPT-2,Parent,0.02912107130626223,0.1402057331526683,1,
Combined,GPT-2,Child,-0.362528271586569,-0.005725228740382159,2,
Combined,GPT-2,Child,0.026755340287665245,0.0035869682141320214,2,
Combined,GPT-2,Grandparent,0.07023579614307977,0.026078778578407364,0,
Combined,GPT-2,Grandparent,0.07074596295688888,0.037478739907315345,0,
Combined,GPT-2,Parent,0.07472818984978091,0.05296224234455019,1,
Combined,GPT-2,Parent,-0.0006988312917535088,0.11393709372973387,1,
Combined,GPT-2,Grandparent,0.07810812475288881,0.028376256406279506,0,
Combined,GPT-2,Grandparent,0.10500360731821373,0.029191182000694108,0,
Combined,GPT-2,Parent,0.05784814776404938,0.05295912494280489,1,
Combined,GPT-2,Parent,0.009482110628316116,-0.009884677826677228,1,
Combined,GPT-2,Child,0.10327051225627253,0.04094393033455419,2,
Combined,GPT-2,Child,0.018599493120965153,-0.07763938601465745,2,
Combined,GPT-2,Grandparent,0.04931023778904026,-0.06975588374629484,0,
Combined,GPT-2,Grandparent,-0.42393916289073635,0.02580346890510141,0,
Combined,GPT-2,Parent,0.03972579755321859,0.07068307739729382,1,
Combined,GPT-2,Parent,-0.020987978796855704,-0.22801155462025555,1,
Combined,GPT-2,Grandparent,-0.019212193054796024,0.15367028213523767,0,
Combined,GPT-2,Grandparent,-0.02931726414327829,-0.11475359466752785,0,
Combined,GPT-2,Parent,-0.7338961734265164,0.023140046742236197,1,
Combined,GPT-2,Child,0.05973150262548403,-0.04843648309985256,2,
Combined,GPT-2,Child,0.09921359280540308,0.02684762908595561,2,
Combined,GPT-2,Grandparent,0.08183839473119466,0.03578963135255867,0,
Combined,GPT-2,Grandparent,0.08346280728593092,0.03196450153570641,0,
Combined,GPT-2,Parent,0.038756728774485695,0.06969614937856686,1,
Combined,GPT-2,Parent,0.0254752634605702,0.06305512219728991,1,
Combined,GPT-2,Grandparent,-0.02350930492667735,-0.14574033304862105,0,
Combined,GPT-2,Grandparent,0.039919959010822514,-0.03690852309664508,0,
Combined,GPT-2,Parent,0.09141092019971604,0.06120903084846685,1,
Combined,GPT-2,Parent,0.07945297191780007,0.11165926231500266,1,
Combined,GPT-2,Child,0.049481474838893744,0.041889906474870536,2,
Combined,GPT-2,Child,-0.4232477178115166,-0.009789334629127098,2,
Combined,GPT-2,Grandparent,0.1188474769874579,0.028233266278219978,0,
Combined,GPT-2,Grandparent,0.129336965878563,-0.02456879588272142,0,
Combined,GPT-2,Parent,0.080120454470301,-0.014031611431726331,1,
Combined,GPT-2,Parent,0.15032512792193448,0.04181430204434668,1,
Combined,GPT-2,Grandparent,0.07888809096802867,0.11023333873230641,0,
Combined,GPT-2,Grandparent,0.09048148870530057,0.035076073968550205,0,
Combined,GPT-2,Parent,0.06556434098966644,-0.01601593086456493,1,
Combined,GPT-2,Parent,0.017925393111430266,0.04452753024549682,1,
Combined,GPT-2,Child,-0.37668199133238917,0.016301843272626536,2,
Combined,GPT-2,Child,0.08236457851255344,-0.007307783543327687,2,
Combined,GPT-2,Grandparent,0.06961546554212646,-0.038916265598813594,0,
Combined,GPT-2,Grandparent,0.0428025487104376,-0.07102493560208323,0,
Combined,GPT-2,Parent,0.06560101133124924,0.11316535407869122,1,
Combined,GPT-2,Parent,0.029970522287270488,-0.05914517305458503,1,
Combined,GPT-2,Grandparent,0.013860290507078795,0.1587311024697789,0,
Combined,GPT-2,Grandparent,0.022401377604671025,0.12317521256697755,0,
Combined,GPT-2,Parent,0.07241583606169927,0.06633929844768004,1,
Combined,GPT-2,Parent,-0.008521747168085177,0.11579156454368437,1,
Combined,GPT-2,Child,0.03507983720381576,0.008572574404962454,2,
Combined,GPT-2,Child,0.09338556877512298,0.026383625471009663,2,
Combined,GPT-2,Grandparent,0.09834689433536499,-0.103745944377364,0,
Combined,GPT-2,Grandparent,-0.40711168724729097,-0.024700969693451705,0,
Combined,GPT-2,Parent,0.06486256397372261,-0.07606528126363848,1,
Combined,GPT-2,Parent,0.05280137705804782,-0.02259980813040209,1,
Combined,GPT-2,Grandparent,0.09685116113369416,-0.10976068552603618,0,
Combined,GPT-2,Grandparent,0.08003806976570205,-0.11374755706218233,0,
Combined,GPT-2,Parent,0.13426719419952324,0.037714407503147994,1,
Combined,GPT-2,Parent,0.013974509961914893,-0.1563586377051612,1,
Combined,GPT-2,Child,0.08382948689512199,-0.026689541409802443,2,
Combined,GPT-2,Child,0.10473093348655538,0.03376605318540957,2,
Combined,GPT-2,Grandparent,0.054773877795931326,0.14543258553372304,0,
Combined,GPT-2,Grandparent,-0.535343170767031,0.03566908953943024,0,
Combined,GPT-2,Parent,0.056513962037378,-0.0031943110435360238,1,
Combined,GPT-2,Parent,-0.022438968969152057,0.007334674240889743,1,
Combined,GPT-2,Grandparent,0.04121610149664206,-0.048707640835767736,0,
Combined,GPT-2,Grandparent,-0.46052346336990874,0.03148843034882811,0,
Combined,GPT-2,Parent,0.049189158105075834,0.07294014073737773,1,
Combined,GPT-2,Parent,0.01211515964499833,0.06311467067358605,1,
Combined,GPT-2,Child,0.024231275969169967,-0.03330253467561798,2,
Combined,GPT-2,Child,0.048444011119256315,0.03715486954462177,2,
Combined,GPT-2,Grandparent,0.03249145467007431,-0.08892456972465393,0,
Combined,GPT-2,Grandparent,-0.024481937228981107,-0.05683426017795673,0,
Combined,GPT-2,Parent,0.05657881826367332,0.008264450677491611,1,
Combined,GPT-2,Grandparent,0.05756822530294962,-0.034303657365862134,0,
Combined,GPT-2,Grandparent,0.026531773110179208,-0.016924728587898438,0,
Combined,GPT-2,Parent,0.09295641284787728,0.055933095515948744,1,
Combined,GPT-2,Parent,0.08772631283517782,0.022462751688731127,1,
Combined,GPT-2,Child,-0.3978869611097348,0.01369995372083059,2,
Combined,GPT-2,Child,0.10821381517693637,0.009532401300561225,2,
Combined,GPT-2,Grandparent,0.015787368073439046,0.1623138620811294,0,
Combined,GPT-2,Grandparent,0.01328525226639096,-0.06713810795341352,0,
Combined,GPT-2,Parent,0.06507644964297027,-0.021561336531720255,1,
Combined,GPT-2,Parent,0.011230714644879866,-0.2397570326283713,1,
Combined,GPT-2,Grandparent,0.06809095812187191,9.777412871344781e-05,0,
Combined,GPT-2,Grandparent,-0.5374508773506756,-0.02239949782416538,0,
Combined,GPT-2,Parent,0.0509195014246201,-0.09757473180568896,1,
Combined,GPT-2,Parent,-0.08896045633869684,-0.11039183129717971,1,
Combined,GPT-2,Child,0.05635896358729007,-0.015170310548508691,2,
Combined,GPT-2,Child,0.058583558749726795,0.005050158753362243,2,
Combined,GPT-2,Grandparent,0.03802623648941878,0.05433851332992853,0,
Combined,GPT-2,Grandparent,0.11380960044223182,0.013953742865680154,0,
Combined,GPT-2,Parent,0.09254726546449725,0.016152325321688508,1,
Combined,GPT-2,Parent,0.12922107361612145,0.03809827919298835,1,
Combined,GPT-2,Grandparent,-0.02095977446695951,0.15514552909788534,0,
Combined,GPT-2,Grandparent,-0.01745320376531218,0.1598273629427808,0,
Combined,GPT-2,Parent,-0.0685793136612569,0.12493036216500092,1,
Combined,GPT-2,Parent,-0.044047655505376516,0.1575132998545744,1,
Combined,GPT-2,Child,0.11110389509277145,-0.032135949998287276,2,
Combined,GPT-2,Child,0.09690470646356542,0.05602899272873258,2,
Combined,GPT-2,Grandparent,0.10607600865264936,0.027062821338096132,0,
Combined,GPT-2,Grandparent,0.10715078120231092,-0.04265363399034581,0,
Combined,GPT-2,Parent,0.04482852695019621,-0.03987596572421289,1,
Combined,GPT-2,Parent,-0.4031374992325615,0.04362752471456864,1,
Combined,GPT-2,Grandparent,0.061723381711717706,-0.000907770618956999,0,
Combined,GPT-2,Grandparent,0.03766710965361447,-0.08988045615595643,0,
Combined,GPT-2,Parent,0.06107823397407351,-0.07141363134296498,1,
Combined,GPT-2,Parent,-0.544122628915811,-0.03602707210432461,1,
Combined,GPT-2,Child,0.09849066888813034,0.08553147632986177,2,
Combined,GPT-2,Child,0.03876374694886876,-0.004461995658420473,2,
Combined,GPT-2,Grandparent,0.0820169636706898,-0.001964897172418548,0,
Combined,GPT-2,Grandparent,0.09347840689800692,0.07932881890319794,0,
Combined,GPT-2,Parent,0.11025449058249386,-0.07250371625799329,1,
Combined,GPT-2,Parent,0.11227370222097975,0.06504288398275901,1,
Combined,GPT-2,Grandparent,0.04316178862299356,-0.058481713881272886,0,
Combined,GPT-2,Grandparent,0.03966412407963177,-0.0017163799346237092,0,
Combined,GPT-2,Parent,0.0875784124620122,0.1146496152916554,1,
Combined,GPT-2,Parent,0.0060704103538683,-0.2576120640751441,1,
Combined,GPT-2,Child,0.047891187499874144,0.08543433051806994,2,
Combined,GPT-2,Child,0.08277087510555763,0.03779115013686913,2,
Combined,GPT-2,Grandparent,-0.4182640251208553,0.02470969505547458,0,
Combined,GPT-2,Grandparent,0.12351896107705278,-0.05055710793958732,0,
Combined,GPT-2,Parent,0.13211166379323563,0.001227127093532172,1,
Combined,GPT-2,Parent,0.1256198446850671,-0.04046812090596192,1,
Combined,GPT-2,Grandparent,-0.5724959411365854,0.041124330822336706,0,
Combined,GPT-2,Grandparent,0.05732642487944804,0.06387274401651456,0,
Combined,GPT-2,Parent,0.01588812105517872,-0.01861720518534794,1,
Combined,GPT-2,Parent,0.06601726148426247,-0.001949005072157531,1,
Combined,GPT-2,Child,0.043225660128405397,-0.0733907966945313,2,
Combined,GPT-2,Child,0.0633246610150453,0.04099097643070021,2,
Combined,GPT-2,Grandparent,0.03262010516462157,-0.012897006434112266,0,
Combined,GPT-2,Grandparent,0.08679071462877362,0.033061037776271375,0,
Combined,GPT-2,Parent,0.025937796374122243,-0.015919711700650502,1,
Combined,GPT-2,Parent,-0.04171377479018212,0.14886635686421434,1,
Combined,GPT-2,Grandparent,0.046585136352274126,0.11892342917487028,0,
Combined,GPT-2,Grandparent,0.0961223048181185,-0.005200404693869934,0,
Combined,GPT-2,Parent,0.05303326915499149,0.04343123609895223,1,
Combined,GPT-2,Parent,0.05720697838259567,-0.055897786861604085,1,
Combined,GPT-2,Child,0.06363975364564074,0.020912698862886686,2,
Combined,GPT-2,Child,-0.44560852326129846,0.02703949303972437,2,
Combined,GPT-2,Grandparent,0.06694158909843573,-0.07527541048304491,0,
Combined,GPT-2,Grandparent,0.007939051323624496,0.031945444496633335,0,
Combined,GPT-2,Parent,0.07948738201469392,0.04969035959128913,1,
Combined,GPT-2,Parent,0.028490520579285594,0.054525179470897835,1,
Combined,GPT-2,Grandparent,0.09193209425477963,0.029154971023972073,0,
Combined,GPT-2,Grandparent,-0.01180615211026225,0.1541455475921094,0,
Combined,GPT-2,Parent,0.10196096601311089,0.03799883418034272,1,
Combined,GPT-2,Parent,0.06553401584876722,0.16280416394877198,1,
Combined,GPT-2,Child,0.10489821290858728,0.02123273053787751,2,
Combined,GPT-2,Child,0.034241240062306146,-0.10177262577191676,2,
Combined,GPT-2,Grandparent,0.1073926615684398,0.00019103642622918555,0,
Combined,GPT-2,Grandparent,0.02394676378108134,-0.0833219321049468,0,
Combined,GPT-2,Parent,-0.3411400262540935,-0.01323893463059608,1,
Combined,GPT-2,Parent,0.0033324656908485383,-0.08949848943056267,1,
Combined,GPT-2,Grandparent,0.040177389454029266,0.07047562818068147,0,
Combined,GPT-2,Grandparent,0.08514716763685742,-0.022503700325741432,0,
Combined,GPT-2,Parent,0.09049945518643894,-0.016675597731665368,1,
Combined,GPT-2,Parent,-0.038665702925983855,0.18473479587351027,1,
Combined,GPT-2,Child,-0.44966014862748915,0.012284811589130275,2,
Combined,GPT-2,Child,0.07905290416800875,0.04490871566896559,2,
Combined,GPT-2,Grandparent,0.09752041691017169,-0.04170964002466467,0,
Combined,GPT-2,Grandparent,0.014322089314576,-0.046338424908189645,0,
Combined,GPT-2,Parent,0.033172793095311015,-0.028748132001083462,1,
Combined,GPT-2,Parent,0.08586805820073244,0.010222765324327724,1,
Combined,GPT-2,Grandparent,0.08029424135182185,0.0748781621496085,0,
Combined,GPT-2,Grandparent,0.08263057115121135,0.05514628677333766,0,
Combined,GPT-2,Parent,0.07278475454296518,0.0804008873226232,1,
Combined,GPT-2,Parent,0.014890782425730569,0.2278255956129429,1,
Combined,GPT-2,Child,0.09013608938466593,-0.00232168208061521,2,
Combined,GPT-2,Child,0.05663583301775463,-0.03683378338967746,2,
Combined,GPT-2,Grandparent,0.09106778939398583,-0.1074362233000248,0,
Combined,GPT-2,Grandparent,-0.474583542169827,0.012023006909351307,0,
Combined,GPT-2,Parent,0.08934216884307569,-0.026661899312348466,1,
Combined,GPT-2,Parent,0.10008609187897721,-0.04215734349243449,1,
Combined,GPT-2,Grandparent,0.08130720496330666,-0.11414267831464256,0,
Combined,GPT-2,Grandparent,0.08094046585914698,0.025942887921893875,0,
Combined,GPT-2,Parent,0.08689635277778895,-0.09616172303195565,1,
Combined,GPT-2,Parent,0.07592837742259752,-0.06922476827959158,1,
Combined,GPT-2,Child,0.051848890719513256,-0.004079641223385268,2,
Combined,GPT-2,Child,-0.42348813105171057,0.004173347348800447,2,
Combined,GPT-2,Grandparent,0.08053968552980965,0.024779672913087872,0,
Combined,GPT-2,Grandparent,0.0755557411359961,0.04960142452424737,0,
Combined,GPT-2,Parent,0.07870170244000489,0.13691314826402734,1,
Combined,GPT-2,Parent,0.058932360259787,0.11478820217972283,1,
Combined,GPT-2,Grandparent,0.09344097600173057,-0.0809966145583223,0,
Combined,GPT-2,Grandparent,0.05725309095491418,-0.06568756053322478,0,
Combined,GPT-2,Parent,0.07483723162267607,0.003245673301080065,1,
Combined,GPT-2,Parent,0.09004509413111643,-0.022688601611253637,1,
Combined,GPT-2,Child,-0.0022582472943139926,-0.022940996648777308,2,
Combined,GPT-2,Child,0.08448187581864984,0.0797708875735743,2,
Combined,GPT-2,Grandparent,-0.005544406382302991,-0.05149868556341614,0,
Combined,GPT-2,Grandparent,-0.01412428442907522,-0.09394880238653996,0,
Combined,GPT-2,Parent,0.05048714258496858,-0.06874303964502478,1,
Combined,GPT-2,Parent,-0.6889459261949803,0.03135743882395593,1,
Combined,GPT-2,Grandparent,0.03110488188132548,0.11118170814863429,0,
Combined,GPT-2,Grandparent,0.0038997653309274793,-0.1524942711106115,0,
Combined,GPT-2,Parent,0.07612581308899284,0.11596595838346398,1,
Combined,GPT-2,Parent,-0.05865064616821414,-0.2746150679836613,1,
Combined,GPT-2,Child,0.09871289271446937,0.04248352618187688,2,
Combined,GPT-2,Child,0.053753985345559,-0.025655739002517112,2,
Combined,GPT-2,Grandparent,0.11516649668274291,0.026879856858808955,0,
Combined,GPT-2,Grandparent,0.02986269342132653,-0.04159749095980862,0,
Combined,GPT-2,Parent,-0.5544151183714969,0.020020731768118076,1,
Combined,GPT-2,Parent,0.08595306497762141,0.07504580967573486,1,
Combined,GPT-2,Grandparent,-0.03380223740245398,0.1465777319392232,0,
Combined,GPT-2,Parent,0.031588165277435076,-0.0846370778866618,1,
Combined,GPT-2,Child,0.07877296586098047,0.03206550174252534,2,
Combined,GPT-2,Child,0.040211566689531124,0.07513094487991816,2,
Combined,GPT-2,Grandparent,0.08768721200308459,-0.007815440235030861,0,
Combined,GPT-2,Grandparent,-0.41252462969445636,-0.03923006176694634,0,
Combined,GPT-2,Parent,0.06163050514025811,-0.03953575115441782,1,
Combined,GPT-2,Parent,0.03842242349130037,-0.08143657324118247,1,
Combined,GPT-2,Grandparent,0.07378900033232928,0.08182505776547201,0,
Combined,GPT-2,Grandparent,0.07753422064818816,0.11590802943899134,0,
Combined,GPT-2,Parent,-0.516296408900045,0.024081486061846843,1,
Combined,GPT-2,Parent,0.009785990397617697,0.09618159648381773,1,
Combined,GPT-2,Child,0.00896707008979806,-0.09287844841232851,2,
Combined,GPT-2,Child,0.07648127181860474,0.018097650029986992,2,
Combined,GPT-2,Grandparent,0.04584165024191115,-0.11373371380056554,0,
Combined,GPT-2,Grandparent,0.09999586593415985,0.01248713340979047,0,
Combined,GPT-2,Parent,0.06901841467071958,-0.0672649534016829,1,
Combined,GPT-2,Parent,0.06904308691586528,0.04891910279349466,1,
Combined,GPT-2,Grandparent,0.07126742840262405,-0.0074166560908172545,0,
Combined,GPT-2,Grandparent,0.08182898924942032,0.014439813861420557,0,
Combined,GPT-2,Parent,0.06955069000440041,0.08729926237899238,1,
Combined,GPT-2,Parent,0.06713930476722145,0.16540852895659353,1,
Combined,GPT-2,Child,0.12125379708897126,-0.008153820536990614,2,
Combined,GPT-2,Child,0.06708391610330537,-0.05200425532509474,2,
Combined,GPT-2,Grandparent,-0.47334553016188563,0.02655586971061614,0,
Combined,GPT-2,Grandparent,-0.008462516826163917,-0.054383820803200866,0,
Combined,GPT-2,Parent,0.12492992488040287,-0.012997926422903702,1,
Combined,GPT-2,Parent,0.030424110881710466,-0.024795468358333544,1,
Combined,GPT-2,Grandparent,-0.5232785940554531,0.044944441275063585,0,
Combined,GPT-2,Grandparent,-0.004530577447289471,-0.13144856283014947,0,
Combined,GPT-2,Parent,0.07118751983121384,0.01105437811110519,1,
Combined,GPT-2,Parent,0.06241520498573652,-0.012696714672721874,1,
Combined,GPT-2,Child,0.06760192291390271,0.09729546481755547,2,
Combined,GPT-2,Child,0.06524905539766951,-0.008167119036835237,2,
Combined,GPT-2,Grandparent,0.09375171095181117,0.03935197190993539,0,
Combined,GPT-2,Grandparent,0.060505931693020376,-0.030035104750822446,0,
Combined,GPT-2,Parent,0.03830249745035084,-0.06566594445637684,1,
Combined,GPT-2,Parent,0.07955573253925624,0.03288640973517906,1,
Combined,GPT-2,Grandparent,0.039086534795290645,-0.18737707673150367,0,
Combined,GPT-2,Grandparent,0.12475985508438309,-0.0592921286507139,0,
Combined,GPT-2,Parent,0.05050442457274113,0.022919685782460324,1,
Combined,GPT-2,Parent,0.029475481747044466,0.08157353121339042,1,
Combined,GPT-2,Child,0.09133949185778553,-0.04010657602781748,2,
Combined,GPT-2,Child,0.08584782089381313,0.00879171765155844,2,
Combined,GPT-2,Grandparent,0.025168673939105372,0.05261140741630731,0,
Combined,GPT-2,Grandparent,-0.035831142989705383,-0.039816942422000415,0,
Combined,GPT-2,Parent,0.041364021497181096,0.022591032567404395,1,
Combined,GPT-2,Parent,-0.573344013480465,0.05129217308684673,1,
Combined,GPT-2,Grandparent,0.06995117547660488,-0.11774261719397444,0,
Combined,GPT-2,Parent,0.040605078274716745,0.044895166754176485,1,
Combined,GPT-2,Child,0.09981242427595226,0.0013849121920055615,2,
Combined,GPT-2,Child,0.03782305954992761,-0.003017036494458629,2,
Combined,GPT-2,Grandparent,-0.5305694448870361,-0.010014223472179364,0,
Combined,GPT-2,Grandparent,0.07431252860207122,-0.053121830163598345,0,
Combined,GPT-2,Parent,0.07301888984569212,0.02774405175506345,1,
Combined,GPT-2,Parent,-0.03470856680295446,-0.12306153587394235,1,
Combined,GPT-2,Grandparent,0.09255348765947019,0.11288256223991483,0,
Combined,GPT-2,Grandparent,0.012961383943016856,-0.07230665226892607,0,
Combined,GPT-2,Parent,0.03185477925561921,-0.07277187685150686,1,
Combined,GPT-2,Parent,-0.45107504423525563,0.0013441833654937688,1,
Combined,GPT-2,Child,0.10452605759959831,0.02636488578048422,2,
Combined,GPT-2,Child,0.05661324042897203,-0.012205190794904775,2,
Combined,GPT-2,Grandparent,0.0757277020694793,-0.010068551049859237,0,
Combined,GPT-2,Grandparent,0.08170365433502638,-0.004072516875054243,0,
Combined,GPT-2,Parent,0.09252137114199822,-0.0052686473298389,1,
Combined,GPT-2,Parent,0.09106288985317008,0.03180617508584379,1,
Combined,GPT-2,Grandparent,0.0944347936527503,-0.045331985973822125,0,
Combined,GPT-2,Grandparent,0.0824906465496601,0.1186881636766821,0,
Combined,GPT-2,Parent,0.03501379037781453,0.08232048355496327,1,
Combined,GPT-2,Parent,0.003293854692932637,0.10242296862451684,1,
Combined,GPT-2,Child,0.07066320700111905,-0.07396283715533816,2,
Combined,GPT-2,Child,-0.4039145451761529,0.016006755723139823,2,
Combined,GPT-2,Grandparent,-0.01692491154182551,-0.21372518879980018,0,
Combined,GPT-2,Grandparent,0.0868136154906498,-0.012670143315556454,0,
Combined,GPT-2,Parent,0.07124091660762949,0.05273204882294922,1,
Combined,GPT-2,Parent,0.04316188040841921,-0.04778213196902552,1,
Combined,GPT-2,Grandparent,0.09601463624192742,0.011224940645326385,0,
Combined,GPT-2,Grandparent,0.08079821888011889,0.009221011236651158,0,
Combined,GPT-2,Parent,0.09108542549277372,0.003674156055858021,1,
Combined,GPT-2,Parent,0.07851113840551797,0.053096958824401574,1,
Combined,GPT-2,Child,0.05860202999816542,0.08762002821008856,2,
Combined,GPT-2,Child,0.05485362072120694,-0.026337238653394743,2,
Combined,GPT-2,Grandparent,0.029942610538538743,-0.017726471293327335,0,
Combined,GPT-2,Grandparent,0.05431371790318138,-0.05311801969543018,0,
Combined,GPT-2,Parent,0.0585378512349618,-0.09183454926856953,1,
Combined,GPT-2,Parent,-0.598228626122072,0.037252059953169006,1,
Combined,GPT-2,Grandparent,0.031140675424879565,-0.016396175393315362,0,
Combined,GPT-2,Grandparent,0.093517661802982,0.024483196284687418,0,
Combined,GPT-2,Parent,0.07186385194087479,-0.02046128260051467,1,
Combined,GPT-2,Parent,-0.5265926311998103,0.028579639764465543,1,
Combined,GPT-2,Child,0.08335141866435651,0.0069969045385215875,2,
Combined,GPT-2,Child,0.05132917988571796,0.03274142794445453,2,
Combined,GPT-2,Grandparent,0.08337556199414789,0.011583856777289521,0,
Combined,GPT-2,Grandparent,0.035183081050463874,0.08922768428889571,0,
Combined,GPT-2,Parent,0.054752866912879436,-0.06671534249509155,1,
Combined,GPT-2,Parent,0.09716389427247235,-0.1526332405048143,1,
Combined,GPT-2,Grandparent,0.05117955899052282,-0.15084552013645816,0,
Combined,GPT-2,Grandparent,0.008162497846904171,-0.053487565165768594,0,
Combined,GPT-2,Parent,0.08704342515697211,-0.048473613031155244,1,
Combined,GPT-2,Parent,-0.49438006000955603,0.04350396075286154,1,
Combined,GPT-2,Child,0.08206747973008521,0.011930084726174314,2,
Combined,GPT-2,Child,0.02661486859530689,-0.10790168003868747,2,
Combined,GPT-2,Grandparent,0.061319382768433656,0.0664221927563656,0,
Combined,GPT-2,Grandparent,0.04994148584546102,0.023895542303499436,0,
Combined,GPT-2,Parent,0.10726340516929762,0.02723816649780976,1,
Combined,GPT-2,Parent,0.0495222849466542,-0.05176583968899632,1,
Combined,GPT-2,Grandparent,0.056144598548081924,-0.003039378128635673,0,
Combined,GPT-2,Grandparent,0.08421578898725078,0.0653567704392635,0,
Combined,GPT-2,Parent,0.06682199352672347,-0.01238610023321569,1,
Combined,GPT-2,Parent,0.042994841264086536,-0.18812272498401722,1,
Combined,GPT-2,Child,0.06076374754100006,-0.010354386115638058,2,
Combined,GPT-2,Child,-0.40066383118872456,0.026907256660522367,2,
Combined,GPT-2,Grandparent,0.08862463438669119,0.0066428174115673215,0,
Combined,GPT-2,Grandparent,0.027836958838858228,0.04998561985919665,0,
Combined,GPT-2,Parent,0.07448326439571895,0.01502075403439885,1,
Combined,GPT-2,Parent,0.004430575187375243,0.15128732486823107,1,
Combined,GPT-2,Grandparent,0.10269205632689701,-0.060067510403504186,0,
Combined,GPT-2,Grandparent,-0.023965198793314976,-0.08517938603836803,0,
Combined,GPT-2,Parent,0.1138276577886123,-0.024086986432506473,1,
Combined,GPT-2,Parent,-0.5961537482345682,-0.004692573296143606,1,
Combined,GPT-2,Child,0.06363535103113664,-0.026467660504098444,2,
Combined,GPT-2,Child,0.10795730520325329,-0.0034110160747740825,2,
Combined,GPT-2,Grandparent,0.07635727857805003,0.046884582809082614,0,
Combined,GPT-2,Grandparent,0.07440036531622354,0.07711068701555221,0,
Combined,GPT-2,Parent,0.08324739196858125,0.02684071338023709,1,
Combined,GPT-2,Parent,-0.03316654499839056,0.1341445850194347,1,
Combined,GPT-2,Grandparent,0.047657303665814374,0.060257836438900196,0,
Combined,GPT-2,Grandparent,0.059819530831803,0.14590447871363754,0,
Combined,GPT-2,Parent,0.08403846290132412,0.08378972233718014,1,
Combined,GPT-2,Parent,0.06312218460094902,0.21026332458360703,1,
Combined,GPT-2,Child,0.08558137217296562,0.01723819184537218,2,
Combined,GPT-2,Child,0.10577829589693953,0.05228787861326245,2,
Combined,GPT-2,Grandparent,0.06624373753649988,-0.1561611457547382,0,
Combined,GPT-2,Grandparent,-0.45142575789297656,-0.020960274841077747,0,
Combined,GPT-2,Parent,0.0831152733763198,0.016478706137989105,1,
Combined,GPT-2,Parent,0.018852585197098648,-0.12577469634224256,1,
Combined,GPT-2,Grandparent,0.033381941908784726,0.03910774222744189,0,
Combined,GPT-2,Grandparent,0.04493018794567216,0.03351170632154339,0,
Combined,GPT-2,Parent,-0.5946960802831746,0.03462523429732951,1,
Combined,GPT-2,Parent,0.036281892735966007,0.05692548710744421,1,
Combined,GPT-2,Child,0.08482736554314986,0.031971381997136235,2,
Combined,GPT-2,Child,0.05730487553295898,-0.013034857669573994,2,
Combined,GPT-2,Grandparent,0.06758824301402623,0.005455207176546731,0,
Combined,GPT-2,Grandparent,0.06623998666981794,-0.14622622117180106,0,
Combined,GPT-2,Parent,0.04177418669528918,-0.04168842355890707,1,
Combined,GPT-2,Parent,-0.017907895706149143,-0.1193578947674077,1,
Combined,GPT-2,Grandparent,0.12963917495191662,0.1075894699864203,0,
Combined,GPT-2,Grandparent,0.07288797738335556,0.0689134066254427,0,
Combined,GPT-2,Parent,0.11779810177388152,-0.008248334260636295,1,
Combined,GPT-2,Parent,0.10154277013987924,0.035234564376375115,1,
Combined,GPT-2,Child,-0.4837174666385451,0.01646452752796637,2,
Combined,GPT-2,Child,0.0635875694590026,0.08655376843760683,2,
Combined,GPT-2,Grandparent,0.04305203056509393,-0.04682609570478426,0,
Combined,GPT-2,Grandparent,0.040314586384530074,-0.01956979678094763,0,
Combined,GPT-2,Parent,0.03759002083905329,-0.06718549852316069,1,
Combined,GPT-2,Parent,0.052418410458397194,-0.03041740621425475,1,
Combined,GPT-2,Grandparent,0.07706874128940697,-0.014698472222390364,0,
Combined,GPT-2,Grandparent,0.07983080911888485,-0.08598511935447671,0,
Combined,GPT-2,Parent,0.0690458639075622,0.012422217309847454,1,
Combined,GPT-2,Parent,-0.06272544890706694,0.1883854345946686,1,
Combined,GPT-2,Child,0.0076952538558598925,-0.047688464172203786,2,
Combined,GPT-2,Child,-0.3742656495365646,-0.0016923633235690647,2,
Combined,GPT-2,Grandparent,0.048155835105212035,-0.016360339708904614,0,
Combined,GPT-2,Grandparent,0.08513503755245933,0.03372929276168758,0,
Combined,GPT-2,Parent,0.050637205669627726,-0.017992824314899007,1,
Combined,GPT-2,Parent,0.07602280735779539,0.10219548719266487,1,
Combined,GPT-2,Grandparent,0.07966094905321532,0.06823158765063675,0,
Combined,GPT-2,Grandparent,0.052683014997099396,0.0044368914737726904,0,
Combined,GPT-2,Parent,0.057381912042784276,0.04883173435574372,1,
Combined,GPT-2,Parent,0.06171112145681103,0.02813934237146299,1,
Combined,GPT-2,Child,0.08110227185940158,0.02200603281354769,2,
Combined,GPT-2,Child,0.044934904093106055,-0.01753349477268118,2,
Combined,GPT-2,Grandparent,0.07663619568906312,-0.10316319207517426,0,
Combined,GPT-2,Grandparent,0.06929072372815297,-0.04463025869346477,0,
Combined,GPT-2,Parent,0.06039636886840056,0.03701259722285074,1,
Combined,GPT-2,Parent,-0.6029342934673032,-0.0016753125135449021,1,
Combined,GPT-2,Grandparent,0.10435259815534906,0.045848422047221005,0,
Combined,GPT-2,Grandparent,0.07154577753161594,0.04129197292687211,0,
Combined,GPT-2,Parent,0.049748630790657535,-0.0729220042689462,1,
Combined,GPT-2,Parent,0.06029939250590067,-0.05967626077180299,1,
Combined,GPT-2,Child,0.05703153288715522,0.03235878336785377,2,
Combined,GPT-2,Child,-0.5965531287415292,0.031994744352071204,2,
Combined,GPT-2,Grandparent,0.047143306361720844,-0.06458372834444924,0,
Combined,GPT-2,Grandparent,0.06992645759261648,0.002273688278657339,0,
Combined,GPT-2,Parent,0.014695457738285237,-0.08204173547277822,1,
Combined,GPT-2,Parent,0.059736120968391995,0.02618898382077017,1,
Combined,GPT-2,Grandparent,0.07596063648678356,0.06802961571828942,0,
Combined,GPT-2,Grandparent,0.03179441908492463,0.023841955960673265,0,
Combined,GPT-2,Parent,-0.46431082855639927,-0.014334548517710266,1,
Combined,GPT-2,Parent,0.017511188511041376,-0.1267933432403258,1,
Combined,GPT-2,Child,0.0559483623850655,0.008964371502475116,2,
Combined,GPT-2,Child,0.07463699319971673,0.06425901166510241,2,
Combined,GPT-2,Grandparent,0.08830267711072645,-0.0068796716128341545,0,
Combined,GPT-2,Grandparent,0.04666305163667845,-0.10889122758853487,0,
Combined,GPT-2,Parent,0.05797696886652934,-0.058579395715406754,1,
Combined,GPT-2,Grandparent,0.08317942068269824,-4.9348260649630944e-05,0,
Combined,GPT-2,Grandparent,0.05628249032263422,0.0862073475311493,0,
Combined,GPT-2,Parent,0.06540230872533094,-0.0016072150446471338,1,
Combined,GPT-2,Parent,0.03141218657883477,0.03684962073361067,1,
Combined,GPT-2,Child,0.06273118074899162,-0.054126217985359444,2,
Combined,GPT-2,Child,0.07212386727456037,-0.06405782102537864,2,
Combined,GPT-2,Grandparent,0.024802586156875205,-0.0019822706423394355,0,
Combined,GPT-2,Grandparent,0.0695432218441532,-0.02020046546240315,0,
Combined,GPT-2,Parent,0.07491697627080149,0.09345232283261506,1,
Combined,GPT-2,Parent,-0.5252882113897005,0.055393814903956756,1,
Combined,GPT-2,Grandparent,0.09655431971912688,0.056055171522392366,0,
Combined,GPT-2,Grandparent,0.12329729965694296,0.023033452203998352,0,
Combined,GPT-2,Parent,0.10369575697464521,0.04181715522878956,1,
Combined,GPT-2,Parent,0.09119936988904306,-0.020457556125087383,1,
Combined,GPT-2,Child,0.07073665576024604,0.10907359397440258,2,
Combined,GPT-2,Child,0.09378604691313365,-0.013604624206994775,2,
Combined,GPT-2,Grandparent,-0.6492554798624827,-0.021798666025550004,0,
Combined,GPT-2,Grandparent,-0.07838457338796101,-0.29387713852140923,0,
Combined,GPT-2,Parent,-0.1893817257949408,-0.26352230633294244,1,
Combined,GPT-2,Grandparent,0.03399188304158596,-0.14796527054351497,0,
Combined,GPT-2,Grandparent,0.011249348531061297,0.10222896856957941,0,
Combined,GPT-2,Parent,0.002910381867236449,-0.03776798540984828,1,
Combined,GPT-2,Child,0.0472923190916234,-0.03477397237319379,2,
Combined,GPT-2,Child,0.0796582172206451,-0.03667151875622754,2,
Combined,GPT-2,Grandparent,0.10109673689551367,0.060169864869981264,0,
Combined,GPT-2,Grandparent,0.08701427652260268,-0.029362199638456002,0,
Combined,GPT-2,Parent,0.08370623765692231,0.022657961729474096,1,
Combined,GPT-2,Parent,-0.4587412910968613,0.028662395802565025,1,
Combined,GPT-2,Grandparent,0.03333260541246615,-0.010942669325268276,0,
Combined,GPT-2,Grandparent,0.08916220943539782,0.11878551887774307,0,
Combined,GPT-2,Parent,0.06807375039274706,-0.03691787526530315,1,
Combined,GPT-2,Parent,0.10326877537279446,0.1225510693557914,1,
Combined,GPT-2,Child,0.060724023159210536,-0.0403672923590588,2,
Combined,GPT-2,Child,0.04528233515686418,0.12901518234842205,2,
Combined,GPT-2,Grandparent,-0.6398027791892977,0.015770744298914948,0,
Combined,GPT-2,Grandparent,0.08769632108717297,-0.11472864891079138,0,
Combined,GPT-2,Parent,0.030646670028171917,-0.16319632789783653,1,
Combined,GPT-2,Parent,0.0007772912897418432,-0.17578639865641257,1,
Combined,GPT-2,Grandparent,0.04998589877597626,-0.11072178439159922,0,
Combined,GPT-2,Grandparent,0.04104170858426692,-0.0985946677218427,0,
Combined,GPT-2,Parent,-0.44251623958025277,-0.007224379208851079,1,
Combined,GPT-2,Parent,0.09101196339040392,-0.09403949761085917,1,
Combined,GPT-2,Child,0.06832550942846537,-0.007349340889860557,2,
Combined,GPT-2,Child,0.039184441272999186,-0.05838886916537736,2,
Combined,GPT-2,Grandparent,0.041723218234484265,0.08277947477934583,0,
Combined,GPT-2,Grandparent,0.01433132161757275,0.08810548335990297,0,
Combined,GPT-2,Parent,0.06455426272862269,0.12393009939859939,1,
Combined,GPT-2,Parent,0.020267825173858382,0.15321708201524048,1,
Combined,GPT-2,Grandparent,0.04379829809094096,-0.14897092710042895,0,
Combined,GPT-2,Grandparent,0.07711930785179127,0.015105398852101716,0,
Combined,GPT-2,Parent,0.07229208583229965,0.03296316595158312,1,
Combined,GPT-2,Parent,0.06845581802447355,-0.025822636402409505,1,
Combined,GPT-2,Child,0.06509639854934116,0.07015130266900682,2,
Combined,GPT-2,Child,0.05551765521590799,-0.06490827639257314,2,
Combined,GPT-2,Grandparent,0.08101886857580101,0.04184345534407729,0,
Combined,GPT-2,Grandparent,0.06770676378379402,0.02127541816094077,0,
Combined,GPT-2,Parent,0.08605771522074106,0.05487021098497162,1,
Combined,GPT-2,Parent,-0.6335778651567312,0.02654143079742529,1,
Combined,GPT-2,Grandparent,0.09178690007145317,-0.0976788740577921,0,
Combined,GPT-2,Grandparent,0.06187169958578113,-0.009540662518741682,0,
Combined,GPT-2,Parent,0.055961727778126656,-0.06079854583083874,1,
Combined,GPT-2,Parent,-0.5568674178666969,0.018407700858700075,1,
Combined,GPT-2,Child,0.07453298489523565,-0.006956096149623871,2,
Combined,GPT-2,Child,0.050652727630001816,0.05829208767504888,2,
Combined,GPT-2,Grandparent,0.04323686414819402,0.020083377966842057,0,
Combined,GPT-2,Grandparent,0.011553310601916028,0.11004145141751043,0,
Combined,GPT-2,Parent,0.06101546790736635,0.05140213040829318,1,
Combined,GPT-2,Parent,-0.03152041823836948,0.17555987720795668,1,
Combined,GPT-2,Grandparent,0.08351095789696032,-0.14921223578448556,0,
Combined,GPT-2,Grandparent,0.03604928589419712,0.14684813167198,0,
Combined,GPT-2,Parent,0.05161198349184478,0.11866289806629712,1,
Combined,GPT-2,Parent,0.024758536194016873,0.1674703812479689,1,
Combined,GPT-2,Child,0.09583390332648739,-0.01846495539508814,2,
Combined,GPT-2,Child,0.05271103141073985,-0.07132976090455034,2,
Combined,GPT-2,Grandparent,0.06568876362441323,0.021963126185992447,0,
Combined,GPT-2,Grandparent,-0.4996044296554191,-0.019887530589370567,0,
Combined,GPT-2,Parent,0.08594664382391456,-0.02914210486030793,1,
Combined,GPT-2,Parent,0.012917486245130047,-0.1084734944176682,1,
Combined,GPT-2,Grandparent,0.024469662762028308,-0.1932220822332531,0,
Combined,GPT-2,Grandparent,0.07502470861042679,-0.09115749466316729,0,
Combined,GPT-2,Parent,0.10153366089612756,-0.03865851001764306,1,
Combined,GPT-2,Parent,-0.006910205077089045,-0.24392293217930336,1,
Combined,GPT-2,Child,0.08240048098940607,-0.005309341029922735,2,
Combined,GPT-2,Child,-0.4081037836560068,0.03647156234786497,2,
Combined,GPT-2,Grandparent,0.06948496921564658,0.09650981450392021,0,
Combined,GPT-2,Grandparent,0.040240329216618964,0.14326542023465658,0,
Combined,GPT-2,Parent,0.0796706575372504,0.08436116021819058,1,
Combined,GPT-2,Parent,0.017763260597348264,0.12869236772041528,1,
Combined,GPT-2,Grandparent,0.06950679320210544,-0.001143939566527216,0,
Combined,GPT-2,Grandparent,0.11781513935629026,0.017973106351128598,0,
Combined,GPT-2,Parent,0.07018313300873838,-0.051711355865504495,1,
Combined,GPT-2,Parent,0.0954727665474918,0.01584601103112769,1,
Combined,GPT-2,Child,-0.5256383394360721,0.0279506380755797,2,
Combined,GPT-2,Child,0.03620379900885115,-0.1199007548167262,2,
Combined,GPT-2,Grandparent,0.049986665143347174,0.023214511703463045,0,
Combined,GPT-2,Grandparent,0.03223245582152896,-0.13670864307958722,0,
Combined,GPT-2,Parent,0.03768475466700281,-0.08421140251294558,1,
Combined,GPT-2,Parent,0.05924237567176015,0.020351873767510065,1,
Combined,GPT-2,Grandparent,0.021564852504114877,0.0920351575031799,0,
Combined,GPT-2,Parent,0.07908024964494241,-0.012047024547270357,1,
Combined,GPT-2,Parent,0.0673611444897548,0.06513840439593635,1,
Combined,GPT-2,Child,0.04723266252931686,-0.043057621015607166,2,
Combined,GPT-2,Child,0.10373314899631715,0.0001290281412432799,2,
Combined,GPT-2,Grandparent,0.07051978768086119,-0.012412755444279978,0,
Combined,GPT-2,Grandparent,-0.35313450966556303,-0.023057609099552297,0,
Combined,GPT-2,Parent,0.0962656376233008,0.046659484060657876,1,
Combined,GPT-2,Parent,0.029848962259189687,-0.01737221440396929,1,
Combined,GPT-2,Grandparent,-0.4418912157809203,0.017853777193316007,0,
Combined,GPT-2,Grandparent,-0.005424734091571459,-0.10831779743718678,0,
Combined,GPT-2,Parent,0.05398540040819536,-0.05073627093006368,1,
Combined,GPT-2,Parent,0.03803712430519482,-0.04515446221361761,1,
Combined,GPT-2,Child,0.05958619111266815,0.012806046536167948,2,
Combined,GPT-2,Child,0.10662519138099359,0.08077470700243841,2,
Combined,GPT-2,Grandparent,0.11837973509238844,-0.01936113136040029,0,
Combined,GPT-2,Grandparent,0.11650467379677612,-0.0146670026501269,0,
Combined,GPT-2,Parent,0.1098260251394295,0.07747040914468721,1,
Combined,GPT-2,Parent,0.10428029777819084,-0.017509883072441355,1,
Combined,GPT-2,Grandparent,0.06054039666167604,-0.04154743766758364,0,
Combined,GPT-2,Grandparent,0.0478783026891032,-0.09263862069472575,0,
Combined,GPT-2,Parent,0.06279391937059049,-0.03229456748903613,1,
Combined,GPT-2,Child,0.07016175255525305,0.11913163843928128,2,
Combined,GPT-2,Child,0.06910511861275417,-0.042188753003407936,2,
Combined,GPT-2,Grandparent,0.06268744445491098,-0.1151449079129461,0,
Combined,GPT-2,Grandparent,0.06258770737313253,0.0539901766051283,0,
Combined,GPT-2,Parent,-0.3153730470728507,0.055589856011688484,1,
Combined,GPT-2,Parent,0.042755995853955515,-0.026725925454567805,1,
Combined,GPT-2,Grandparent,0.028478267967966275,0.07886855454232891,0,
Combined,GPT-2,Grandparent,0.06855524727167314,-0.01795143229745833,0,
Combined,GPT-2,Parent,0.0632053289247159,-0.028573396939462942,1,
Combined,GPT-2,Parent,-0.041420933621518975,0.1698249171624079,1,
Combined,GPT-2,Child,0.02759618325333624,-0.02890836869734407,2,
Combined,GPT-2,Child,0.050507657706315504,-0.060373228891954754,2,
Combined,GPT-2,Grandparent,0.07777363340842057,-0.030643623335303953,0,
Combined,GPT-2,Grandparent,0.12121673063007682,0.056935941611992474,0,
Combined,GPT-2,Parent,-0.5589989453163641,0.008917799089357886,1,
Combined,GPT-2,Parent,0.10382106913834883,0.04045878293808753,1,
Combined,GPT-2,Grandparent,0.060385180939902736,-0.055062934945840004,0,
Combined,GPT-2,Grandparent,0.07330218623072507,-0.12240134279573475,0,
Combined,GPT-2,Parent,-0.044557501973792144,-0.2173374335107484,1,
Combined,GPT-2,Parent,-0.12377492106287703,-0.2637574393881286,1,
Combined,GPT-2,Child,-0.375802394898279,0.027855197430572843,2,
Combined,GPT-2,Child,0.07653035919760949,0.011580789181532325,2,
Combined,GPT-2,Grandparent,0.10037990832197648,0.07834585778949352,0,
Combined,GPT-2,Grandparent,0.07596453744930046,0.1043262959814745,0,
Combined,GPT-2,Parent,0.09340355152209064,0.042641754350876505,1,
Combined,GPT-2,Parent,0.06211415208154884,0.006730608977441417,1,
Combined,GPT-2,Grandparent,0.03617625927326464,-0.08694479120108899,0,
Combined,GPT-2,Grandparent,0.07410926435119815,0.07843154069821849,0,
Combined,GPT-2,Parent,-0.5207090554231139,0.015998710980475853,1,
Combined,GPT-2,Parent,0.07710180220873324,-0.019378544824205216,1,
Combined,GPT-2,Child,0.08961320528365159,0.017950864759619347,2,
Combined,GPT-2,Child,0.02748267425157739,0.05011018674771795,2,
Combined,GPT-2,Grandparent,0.07862990999109998,0.005315511953355489,0,
Combined,GPT-2,Grandparent,0.11066221795642302,0.08289534543020334,0,
Combined,GPT-2,Parent,0.04881799519377219,-0.1206450487234852,1,
Combined,GPT-2,Parent,0.05273418636745496,-0.04227101865998014,1,
Combined,GPT-2,Grandparent,-0.6427040454551315,-0.006613307838525357,0,
Combined,GPT-2,Grandparent,0.08199233715771535,-0.09335439772567748,0,
Combined,GPT-2,Parent,0.04135684453306286,-0.12295180768131737,1,
Combined,GPT-2,Parent,0.03526536591921757,-0.0878497077184747,1,
Combined,GPT-2,Child,0.09029441474175053,0.10423139650369498,2,
Combined,GPT-2,Child,0.0765721980026435,0.02163211543121914,2,
Combined,GPT-2,Grandparent,0.03696142319069614,-0.046866634510747344,0,
Combined,GPT-2,Grandparent,0.07883213462817193,0.11252335910312002,0,
Combined,GPT-2,Parent,0.10024695299224914,0.040529049411660946,1,
Combined,GPT-2,Parent,0.03446043938499921,0.11289438968116869,1,
Combined,GPT-2,Grandparent,0.12444924102160984,-0.035400547071040386,0,
Combined,GPT-2,Grandparent,0.07717975372877343,0.005329218046512129,0,
Combined,GPT-2,Parent,0.11329661235832841,0.030872704371219133,1,
Combined,GPT-2,Parent,0.0687592246115725,-0.07034868896420805,1,
Combined,GPT-2,Child,0.0284544327546211,-0.05208860737321328,2,
Combined,GPT-2,Child,0.12315064545121863,-0.010506883316896282,2,
Combined,GPT-2,Grandparent,0.06830854486228176,0.026158726967197645,0,
Combined,GPT-2,Grandparent,-0.5210707781765767,0.013482631522741989,0,
Combined,GPT-2,Parent,-0.007866442910290943,-0.04009836589701433,1,
Combined,GPT-2,Parent,0.030927904931181624,0.061152624787915014,1,
Combined,GPT-2,Grandparent,-0.5959039456682153,0.000421838519040999,0,
Combined,GPT-2,Grandparent,0.0737817182629446,0.018839466036424165,0,
Combined,GPT-2,Parent,0.03205555327375416,-0.17501107407899325,1,
Combined,GPT-2,Parent,-0.06855368653212908,-0.2621418691960105,1,
Combined,GPT-2,Child,0.09717472425894015,0.07974302498195036,2,
Combined,GPT-2,Child,0.053687404083331856,0.07031034663337343,2,
Combined,GPT-2,Grandparent,0.09746308919637803,-0.004315461896404002,0,
Combined,GPT-2,Grandparent,0.11538182747491481,0.07060777820994978,0,
Combined,GPT-2,Parent,0.10471910438708804,0.04879393860866319,1,
Combined,GPT-2,Parent,0.10332326618362388,-0.0752356344407545,1,
Combined,GPT-2,Grandparent,-0.03272312002683669,-0.2620696547205146,0,
Combined,GPT-2,Grandparent,-0.661302529299768,-0.02360531274669884,0,
Combined,GPT-2,Parent,0.02860080703899459,-0.16918221164134012,1,
Combined,GPT-2,Child,0.0709135260300907,-0.0745379386366861,2,
Combined,GPT-2,Child,-0.04703893427621785,-0.06255655158762294,2,
Combined,GPT-2,Grandparent,0.12392810135176784,-0.036282094921907045,0,
Combined,GPT-2,Grandparent,0.08718101840673094,0.06602266466821886,0,
Combined,GPT-2,Parent,0.10238219463716815,0.05971224379054367,1,
Combined,GPT-2,Parent,0.06435789599072217,0.11066177324061259,1,
Combined,GPT-2,Grandparent,0.06476590751548761,-0.04563404448103342,0,
Combined,GPT-2,Grandparent,-0.6471407537887692,0.01670329664726708,0,
Combined,GPT-2,Parent,0.07619886701140574,-0.015851012036743085,1,
Combined,GPT-2,Parent,0.04767382949452482,-0.07143430635687645,1,
Combined,GPT-2,Child,0.08952818721398187,-0.04280276438116099,2,
Combined,GPT-2,Child,0.005715142913423763,-0.002715119968982844,2,
Combined,GPT-2,Grandparent,0.10654528406517975,0.022299851560155775,0,
Combined,GPT-2,Grandparent,0.07541001354650508,-0.009395443410981686,0,
Combined,GPT-2,Parent,0.08305968218452761,-0.004073777906795649,1,
Combined,GPT-2,Parent,-0.018296516224589686,0.154190893867662,1,
Combined,GPT-2,Grandparent,0.0650768617538509,-0.03505344910448231,0,
Combined,GPT-2,Grandparent,0.048691647278652266,-0.07070994029571283,0,
Combined,GPT-2,Parent,-0.4918072655724587,0.04137326884186759,1,
Combined,GPT-2,Parent,0.026642454304475142,-0.025699654328541897,1,
Combined,GPT-2,Child,0.06517807092236898,0.04260267643429773,2,
Combined,GPT-2,Child,0.07481188414020054,-0.08775856718225898,2,
Combined,GPT-2,Grandparent,0.07478437003576821,0.007772033121692877,0,
Combined,GPT-2,Grandparent,0.059338434264689585,0.05613150109666031,0,
Combined,GPT-2,Parent,0.08265285124163509,0.04155495196359607,1,
Combined,GPT-2,Parent,0.007032223884506796,0.13403517973273973,1,
Combined,GPT-2,Grandparent,0.06953104995625103,0.07053208679266136,0,
Combined,GPT-2,Grandparent,0.05638620566592837,0.11983555716648647,0,
Combined,GPT-2,Parent,0.04509266337130156,0.1823470007414501,1,
Combined,GPT-2,Parent,0.00025896270181378255,0.1706959052561634,1,
Combined,GPT-2,Child,0.060691665228449855,0.07969899602777013,2,
Combined,GPT-2,Child,0.0843145630786595,-0.023602909638292566,2,
Combined,GPT-2,Grandparent,0.04316368151710583,-0.13194311906115958,0,
Combined,GPT-2,Grandparent,0.08739691634512026,-0.06448513623654109,0,
Combined,GPT-2,Parent,-0.48559426294064295,-0.01808006672186819,1,
Combined,GPT-2,Parent,0.07032235966079171,-0.12162349600528755,1,
Combined,GPT-2,Grandparent,0.03127128546419968,-0.16416454052850496,0,
Combined,GPT-2,Grandparent,-0.4727505292770585,0.01709423817872462,0,
Combined,GPT-2,Parent,0.08691671858010461,0.008299863165741682,1,
Combined,GPT-2,Parent,0.04473477023023894,-0.07461950268264345,1,
Combined,GPT-2,Child,0.05802905843873289,-0.012549348181391532,2,
Combined,GPT-2,Child,0.08574136352141856,0.049038689361585626,2,
Combined,GPT-2,Grandparent,0.030205549378787833,-0.12879047184288187,0,
Combined,GPT-2,Grandparent,0.08635645545375482,0.07077437008098154,0,
Combined,GPT-2,Parent,0.07492236548912708,0.04949776125163358,1,
Combined,GPT-2,Parent,0.08095342880571196,0.08819872713506512,1,
Combined,GPT-2,Grandparent,0.07121777960347633,-0.014276248306962577,0,
Combined,GPT-2,Grandparent,0.05195537692792792,0.04699351150561226,0,
Combined,GPT-2,Parent,0.05578278291894468,-0.08344165719505492,1,
Combined,GPT-2,Parent,0.009991791666192839,-0.0419459548916093,1,
Combined,GPT-2,Child,0.0652495063122784,-0.02550074810005343,2,
Combined,GPT-2,Child,0.025531402589721395,-0.04671386028067421,2,
Combined,GPT-2,Grandparent,0.07187907093955533,0.08883121039414578,0,
Combined,GPT-2,Grandparent,0.089417629650806,-0.025693899112025326,0,
Combined,GPT-2,Parent,-0.45439547604553016,0.007789325864985267,1,
Combined,GPT-2,Parent,-0.035404711860536474,0.10216827369165034,1,
Combined,GPT-2,Grandparent,0.12087133556899946,-0.02375261298592096,0,
Combined,GPT-2,Grandparent,0.09532480113793808,-0.011793301303563332,0,
Combined,GPT-2,Parent,-0.4810203912250806,-0.000383066707436026,1,
Combined,GPT-2,Parent,0.11567433695136646,0.029463482665996823,1,
Combined,GPT-2,Child,0.04558856262713992,-0.024842108776780034,2,
Combined,GPT-2,Child,0.05529735163583735,0.027048601285728384,2,
Combined,GPT-2,Grandparent,0.025134698204363332,0.18031810985763033,0,
Combined,GPT-2,Grandparent,0.014322361866769658,-0.01823852068664206,0,
Combined,GPT-2,Parent,0.057407393271922645,0.07119970715837647,1,
Combined,GPT-2,Parent,-0.02761493459961647,0.18093952714676545,1,
Combined,GPT-2,Grandparent,0.009862689016027444,0.07831472536906794,0,
Combined,GPT-2,Grandparent,0.025097846554403974,0.017672608058045144,0,
Combined,GPT-2,Parent,0.01492574482628398,0.18157495581888644,1,
Combined,GPT-2,Parent,-0.6902493316795099,0.038663383807946525,1,
Combined,GPT-2,Child,0.08178687002320681,0.031253953929423386,2,
Combined,GPT-2,Child,0.04624481832097146,-0.06398444377949279,2,
Combined,GPT-2,Grandparent,0.11405735440203438,-0.06899172427149512,0,
Combined,GPT-2,Grandparent,0.08794462397753032,-0.08659399443566396,0,
Combined,GPT-2,Parent,0.09493638689453511,-0.03432995384460265,1,
Combined,GPT-2,Parent,0.08433040550844896,0.05026474801598495,1,
Combined,GPT-2,Grandparent,0.06428452822426056,-0.023150743489961694,0,
Combined,GPT-2,Grandparent,0.08248945656745368,-0.10618546735297105,0,
Combined,GPT-2,Parent,0.05388214282246909,-0.07930044534942765,1,
Combined,GPT-2,Parent,-0.6861778072493583,0.02159692264826662,1,
Combined,GPT-2,Child,0.04301865265028435,-0.10166538387530691,2,
Combined,GPT-2,Child,0.05359122283578946,0.09509705003615605,2,
Combined,GPT-2,Grandparent,0.08912853653813452,0.04193758216466273,0,
Combined,GPT-2,Grandparent,0.03310913012372045,0.11109584273979566,0,
Combined,GPT-2,Parent,0.049020735424157635,0.06302699461649737,1,
Combined,GPT-2,Parent,0.09179056121069698,-0.029083509652237147,1,
Combined,GPT-2,Grandparent,0.05701925262359998,0.015179769132001664,0,
Combined,GPT-2,Grandparent,-0.3542818268578057,-0.01348467206549744,0,
Combined,GPT-2,Parent,0.05682042792683149,0.045216854285002814,1,
Combined,GPT-2,Parent,0.07682799638693427,-0.07111225433796836,1,
Combined,GPT-2,Child,0.05951775101198571,0.025403144334252854,2,
Combined,GPT-2,Child,0.10220991751395148,0.004080864512230467,2,
Combined,GPT-2,Grandparent,0.039613699671435694,0.005032893953967288,0,
Combined,GPT-2,Grandparent,0.01574850026721365,0.09339890708520468,0,
Combined,GPT-2,Parent,0.08146170614490984,-0.04033596055249874,1,
Combined,GPT-2,Parent,0.015007059286011632,-0.02989630859556894,1,
Combined,GPT-2,Grandparent,0.07453966905632181,0.14295564795792706,0,
Combined,GPT-2,Grandparent,0.0761213149718651,-0.11344040597282071,0,
Combined,GPT-2,Parent,0.07242175560740528,0.04785612103910237,1,
Combined,GPT-2,Parent,0.08130868326438928,-0.09267332008112315,1,
Combined,GPT-2,Child,0.09507352229209284,0.0660110746875487,2,
Combined,GPT-2,Child,-0.42519318288588803,-0.0021576424778739583,2,
Combined,GPT-2,Grandparent,0.03881359264363385,-0.006020434744940561,0,
Combined,GPT-2,Grandparent,0.010662123185349755,-0.22218658214275647,0,
Combined,GPT-2,Parent,0.09707304447818645,0.01312448842726785,1,
Combined,GPT-2,Parent,0.024772809887713392,-0.12680917179609288,1,
Combined,GPT-2,Grandparent,-0.6490803858104672,0.014430028393410331,0,
Combined,GPT-2,Grandparent,-0.13416629411812828,-0.2993597144123569,0,
Combined,GPT-2,Parent,0.10228347103530833,0.0072085121317054714,1,
Combined,GPT-2,Parent,-0.0920127013396579,-0.10839198607174101,1,
Combined,GPT-2,Child,0.08901662005909344,-0.023212629685880837,2,
Combined,GPT-2,Child,0.0715497874833549,4.639648944272921e-05,2,
Combined,GPT-2,Grandparent,0.059638768589714314,0.13564444999065828,0,
Combined,GPT-2,Grandparent,0.10833764668890687,0.009949131945848018,0,
Combined,GPT-2,Parent,0.10056085518083288,-0.06297034869746537,1,
Combined,GPT-2,Parent,0.0428489617133374,-0.018378939771554637,1,
Combined,GPT-2,Grandparent,0.08267698803792026,-0.04373162984751129,0,
Combined,GPT-2,Grandparent,0.08078632522232411,-0.012947652093790897,0,
Combined,GPT-2,Parent,0.10396578907958022,0.00939247317314782,1,
Combined,GPT-2,Parent,0.023572364587237587,-0.0016883661017150183,1,
Combined,GPT-2,Child,-0.012850177461717852,0.059139062087411945,2,
Combined,GPT-2,Child,0.10343316003900165,-0.05944187278762551,2,
Combined,GPT-2,Grandparent,0.027956633237905565,-0.010783692153913997,0,
Combined,GPT-2,Grandparent,0.06506999734299693,0.023448719978995454,0,
Combined,GPT-2,Parent,-0.4508863662605589,0.0332237199478666,1,
Combined,GPT-2,Grandparent,0.070728304759997,0.10664153402476642,0,
Combined,GPT-2,Grandparent,0.09330347108658776,0.08767153382202192,0,
Combined,GPT-2,Parent,0.08693592444833094,0.02876128747443084,1,
Combined,GPT-2,Parent,0.06395915753720421,0.1397170980853374,1,
Combined,GPT-2,Child,0.09851637668559976,-0.003114560089845413,2,
Combined,GPT-2,Child,0.016979153583932982,-0.14567767666927994,2,
Combined,GPT-2,Grandparent,-0.6055633581526553,-0.009750076143314483,0,
Combined,GPT-2,Grandparent,0.05206087988845228,-0.07305240465558283,0,
Combined,GPT-2,Parent,0.06066107996461428,-0.17826663423202518,1,
Combined,GPT-2,Parent,-0.11273945612675813,-0.21725905770853987,1,
Combined,GPT-2,Grandparent,0.11386398427174126,0.03592606500819297,0,
Combined,GPT-2,Grandparent,0.08175596341266708,0.012481112414980773,0,
Combined,GPT-2,Parent,0.10263907207419917,-0.008649361584146486,1,
Combined,GPT-2,Parent,0.0539384381646041,0.023326052900681838,1,
Combined,GPT-2,Child,0.09406856640973502,0.007926741886459466,2,
Combined,GPT-2,Child,-0.00023896526363248113,-0.004004637303171395,2,
Combined,GPT-2,Grandparent,-0.5983580633553908,-0.01441970058599599,0,
Combined,GPT-2,Grandparent,-0.004302692614296261,-0.10306854469972865,0,
Combined,GPT-2,Parent,0.036106839601425446,0.04051015622716124,1,
Combined,GPT-2,Parent,-0.009914496665984415,-0.16383269795298877,1,
Combined,GPT-2,Grandparent,0.06965610251198333,0.11468247335542855,0,
Combined,GPT-2,Grandparent,-0.01985441240235095,-0.09275733589482833,0,
Combined,GPT-2,Parent,0.04148806827882547,-0.00023718798484851438,1,
Combined,GPT-2,Parent,-0.020832462516816825,-0.0031155269165243707,1,
Combined,GPT-2,Child,-0.4848360259517435,0.007094959399028103,2,
Combined,GPT-2,Child,0.08489836932892905,0.0328289577844494,2,
Combined,GPT-2,Grandparent,0.08499724063499348,-0.012868088300188244,0,
Combined,GPT-2,Grandparent,0.0801233510393209,-0.08668494449912595,0,
Combined,GPT-2,Parent,0.07980701555086982,-0.09145615817821544,1,
Combined,GPT-2,Parent,0.10262841338309431,0.039827643555980646,1,
Combined,GPT-2,Grandparent,0.0911454514100015,0.05933882064553701,0,
Combined,GPT-2,Grandparent,0.11383426984154375,0.051200981515617465,0,
Combined,GPT-2,Parent,0.0979861313995033,0.0515719505036517,1,
Combined,GPT-2,Parent,-0.014543853388856791,0.19710001299377827,1,
Combined,GPT-2,Child,0.03919300092646605,-0.08627405547499281,2,
Combined,GPT-2,Child,0.0838066399933333,0.007116831654680451,2,
Combined,GPT-2,Grandparent,-0.0015368300460565604,-0.07980882932858437,0,
Combined,GPT-2,Grandparent,-0.6473191748972237,0.004725272434897246,0,
Combined,GPT-2,Parent,0.07229044754455917,0.026554940679216835,1,
Combined,GPT-2,Grandparent,0.05835430247918216,0.06711035151778429,0,
Combined,GPT-2,Grandparent,-0.644390264659963,0.024353380577973874,0,
Combined,GPT-2,Parent,0.032989734169505805,-0.07818113856993827,1,
Combined,GPT-2,Parent,0.03642442345954225,0.027188854654113158,1,
Combined,GPT-2,Child,0.010808672532923924,-0.07314252556680183,2,
Combined,GPT-2,Child,0.05695809035269507,0.010396604467739524,2,
Combined,GPT-2,Grandparent,0.049867403411395235,0.007518284279493484,0,
Combined,GPT-2,Grandparent,0.04419873943956816,-0.06887929982237694,0,
Combined,GPT-2,Parent,0.023750129943063473,0.1279636363641648,1,
Combined,GPT-2,Parent,-0.012914655705050338,0.16223828011688318,1,
Combined,GPT-2,Grandparent,0.06376712443044971,-0.04915998248374666,0,
Combined,GPT-2,Grandparent,0.09360079883733054,0.010302278992518975,0,
Combined,GPT-2,Parent,0.0796429799187082,-0.011603091325993577,1,
Combined,GPT-2,Parent,0.09493415016905914,0.06022844834304582,1,
Combined,GPT-2,Child,0.06949611229058678,0.025747974055344056,2,
Combined,GPT-2,Child,0.05977074637584276,0.007791035099287082,2,
Combined,GPT-2,Grandparent,-0.01853674169097715,-0.08211431783561594,0,
Combined,GPT-2,Grandparent,0.035196762587200656,-0.011455905644334314,0,
Combined,GPT-2,Parent,-0.569862457171613,0.003750834050228734,1,
Combined,GPT-2,Parent,-0.18573985219963762,-0.25322263172292053,1,
Combined,GPT-2,Grandparent,0.07742911723977333,0.003502172122721504,0,
Combined,GPT-2,Grandparent,0.07464929146766801,-0.019989048816819486,0,
Combined,GPT-2,Parent,-0.48928059330102114,0.01144760338157463,1,
Combined,GPT-2,Parent,0.055160818501216825,0.04632253380551602,1,
Combined,GPT-2,Child,0.08639901872781093,-0.004068062861296618,2,
Combined,GPT-2,Child,0.010220285239254957,-0.019342438480275385,2,
Combined,GPT-2,Grandparent,0.03912900159596957,-0.0699341690283429,0,
Combined,GPT-2,Grandparent,0.09004260597753651,0.08111947689488115,0,
Combined,GPT-2,Parent,0.0801175821679639,0.005363891944403779,1,
Combined,GPT-2,Parent,0.003303872679745282,0.054695351770453676,1,
Combined,GPT-2,Grandparent,-0.002349625971029599,-0.06904974700957488,0,
Combined,GPT-2,Grandparent,0.04697369362006729,-0.021462094709086204,0,
Combined,GPT-2,Parent,0.06900338953170986,-0.05082982720137953,1,
Combined,GPT-2,Parent,0.008417977284911933,0.007266311984391889,1,
Combined,GPT-2,Child,0.12203996695946046,0.018408105575757235,2,
Combined,GPT-2,Child,-0.5556457351307289,0.05531982063128698,2,
Combined,GPT-2,Grandparent,0.06767677984573353,-0.0844609154143155,0,
Combined,GPT-2,Grandparent,0.10176206580011453,0.040500700625586014,0,
Combined,GPT-2,Parent,0.08195805774349699,-0.10399710850378129,1,
Combined,GPT-2,Parent,0.050484370782341664,0.07150386365213977,1,
Combined,GPT-2,Grandparent,-0.4552545851645208,0.01589633332652171,0,
Combined,GPT-2,Grandparent,0.012294952363498462,0.08292530381311067,0,
Combined,GPT-2,Parent,-0.028131435608401974,-0.04083180587239184,1,
Combined,GPT-2,Child,0.06198884306150771,-0.03953083708120215,2,
Combined,GPT-2,Child,0.06578051143205425,0.03507458481303167,2,
Combined,GPT-2,Grandparent,0.0914071839715467,-0.05172721641239279,0,
Combined,GPT-2,Grandparent,0.10258535501764961,0.0048315527704937775,0,
Combined,GPT-2,Parent,0.10468683886969257,-0.037266944501543386,1,
Combined,GPT-2,Parent,0.08107511298047378,-0.06373851236009828,1,
Combined,GPT-2,Grandparent,0.05867563212421003,0.03288493136187738,0,
Combined,GPT-2,Grandparent,-0.5342434554974032,0.006981833658946627,0,
Combined,GPT-2,Parent,0.1005756236622754,0.11115582841511981,1,
Combined,GPT-2,Parent,0.06681802249798258,0.10346450214502927,1,
Combined,GPT-2,Child,0.09999955803175863,0.030662706002215784,2,
Combined,GPT-2,Child,0.07821787426626471,0.019023056586025912,2,
Combined,GPT-2,Grandparent,0.01584051979026532,-0.05725377740796817,0,
Combined,GPT-2,Grandparent,0.12123509992603974,-0.11336471394352551,0,
Combined,GPT-2,Parent,0.09725437108552286,0.019720123075967405,1,
Combined,GPT-2,Parent,0.03442311213252222,-0.15364120546111795,1,
Combined,GPT-2,Grandparent,0.07196414223875268,0.0894442744997222,0,
Combined,GPT-2,Grandparent,0.04824163539718692,0.009368509540484885,0,
Combined,GPT-2,Parent,0.05836646890064196,-0.044082143950235346,1,
Combined,GPT-2,Parent,-0.5259834514786395,0.061670382008090927,1,
Combined,GPT-2,Child,0.05672722455789417,-0.14327753659311387,2,
Combined,GPT-2,Child,0.07468167534501123,0.03581104071624505,2,
Combined,GPT-2,Grandparent,0.09056995663094082,0.005966124920732627,0,
Combined,GPT-2,Grandparent,0.040862715544067015,-0.03851639807699421,0,
Combined,GPT-2,Parent,0.05307514326901887,-0.023847576176752705,1,
Combined,GPT-2,Parent,0.027643058731520648,-0.11791847631605673,1,
Combined,GPT-2,Grandparent,0.08427770189822252,-0.03974705092692945,0,
Combined,GPT-2,Grandparent,0.07786994198312891,0.07312643073718791,0,
Combined,GPT-2,Parent,0.09716345229787308,-0.014591163272511767,1,
Combined,GPT-2,Parent,0.08657888076056962,-0.042695115954428195,1,
Combined,GPT-2,Child,-0.4602180787117357,0.05865908511394243,2,
Combined,GPT-2,Child,0.07714080828720873,-0.05320587307904124,2,
Combined,GPT-2,Grandparent,0.0922394559198641,0.03152797695328114,0,
Combined,GPT-2,Grandparent,0.08647957303564931,-0.013470224226102157,0,
Combined,GPT-2,Parent,0.06449439765619648,0.035047792156827615,1,
Combined,GPT-2,Parent,0.05949216601698103,-0.031238323463559647,1,
Combined,GPT-2,Grandparent,0.06211220229172379,0.010881361698645406,0,
Combined,GPT-2,Grandparent,0.05538212260798118,0.09631315567522478,0,
Combined,GPT-2,Parent,0.07803954505501058,0.10723751150938615,1,
Combined,GPT-2,Child,0.04151447488584897,0.0676503225903098,2,
Combined,GPT-2,Child,0.11932991940551319,0.05220891887861881,2,
Combined,GPT-2,Grandparent,-0.5325818714120077,-0.03551781318914666,0,
Combined,GPT-2,Grandparent,0.044639864966214755,-0.13159411057213885,0,
Combined,GPT-2,Parent,0.06758932443039647,-0.03764861489896962,1,
Combined,GPT-2,Parent,0.02297253283333902,-0.10066588151971503,1,
Combined,GPT-2,Grandparent,-0.5761249708367151,-0.014040049721399283,0,
Combined,GPT-2,Grandparent,0.07850835359193548,-0.00887865711340947,0,
Combined,GPT-2,Parent,0.03462382643508091,-0.08233407970738944,1,
Combined,GPT-2,Parent,-0.036720933785967094,0.0785510997631221,1,
Combined,GPT-2,Child,0.026558902184509545,-0.08703929154286506,2,
Combined,GPT-2,Child,0.040684058624538375,0.008765663590440483,2,
Combined,GPT-2,Grandparent,0.057178030330868004,0.10378148661612996,0,
Combined,GPT-2,Grandparent,0.08393869450986398,0.011655068740692786,0,
Combined,GPT-2,Parent,0.05909779353715078,0.10648592280215007,1,
Combined,GPT-2,Parent,0.022381344945333035,0.15332872470531128,1,
Combined,GPT-2,Grandparent,-0.5664698597905682,0.00500099324518409,0,
Combined,GPT-2,Grandparent,-0.03420551473617173,-0.13935925958733567,0,
Combined,GPT-2,Parent,0.028012097640934153,-0.046485601019142,1,
Combined,GPT-2,Parent,0.04429746507318278,0.09048545781064768,1,
Combined,GPT-2,Child,0.08105630993091976,-2.996683172630752e-05,2,
Combined,GPT-2,Child,0.10566009459959125,0.03683305051314024,2,
Combined,GPT-2,Grandparent,0.12762494949574815,0.0517152234518029,0,
Combined,GPT-2,Grandparent,0.09354808733299695,0.08723898711433298,0,
Combined,GPT-2,Parent,0.0439236168536174,-0.00022279052933311667,1,
Combined,GPT-2,Parent,0.054729076646471544,-0.08877551491901771,1,
Combined,GPT-2,Grandparent,0.06394524966826573,0.04004348461614501,0,
Combined,GPT-2,Grandparent,0.089656872976076,0.09086606411614866,0,
Combined,GPT-2,Parent,0.1002292812536827,0.11156374515256785,1,
Combined,GPT-2,Child,0.0937719799205642,0.04270839042587306,2,
Combined,GPT-2,Child,0.05580577767926804,-0.0221586551079501,2,
Combined,GPT-2,Grandparent,-0.4511698728720841,-0.030181130668037,0,
Combined,GPT-2,Grandparent,0.06463792233892579,-0.03739197622844024,0,
Combined,GPT-2,Parent,0.07517295023410454,0.015281106508513094,1,
Combined,GPT-2,Parent,0.016397861482924977,-0.1362454934732892,1,
Combined,GPT-2,Grandparent,0.02668541608690373,-0.09979616757807869,0,
Combined,GPT-2,Grandparent,0.08095853796874809,0.026454934731718047,0,
Combined,GPT-2,Parent,0.004736093060976219,-0.02406599063061168,1,
Combined,GPT-2,Parent,-0.5612867422801561,0.0437754376255766,1,
Combined,GPT-2,Child,0.09599227789769045,0.01227852564736399,2,
Combined,GPT-2,Child,0.05208753631821526,-0.09372949429775261,2,
Combined,GPT-2,Grandparent,0.05800790855654845,0.10525257238510469,0,
Combined,GPT-2,Grandparent,0.014738217037547243,0.09273728382674915,0,
Combined,GPT-2,Parent,0.06793420851382109,0.005144239564203949,1,
Combined,GPT-2,Parent,-0.015436258523087954,-0.14340102304198818,1,
Combined,GPT-2,Grandparent,0.022826147624751207,-0.051846322929565945,0,
Combined,GPT-2,Grandparent,0.056427996897464736,0.03357799014002938,0,
Combined,GPT-2,Parent,0.06786831478500886,0.07938186920530255,1,
Combined,GPT-2,Parent,-0.0908743377686002,0.19354082761339955,1,
Combined,GPT-2,Child,-0.531407402211481,-0.01833010104793131,2,
Combined,GPT-2,Child,0.08855857595254031,0.08523168431459334,2,
Combined,GPT-2,Grandparent,0.03479185232989447,-0.03851700531114422,0,
Combined,GPT-2,Grandparent,0.06881995641666065,0.07405448532524395,0,
Combined,GPT-2,Parent,0.05340239136614074,0.07096525483465674,1,
Combined,GPT-2,Parent,0.06044623881459456,0.04466754643830367,1,
Combined,GPT-2,Grandparent,-0.376896923769856,-0.01149797807202747,0,
Combined,GPT-2,Grandparent,0.0820385542472634,0.1558988656863733,0,
Combined,GPT-2,Parent,0.052990990165429595,-0.016959534670171635,1,
Combined,GPT-2,Parent,0.06808484097043983,0.05810773837410393,1,
Combined,GPT-2,Child,0.05346483011193274,0.018410194431596416,2,
Combined,GPT-2,Child,0.05465003964999675,0.017552282801327104,2,
Combined,GPT-2,Grandparent,0.07290295170724885,-0.15680245205998372,0,
Combined,GPT-2,Grandparent,0.089436756495528,-0.07042266112694537,0,
Combined,GPT-2,Parent,0.03544408558257981,0.014707611845740763,1,
Combined,GPT-2,Grandparent,0.113791930073113,0.05100428943833834,0,
Combined,GPT-2,Grandparent,0.12209741404419226,-0.10857369204675928,0,
Combined,GPT-2,Parent,-0.5475584497101857,0.01857323028076073,1,
Combined,GPT-2,Parent,0.0928548773235865,0.11463579096967547,1,
Combined,GPT-2,Child,0.04337824115337546,-0.032746052344854545,2,
Combined,GPT-2,Child,0.0875776546266908,0.029485495673504666,2,
Combined,GPT-2,Grandparent,0.05178144052399277,-0.020876438066782056,0,
Combined,GPT-2,Grandparent,0.043842596503486285,-0.03915154684778388,0,
Combined,GPT-2,Parent,0.0548730255187019,0.0076063352671537,1,
Combined,GPT-2,Parent,0.05975035468624132,-0.11903132487283397,1,
Combined,GPT-2,Grandparent,0.08209760604939098,-0.015422515831463904,0,
Combined,GPT-2,Grandparent,0.09636492760460343,-0.03997996821563862,0,
Combined,GPT-2,Parent,0.07204040153268641,0.03537130943754984,1,
Combined,GPT-2,Parent,0.11518530968761996,-0.0737178500822535,1,
Combined,GPT-2,Child,0.09995418241876038,0.10855363562084967,2,
Combined,GPT-2,Child,0.05968803745808336,0.05789188340344201,2,
Combined,GPT-2,Grandparent,-0.5598427131545604,-0.020961823857821776,0,
Combined,GPT-2,Parent,0.031517559355949874,-0.12438310878747234,1,
Combined,GPT-2,Parent,-0.04464489341429018,-0.1663654763539263,1,
Combined,GPT-2,Grandparent,-0.5316759044069009,0.016244684062947864,0,
Combined,GPT-2,Grandparent,-0.02434896534660702,-0.042146981288821064,0,
Combined,GPT-2,Parent,0.10636990705797476,0.004858367480685633,1,
Combined,GPT-2,Parent,-0.004895005732971239,0.10974099375310686,1,
Combined,GPT-2,Child,0.09245522288157597,0.03337260375908514,2,
Combined,GPT-2,Child,0.028326556701330743,-0.03696657914897007,2,
Combined,GPT-2,Grandparent,0.07247113162806354,-0.05403793995981136,0,
Combined,GPT-2,Grandparent,0.09883991782527705,-0.04207753813608361,0,
Combined,GPT-2,Parent,0.0905298315004244,0.02467027274427809,1,
Combined,GPT-2,Parent,-0.09276437368709979,0.13876765786333647,1,
Combined,GPT-2,Grandparent,0.04299914405789907,-0.02628778932795995,0,
Combined,GPT-2,Grandparent,0.07572517961975274,0.05463397497921367,0,
Combined,GPT-2,Parent,-0.021787264418707954,-0.17445154623650055,1,
Combined,GPT-2,Parent,-0.01767583103768762,0.10129377154185874,1,
Combined,GPT-2,Child,0.04214817346698535,-0.0031235598686995174,2,
Combined,GPT-2,Child,-0.5150310816682325,0.041400935821730316,2,
Combined,GPT-2,Grandparent,0.10345190468743516,-0.04423450081771461,0,
Combined,GPT-2,Grandparent,0.10248454543539498,-0.015617952528308448,0,
Combined,GPT-2,Parent,0.05303131853833822,-0.03097466061945761,1,
Combined,GPT-2,Parent,0.10423344268027707,0.06310089014450564,1,
Combined,GPT-2,Grandparent,0.06128325680344162,-0.060272214571973605,0,
Combined,GPT-2,Grandparent,0.1031309995961941,-0.0335310118759853,0,
Combined,GPT-2,Parent,0.08708444995876408,-0.043958708194134784,1,
Combined,GPT-2,Parent,0.03270451792496208,0.012135492819737094,1,
Combined,GPT-2,Child,0.07213591515738033,-0.03059981851901953,2,
Combined,GPT-2,Child,0.07459145350291972,0.04503563941193179,2,
Combined,GPT-2,Grandparent,0.07991543072506542,0.10201010432332781,0,
Combined,GPT-2,Grandparent,-0.519949447212771,-0.038531959256346775,0,
Combined,GPT-2,Parent,0.020943380892049356,0.11959840129839437,1,
Combined,GPT-2,Parent,0.03236943409003177,0.06137330427218589,1,
Combined,GPT-2,Grandparent,0.054321384165603497,0.1843781189831601,0,
Combined,GPT-2,Grandparent,0.0746640281277475,-0.03260750179621001,0,
Combined,GPT-2,Parent,0.12196397076656329,0.0007677828388296761,1,
Combined,GPT-2,Parent,0.06247086952899852,0.03163462817746052,1,
Combined,GPT-2,Child,0.05357929395357783,0.07051359191210743,2,
Combined,GPT-2,Child,0.1109402178719069,-0.004875842881550001,2,
Combined,GPT-2,Grandparent,0.05656504124230731,-0.014610208556764504,0,
Combined,GPT-2,Grandparent,0.07756407695616606,-0.031206688647971364,0,
Combined,GPT-2,Parent,-0.3797831537328233,0.0215690351134297,1,
Combined,GPT-2,Parent,-0.04389470086169256,-0.13985529934995472,1,
Combined,GPT-2,Grandparent,0.06924313150081457,0.017972089814336747,0,
Combined,GPT-2,Grandparent,0.1082040112928661,-0.03165980423096018,0,
Combined,GPT-2,Parent,0.03078353113928708,0.019477084435599284,1,
Combined,GPT-2,Parent,0.011134219831888087,0.15838228407826352,1,
Combined,GPT-2,Child,0.10823868266315848,-0.030090792652349204,2,
Combined,GPT-2,Child,0.05802459420864246,-0.052569919523933716,2,
Combined,GPT-2,Grandparent,0.09642334007824593,-0.0808249057716781,0,
Combined,GPT-2,Grandparent,0.04157707609595824,0.06585930825006407,0,
Combined,GPT-2,Parent,-0.6064821836594215,0.017833900482056807,1,
Combined,GPT-2,Parent,-0.004928290065105264,0.16400711321621453,1,
Combined,GPT-2,Grandparent,0.1007578566346839,0.011167839720131027,0,
Combined,GPT-2,Grandparent,0.11586295026471465,-0.02248844239040708,0,
Combined,GPT-2,Parent,0.0806648330262058,0.06275810587765326,1,
Combined,GPT-2,Parent,0.043050736218130804,0.028788930262967284,1,
Combined,GPT-2,Child,-0.5976637163216035,0.05545933968744306,2,
Combined,GPT-2,Child,0.11402135840340022,-0.06616704654675623,2,
Combined,GPT-2,Grandparent,-0.0005017615377432014,-0.05710950171765234,0,
Combined,GPT-2,Grandparent,0.07357672613028272,-0.079544441108553,0,
Combined,GPT-2,Parent,0.037729454507859375,0.03698674922489492,1,
Combined,GPT-2,Parent,0.0764002165749949,0.08576955205685237,1,
Combined,GPT-2,Grandparent,0.038814845304550864,-0.10965470227898307,0,
Combined,GPT-2,Grandparent,-0.6408835055732597,0.03463560842188628,0,
Combined,GPT-2,Parent,0.01151601483371216,-0.09705237039456173,1,
Combined,GPT-2,Child,0.06261220429489094,-0.013086492127576253,2,
Combined,GPT-2,Child,0.07187491249091285,0.04418441952222496,2,
Combined,GPT-2,Grandparent,0.09099140199870036,0.021314607924446397,0,
Combined,GPT-2,Grandparent,0.08592146855973255,0.08769148500235967,0,
Combined,GPT-2,Parent,0.0694924468683984,0.05882365365934374,1,
Combined,GPT-2,Parent,0.05120874299798826,0.021841269511640088,1,
Combined,GPT-2,Grandparent,0.08293580368953683,0.074722861079588,0,
Combined,GPT-2,Grandparent,0.10694894306214013,0.08452880818767204,0,
Combined,GPT-2,Parent,0.09790291503450925,0.0168795711505933,1,
Combined,GPT-2,Parent,0.07511602983195743,0.09609116695447732,1,
Combined,GPT-2,Child,-0.5434765647020419,0.01014080173315708,2,
Combined,GPT-2,Child,0.06590479131396305,-0.023456665741433177,2,
Combined,GPT-2,Grandparent,-0.03543142829759609,-0.013767942510182143,0,
Combined,GPT-2,Grandparent,0.09416203812899769,-0.04785476704466367,0,
Combined,GPT-2,Parent,0.05915584914107129,-0.0903104586437137,1,
Combined,GPT-2,Parent,0.05872773254420085,-0.08526219387083875,1,
Combined,GPT-2,Grandparent,0.05511274976593872,-0.025835653765953336,0,
Combined,GPT-2,Grandparent,0.08512553590883638,0.028344434964821797,0,
Combined,GPT-2,Parent,0.07761429552153822,0.020927253852994043,1,
Combined,GPT-2,Parent,0.07463796141060812,-0.027672838788059744,1,
Combined,GPT-2,Child,0.07227028160976083,-0.05762095480771089,2,
Combined,GPT-2,Child,-0.558435486239222,0.03973730863292624,2,
Combined,GPT-2,Grandparent,-0.02388448007193312,-0.1399006196777336,0,
Combined,GPT-2,Grandparent,0.06667153903885789,0.06403582751764522,0,
Combined,GPT-2,Parent,0.09724889288177764,0.004746281240852227,1,
Combined,GPT-2,Parent,-0.03818719672134566,-0.1174340579021095,1,
Combined,GPT-2,Grandparent,0.0892486851900123,-0.02493725642183432,0,
Combined,GPT-2,Grandparent,0.07198565900274338,-0.07936946140398572,0,
Combined,GPT-2,Parent,-0.3487660843065001,-0.021644089108785354,1,
Combined,GPT-2,Parent,0.06879757229744969,-0.1106708158726767,1,
Combined,GPT-2,Child,0.06766677540487434,0.051619341341509875,2,
Combined,GPT-2,Child,0.047752035294063536,0.01319103451012044,2,
Combined,GPT-2,Grandparent,0.04087667581191903,-0.12757046582418746,0,
Combined,GPT-2,Grandparent,-0.09157899735583552,0.15336717432040423,0,
Combined,GPT-2,Parent,0.014705317060927009,0.11177764571476155,1,
Combined,GPT-2,Parent,0.027459056338281385,0.049967418118671905,1,
Combined,GPT-2,Grandparent,0.10610900008739609,0.054567644859754245,0,
Combined,GPT-2,Grandparent,0.005862532380349086,0.1728490097754686,0,
Combined,GPT-2,Parent,0.12484747340775477,-0.002957762750037663,1,
Combined,GPT-2,Parent,0.08391964455657942,-0.0587727122537792,1,
Combined,GPT-2,Child,0.0713028102033786,-0.011997180908102784,2,
Combined,GPT-2,Child,-0.38052196782148223,0.016329497007641056,2,
Combined,GPT-2,Grandparent,0.10236657937824374,-0.047542881831755986,0,
Combined,GPT-2,Grandparent,0.08307894074716694,0.005232360707343622,0,
Combined,GPT-2,Parent,0.01873555346530688,-0.09773456179518943,1,
Combined,GPT-2,Parent,0.05976998199523634,0.022522297930124505,1,
Combined,GPT-2,Grandparent,0.07511487631680969,-0.03810315634154432,0,
Combined,GPT-2,Grandparent,-0.006932041192654715,-0.12638577977925375,0,
Combined,GPT-2,Parent,-0.45758233266762727,0.026617070858531253,1,
Combined,GPT-2,Parent,0.04907744848913965,-0.11190901399429051,1,
Combined,GPT-2,Child,0.07436079518439037,0.04118057034320958,2,
Combined,GPT-2,Child,0.09989974330446462,0.059071959764369374,2,
Combined,GPT-2,Grandparent,0.08114658362954985,-0.1314072380415705,0,
Combined,GPT-2,Grandparent,0.07688409551422871,0.008581449023577988,0,
Combined,GPT-2,Parent,0.07687115928204927,0.11610438335455865,1,
Combined,GPT-2,Parent,0.06435878176229722,0.056029361653711175,1,
Combined,GPT-2,Grandparent,0.06476818083935296,-0.055435800371768595,0,
Combined,GPT-2,Grandparent,0.06713747679124732,-0.0920382836353442,0,
Combined,GPT-2,Parent,0.08779636483073491,0.041863685794880943,1,
Combined,GPT-2,Parent,0.07766371742152069,-0.015644051975651864,1,
Combined,GPT-2,Child,0.06804193997105454,0.06539283725882931,2,
Combined,GPT-2,Child,0.027322491493717727,0.016697069451147125,2,
Combined,GPT-2,Grandparent,0.03462990891624637,0.02852086573497783,0,
Combined,GPT-2,Grandparent,-0.6540479331523321,0.026038191858100086,0,
Combined,GPT-2,Parent,0.06241020993270142,-0.06272256008925452,1,
Combined,GPT-2,Grandparent,0.023949928374022173,-0.1138685485946651,0,
Combined,GPT-2,Grandparent,0.07568906579657511,0.050221531775590585,0,
Combined,GPT-2,Parent,0.021072101181407177,0.05281684575431937,1,
Combined,GPT-2,Parent,0.031712248747569484,0.19762946622525956,1,
Combined,GPT-2,Child,0.07544396455579125,-0.008644132219616818,2,
Combined,GPT-2,Child,0.10879029012637481,0.004315825383309902,2,
Combined,GPT-2,Grandparent,0.10331034141650705,-0.00592334876655217,0,
Combined,GPT-2,Grandparent,0.03815795008759183,-0.013795482025170395,0,
Combined,GPT-2,Parent,-0.4409245103381739,0.013556768413399953,1,
Combined,GPT-2,Parent,-0.03562359084705625,0.008264054090492797,1,
Combined,GPT-2,Grandparent,0.013412126696341967,0.11813390361763651,0,
Combined,GPT-2,Grandparent,0.007089814585977753,0.040688028620194494,0,
Combined,GPT-2,Parent,0.06508957088332713,0.03125641375088771,1,
Combined,GPT-2,Child,0.009005178461923145,-0.06598057709775292,2,
Combined,GPT-2,Child,-0.3783372053402289,0.01511232968711687,2,
Combined,GPT-2,Grandparent,0.055765391108241906,-0.07823592771281852,0,
Combined,GPT-2,Grandparent,0.09109417615591525,-0.00391857716612677,0,
Combined,GPT-2,Parent,0.1390155891321541,0.009734681389728921,1,
Combined,GPT-2,Parent,0.061346692877589384,0.028571290072259763,1,
Combined,GPT-2,Grandparent,0.08085995953562389,0.021167525450573786,0,
Combined,GPT-2,Grandparent,0.10051259876718123,0.0048730725030749445,0,
Combined,GPT-2,Parent,0.09680878967057846,0.08624225798053935,1,
Combined,GPT-2,Parent,0.08722522105862408,0.13773368951760465,1,
Combined,GPT-2,Child,0.06344908407342639,0.015426690500183244,2,
Combined,GPT-2,Child,0.11129159134862115,0.029934644301844983,2,
Combined,GPT-2,Grandparent,0.0021239917274194398,-0.2076394716075753,0,
Combined,GPT-2,Grandparent,-0.0983734316196144,-0.2959648128331556,0,
Combined,GPT-2,Parent,-0.013086010545114072,-0.24661280177766762,1,
Combined,GPT-2,Parent,-0.645131701349329,-0.013158752266452585,1,
Combined,GPT-2,Grandparent,0.07530990132569762,-0.014157753909599597,0,
Combined,GPT-2,Grandparent,0.07019570662790912,-0.0641124421815923,0,
Combined,GPT-2,Parent,0.08815609133734743,0.05065158205771153,1,
Combined,GPT-2,Parent,0.03029338939474948,-0.030919060184775866,1,
Combined,GPT-2,Child,-0.47235438094821797,0.012009021571586164,2,
Combined,GPT-2,Child,0.08340277133263763,-0.008266511909227356,2,
Combined,GPT-2,Grandparent,0.12880002360732418,-0.015007008314857757,0,
Combined,GPT-2,Grandparent,0.04982583714001551,-0.1575664643637729,0,
Combined,GPT-2,Parent,0.11357147691100157,0.02667596418905603,1,
Combined,GPT-2,Parent,0.10548069812273204,0.03996708430023618,1,
Combined,GPT-2,Grandparent,0.13038257583514273,0.05278437190616174,0,
Combined,GPT-2,Grandparent,0.10177250734794707,0.01565231993749667,0,
Combined,GPT-2,Parent,0.06963499172381508,0.028483503409847313,1,
Combined,GPT-2,Parent,0.06605046431660913,0.02657387605575157,1,
Combined,GPT-2,Child,0.053146088239070306,-0.04816143361295198,2,
Combined,GPT-2,Child,0.03527360186011126,-0.009730829175763404,2,
Combined,GPT-2,Grandparent,-0.5517980284197886,0.000644942358407111,0,
Combined,GPT-2,Grandparent,0.05236774841063465,0.016714978707610986,0,
Combined,GPT-2,Parent,0.11134529585806437,-0.09376442543470831,1,
Combined,GPT-2,Parent,0.03667029093951429,0.07425444875330722,1,
Combined,GPT-2,Grandparent,0.03170513710353888,0.10644609036530332,0,
Combined,GPT-2,Grandparent,0.044558759158182915,-0.04315585327682565,0,
Combined,GPT-2,Parent,0.0687347753708242,-0.0659672263310964,1,
Combined,GPT-2,Parent,-0.02717134533362001,0.1329681908011027,1,
Combined,GPT-2,Child,0.06852733960925417,0.01342652465944732,2,
Combined,GPT-2,Child,-0.37968362554165885,0.019746146610790015,2,
Combined,GPT-2,Grandparent,0.023760161142031454,-0.09341088571337403,0,
Combined,GPT-2,Grandparent,0.06283925533204385,0.14579952054325462,0,
Combined,GPT-2,Parent,0.042694052239630534,0.022570676810946086,1,
Combined,GPT-2,Parent,0.03261961091406935,0.08684615497233895,1,
Combined,GPT-2,Grandparent,0.09273985355195923,0.007496768046812847,0,
Combined,GPT-2,Grandparent,-0.5644897861690062,-0.006174136646677323,0,
Combined,GPT-2,Parent,0.05057287884011243,-0.08320860048568272,1,
Combined,GPT-2,Parent,0.061342728051921314,0.09786937372574868,1,
Combined,GPT-2,Child,0.06841849099107626,-0.05866416178863903,2,
Combined,GPT-2,Child,0.09680649245724011,0.09534987883642305,2,
Combined,GPT-2,Grandparent,0.07441285406116668,-0.059333337160579744,0,
Combined,GPT-2,Grandparent,0.09515927692201363,0.025789525180818215,0,
Combined,GPT-2,Parent,0.06250026564207438,0.017651414672849995,1,
Combined,GPT-2,Parent,0.055828695083233924,-0.15371730725896565,1,
Combined,GPT-2,Grandparent,0.03686367485717344,-0.06974814927266128,0,
Combined,GPT-2,Grandparent,0.08081068424225409,0.07815830134118018,0,
Combined,GPT-2,Parent,0.03093629272963957,0.0681704049415347,1,
Combined,GPT-2,Child,0.05073250518545042,-0.02221818913012744,2,
Combined,GPT-2,Child,-0.42628841581734733,0.01480880043954734,2,
Combined,GPT-2,Grandparent,0.08520685903207152,-0.08992769635118542,0,
Combined,GPT-2,Grandparent,0.014603288504334327,-0.00641893173752047,0,
Combined,GPT-2,Parent,0.08168390045303284,0.0539820199855078,1,
Combined,GPT-2,Parent,0.024531737837210257,0.05951606624692085,1,
Combined,GPT-2,Grandparent,-0.5487719743455591,0.00703365380137049,0,
Combined,GPT-2,Grandparent,0.04638278478922302,0.055452419586292906,0,
Combined,GPT-2,Parent,-0.006517199813686087,-0.047314745078975574,1,
Combined,GPT-2,Parent,0.022199917546890463,-0.03599322257621421,1,
Combined,GPT-2,Child,0.027893816631059453,0.03803741755085981,2,
Combined,GPT-2,Child,0.08406493592317207,0.023629603673362972,2,
Combined,GPT-2,Grandparent,0.07107944693606537,0.044400866909048924,0,
Combined,GPT-2,Grandparent,0.06537804613634823,-0.08216884758738804,0,
Combined,GPT-2,Parent,0.056812961731802974,-0.08618428659152501,1,
Combined,GPT-2,Parent,0.012708886076501755,0.07766087327739714,1,
Combined,GPT-2,Grandparent,0.04771975689502223,-0.041964624725704475,0,
Combined,GPT-2,Grandparent,0.09591707455144446,0.09290419310912976,0,
Combined,GPT-2,Parent,-0.4562868979090713,-0.008679590868272212,1,
Combined,GPT-2,Parent,0.07872900249690412,-0.04089605313131018,1,
Combined,GPT-2,Child,0.06740009253201329,0.03207475059670041,2,
Combined,GPT-2,Child,0.052729630154272,-0.04499322039220675,2,
Combined,GPT-2,Grandparent,0.047679192399906235,0.041991864250763435,0,
Combined,GPT-2,Grandparent,0.03433489537380308,0.08776930926077929,0,
Combined,GPT-2,Parent,0.04646046999454455,0.002344491080021936,1,
Combined,GPT-2,Grandparent,0.10899557035808506,0.03470217136097232,0,
Combined,GPT-2,Grandparent,0.08825246164460945,0.04430434430745058,0,
Combined,GPT-2,Parent,0.12204932611958821,0.09821742379497302,1,
Combined,GPT-2,Parent,-0.5147920375148348,-0.0026783333887146752,1,
Combined,GPT-2,Child,0.05820541828749665,-0.12610955724897677,2,
Combined,GPT-2,Child,0.08813215872598469,0.08477715901380524,2,
Combined,GPT-2,Grandparent,0.055515098147391854,-0.04176367872316031,0,
Combined,GPT-2,Grandparent,0.03554771097677276,-0.186952262527476,0,
Combined,GPT-2,Parent,0.08421507758864397,-0.10787590373620476,1,
Combined,GPT-2,Grandparent,0.07921906008885521,-0.051358795766831604,0,
Combined,GPT-2,Grandparent,0.048740083886737236,-0.06632207290691919,0,
Combined,GPT-2,Parent,0.026773381157634876,-0.07987689854016926,1,
Combined,GPT-2,Parent,0.018889113595827418,-0.11939384679376372,1,
Combined,GPT-2,Child,0.09019729915886894,0.04167270383068798,2,
Combined,GPT-2,Child,0.028095651777959908,0.011226904724704178,2,
Combined,GPT-2,Grandparent,-0.5492192889381521,0.007278913446364626,0,
Combined,GPT-2,Grandparent,0.12139057875446557,0.04774099208677002,0,
Combined,GPT-2,Parent,0.11485662426513459,0.050450054666908474,1,
Combined,GPT-2,Parent,0.10679837601956496,0.042379193283330285,1,
Combined,GPT-2,Grandparent,-0.4991343741807015,0.04112913798003983,0,
Combined,GPT-2,Grandparent,0.007098939460209438,0.01870547646125035,0,
Combined,GPT-2,Parent,0.03678755209822252,0.0046334837896955024,1,
Combined,GPT-2,Parent,-0.04259583410610053,0.010093150274178538,1,
Combined,GPT-2,Child,0.07424482353237241,0.030532136301549044,2,
Combined,GPT-2,Child,0.07207738484133565,0.02085962177484219,2,
Combined,GPT-2,Grandparent,0.0892912385513885,0.030485811765674636,0,
Combined,GPT-2,Grandparent,0.1075121722732995,-0.023939062957175666,0,
Combined,GPT-2,Parent,0.04800735603148975,-0.09092592124851921,1,
Combined,GPT-2,Parent,0.03447205555367325,0.048085148594306064,1,
Combined,GPT-2,Grandparent,0.08615820258519587,0.027503455412606504,0,
Combined,GPT-2,Grandparent,0.0213931361597243,0.08168975955887386,0,
Combined,GPT-2,Parent,0.03700761259460894,-0.17573412286166126,1,
Combined,GPT-2,Parent,0.09796589711309531,-0.03485082423650955,1,
Combined,GPT-2,Child,0.023253629863936563,-0.0023580706501864918,2,
Combined,GPT-2,Child,0.07016071106024659,0.0036107323009343076,2,
Combined,GPT-2,Grandparent,-0.44134284394425854,0.010350121165512592,0,
Combined,GPT-2,Grandparent,0.09388146007653117,0.03865960237391216,0,
Combined,GPT-2,Parent,0.012548262494389499,-0.07943971214223722,1,
Combined,GPT-2,Parent,0.09200528374192889,-0.0398805155574707,1,
Combined,GPT-2,Grandparent,0.05006922707605546,0.03651588471895138,0,
Combined,GPT-2,Grandparent,0.05737870267637109,-0.07587710024342235,0,
Combined,GPT-2,Parent,0.002418475814569448,0.030371427819861522,1,
Combined,GPT-2,Parent,-0.0305403908983644,0.1535405415165831,1,
Combined,GPT-2,Child,-0.526648781340058,0.06444843703272791,2,
Combined,GPT-2,Child,0.1025289449686173,0.016030248671658334,2,
Combined,GPT-2,Grandparent,0.048148819691153526,0.04832335289416242,0,
Combined,GPT-2,Grandparent,0.12620426342665195,-0.04645874295421651,0,
Combined,GPT-2,Parent,0.014227966698678388,-0.15996470550019873,1,
Combined,GPT-2,Parent,0.06836194787319395,-0.10862757264413139,1,
Combined,GPT-2,Grandparent,-0.02974819539670121,-0.09545263407057361,0,
Combined,GPT-2,Grandparent,0.0977141415910952,-0.013970916526091216,0,
Combined,GPT-2,Parent,0.09937471514309386,0.004854928155204792,1,
Combined,GPT-2,Parent,-0.5307440286437153,0.016255168361912722,1,
Combined,GPT-2,Child,0.0918498826207445,0.02557511213084007,2,
Combined,GPT-2,Child,0.06827742385775337,0.09388539920961979,2,
Combined,GPT-2,Grandparent,0.09273844611264091,-0.003955937150094122,0,
Combined,GPT-2,Grandparent,0.048817197585646635,-0.10799554133850534,0,
Combined,GPT-2,Parent,0.10311305475005826,0.020343472670274,1,
Combined,GPT-2,Parent,0.043958181736560686,-0.07360130990718673,1,
Combined,GPT-2,Grandparent,-0.5437023871084854,-0.009566967837630846,0,
Combined,GPT-2,Grandparent,0.04112396038575204,0.05915161047256564,0,
Combined,GPT-2,Parent,0.01304392709683695,-0.03507788066980733,1,
Combined,GPT-2,Parent,-0.07245813155759394,-0.12341349491647946,1,
Combined,GPT-2,Child,0.09042685275804144,-0.006902852311892363,2,
Combined,GPT-2,Child,0.0896337526976688,0.03391011214231489,2,
Combined,GPT-2,Grandparent,0.11112391433900105,-0.04712794053486452,0,
Combined,GPT-2,Grandparent,0.08832154492683236,0.06524578435505021,0,
Combined,GPT-2,Parent,0.0836545492615889,0.033148914840579115,1,
Combined,GPT-2,Parent,0.08000731895892312,0.04179253822809917,1,
Combined,GPT-2,Grandparent,0.09379039096436562,0.024024178498574435,0,
Combined,GPT-2,Grandparent,0.04347413985789898,-0.10352450896647188,0,
Combined,GPT-2,Parent,0.008750085908727234,-0.06475231509912455,1,
Combined,GPT-2,Parent,-0.4489543303453355,0.05005139786385488,1,
Combined,GPT-2,Child,0.0547942263185078,-0.045294669941744484,2,
Combined,GPT-2,Child,0.07686928732765032,0.017148871616879283,2,
Combined,GPT-2,Grandparent,0.06252059339963252,0.03697271473457191,0,
Combined,GPT-2,Grandparent,0.05685400390856022,0.0631755878169932,0,
Combined,GPT-2,Parent,0.07884652224167804,0.015851653099748796,1,
Combined,GPT-2,Parent,0.0437991962259881,-0.005423407092218945,1,
Combined,GPT-2,Grandparent,0.008527422423369171,0.2005552444840678,0,
Combined,GPT-2,Parent,0.057206086215338216,0.04566245445801617,1,
Combined,GPT-2,Child,0.0620961379931169,0.018153905008978528,2,
Combined,GPT-2,Child,0.06230496870375366,0.008499007771283592,2,
Combined,GPT-2,Grandparent,0.07403403521760332,0.004701858247939204,0,
Combined,GPT-2,Grandparent,-0.5290840789843366,-0.019202034569574377,0,
Combined,GPT-2,Parent,0.0463944864674759,0.04516520589104514,1,
Combined,GPT-2,Parent,0.0457029253605253,0.11161464575870479,1,
Combined,GPT-2,Grandparent,0.06253732558899176,0.06204745446916846,0,
Combined,GPT-2,Grandparent,0.10194653162899728,-0.044537437851772554,0,
Combined,GPT-2,Parent,0.10006976627973634,-0.03804084740233115,1,
Combined,GPT-2,Parent,0.01298160357979392,0.072718491860579,1,
Combined,GPT-2,Child,0.09276095745642936,0.006269142460676326,2,
Combined,GPT-2,Child,0.06664178184086594,0.02113069583733107,2,
Combined,GPT-2,Grandparent,0.03328997437317324,-0.12084169708544741,0,
Combined,GPT-2,Grandparent,-0.503216226158067,0.00281215731354389,0,
Combined,GPT-2,Parent,0.0887184898817776,0.07188717110903395,1,
Combined,GPT-2,Parent,-0.023299133455941846,0.022331540738761896,1,
Combined,GPT-2,Grandparent,0.002394818804330685,-0.1414839031688308,0,
Combined,GPT-2,Grandparent,0.08291384740096559,0.06552335978342512,0,
Combined,GPT-2,Parent,0.03440624365496783,-0.014720460007525379,1,
Combined,GPT-2,Parent,0.05182417268483992,0.04259003089188189,1,
Combined,GPT-2,Child,0.05062784995592543,-0.08805616172927708,2,
Combined,GPT-2,Child,-0.5218711743198868,0.02331086512716258,2,
Combined,GPT-2,Grandparent,0.11265018032924759,-0.03892694310998884,0,
Combined,GPT-2,Grandparent,0.0897617476590309,0.04409492282878428,0,
Combined,GPT-2,Parent,0.06771282491691841,0.09083001289526323,1,
Combined,GPT-2,Parent,0.08786935498062427,0.09899202094808007,1,
Combined,GPT-2,Grandparent,0.09876676093906897,0.038644487915000796,0,
Combined,GPT-2,Grandparent,0.01673475378765384,0.15650652702969872,0,
Combined,GPT-2,Parent,0.09675614798373847,0.04015889598663204,1,
Combined,GPT-2,Child,0.0834297351578977,0.04648964182446965,2,
Combined,GPT-2,Child,0.09131885125858485,0.05083645468942362,2,
Combined,GPT-2,Grandparent,0.04658964841803062,-0.11861015818840864,0,
Combined,GPT-2,Grandparent,0.09168275065491586,0.002785438829371468,0,
Combined,GPT-2,Parent,0.052867401578742874,-0.03218212194784211,1,
Combined,GPT-2,Parent,-0.5895521440697563,0.032155193443938294,1,
Combined,GPT-2,Grandparent,0.06831842517617642,0.06757985727451522,0,
Combined,GPT-2,Grandparent,0.017677325467237645,-0.10558212212789098,0,
Combined,GPT-2,Parent,0.07409540591195313,-0.019594558153402674,1,
Combined,GPT-2,Parent,0.08344439843162355,0.14264255000851797,1,
Combined,GPT-2,Child,-0.4514702776222555,-0.0180234712563889,2,
Combined,GPT-2,Child,0.0638228926981362,0.018382674133182664,2,
Combined,GPT-2,Grandparent,0.08995624925777022,0.11563935142391026,0,
Combined,GPT-2,Grandparent,0.09082632264361004,0.011692219437827915,0,
Combined,GPT-2,Parent,0.09076485252172557,0.012163782346602368,1,
Combined,GPT-2,Parent,0.029213671680181345,0.047806834964442595,1,
Combined,GPT-2,Grandparent,0.048418027859190894,-0.1268960087644621,0,
Combined,GPT-2,Grandparent,0.0654752091155633,0.008660687627308726,0,
Combined,GPT-2,Parent,-0.4342980558084949,0.05495656874902739,1,
Combined,GPT-2,Parent,0.006997513368256654,0.01087871378526211,1,
Combined,GPT-2,Child,0.06098276739242556,-0.0084993001241142,2,
Combined,GPT-2,Child,0.09453628088377024,-0.00014120913976119916,2,
Combined,GPT-2,Grandparent,0.037895097346739674,0.0061052747870898,0,
Combined,GPT-2,Grandparent,0.06464997633785682,-0.00438900867020398,0,
Combined,GPT-2,Parent,0.07190475991612749,0.038970593769221414,1,
Combined,GPT-2,Parent,0.04615261609959528,0.019133682071041144,1,
Combined,GPT-2,Grandparent,0.0697401378357666,0.025342502355369025,0,
Combined,GPT-2,Grandparent,0.061161147337228695,0.08418812074559655,0,
Combined,GPT-2,Parent,0.08317752057778148,0.05808976146931054,1,
Combined,GPT-2,Parent,0.08268893941876376,0.05592823070407033,1,
Combined,GPT-2,Child,0.04141104162468073,-0.07412814634500507,2,
Combined,GPT-2,Child,0.0478348187969457,0.12983558061746134,2,
Combined,GPT-2,Grandparent,-0.5389268781555038,-0.02740772063508772,0,
Combined,GPT-2,Grandparent,0.05817162256839627,-0.14535483379866665,0,
Combined,GPT-2,Parent,0.10105043204745462,0.012678062525693668,1,
Combined,GPT-2,Parent,0.03805860916534667,-0.03954920600498066,1,
Combined,GPT-2,Grandparent,0.10409473380036285,0.07019861977809759,0,
Combined,GPT-2,Grandparent,0.08252597784105598,0.01987871830630526,0,
Combined,GPT-2,Parent,0.09096607970940754,0.09195450975302236,1,
Combined,GPT-2,Parent,0.022965502466555193,0.05686229695705903,1,
Combined,GPT-2,Child,0.1026477823431466,0.05491870021852176,2,
Combined,GPT-2,Child,0.047568059356238104,0.00269150172431776,2,
Combined,GPT-2,Grandparent,0.06574596369750552,-0.12588474709404213,0,
Combined,GPT-2,Grandparent,0.06548010990766165,0.054967305112292336,0,
Combined,GPT-2,Parent,0.05818920540217484,-0.032284802371796935,1,
Combined,GPT-2,Parent,-0.6444114491875986,-0.008922097045009052,1,
Combined,GPT-2,Grandparent,0.04164427824692837,-0.05525845937987783,0,
Combined,GPT-2,Grandparent,0.07905609839756525,0.059131855825778,0,
Combined,GPT-2,Parent,0.01765796962587354,-0.04868673137136996,1,
Combined,GPT-2,Parent,0.05979132045298487,-0.03600000515950077,1,
Combined,GPT-2,Child,0.019483747020610193,-0.08266296520579017,2,
Combined,GPT-2,Child,0.05781667593982748,-0.0759845952624758,2,
Combined,GPT-2,Grandparent,-0.41655593456425855,0.03170809522136555,0,
Combined,GPT-2,Grandparent,0.018606599655558036,-0.02358006437264015,0,
Combined,GPT-2,Parent,0.11493854733464749,0.12601418442879558,1,
Combined,GPT-2,Parent,0.07498855435236729,0.10880351202122426,1,
Combined,GPT-2,Grandparent,0.11072196901951184,-0.06490738922192305,0,
Combined,GPT-2,Grandparent,0.09173355189237327,-0.0850599186169496,0,
Combined,GPT-2,Parent,0.10319595529650608,-0.04936664615474206,1,
Combined,GPT-2,Parent,0.1339714258117372,-0.017160964694403372,1,
Combined,GPT-2,Child,-0.03165450640017059,-0.06501259943464631,2,
Combined,GPT-2,Child,0.08297519532500731,-0.06674195603140239,2,
Combined,GPT-2,Grandparent,-0.4437475736186398,0.0010566343610840586,0,
Combined,GPT-2,Grandparent,0.09130125886876479,0.15429242601953685,0,
Combined,GPT-2,Parent,0.06836604982368653,-0.020981258861615455,1,
Combined,GPT-2,Parent,0.08175340589386132,0.1314770071185278,1,
Combined,GPT-2,Grandparent,0.03544579009233483,-0.0437339780309957,0,
Combined,GPT-2,Grandparent,-0.06030193785525001,0.16638263510356952,0,
Combined,GPT-2,Parent,0.0962299755534853,0.055944895240120786,1,
Combined,GPT-2,Parent,-0.03416026054671106,0.18574321884708708,1,
Combined,GPT-2,Child,0.06610980565690834,-0.0265247531301453,2,
Combined,GPT-2,Child,0.04387007144933333,-0.033258098585256725,2,
Combined,GPT-2,Grandparent,0.05619334212289848,-0.055065498925893686,0,
Combined,GPT-2,Grandparent,0.05609054294978997,0.02891570658241055,0,
Combined,GPT-2,Parent,0.08336509319419999,0.004213051375563505,1,
Combined,GPT-2,Parent,-0.4905278214358814,0.04487033574194115,1,
Combined,GPT-2,Grandparent,0.10639632370309367,0.005808977925464659,0,
Combined,GPT-2,Grandparent,0.08493023070336951,0.04310505554957394,0,
Combined,GPT-2,Parent,0.07081222482824943,0.057760063681733545,1,
Combined,GPT-2,Parent,0.03244383496407993,0.09194752381495475,1,
Combined,GPT-2,Child,0.0863539140935328,-0.03656585005341329,2,
Combined,GPT-2,Child,0.07287776833997944,0.016748343693961235,2,
Combined,GPT-2,Grandparent,-0.003705766900208092,-0.017085016183804296,0,
Combined,GPT-2,Grandparent,0.054711966622430934,0.125120463031302,0,
Combined,GPT-2,Parent,0.01785292031496224,-0.0987441390129717,1,
Combined,GPT-2,Parent,-0.692223111897951,-0.002649349089835556,1,
Combined,GPT-2,Grandparent,0.12602386679092487,-0.08127465190312995,0,
Combined,GPT-2,Grandparent,0.07903780200517173,-0.16499819733779492,0,
Combined,GPT-2,Parent,0.10317125748175908,-0.04784746769655464,1,
Combined,GPT-2,Parent,0.03584145044982364,0.022202047567214524,1,
Combined,GPT-2,Child,0.046468017903015656,-0.014695348869943696,2,
Combined,GPT-2,Child,0.1096135290934925,0.04628408688148353,2,
Combined,GPT-2,Grandparent,0.0013901747934884185,0.02079141048264183,0,
Combined,GPT-2,Grandparent,-0.43485891426304407,0.06976593178147374,0,
Combined,GPT-2,Parent,0.06833103368977758,-0.027323669841544537,1,
Combined,GPT-2,Parent,0.009392990925687917,-0.008179970849757901,1,
Combined,GPT-2,Grandparent,0.08793710613472258,-0.05042253968069151,0,
Combined,GPT-2,Grandparent,-0.0061941524658074105,-0.05065899590280852,0,
Combined,GPT-2,Parent,0.048116162564370735,0.03527244448475714,1,
Combined,GPT-2,Parent,0.06263800733495141,0.1581661688835085,1,
Combined,GPT-2,Child,0.05698324893449262,-0.12142118354753785,2,
Combined,GPT-2,Child,0.0755717062092813,-0.0829294488728991,2,
Combined,GPT-2,Grandparent,-0.48378748535461663,0.029177007194539046,0,
Combined,GPT-2,Grandparent,0.10674198393822659,-0.007147704958195052,0,
Combined,GPT-2,Parent,0.022949202631978298,0.02736429844736864,1,
Combined,GPT-2,Parent,0.09473847676140165,0.08525019562297742,1,
Combined,GPT-2,Grandparent,0.013130763170238332,-0.03088094363396679,0,
Combined,GPT-2,Grandparent,0.03724965453056732,-0.00956126401676988,0,
Combined,GPT-2,Parent,0.031006066673287317,0.03664715061300365,1,
Combined,GPT-2,Parent,0.021641376994315727,0.045720043954058466,1,
Combined,GPT-2,Child,0.05694475141110885,-0.05520906440482097,2,
Combined,GPT-2,Child,-0.4162624502656529,-0.01622723032994096,2,
Combined,GPT-2,Grandparent,0.058550928955832686,0.0687524134666558,0,
Combined,GPT-2,Grandparent,0.05897872484873845,0.013509346883692435,0,
Combined,GPT-2,Parent,0.056036295573900684,0.10073517246409262,1,
Combined,GPT-2,Parent,0.06638305287810083,0.0945413659237585,1,
Combined,GPT-2,Grandparent,-0.5240664905681677,0.04560143259143589,0,
Combined,GPT-2,Grandparent,-0.005303098700009214,0.07959578692353787,0,
Combined,GPT-2,Parent,0.05540080166856937,0.01658817350561241,1,
Combined,GPT-2,Parent,0.010714001144763504,0.18819020148467638,1,
Combined,GPT-2,Child,0.07951756281683792,-0.015409621742139345,2,
Combined,GPT-2,Child,0.07257218876319306,-0.06289047498527167,2,
Combined,GPT-2,Grandparent,0.0841282890155658,-0.01244763129416094,0,
Combined,GPT-2,Grandparent,0.07768810989005585,-0.09494711084867359,0,
Combined,GPT-2,Parent,0.10893563494639365,0.03682064924090762,1,
Combined,GPT-2,Parent,0.10807946371480023,-0.01572251375919783,1,
Combined,GPT-2,Grandparent,0.049197015995227626,-0.05641276075980644,0,
Combined,GPT-2,Grandparent,0.04995480304715218,-0.001484546330706733,0,
Combined,GPT-2,Parent,0.07128459202752287,-0.02420462190134124,1,
Combined,GPT-2,Parent,0.03734923164758837,0.09693121501234717,1,
Combined,GPT-2,Child,0.052272000082099875,-0.006058202805637924,2,
Combined,GPT-2,Child,0.04433827415684485,-0.010656632748999818,2,
Combined,GPT-2,Grandparent,0.12359598629016326,-0.014625628078379312,0,
Combined,GPT-2,Grandparent,-0.5857977306149411,0.005731102577852366,0,
Combined,GPT-2,Parent,0.12576505490224413,0.006033671803328351,1,
Combined,GPT-2,Grandparent,0.06911144939876314,-0.010239180901229578,0,
Combined,GPT-2,Grandparent,0.058711306334001644,0.047889759436900194,0,
Combined,GPT-2,Parent,-0.49417279666409747,-0.015320934564322626,1,
Combined,GPT-2,Child,0.058877321332241606,0.013810474285862911,2,
Combined,GPT-2,Child,0.028321067003269845,-0.015722334315893965,2,
Combined,GPT-2,Grandparent,0.07847605317339329,0.009572639445558265,0,
Combined,GPT-2,Grandparent,0.07210485284774343,-0.00470829804600361,0,
Combined,GPT-2,Parent,0.05405826507382907,0.04552450516062931,1,
Combined,GPT-2,Parent,0.05393259471289565,-0.025467591817214,1,
Combined,GPT-2,Grandparent,0.029769891362686974,-0.08746641673480451,0,
Combined,GPT-2,Grandparent,0.05617659665743993,-0.056868072394581706,0,
Combined,GPT-2,Parent,-0.6471840773830506,0.01271539131543179,1,
Combined,GPT-2,Parent,0.042332026304269764,-0.02357355678356748,1,
Combined,GPT-2,Child,0.10564539786522535,0.019259361992837298,2,
Combined,GPT-2,Child,0.0764526611721142,-0.02328464674550748,2,
Combined,GPT-2,Grandparent,0.10737469190137429,0.09797179310318642,0,
Combined,GPT-2,Grandparent,0.09848470571513886,0.05312446257916423,0,
Combined,GPT-2,Parent,0.03381829419191495,0.04358584411125746,1,
Combined,GPT-2,Parent,0.09132111841275577,0.1290113566838847,1,
Combined,GPT-2,Grandparent,0.114556225010495,0.10241881726194409,0,
Combined,GPT-2,Grandparent,0.11495762432173412,0.06241977090882288,0,
Combined,GPT-2,Parent,0.08714387588343836,0.07253252889654029,1,
Combined,GPT-2,Parent,0.11633496072325318,0.03974345554789189,1,
Combined,GPT-2,Child,0.019705089845853674,-0.046206762021850235,2,
Combined,GPT-2,Child,0.07412433928123698,0.03340956000463838,2,
Combined,GPT-2,Grandparent,-0.6883510339690248,0.016439689656775665,0,
Combined,GPT-2,Grandparent,-0.014799241872756896,-0.20688886060438172,0,
Combined,GPT-2,Parent,0.0052479596633560575,-0.08914424504818613,1,
Combined,GPT-2,Parent,-0.0527767823284402,-0.22854202894899553,1,
Combined,GPT-2,Grandparent,0.05503048479314176,-0.07388120766881623,0,
Combined,GPT-2,Grandparent,-0.3902093200290406,-0.011269144732909148,0,
Combined,GPT-2,Parent,0.10658136873902775,0.024825040607010025,1,
Combined,GPT-2,Parent,0.039639980601833005,-0.01710899504221833,1,
Combined,GPT-2,Child,0.06452391942228398,-0.03884158344544257,2,
Combined,GPT-2,Child,0.06743464530743039,0.03865441418781308,2,
Combined,GPT-2,Grandparent,0.018838057727398466,0.044543043557648244,0,
Combined,GPT-2,Grandparent,0.02328676401041178,0.08184256997150707,0,
Combined,GPT-2,Parent,0.08402081820204975,0.05099887345759083,1,
Combined,GPT-2,Grandparent,0.06494893646382363,-0.08685754087968608,0,
Combined,GPT-2,Grandparent,0.04775779453991082,0.017531169918914104,0,
Combined,GPT-2,Parent,0.07997050127689456,-0.052793779216593936,1,
Combined,GPT-2,Parent,0.04520624992093928,-0.11835649889492364,1,
Combined,GPT-2,Child,0.07725454990893312,0.07778080408613243,2,
Combined,GPT-2,Child,-0.49813365159650674,0.038806542792920784,2,
Combined,GPT-2,Grandparent,0.10656628930759948,-0.029174149318858925,0,
Combined,GPT-2,Grandparent,-0.02619656530242183,-0.06101317102277432,0,
Combined,GPT-2,Parent,0.0362963492987647,-0.003444524542069059,1,
Combined,GPT-2,Parent,0.04971599684763518,0.035524408186254824,1,
Combined,GPT-2,Grandparent,0.06411189917752531,-0.11052272010049907,0,
Combined,GPT-2,Grandparent,0.028093258080710833,-0.08748109510207415,0,
Combined,GPT-2,Parent,0.11529531016526266,0.03240155769204564,1,
Combined,GPT-2,Parent,0.05935242114033196,-0.14474934685050864,1,
Combined,GPT-2,Child,0.0567144787768735,0.017590693871731927,2,
Combined,GPT-2,Child,0.1118574344372153,0.031054150782024628,2,
Combined,GPT-2,Grandparent,0.1352728776186381,0.0741572437334685,0,
Combined,GPT-2,Grandparent,0.07367509184641807,0.014719834155356751,0,
Combined,GPT-2,Parent,0.12385743622635369,0.05588915991680819,1,
Combined,GPT-2,Parent,-0.587681615961214,0.03484831737527404,1,
Combined,GPT-2,Grandparent,0.07260676463617714,0.038887258701967575,0,
Combined,GPT-2,Grandparent,-0.08994494788411064,-0.07079339085425589,0,
Combined,GPT-2,Parent,0.11319934774335556,-0.009200229570775901,1,
Combined,GPT-2,Child,-0.4257167084562582,0.028927838426117517,2,
Combined,GPT-2,Child,0.05429026539528849,-0.004179495717493112,2,
Combined,GPT-2,Grandparent,0.03613480725996996,-0.04929218760980212,0,
Combined,GPT-2,Grandparent,0.03879124209121363,-0.06532018134968938,0,
Combined,GPT-2,Parent,0.06699255260475077,-0.0383996610158388,1,
Combined,GPT-2,Parent,0.03194616988999145,-0.08686473424153912,1,
Combined,GPT-2,Grandparent,0.07163831477799915,-0.03488834359881559,0,
Combined,GPT-2,Grandparent,0.10464335572696207,0.018919192119924166,0,
Combined,GPT-2,Parent,0.03396284142881075,0.0426637847853317,1,
Combined,GPT-2,Parent,0.09971458828169205,0.05043756261042047,1,
Combined,GPT-2,Child,0.09075612656873196,0.03179968976325162,2,
Combined,GPT-2,Child,0.007001512160311523,-0.10156646036300486,2,
Combined,GPT-2,Grandparent,0.043706112025949546,-0.025407930108241605,0,
Combined,GPT-2,Grandparent,0.03701847916273389,-0.21502035083997945,0,
Combined,GPT-2,Parent,-0.3581960614238946,0.015639505988063934,1,
Combined,GPT-2,Parent,0.05619827064613439,0.08290962411304187,1,
Combined,GPT-2,Grandparent,0.04469018811105096,0.029585140539576518,0,
Combined,GPT-2,Grandparent,0.054876946340630416,0.02360550999348308,0,
Combined,GPT-2,Parent,0.05596144578151369,-0.06315244085936089,1,
Combined,GPT-2,Parent,0.0398143688858619,0.09340011030223085,1,
Combined,GPT-2,Child,-0.3594266292839858,0.022746862019592518,2,
Combined,GPT-2,Child,0.00449115969642566,-0.13286706732566042,2,
Combined,GPT-2,Grandparent,0.05897512863105191,-0.026254003393574685,0,
Combined,GPT-2,Grandparent,0.033608712345487,-0.10072200252739537,0,
Combined,GPT-2,Parent,0.09353302649859124,0.09845505449735646,1,
Combined,GPT-2,Parent,0.04542659349253948,-0.06892200488163441,1,
Combined,GPT-2,Grandparent,0.102780922422258,0.0008397983106256626,0,
Combined,GPT-2,Grandparent,0.053602172936790995,-0.03421947313473171,0,
Combined,GPT-2,Parent,0.08186323292345052,0.0063970263735945885,1,
Combined,GPT-2,Parent,0.018719911957158962,0.007832449925382953,1,
Combined,GPT-2,Child,0.024232238863413934,-0.03698847221926915,2,
Combined,GPT-2,Child,0.047902981181132016,-0.0057230767171945335,2,
Combined,GPT-2,Grandparent,0.1074447663015342,-0.04791562260590369,0,
Combined,GPT-2,Grandparent,-0.5394541932891743,-0.006713267690754278,0,
Combined,GPT-2,Parent,0.03867328717693017,-0.01618073257405742,1,
Combined,GPT-2,Parent,0.10265478807124204,0.00036820242179714017,1,
Combined,GPT-2,Grandparent,0.04588773832870748,0.05028134758237884,0,
Combined,GPT-2,Grandparent,0.021534355593508976,0.021443801875016124,0,
Combined,GPT-2,Parent,0.050521653414044625,0.04769548341182322,1,
Combined,GPT-2,Parent,0.06809931604839936,0.0715515661376744,1,
Combined,GPT-2,Child,-0.44243604384622426,0.028883302863234043,2,
Combined,GPT-2,Child,0.050024677343937216,-0.06897581233740548,2,
Combined,GPT-2,Grandparent,0.02341604378415984,-0.12891345720509378,0,
Combined,GPT-2,Grandparent,0.07105409919476097,-0.04627334560637185,0,
Combined,GPT-2,Parent,0.056167195875464225,0.014415936000555319,1,
Combined,GPT-2,Parent,0.08102616704902728,0.07680552386134741,1,
Combined,GPT-2,Grandparent,0.09829713104438391,0.06947630702267875,0,
Combined,GPT-2,Grandparent,0.032972397996722455,-0.06218114417447852,0,
Combined,GPT-2,Parent,0.07896665148444229,0.015534258661519671,1,
Combined,GPT-2,Parent,0.06980175814568261,0.1385502612769696,1,
Combined,GPT-2,Child,0.10489775720662356,0.038915568053739,2,
Combined,GPT-2,Child,0.058400623776151135,-0.10388264259781041,2,
Combined,GPT-2,Grandparent,0.018335047427079258,-0.09522846691788206,0,
Combined,GPT-2,Grandparent,0.04573867931670181,0.009960716560341252,0,
Combined,GPT-2,Parent,0.06186709099208064,-0.027291262399303594,1,
Combined,GPT-2,Parent,-0.6029052866856428,0.009204707865629607,1,
Combined,GPT-2,Grandparent,0.10594198157132827,-0.05005797652489755,0,
Combined,GPT-2,Grandparent,0.04965545958528001,-0.07061194115525617,0,
Combined,GPT-2,Parent,0.09180435157882356,-0.10495464791285007,1,
Combined,GPT-2,Parent,0.11553408531929311,-0.09705614075874608,1,
Combined,GPT-2,Child,0.07174692469753004,-0.03480695801886344,2,
Combined,GPT-2,Child,0.11181798363390529,-0.023966528103344823,2,
Combined,GPT-2,Grandparent,0.048540681503799275,0.16195862132969055,0,
Combined,GPT-2,Grandparent,0.03285432589685746,0.004559745925636459,0,
Combined,GPT-2,Parent,0.044364976651105205,0.08169791458258878,1,
Combined,GPT-2,Parent,-0.5584478782354207,0.06024299320662655,1,
Combined,GPT-2,Grandparent,0.09569061392171041,-0.004375343893951328,0,
Combined,GPT-2,Grandparent,0.10135020167733318,-0.08299020182189547,0,
Combined,GPT-2,Parent,0.09443728485331039,0.014509526261440305,1,
Combined,GPT-2,Parent,0.1048814910568427,0.023077376656418132,1,
Combined,GPT-2,Child,0.08496057138955328,-0.009665342954645122,2,
Combined,GPT-2,Child,0.025646946532893716,0.04039356467363071,2,
Combined,GPT-2,Grandparent,0.04525827942643515,0.04984470150200992,0,
Combined,GPT-2,Grandparent,-0.5688348609994471,0.016753939600445533,0,
Combined,GPT-2,Parent,0.023377021371651745,-0.04472710435697052,1,
Combined,GPT-2,Parent,0.015497009712062863,0.19069974668662543,1,
Combined,GPT-2,Grandparent,0.07746795668531485,-0.04152671352289788,0,
Combined,GPT-2,Grandparent,0.0900001246959206,-0.025126564752336,0,
Combined,GPT-2,Parent,0.057273221509579,-0.11353986074832,1,
Combined,GPT-2,Parent,0.08098978307447555,-0.0024244389416085647,1,
Combined,GPT-2,Child,0.05500832867651084,-0.06503331812448701,2,
Combined,GPT-2,Child,0.05104468553820763,0.16123100629291925,2,
Combined,GPT-2,Grandparent,-0.49788927986637554,0.008732693913784095,0,
Combined,GPT-2,Grandparent,-0.017848380513154877,-0.015223754907349837,0,
Combined,GPT-2,Parent,0.05427972851651851,0.19558135855686776,1,
Combined,GPT-2,Parent,0.04046804011879496,0.15855307291868037,1,
Combined,GPT-2,Grandparent,-0.052002901660031055,0.17306379410648887,0,
Combined,GPT-2,Grandparent,0.011800459110648238,0.05032979028283903,0,
Combined,GPT-2,Parent,-0.01548350924696124,0.16671513485910983,1,
Combined,GPT-2,Parent,-0.016839391273398115,0.230881200515457,1,
Combined,GPT-2,Child,0.06291226070145911,-0.05015312804751724,2,
Combined,GPT-2,Child,0.09885141336653505,0.03148624525702252,2,
Combined,GPT-2,Grandparent,0.05121504264816221,-0.009928459367061958,0,
Combined,GPT-2,Grandparent,-0.5244199314334591,0.01059218027207278,0,
Combined,GPT-2,Parent,0.08803820932988918,-0.02253184936173134,1,
Combined,GPT-2,Parent,0.042170194889584886,0.06161552528054204,1,
Combined,GPT-2,Grandparent,0.08192069198703172,-0.15591000666666247,0,
Combined,GPT-2,Grandparent,0.060654727174412934,-0.12986036062060777,0,
Combined,GPT-2,Parent,0.09434551943260572,0.012015441309417238,1,
Combined,GPT-2,Parent,0.03399851658752818,-0.06468406547605418,1,
Combined,GPT-2,Child,0.09219484863971919,0.008871486456260099,2,
Combined,GPT-2,Child,0.07282538346654735,0.03169022659181583,2,
Combined,GPT-2,Grandparent,-0.5613284414284524,0.06762828060851929,0,
Combined,GPT-2,Grandparent,0.019417773871797193,-0.046282121104119736,0,
Combined,GPT-2,Parent,0.08616599746549508,0.077467014026325,1,
Combined,GPT-2,Parent,0.04336072171197189,0.16932276414891176,1,
Combined,GPT-2,Grandparent,0.09956472080792433,-0.021177235503758402,0,
Combined,GPT-2,Grandparent,-0.04781121006600137,-0.19927386215631654,0,
Combined,GPT-2,Parent,0.08751216421633576,-0.018782039855564328,1,
Combined,GPT-2,Parent,-0.5160471660758095,0.027598858464841072,1,
Combined,GPT-2,Child,-7.268893052376777e-05,-0.039301198656336155,2,
Combined,GPT-2,Child,0.06720531888203735,0.0020725119388286476,2,
Combined,GPT-2,Grandparent,0.04019603166336586,0.1717791072705428,0,
Combined,GPT-2,Grandparent,0.06257875504273837,0.08961835962171896,0,
Combined,GPT-2,Parent,0.09082575183181733,0.03368675975502629,1,
Combined,GPT-2,Parent,0.07388489202314133,0.004568821521020663,1,
Combined,GPT-2,Grandparent,0.048070307655684874,-0.1320309916113068,0,
Combined,GPT-2,Grandparent,-0.005448024655079332,-0.04735239183824216,0,
Combined,GPT-2,Parent,0.09244247251444038,0.0037629794706980878,1,
Combined,GPT-2,Parent,0.07701435911164917,-0.0038791040383939343,1,
Combined,GPT-2,Child,0.06943202569575704,0.11050348811559806,2,
Combined,GPT-2,Child,0.04686674623615907,-0.007966198502211861,2,
Combined,GPT-2,Grandparent,-0.43321275981820256,0.03604341915121188,0,
Combined,GPT-2,Grandparent,0.07538478313943946,0.04848223036186781,0,
Combined,GPT-2,Parent,0.08008079709296298,0.03510080999210618,1,
Combined,GPT-2,Parent,0.050341777669389506,0.03933551666659563,1,
Combined,GPT-2,Grandparent,0.02763573367044233,-0.054586462019989214,0,
Combined,GPT-2,Grandparent,-0.5978331418466253,0.010188797257707594,0,
Combined,GPT-2,Parent,0.057894721487761674,-0.03357386387942231,1,
Combined,GPT-2,Parent,0.05006765960351399,0.07450790380151417,1,
Combined,GPT-2,Child,0.03492752426077021,0.04462428638529299,2,
Combined,GPT-2,Child,0.024556415112658433,-0.11492070727365931,2,
Combined,GPT-2,Grandparent,0.06811418455733348,0.0300779975396105,0,
Combined,GPT-2,Grandparent,0.03326075198204954,0.12901139904983108,0,
Combined,GPT-2,Parent,0.0537771187308421,0.012912190781543894,1,
Combined,GPT-2,Parent,0.038922624275804944,0.025855514834987967,1,
Combined,GPT-2,Grandparent,0.004429618150130362,-0.11860735787695274,0,
Combined,GPT-2,Grandparent,0.09696294413696288,0.02013546085855487,0,
Combined,GPT-2,Parent,0.06044579630910139,-0.13425758497768092,1,
Combined,GPT-2,Parent,0.022832972019451427,-0.13168998979988325,1,
Combined,GPT-2,Child,0.09412067084344654,0.03652300289864519,2,
Combined,GPT-2,Child,0.08741094905839006,0.033961983414579844,2,
Combined,GPT-2,Grandparent,0.05635300946545159,0.09569929559503314,0,
Combined,GPT-2,Grandparent,0.0587499823118574,0.15692946995712959,0,
Combined,GPT-2,Parent,0.0029106907491522143,-0.0875508105868147,1,
Combined,GPT-2,Parent,-0.6836123854173992,0.02445662381725773,1,
Combined,GPT-2,Grandparent,0.0882289904233555,-0.06861606050758354,0,
Combined,GPT-2,Grandparent,0.0659225516912016,0.08917158401765159,0,
Combined,GPT-2,Parent,0.09594653458726046,0.06196481735239681,1,
Combined,GPT-2,Parent,0.06532333247542431,0.011938887644443322,1,
Combined,GPT-2,Child,0.09667711598933604,0.05291898591060102,2,
Combined,GPT-2,Child,0.08461425719263595,0.025052287722691854,2,
Combined,GPT-2,Grandparent,-0.009108109918287362,-0.1332670141635809,0,
Combined,GPT-2,Grandparent,0.049064034964994244,0.022220597091718537,0,
Combined,GPT-2,Parent,0.0732234779410304,0.01575682007413864,1,
Combined,GPT-2,Parent,-0.491967301483648,-0.03599878609052168,1,
Combined,GPT-2,Grandparent,0.06516095402069152,0.029228023064610344,0,
Combined,GPT-2,Grandparent,0.09374478307200648,0.1228753464003904,0,
Combined,GPT-2,Parent,0.09509487128561771,0.022201370246403056,1,
Combined,GPT-2,Parent,0.0314591328170744,0.21146885175076532,1,
Combined,GPT-2,Child,-0.2952331683478981,0.006532628469459953,2,
Combined,GPT-2,Child,0.06736913724960675,0.0890037395077306,2,
Combined,GPT-2,Grandparent,0.009482582846606302,-0.22100455920013698,0,
Combined,GPT-2,Grandparent,0.04862013874874435,-0.20823302216621237,0,
Combined,GPT-2,Parent,0.03622811266180218,-0.16344058396902164,1,
Combined,GPT-2,Parent,0.060014102107680614,-0.16024040550429855,1,
Combined,GPT-2,Grandparent,0.0306658391231035,-0.11695265926593912,0,
Combined,GPT-2,Grandparent,-0.5148011264422527,0.03292756465134427,0,
Combined,GPT-2,Parent,0.07142712501605679,-0.026568524715608118,1,
Combined,GPT-2,Parent,0.04079008566832385,-0.014658037847071538,1,
Combined,GPT-2,Child,0.0626761842954914,0.04040820737207773,2,
Combined,GPT-2,Child,0.052081990708762044,-0.09884550683944758,2,
Combined,GPT-2,Grandparent,0.06762178349693014,0.05746833322611972,0,
Combined,GPT-2,Grandparent,0.07829559415880116,0.016711754485346064,0,
Combined,GPT-2,Parent,0.07063266462826963,0.10399612406614067,1,
Combined,GPT-2,Parent,-0.028518643693505763,0.1994594028385856,1,
Combined,GPT-2,Grandparent,0.07546356987124232,0.07947624190950454,0,
Combined,GPT-2,Grandparent,0.05780314474127828,-0.13122984779614985,0,
Combined,GPT-2,Parent,-0.4304187119993499,0.006088722820202101,1,
Combined,GPT-2,Parent,0.029120856079421,0.03846350795148915,1,
Combined,GPT-2,Child,0.01990889409771002,-0.09487310952629545,2,
Combined,GPT-2,Child,0.1009972415985064,0.037157516007832216,2,
Combined,GPT-2,Grandparent,0.028976582950001648,0.09052703318492082,0,
Combined,GPT-2,Grandparent,0.0938463846963984,-0.08122276776466944,0,
Combined,GPT-2,Parent,0.11278348370109427,0.020520415205008635,1,
Combined,GPT-2,Parent,0.06207201007893019,0.05202379969035014,1,
Combined,GPT-2,Grandparent,0.05623334773314547,-0.04789803956990451,0,
Combined,GPT-2,Grandparent,-0.47940730228625894,-0.021921631704877084,0,
Combined,GPT-2,Parent,0.08911585278300332,0.035821216049192035,1,
Combined,GPT-2,Child,0.09561743256369203,-0.006001442662896629,2,
Combined,GPT-2,Child,-0.02009409234021848,-0.03762162072417357,2,
Combined,GPT-2,Grandparent,0.056801651506186886,-0.0018873237414750274,0,
Combined,GPT-2,Grandparent,0.07442831755456311,-0.04242765095202858,0,
Combined,GPT-2,Parent,0.0828357574167733,0.12367301418703332,1,
Combined,GPT-2,Parent,0.023062603697624414,-0.06209055856433235,1,
Combined,GPT-2,Grandparent,0.08417593661210192,-0.05944990607125391,0,
Combined,GPT-2,Grandparent,0.0751548962727649,-0.12879559480195454,0,
Combined,GPT-2,Parent,0.07579863684221207,0.10022732640506211,1,
Combined,GPT-2,Parent,0.04405132097753748,0.01755521371787901,1,
Combined,GPT-2,Child,-0.4827499565374351,0.048770769112924856,2,
Combined,GPT-2,Child,0.08468397793925689,-0.011479247088607442,2,
Combined,GPT-2,Grandparent,0.012242679225453305,-0.09418989986352296,0,
Combined,GPT-2,Grandparent,0.05224679057114593,-0.0404517393593626,0,
Combined,GPT-2,Parent,0.07162976251482694,0.08705768781411179,1,
Combined,GPT-2,Grandparent,0.03715324003048669,0.023380814570765168,0,
Combined,GPT-2,Grandparent,0.06143426985634343,-0.00397301726898525,0,
Combined,GPT-2,Parent,0.05416313570816915,-0.0750079803114786,1,
Combined,GPT-2,Parent,-0.5202525231489136,0.018755036093775587,1,
Combined,GPT-2,Child,0.06998315418903105,0.0156163916195514,2,
Combined,GPT-2,Child,0.08861792956017647,0.08247936883102497,2,
Combined,GPT-2,Grandparent,0.09899112413752269,0.0278671524248548,0,
Combined,GPT-2,Grandparent,0.07234152577121183,-0.09363866432809241,0,
Combined,GPT-2,Parent,0.096113685580813,-0.014936198322618258,1,
Combined,GPT-2,Grandparent,0.08653230991376293,-0.0797116154449174,0,
Combined,GPT-2,Grandparent,0.06379771953434701,-0.08248996890591402,0,
Combined,GPT-2,Parent,0.06942546928787172,0.08673288785487053,1,
Combined,GPT-2,Parent,-0.07464362806274173,-0.26865558302529846,1,
Combined,GPT-2,Child,0.06176260084379602,-0.00853502653502299,2,
Combined,GPT-2,Child,0.08923211308765576,0.005007005525149058,2,
Combined,GPT-2,Grandparent,0.09711373195436095,0.05878525162065906,0,
Combined,GPT-2,Parent,-0.4860263300272465,0.04258966141006208,1,
Combined,GPT-2,Parent,-0.0029195423488689847,0.08898475559706408,1,
Combined,GPT-2,Grandparent,0.07560171659552334,-0.019721190620650003,0,
Combined,GPT-2,Grandparent,0.04591239533923513,-0.07789638527698953,0,
Combined,GPT-2,Parent,0.08043113164298225,-0.07806584221352682,1,
Combined,GPT-2,Parent,0.03977252460857327,0.02680951389036696,1,
Combined,GPT-2,Child,0.08103509295143412,0.061601085639115455,2,
Combined,GPT-2,Child,0.01661118309359983,-0.0674893011895816,2,
Combined,GPT-2,Grandparent,-0.4920473749299239,0.04478725100161276,0,
Combined,GPT-2,Grandparent,0.06668295396613379,0.09483542335205401,0,
Combined,GPT-2,Parent,0.09473808099884241,0.15113042896229664,1,
Combined,GPT-2,Parent,0.07342702168271811,-0.0004444346023607402,1,
Combined,GPT-2,Grandparent,0.02218004280078625,0.01077235547700974,0,
Combined,GPT-2,Grandparent,0.07784792761334253,0.08339418066048952,0,
Combined,GPT-2,Parent,-0.6885868035638241,0.022151131668503986,1,
Combined,GPT-2,Parent,0.029005659277477988,0.10097263561447023,1,
Combined,GPT-2,Child,0.07330094450198756,0.042566345499577406,2,
Combined,GPT-2,Child,0.03707462591744747,0.013552349145447696,2,
Combined,GPT-2,Grandparent,0.09594284128415811,-0.07368503647058056,0,
Combined,GPT-2,Grandparent,0.04943684212531038,-0.034023649973029424,0,
Combined,GPT-2,Parent,0.05353625427951985,-0.02394308743243344,1,
Combined,GPT-2,Parent,0.05012921724386901,-0.06104385153484167,1,
Combined,GPT-2,Grandparent,0.08725993224707514,0.15403139343799147,0,
Combined,GPT-2,Grandparent,0.08500709571268522,0.0884490191415275,0,
Combined,GPT-2,Parent,-0.6443746824386295,-0.0053847111942305756,1,
Combined,GPT-2,Parent,0.07397448447211791,0.13575333879543966,1,
Combined,GPT-2,Child,0.0708723577014963,0.015268618720403799,2,
Combined,GPT-2,Child,0.03158293404934594,-0.07060117098231333,2,
Combined,GPT-2,Grandparent,0.09036794980275482,-0.027993842217991716,0,
Combined,GPT-2,Grandparent,0.04726078345961751,-0.083315775048488,0,
Combined,GPT-2,Parent,0.07341631761695855,-0.020472876776434248,1,
Combined,GPT-2,Parent,0.074615682858124,-0.03527093437388779,1,
Combined,GPT-2,Grandparent,0.04969046696487412,-0.08274282038405566,0,
Combined,GPT-2,Grandparent,0.006587527934282366,-0.07086134708457449,0,
Combined,GPT-2,Parent,0.07078523809520983,0.08396442380406181,1,
Combined,GPT-2,Parent,-0.5684874139123347,0.025004036043490992,1,
Combined,GPT-2,Child,0.06634709550440211,-0.06376984564765426,2,
Combined,GPT-2,Child,0.10156929663391283,0.09407821070607073,2,
Combined,GPT-2,Grandparent,0.03321933780329964,0.1293509533005631,0,
Combined,GPT-2,Grandparent,0.10050918523542883,-0.050399164366515495,0,
Combined,GPT-2,Parent,0.06752012242848268,-0.039624610282537616,1,
Combined,GPT-2,Parent,0.07642495705031811,-0.035306330596614297,1,
Combined,GPT-2,Grandparent,-0.005767223194694615,0.11040272348932181,0,
Combined,GPT-2,Parent,0.06132854642479684,0.09922707756965968,1,
Combined,GPT-2,Child,-0.5501834427300495,0.041823887047977876,2,
Combined,GPT-2,Child,0.06056171400328278,-0.09973928475484418,2,
Combined,GPT-2,Grandparent,0.06570553323848921,-0.05679667894134559,0,
Combined,GPT-2,Grandparent,0.06961638959629282,-0.06760358532347899,0,
Combined,GPT-2,Parent,0.10585347230491585,0.03821648042008172,1,
Combined,GPT-2,Parent,0.09149260547218245,0.018271454369151438,1,
Combined,GPT-2,Grandparent,0.10848365642511894,0.05910117598323383,0,
Combined,GPT-2,Grandparent,0.10856885665017418,0.10138360021754786,0,
Combined,GPT-2,Parent,0.06361180998914076,0.018215372957767262,1,
Combined,GPT-2,Parent,0.08055379220274911,0.0459890600680012,1,
Combined,GPT-2,Child,0.07919078672107029,-0.012257464692699775,2,
Combined,GPT-2,Child,0.03175372058141575,-0.1122286098594947,2,
Combined,GPT-2,Grandparent,0.0024601115989707125,-0.09688991599519609,0,
Combined,GPT-2,Grandparent,-0.5597083714051531,0.012637423569398974,0,
Combined,GPT-2,Parent,0.05192963266823982,-0.02015732584665399,1,
Combined,GPT-2,Parent,0.05322436917383611,0.02897871605072849,1,
Combined,GPT-2,Grandparent,0.011305973540846356,-0.05293833943333248,0,
Combined,GPT-2,Grandparent,0.08376210179506897,0.031659147066729315,0,
Combined,GPT-2,Parent,-0.4987301607196492,0.0019594534328029,1,
Combined,GPT-2,Child,0.045277592279577124,-0.004024532082414081,2,
Combined,GPT-2,Child,0.11030971677306901,-0.02241461921044628,2,
Combined,GPT-2,Grandparent,0.0735768472415025,-0.017255982956693696,0,
Combined,GPT-2,Grandparent,0.1009680762092324,0.09274921356524798,0,
Combined,GPT-2,Parent,0.10641720536819699,-0.059713153389759695,1,
Combined,GPT-2,Parent,0.03807652001137721,0.1568647815760608,1,
Combined,GPT-2,Grandparent,0.09835443762632957,0.05608711949343544,0,
Combined,GPT-2,Grandparent,0.0882646686700774,-0.045634672774546935,0,
Combined,GPT-2,Parent,0.073776480610106,0.10325448612323541,1,
Combined,GPT-2,Parent,0.10590646965098766,0.11115306685334342,1,
Combined,GPT-2,Child,0.05683632392956564,-0.014422089576301714,2,
Combined,GPT-2,Child,-0.4218792130746539,-0.014605202350426852,2,
Combined,GPT-2,Grandparent,0.04442315432140972,-0.027384166533588824,0,
Combined,GPT-2,Grandparent,0.04829939147858648,0.055243172326178334,0,
Combined,GPT-2,Parent,-0.011923936025403169,-0.11996846309288613,1,
Combined,GPT-2,Parent,0.07319234054260114,-0.05239256570387837,1,
Combined,GPT-2,Grandparent,0.05131916815571073,-0.1524108356822611,0,
Combined,GPT-2,Grandparent,-0.025247373160156458,-0.1591488867551858,0,
Combined,GPT-2,Parent,0.041032271530405916,-0.23361537624496567,1,
Combined,GPT-2,Parent,-0.03863641282809987,-0.2687706636747976,1,
Combined,GPT-2,Child,0.078178606608654,0.05901833272212175,2,
Combined,GPT-2,Child,-0.32351957037443774,0.036099210789227884,2,
Combined,GPT-2,Grandparent,0.086484174826632,0.0416317995521681,0,
Combined,GPT-2,Grandparent,0.0831620518610754,0.0673106224693203,0,
Combined,GPT-2,Parent,0.045140735857048704,0.09453459457293718,1,
Combined,GPT-2,Parent,0.07299482651652295,0.15542384178152857,1,
Combined,GPT-2,Grandparent,0.10877797666345669,0.059125096654843064,0,
Combined,GPT-2,Grandparent,0.08503323003246754,0.08242326898495816,0,
Combined,GPT-2,Parent,0.06086270482299234,-0.019214781800143098,1,
Combined,GPT-2,Parent,0.0793206757510221,0.12623907952494345,1,
Combined,GPT-2,Child,0.03491902507375185,-0.05018317730947595,2,
Combined,GPT-2,Child,0.06373407185810984,0.05101141062299348,2,
Combined,GPT-2,Grandparent,0.10020717280628363,-0.03793350727086763,0,
Combined,GPT-2,Grandparent,-0.01696184718547347,-0.2019050803368409,0,
Combined,GPT-2,Parent,0.046696709277020666,-0.17701811021740868,1,
Combined,GPT-2,Parent,-0.6842146681238747,0.01487704771186225,1,
Combined,GPT-2,Grandparent,0.04706929789554891,-0.04786509829381681,0,
Combined,GPT-2,Grandparent,-0.49945061017861025,-0.001034472572068237,0,
Combined,GPT-2,Parent,0.013844958842287815,0.04258676127029733,1,
Combined,GPT-2,Parent,0.058180227184351715,0.04577797892054541,1,
Combined,GPT-2,Child,0.04441963659708959,0.0024978401387442317,2,
Combined,GPT-2,Child,0.08554719593365528,-0.048859505305074324,2,
Combined,GPT-2,Grandparent,0.09918698155329359,0.11858357081059384,0,
Combined,GPT-2,Grandparent,0.09593438325340355,0.04794899239015578,0,
Combined,GPT-2,Parent,0.08667329348195561,0.10219498879812361,1,
Combined,GPT-2,Parent,0.06201500928751719,0.14884134217626602,1,
Combined,GPT-2,Grandparent,-0.34864248681809257,-0.024286276468950593,0,
Combined,GPT-2,Grandparent,0.05546416349218653,-0.06627197138718202,0,
Combined,GPT-2,Parent,0.06702804142670406,-0.028499811904706702,1,
Combined,GPT-2,Parent,0.11448986379115605,0.1046332432361656,1,
Combined,GPT-2,Child,0.06576810407768902,-0.01727289013988835,2,
Combined,GPT-2,Child,0.06653294124805535,0.07062594415311527,2,
Combined,GPT-2,Grandparent,0.0506591172310035,0.052459684052822045,0,
Combined,GPT-2,Grandparent,0.07443276105942032,0.10842643677244637,0,
Combined,GPT-2,Parent,0.08892989929952612,0.06394983390656435,1,
Combined,GPT-2,Parent,0.056451666328608145,0.08405689273005708,1,
Combined,GPT-2,Grandparent,0.10061056729018174,0.02251782639458721,0,
Combined,GPT-2,Grandparent,0.05822325966000744,0.07695181773344786,0,
Combined,GPT-2,Parent,0.08092988265302778,0.07890944800406902,1,
Combined,GPT-2,Parent,-0.0067573642749316236,0.13973804942494744,1,
Combined,GPT-2,Child,-0.405671975182223,0.013060329454230938,2,
Combined,GPT-2,Child,0.07723018214821459,0.005095337080434783,2,
Combined,GPT-2,Grandparent,0.06462926402003485,0.005146817512632546,0,
Combined,GPT-2,Grandparent,-0.007944818159975902,-0.10289026794156744,0,
Combined,GPT-2,Parent,0.05022906855894511,-0.058329593988852325,1,
Combined,GPT-2,Parent,-0.00565619963182488,0.1773426699244379,1,
Combined,GPT-2,Grandparent,0.01608383286361951,-0.15339576444840644,0,
Combined,GPT-2,Grandparent,0.02205965763062038,-0.12230310718990894,0,
Combined,GPT-2,Parent,-0.004667324900010326,-0.17505382910106743,1,
Combined,GPT-2,Parent,0.02757267408505363,-0.043841098635023536,1,
Combined,GPT-2,Child,0.08534020828658417,0.06000559001075248,2,
Combined,GPT-2,Child,0.04065900418094852,-0.09143492003209419,2,
Combined,GPT-2,Grandparent,0.10556431384437716,-0.018801228522461418,0,
Combined,GPT-2,Grandparent,0.10339630435021321,0.1283826380573813,0,
Combined,GPT-2,Parent,0.05541206599088812,0.06476178839696804,1,
Combined,GPT-2,Parent,-0.39574799280726053,0.032749957345129914,1,
Combined,GPT-2,Grandparent,0.08401168264603597,-0.1379407569228654,0,
Combined,GPT-2,Grandparent,0.04353525235426782,-0.09084258393984085,0,
Combined,GPT-2,Parent,0.06652453895352192,-0.023712079712135323,1,
Combined,GPT-2,Parent,-0.5549992700671801,-0.0015635612586375302,1,
Combined,GPT-2,Child,0.09894078337342396,-0.011195077872243376,2,
Combined,GPT-2,Child,0.07308861194601475,0.011156044424500184,2,
Combined,GPT-2,Grandparent,0.0557423000007543,0.006897527212297723,0,
Combined,GPT-2,Grandparent,0.04941500980438869,0.07042518681194036,0,
Combined,GPT-2,Parent,0.10734654752160007,-0.03357475154405823,1,
Combined,GPT-2,Parent,0.026167880261164348,0.18558060900086512,1,
Combined,GPT-2,Grandparent,0.10169219405893039,-0.017474164736589907,0,
Combined,GPT-2,Grandparent,0.09460909605071748,0.035952441483791994,0,
Combined,GPT-2,Parent,0.13053730125400548,0.009414401476116533,1,
Combined,GPT-2,Parent,0.08043813295692931,0.03824149519174537,1,
Combined,GPT-2,Child,0.08942135358635535,0.007849042825132622,2,
Combined,GPT-2,Child,-0.4608012611350156,-0.01972128678540059,2,
Combined,GPT-2,Grandparent,-0.07335307508955587,-0.0604010220264766,0,
Combined,GPT-2,Grandparent,-0.01497704850003255,0.17040943327419156,0,
Combined,GPT-2,Parent,0.037169455248864273,0.030982641166670932,1,
Combined,GPT-2,Parent,-0.03665657639735929,0.1687012425994183,1,
Combined,GPT-2,Grandparent,-0.09974923479280534,-0.13923022714157296,0,
Combined,GPT-2,Grandparent,0.10021886341797191,-0.07179374631972626,0,
Combined,GPT-2,Parent,0.05581624211517357,0.04476290974956471,1,
Combined,GPT-2,Parent,-0.7333451118396891,0.022430793738520603,1,
Combined,GPT-2,Child,0.010676050623600256,-0.08206343290396897,2,
Combined,GPT-2,Child,0.10123126114613805,0.005032180927174821,2,
Combined,GPT-2,Grandparent,0.07518426369732557,0.037381945009895605,0,
Combined,GPT-2,Grandparent,0.0668939473260554,0.04791246202495949,0,
Combined,GPT-2,Parent,0.07557975683023568,0.015046718807549337,1,
Combined,GPT-2,Parent,0.0402957837659823,0.009331953082571108,1,
Combined,GPT-2,Grandparent,0.05444578878381673,-0.09198141971324734,0,
Combined,GPT-2,Grandparent,0.08483691809379217,-0.03433494649964883,0,
Combined,GPT-2,Parent,0.04969296892430056,-0.04303978756115483,1,
Combined,GPT-2,Parent,0.006492633794008629,-0.08495924009794419,1,
Combined,GPT-2,Child,0.06113612611569864,-0.002230552721457741,2,
Combined,GPT-2,Child,0.10189929165408708,0.011944920155901585,2,
Combined,GPT-2,Grandparent,-0.5258039527070772,0.027010108659383934,0,
Combined,GPT-2,Grandparent,0.07429282602207929,0.11865931777186484,0,
Combined,GPT-2,Parent,-0.022384680208741698,0.0308960659917023,1,
Combined,GPT-2,Grandparent,-0.003126063919940686,-0.06415335652185285,0,
Combined,GPT-2,Grandparent,0.09830014576152207,0.05649485156248663,0,
Combined,GPT-2,Parent,0.043470272183560706,-0.0041700318607837475,1,
Combined,GPT-2,Parent,0.025670628450874946,-0.005001249928749017,1,
Combined,GPT-2,Child,0.09059026267378965,-0.0511906742497807,2,
Combined,GPT-2,Child,-0.4050443476939365,0.037484967845213886,2,
Combined,GPT-2,Grandparent,0.03546851108468528,0.013680020226428925,0,
Combined,GPT-2,Grandparent,0.0784820068349216,-0.031933733506099626,0,
Combined,GPT-2,Parent,0.0444459922541764,0.10995020409258541,1,
Combined,GPT-2,Parent,0.005744347135078373,0.029600677283338303,1,
Combined,GPT-2,Grandparent,0.10982832437180726,-0.01697346704088654,0,
Combined,GPT-2,Grandparent,0.034716931577824406,-0.05095403457573415,0,
Combined,GPT-2,Parent,0.11561016928089156,-0.0028209809334012437,1,
Combined,GPT-2,Parent,-0.5144810429410123,0.035883979550667564,1,
Combined,GPT-2,Child,0.08775298031763305,-0.00714558571787834,2,
Combined,GPT-2,Child,0.06498768636981696,0.024593279997181867,2,
Combined,GPT-2,Grandparent,0.026831315408384494,-0.04443295509731261,0,
Combined,GPT-2,Grandparent,0.017895081632863654,-0.0010019284765601896,0,
Combined,GPT-2,Parent,0.07436567246063573,-0.10086547256935063,1,
Combined,GPT-2,Parent,0.06210188809572126,-0.09156226827268736,1,
Combined,GPT-2,Grandparent,0.06681685168632981,0.15850725981364996,0,
Combined,GPT-2,Grandparent,0.008136258532294592,-0.1114725974463371,0,
Combined,GPT-2,Parent,-0.4646616685419912,0.015589763077498889,1,
Combined,GPT-2,Parent,0.025259273139844714,-0.05481245856535439,1,
Combined,GPT-2,Child,0.08490423345635946,-0.07032331787582827,2,
Combined,GPT-2,Child,-0.0066995577662926605,-0.05082904884884441,2,
Combined,GPT-2,Grandparent,0.0973710251949024,0.004975559814957334,0,
Combined,GPT-2,Grandparent,0.055324273312316735,0.048859716655564114,0,
Combined,GPT-2,Parent,0.08967853283425513,0.03681762130237269,1,
Combined,GPT-2,Parent,0.07805641599524031,0.11335545943622592,1,
Combined,GPT-2,Grandparent,0.05919925605405397,0.2005127370303598,0,
Combined,GPT-2,Grandparent,0.04840997267806429,0.16683956492528437,0,
Combined,GPT-2,Parent,-0.6948891402299234,-0.0022320739348710068,1,
Combined,GPT-2,Parent,-0.12043228736193284,-0.037343116598551045,1,
Combined,GPT-2,Child,0.09419158309946704,0.00576076953567631,2,
Combined,GPT-2,Child,0.07187813530770287,0.07323378107001005,2,
Combined,GPT-2,Grandparent,0.09370842199628983,-0.04208396679055579,0,
Combined,GPT-2,Grandparent,0.14056074557881637,-0.09983730880234218,0,
Combined,GPT-2,Parent,0.10442413310709307,0.07529236791547395,1,
Combined,GPT-2,Parent,0.11374659835877621,-0.02390694244875113,1,
Combined,GPT-2,Grandparent,0.008241283744620584,-0.07069725617563948,0,
Combined,GPT-2,Grandparent,0.11009161107822528,0.040810553615955564,0,
Combined,GPT-2,Parent,0.12774597050333678,0.027797961216152647,1,
Combined,GPT-2,Parent,-0.595626382957039,0.021770596894022706,1,
Combined,GPT-2,Child,0.0705427726412361,0.025391703949845617,2,
Combined,GPT-2,Child,0.05741476097603554,-0.08987154549853718,2,
Combined,GPT-2,Grandparent,0.08489839182978326,-0.04661933094885346,0,
Combined,GPT-2,Grandparent,0.03903203545194148,-0.009250869766414763,0,
Combined,GPT-2,Parent,0.10959344256272327,0.10100911074651288,1,
Combined,GPT-2,Parent,-0.010736531977844719,-0.2627782646094272,1,
Combined,GPT-2,Grandparent,0.10522261423710301,-0.030467023955905885,0,
Combined,GPT-2,Parent,0.08143075995300243,-0.0600928970423132,1,
Combined,GPT-2,Parent,0.06943443377047984,-0.1051925550858301,1,
Combined,GPT-2,Child,0.03703701381099533,0.08613243968256429,2,
Combined,GPT-2,Child,0.07124902737929446,0.003201865280370733,2,
Combined,GPT-2,Grandparent,0.059926790395168635,0.013097277289838588,0,
Combined,GPT-2,Grandparent,-0.4175293103401733,0.019598698804464278,0,
Combined,GPT-2,Parent,0.05001703326509919,-0.05052133651297097,1,
Combined,GPT-2,Parent,0.023768606580082546,-0.02756629752184743,1,
Combined,GPT-2,Grandparent,0.09305442236021394,0.02011256686963168,0,
Combined,GPT-2,Grandparent,0.08426728196204564,0.07946079355522408,0,
Combined,GPT-2,Parent,0.06282096029830336,-0.02525618844295608,1,
Combined,GPT-2,Parent,0.06553453293586388,0.10484215578338578,1,
Combined,GPT-2,Child,0.04919382656257873,-0.00970888452049243,2,
Combined,GPT-2,Child,0.0585072355436567,0.023538856312292383,2,
Combined,GPT-2,Grandparent,-0.6391711894630601,0.038523002737351986,0,
Combined,GPT-2,Grandparent,0.0520114108790627,0.00625186541510756,0,
Combined,GPT-2,Parent,0.08387648068387023,0.009956239140200237,1,
Combined,GPT-2,Parent,0.034899947461003444,0.05413916822686587,1,
Combined,GPT-2,Grandparent,0.09789975450581452,-0.10116224698853622,0,
Combined,GPT-2,Grandparent,0.002694202663881941,-0.2273816802738159,0,
Combined,GPT-2,Parent,0.011443250266733108,-0.11273249490484792,1,
Combined,GPT-2,Parent,0.0414502468575066,-0.13107674922078205,1,
Combined,GPT-2,Child,-0.49583740701560575,0.016552276867293537,2,
Combined,GPT-2,Child,0.07539049213811101,0.056593206264547745,2,
Combined,GPT-2,Grandparent,0.061143344654474206,0.0948820244201801,0,
Combined,GPT-2,Grandparent,0.07974792415101736,0.10654487419921489,0,
Combined,GPT-2,Parent,0.0814524878653364,0.11369910968609932,1,
Combined,GPT-2,Parent,0.023412641243089657,0.1349785453011725,1,
Combined,GPT-2,Grandparent,0.08404179965139175,0.06750230175255491,0,
Combined,GPT-2,Grandparent,0.11056574264976693,-0.011926102386713695,0,
Combined,GPT-2,Parent,0.1020161868114508,0.021927603908239238,1,
Combined,GPT-2,Parent,0.10809701216292479,0.008628902437202825,1,
Combined,GPT-2,Child,0.11661185111681245,-0.010799741152236277,2,
Combined,GPT-2,Child,0.07980023992971293,0.016827293334197156,2,
Combined,GPT-2,Grandparent,0.010845156205794982,-0.014136209348636295,0,
Combined,GPT-2,Grandparent,0.03227767651797642,-0.03629757191449769,0,
Combined,GPT-2,Parent,0.06207609372598128,-0.093393824381139,1,
Combined,GPT-2,Parent,-0.6414890515994007,0.009217942713250967,1,
Combined,GPT-2,Grandparent,0.07054935689091364,-0.17060996172223164,0,
Combined,GPT-2,Grandparent,0.013103924088767276,-0.07641265807770882,0,
Combined,GPT-2,Parent,-0.448478068782048,0.005652195852351744,1,
Combined,GPT-2,Parent,0.05845273958242485,-0.1620525656504096,1,
Combined,GPT-2,Child,0.05801354307589297,-0.014012545865716989,2,
Combined,GPT-2,Child,0.010302148995251795,0.004025905087769769,2,
Combined,GPT-2,Grandparent,0.053124560045889266,0.02269171165454511,0,
Combined,GPT-2,Grandparent,0.08583732212029271,-0.006537134791849906,0,
Combined,GPT-2,Parent,0.05683214171775668,0.15385697123055264,1,
Combined,GPT-2,Parent,0.08162106381323506,0.08529843055284908,1,
Combined,GPT-2,Grandparent,0.07604150535278532,-0.06732217834006111,0,
Combined,GPT-2,Grandparent,0.010291050119633681,-0.16974724606480834,0,
Combined,GPT-2,Parent,-0.5584685901705099,0.003995178207753,1,
Combined,GPT-2,Parent,0.05697298456828185,-0.016161392392194406,1,
Combined,GPT-2,Child,0.1082648296602914,-0.012156528489128314,2,
Combined,GPT-2,Child,-0.04662797701417278,-0.08765485835597049,2,
Combined,GPT-2,Grandparent,0.06702170925278257,0.027008949843579953,0,
Combined,GPT-2,Grandparent,0.08957948456970824,0.04103969662928524,0,
Combined,GPT-2,Parent,0.10955051950671009,0.03578178174978915,1,
Combined,GPT-2,Parent,0.018131048296494087,0.034423423736987376,1,
Combined,GPT-2,Grandparent,0.07153863998665268,0.07496163480453696,0,
Combined,GPT-2,Grandparent,0.04968972135599411,-0.10086773408781412,0,
Combined,GPT-2,Parent,0.04542402172806546,0.032995206349035806,1,
Combined,GPT-2,Parent,0.08123347984725099,0.06959416724855252,1,
Combined,GPT-2,Child,0.07162897265044214,-0.027866953499695597,2,
Combined,GPT-2,Child,-0.022440812792689172,-0.11764447600005862,2,
Combined,GPT-2,Grandparent,-0.5367900246896732,-0.0034987623388861673,0,
Combined,GPT-2,Grandparent,0.0767520778959012,-0.08343869009692155,0,
Combined,GPT-2,Parent,0.02407051393391173,0.009275999487268143,1,
Combined,GPT-2,Parent,0.04464361339314591,0.0557685994761053,1,
Combined,GPT-2,Grandparent,0.031160900494346413,-0.09643557537759576,0,
Combined,GPT-2,Grandparent,-0.6882971517068303,0.031935651163863585,0,
Combined,GPT-2,Parent,0.05878129976777023,0.009028427503057641,1,
Combined,GPT-2,Child,0.06651501892250893,0.07742955231400529,2,
Combined,GPT-2,Child,0.05920988014715805,0.0014692444239991183,2,
Combined,GPT-2,Grandparent,0.09368150750955537,0.056285998977010365,0,
Combined,GPT-2,Grandparent,0.09268124498652462,-0.03822025256046419,0,
Combined,GPT-2,Parent,0.09760517158451647,0.0456143465382763,1,
Combined,GPT-2,Parent,0.08466971989512168,0.018309500871079444,1,
Combined,GPT-2,Grandparent,0.10337455921659222,0.018141407191225437,0,
Combined,GPT-2,Grandparent,0.1191004519046196,-0.021326730149526508,0,
Combined,GPT-2,Parent,0.09662192703682503,0.0482246075842719,1,
Combined,GPT-2,Parent,0.010014002158554162,0.07516251331550308,1,
Combined,GPT-2,Child,0.009204317475839639,-0.0590112663453046,2,
Combined,GPT-2,Child,0.09819548203313842,0.015711880810334176,2,
Combined,GPT-2,Grandparent,0.013483395356840096,-0.06514988172528462,0,
Combined,GPT-2,Grandparent,-0.01724259332702627,-0.058881331614257126,0,
Combined,GPT-2,Parent,0.06244101010297262,0.027921005399150607,1,
Combined,GPT-2,Parent,-0.6510639484138294,0.012624596792915069,1,
Combined,GPT-2,Grandparent,0.07946056460683326,-0.05143122106401973,0,
Combined,GPT-2,Grandparent,0.06487517947194003,-0.0737380340596428,0,
Combined,GPT-2,Parent,0.03972706219829193,-0.08670203160873294,1,
Combined,GPT-2,Parent,-0.5852624066814474,-0.01697197708378834,1,
Combined,GPT-2,Child,-0.006570910997112775,0.013106315318950606,2,
Combined,GPT-2,Child,0.031039261222941393,-0.06345490274726477,2,
Combined,GPT-2,Grandparent,0.06090043119298946,-0.02406052835550949,0,
Combined,GPT-2,Grandparent,0.09548496065611048,0.06285427451260492,0,
Combined,GPT-2,Parent,0.07264298117203667,0.1163411381396686,1,
Combined,GPT-2,Parent,0.07425307494366891,0.09776167181404544,1,
Combined,GPT-2,Grandparent,0.061527665013034014,-0.03651672950606653,0,
Combined,GPT-2,Grandparent,0.06335480424360201,0.09282217565383903,0,
Combined,GPT-2,Parent,0.0664799977995777,0.02179645141422544,1,
Combined,GPT-2,Parent,-0.02241795823210057,0.16737843116112486,1,
Combined,GPT-2,Child,0.07432871369471604,0.07332738415979095,2,
Combined,GPT-2,Child,0.04073401427106118,-0.010016034956680853,2,
Combined,GPT-2,Grandparent,-0.4604826289928285,-0.0424187996324813,0,
Combined,GPT-2,Grandparent,0.08612984442913711,0.020818353431767737,0,
Combined,GPT-2,Parent,0.06832902830573856,-0.06612710361221638,1,
Combined,GPT-2,Parent,0.06084653066406011,-0.11562385113521638,1,
Combined,GPT-2,Grandparent,0.08853795003585233,-0.026032652809551964,0,
Combined,GPT-2,Grandparent,0.05555322448422085,0.07823605843359972,0,
Combined,GPT-2,Parent,0.05677979513960361,-0.014051898884203303,1,
Combined,GPT-2,Parent,0.02627650225845252,0.1367080904571579,1,
Combined,GPT-2,Child,0.08974667199174968,-0.07447026874987557,2,
Combined,GPT-2,Child,0.024846880842819028,-0.04594057453611941,2,
Combined,GPT-2,Grandparent,-0.5353012102242612,0.04300580521781913,0,
Combined,GPT-2,Grandparent,0.039826551010336206,-0.059439074143396775,0,
Combined,GPT-2,Parent,0.05111092864709553,-0.022983733623240046,1,
Combined,GPT-2,Parent,0.06430031954314487,0.07554762616975597,1,
Combined,GPT-2,Grandparent,0.05082275604345859,-0.10556649643631998,0,
Combined,GPT-2,Grandparent,-0.0018968437392754705,-0.12131796357660643,0,
Combined,GPT-2,Parent,-0.0006969088886421262,-0.08746522698922163,1,
Combined,GPT-2,Parent,-0.5637064058030039,-0.013169054466593886,1,
Combined,GPT-2,Child,0.10106779038880087,0.03423558019521619,2,
Combined,GPT-2,Child,0.07291454222162745,0.07833677448447808,2,
Combined,GPT-2,Grandparent,0.06880164164291937,-0.030877060042313585,0,
Combined,GPT-2,Grandparent,0.04699748212795174,0.10973822011774292,0,
Combined,GPT-2,Parent,0.08340192454119123,0.07519873928030167,1,
Combined,GPT-2,Parent,-0.02416002228384574,0.15913332403886346,1,
Combined,GPT-2,Grandparent,0.09080162177960152,0.019222359665071985,0,
Combined,GPT-2,Grandparent,0.09399863167705638,0.0454107421228448,0,
Combined,GPT-2,Parent,0.09034349216148495,0.15644738078797957,1,
Combined,GPT-2,Parent,0.0903827251268033,0.1688212097758632,1,
Combined,GPT-2,Child,0.06959720779821649,-0.13387980287699605,2,
Combined,GPT-2,Child,0.07639298078685242,-0.08495333665298092,2,
Combined,GPT-2,Grandparent,-0.10836122104740083,-0.28666244867627766,0,
Combined,GPT-2,Grandparent,-0.001678937563722663,-0.24840760017120309,0,
Combined,GPT-2,Parent,-0.6385582064086155,-0.01612071909883122,1,
Combined,GPT-2,Parent,-0.12753742848784091,-0.2709128978572783,1,
Combined,GPT-2,Grandparent,0.04095596039289123,-0.07673970467346289,0,
Combined,GPT-2,Grandparent,0.062164660068396035,-0.0022460817153033483,0,
Combined,GPT-2,Parent,0.07719430992035534,0.07197513690987874,1,
Combined,GPT-2,Child,0.08320905228019966,0.01780555689905206,2,
Combined,GPT-2,Child,0.016586993941047526,-0.06147874020689251,2,
Combined,GPT-2,Grandparent,0.10834323837404604,0.01478329908124304,0,
Combined,GPT-2,Grandparent,-0.460575941664511,0.02393432047481021,0,
Combined,GPT-2,Parent,0.08838551517945543,0.01797788231159843,1,
Combined,GPT-2,Parent,0.11522518261426135,0.026296275295673292,1,
Combined,GPT-2,Grandparent,0.06972062838596514,0.02055657496275697,0,
Combined,GPT-2,Grandparent,0.11588354455601906,0.05302037575288725,0,
Combined,GPT-2,Parent,-0.43900776913821393,0.01967663418237448,1,
Combined,GPT-2,Parent,0.0796659922217712,0.11096737305105182,1,
Combined,GPT-2,Child,0.068138048211046,-0.022753636963054977,2,
Combined,GPT-2,Child,0.04223490464370142,-0.08449723883513295,2,
Combined,GPT-2,Grandparent,0.10318281656300397,-0.017480055150730745,0,
Combined,GPT-2,Grandparent,0.11503615455371838,-0.07783901785988737,0,
Combined,GPT-2,Parent,0.05866773654650583,-0.12140108172790998,1,
Combined,GPT-2,Parent,0.0638996304643571,0.027485092021719813,1,
Combined,GPT-2,Grandparent,0.09508969243540265,0.029763942654412796,0,
Combined,GPT-2,Grandparent,0.0754097896720081,-0.05339647127195108,0,
Combined,GPT-2,Parent,0.0807973939221215,0.039905781874806354,1,
Combined,GPT-2,Parent,0.09896963755133938,0.0705720817461877,1,
Combined,GPT-2,Child,-0.43042275018092957,0.019326184035352537,2,
Combined,GPT-2,Child,0.05203055445265551,-0.04517807001844892,2,
Combined,GPT-2,Grandparent,0.07048941102145385,0.13230866949998116,0,
Combined,GPT-2,Grandparent,0.03819799477402523,-0.015639795769976626,0,
Combined,GPT-2,Parent,0.037663478586015625,0.06452749316463692,1,
Combined,GPT-2,Parent,0.013583504035827615,0.10000196440573511,1,
Combined,GPT-2,Grandparent,0.07535671984151159,-0.009816681581336131,0,
Combined,GPT-2,Grandparent,-0.4362223646914315,-0.024941245044580576,0,
Combined,GPT-2,Parent,0.045729514236453904,0.015176753877520434,1,
Combined,GPT-2,Parent,0.006410962507828021,0.1943626751256664,1,
Combined,GPT-2,Child,0.09859560972261357,-0.021909354520818266,2,
Combined,GPT-2,Child,-0.03546341545329919,-0.08623250105437001,2,
Combined,GPT-2,Grandparent,0.05825181400045436,0.007401011936142785,0,
Combined,GPT-2,Grandparent,0.052918798206985536,0.0844553477605426,0,
Combined,GPT-2,Parent,0.04715253075069486,0.0877996104804664,1,
Combined,GPT-2,Parent,-0.00723096993085142,0.0834498751687052,1,
Combined,GPT-2,Grandparent,0.09786894148752501,0.06081797963999378,0,
Combined,GPT-2,Grandparent,0.08233615034459975,0.11875084040862927,0,
Combined,GPT-2,Parent,-0.32211095890322183,0.06266121674309005,1,
Combined,GPT-2,Parent,0.013242915936087696,0.10805595857673564,1,
Combined,GPT-2,Child,0.06007931607492733,-0.02129411260531255,2,
Combined,GPT-2,Child,0.03296262197520312,0.1351971231292249,2,
Combined,GPT-2,Grandparent,0.08126035292490745,-0.10830547769747409,0,
Combined,GPT-2,Grandparent,0.04598023158393627,-0.16439092064399213,0,
Combined,GPT-2,Parent,0.02766108234177012,-0.10453672298976867,1,
Combined,GPT-2,Parent,-0.065681638543601,-0.2711707746021275,1,
Combined,GPT-2,Grandparent,0.02554739642947787,0.055763060480296923,0,
Combined,GPT-2,Grandparent,0.10337554182656625,0.01659856887338537,0,
Combined,GPT-2,Parent,0.0818418944791914,-0.06142509263422903,1,
Combined,GPT-2,Parent,0.0725531731667443,-0.05369143940762606,1,
Combined,GPT-2,Child,0.04288039709604141,0.043351093955209634,2,
Combined,GPT-2,Child,0.05568214629880978,0.06233359483157354,2,
Combined,GPT-2,Grandparent,0.0777116421761538,0.09848184351664274,0,
Combined,GPT-2,Grandparent,-0.48816557631781293,-0.0051123649175028795,0,
Combined,GPT-2,Parent,0.03896709353409324,-0.05699571171458447,1,
Combined,GPT-2,Parent,0.09198229581678041,0.054092378510639645,1,
Combined,GPT-2,Grandparent,0.07159708126348732,-0.07022266161339602,0,
Combined,GPT-2,Grandparent,0.1080292540200727,0.006509057573709034,0,
Combined,GPT-2,Parent,0.04285275088533006,-0.07171831394934365,1,
Combined,GPT-2,Parent,0.033673219628013853,-0.028887734426818426,1,
Combined,GPT-2,Child,0.07576762306718562,0.07344131129707107,2,
Combined,GPT-2,Child,-0.3452569724431708,0.0118820332521898,2,
Combined,GPT-2,Grandparent,-0.031914851044791706,-0.04410299534868903,0,
Combined,GPT-2,Grandparent,0.10011238829770307,0.05424157015899429,0,
Combined,GPT-2,Parent,0.06561755049274616,0.1067376476410039,1,
Combined,GPT-2,Parent,0.088740678054245,-0.07093569780099884,1,
Combined,GPT-2,Grandparent,0.015501961555631024,-0.04329547361627705,0,
Combined,GPT-2,Grandparent,0.07588665608927639,0.003781699642856706,0,
Combined,GPT-2,Parent,0.05091567140224711,0.0759177595886759,1,
Combined,GPT-2,Parent,0.038254852588854825,0.11672687776359271,1,
Combined,GPT-2,Child,0.07791604635606583,-0.025079999469395924,2,
Combined,GPT-2,Child,-0.4841940972526444,0.016454496437606346,2,
Combined,GPT-2,Grandparent,0.050772024240580596,-0.00843839871560234,0,
Combined,GPT-2,Grandparent,0.08323162084292658,-0.06648019185308557,0,
Combined,GPT-2,Parent,0.05949302661908804,-0.10141879078948889,1,
Combined,GPT-2,Parent,0.056000509217906586,0.05122259888235398,1,
Combined,GPT-2,Grandparent,0.047993697636190574,-0.02691878397304303,0,
Combined,GPT-2,Grandparent,0.057474994376838756,-0.04567455882374949,0,
Combined,GPT-2,Parent,-0.45679537555656785,0.03803946782729141,1,
Combined,GPT-2,Parent,0.04591737310634001,-0.006751805455981476,1,
Combined,GPT-2,Child,0.10118065318991083,0.023909521903899757,2,
Combined,GPT-2,Child,0.07905140751540264,-0.02540901542383262,2,
Combined,GPT-2,Grandparent,0.08893019767020163,0.04851982286207018,0,
Combined,GPT-2,Grandparent,0.01630525453376306,0.0602259355852247,0,
Combined,GPT-2,Parent,0.06887782420873952,-0.017734773435483207,1,
Combined,GPT-2,Parent,0.044518062932450045,-0.13381971833633244,1,
Combined,GPT-2,Grandparent,0.07903187093679391,-0.02873355228737808,0,
Combined,GPT-2,Grandparent,0.10098623828896888,-0.011802247585803859,0,
Combined,GPT-2,Parent,0.04496748315186617,-0.03881533046739902,1,
Combined,GPT-2,Parent,0.07754006550075215,0.03048517817227227,1,
Combined,GPT-2,Child,0.08829502882171934,0.05208538585748365,2,
Combined,GPT-2,Child,-0.5154548314540418,0.0032726749251808128,2,
Combined,GPT-2,Grandparent,0.012726780360108925,0.13342046621030568,0,
Combined,GPT-2,Grandparent,-0.020289058339449228,0.1131283311318916,0,
Combined,GPT-2,Parent,0.08899166747784158,0.02775575509277053,1,
Combined,GPT-2,Grandparent,0.08096906470559985,-0.1195914552601806,0,
Combined,GPT-2,Grandparent,0.10530981528685907,-0.04944928838639156,0,
Combined,GPT-2,Parent,0.090505948349507,-0.017587063508536706,1,
Combined,GPT-2,Parent,0.03959646035767052,-0.06767661907193445,1,
Combined,GPT-2,Child,0.04092233334512989,-0.08093227418751615,2,
Combined,GPT-2,Child,0.10939274415089789,0.0023936891376351594,2,
Combined,GPT-2,Grandparent,0.03407293485897909,-0.01950135918791135,0,
Combined,GPT-2,Grandparent,0.04761574136367086,0.1282526303613436,0,
Combined,GPT-2,Parent,-0.5613343035442805,0.03799290782907164,1,
Combined,GPT-2,Parent,0.07190034905733185,0.17770005851804693,1,
Combined,GPT-2,Grandparent,0.08435668802432097,-0.07025372493671547,0,
Combined,GPT-2,Grandparent,0.044282952294224576,-0.1772440237526226,0,
Combined,GPT-2,Parent,0.08317417236279499,-0.018794069807570854,1,
Combined,GPT-2,Parent,-0.5384001892408753,-0.033163529164869844,1,
Combined,GPT-2,Child,0.10028219162142327,0.01689453857490896,2,
Combined,GPT-2,Child,0.10851888830271125,0.04302060857768613,2,
Combined,GPT-2,Grandparent,0.08554127241338245,0.04237673918704854,0,
Combined,GPT-2,Grandparent,0.09172987637284385,0.04169328297239923,0,
Combined,GPT-2,Parent,0.08576512037092353,0.07223545222513628,1,
Combined,GPT-2,Parent,0.09961189230628736,0.07423995820591332,1,
Combined,GPT-2,Grandparent,-0.5817297039001796,0.037865380172951005,0,
Combined,GPT-2,Grandparent,0.0548863011098764,0.106362124547245,0,
Combined,GPT-2,Parent,0.10774962359719442,0.09269223711409766,1,
Combined,GPT-2,Parent,0.06227481243235153,0.07144506270903096,1,
Combined,GPT-2,Child,0.04889680602677141,-0.07184107286974255,2,
Combined,GPT-2,Child,0.06351074454078975,-0.005127495810873079,2,
Combined,GPT-2,Grandparent,0.07792108367812041,-0.003472081102713003,0,
Combined,GPT-2,Grandparent,0.0776608551879354,-0.0885083434601955,0,
Combined,GPT-2,Parent,0.07642473768422325,-0.014701298269280799,1,
Combined,GPT-2,Parent,0.06469193673943573,0.0068815673919728985,1,
Combined,GPT-2,Grandparent,0.082075697883007,0.009489296764931245,0,
Combined,GPT-2,Grandparent,0.0247445699246895,-0.004595335342405307,0,
Combined,GPT-2,Parent,0.042384777910492756,-0.06323597515245272,1,
Combined,GPT-2,Parent,0.07585412196236284,0.011726832827599381,1,
Combined,GPT-2,Child,0.03284957479005314,-0.07033020709291604,2,
Combined,GPT-2,Child,0.022816474178420396,0.07792273707366756,2,
Combined,GPT-2,Grandparent,0.03947061562593202,0.12120270296823121,0,
Combined,GPT-2,Grandparent,-0.006930991835795496,-0.20925465271137839,0,
Combined,GPT-2,Parent,-0.5057304329292664,0.0256929046789307,1,
Combined,GPT-2,Grandparent,0.07399397340738462,-0.026188632753148682,0,
Combined,GPT-2,Grandparent,0.06362323423438887,0.11139917200736682,0,
Combined,GPT-2,Parent,0.10902540271735213,0.043972424285352724,1,
Combined,GPT-2,Parent,0.046521257344127535,0.00643049669697859,1,
Combined,GPT-2,Child,0.057848530063088495,-0.06494880174781704,2,
Combined,GPT-2,Child,0.07582915174997332,-0.04009538344550516,2,
Combined,GPT-2,Grandparent,0.0011894877852827194,-0.0052283569504034235,0,
Combined,GPT-2,Grandparent,0.050789053365332994,0.04500669353184517,0,
Combined,GPT-2,Parent,-0.36177288544314706,0.0016687259109489645,1,
Combined,GPT-2,Parent,-0.0356187341655717,0.17872438235722035,1,
Combined,GPT-2,Grandparent,0.08164869628479136,-0.1274230619534876,0,
Combined,GPT-2,Grandparent,-0.5992509572891623,-0.002782159773413372,0,
Combined,GPT-2,Parent,0.07274917994370594,-0.020497000486079813,1,
Combined,GPT-2,Parent,0.0641769117069727,0.07386907422637758,1,
Combined,GPT-2,Child,0.0692672365590466,0.006530971629792294,2,
Combined,GPT-2,Child,0.06303460999129279,-0.029395545656126194,2,
Combined,GPT-2,Grandparent,0.041819572456540804,0.10357651755131196,0,
Combined,GPT-2,Grandparent,0.06801269636130715,0.11753010796813664,0,
Combined,GPT-2,Parent,0.04483010407567742,0.08812408900184664,1,
Combined,GPT-2,Parent,0.012599544606154542,0.2330367343888506,1,
Combined,GPT-2,Grandparent,0.06643275340000578,0.12245359602302817,0,
Combined,GPT-2,Grandparent,0.02681448926328144,0.09332010106162879,0,
Combined,GPT-2,Parent,-0.004231303682967245,0.17690637255369854,1,
Combined,GPT-2,Parent,0.017477269662733965,0.2172913666014121,1,
Combined,GPT-2,Child,-0.44115893182745025,0.012067716768693061,2,
Combined,GPT-2,Child,0.06967134741591374,-0.0560980856277771,2,
Combined,GPT-2,Grandparent,0.06353573771938807,-0.06753311495752576,0,
Combined,GPT-2,Grandparent,0.054576444121151556,-0.13180098785093744,0,
Combined,GPT-2,Parent,0.05635365288980341,0.0031254453714843994,1,
Combined,GPT-2,Parent,0.06750543333317455,0.0447423828878892,1,
Combined,GPT-2,Grandparent,-0.04824167774469164,-0.05236362548355257,0,
Combined,GPT-2,Grandparent,0.005344921740875776,-0.09741339376310086,0,
Combined,GPT-2,Parent,0.0996948976779112,0.07157490451792571,1,
Combined,GPT-2,Parent,0.0022432487281630388,-0.07873722738728811,1,
Combined,GPT-2,Child,0.07313890170432175,0.04537680432715946,2,
Combined,GPT-2,Child,0.05746536029835084,-0.0066484166499673515,2,
Combined,GPT-2,Grandparent,0.03983886380593495,0.01746697327190669,0,
Combined,GPT-2,Grandparent,-0.5263072223854092,-0.022379754004986558,0,
Combined,GPT-2,Parent,0.059002149148398096,0.010019555681509989,1,
Combined,GPT-2,Parent,0.0893190386514504,-0.041542790202473895,1,
Combined,GPT-2,Grandparent,0.1084387227906951,-0.01011589927515122,0,
Combined,GPT-2,Grandparent,0.08925888576015224,-0.07296972769885161,0,
Combined,GPT-2,Parent,-0.38800177600353813,0.00804094972597019,1,
Combined,GPT-2,Parent,0.09012377092527088,-0.028554589896737433,1,
Combined,GPT-2,Child,0.1021846523744655,-0.036072719955827864,2,
Combined,GPT-2,Child,0.017015620027762794,-0.130675931920348,2,
Combined,GPT-2,Grandparent,0.03021652135972489,0.18798856724785337,0,
Combined,GPT-2,Grandparent,-0.05561648306734675,0.07289447541654855,0,
Combined,GPT-2,Parent,0.05674346057144514,0.11645454000778512,1,
Combined,GPT-2,Parent,0.04197139522145169,0.19080845890639317,1,
Combined,GPT-2,Grandparent,0.08036966230739657,-0.09364341300479077,0,
Combined,GPT-2,Grandparent,-0.6013073004827444,-0.001338156155583126,0,
Combined,GPT-2,Parent,0.014083147338049374,-0.07967681811291374,1,
Combined,GPT-2,Child,0.09137524685428099,0.02570093215142669,2,
Combined,GPT-2,Child,0.042989365063104516,-0.10607780044321334,2,
Combined,GPT-2,Grandparent,0.1026712886570709,0.024100834446663954,0,
Combined,GPT-2,Grandparent,0.11691567182545456,0.08464712130255053,0,
Combined,GPT-2,Parent,0.06635050532127815,0.03161773865132068,1,
Combined,GPT-2,Parent,0.06478732880331835,0.15411194177421325,1,
Combined,GPT-2,Grandparent,0.08494090015879734,0.006920879426341655,0,
Combined,GPT-2,Grandparent,0.09126985769533544,-0.05795683587683656,0,
Combined,GPT-2,Parent,0.10954278869973018,0.005581660133886864,1,
Combined,GPT-2,Child,0.005012718334352748,-0.1163792193344441,2,
Combined,GPT-2,Child,-0.4130151297524054,-0.008349341663632742,2,
Combined,GPT-2,Grandparent,0.04194940024138732,0.13676920512566748,0,
Combined,GPT-2,Grandparent,0.01979395729613945,0.091569464562307,0,
Combined,GPT-2,Parent,0.04295006497544586,0.06462969604832978,1,
Combined,GPT-2,Parent,0.015464330305146169,0.13107069216014466,1,
Combined,GPT-2,Grandparent,0.07840877432222275,-0.11899729825865052,0,
Combined,GPT-2,Grandparent,-0.02643883584040012,-0.08008012163243464,0,
Combined,GPT-2,Parent,0.06896665066502931,-0.09649856249739026,1,
Combined,GPT-2,Parent,0.049431468311204735,-0.07257354821789615,1,
Combined,GPT-2,Child,0.05267941192880894,-0.01103232407083696,2,
Combined,GPT-2,Child,-0.3966433450858876,-0.010026501314645069,2,
Combined,GPT-2,Grandparent,0.06437447100012032,-0.0064255186439793124,0,
Combined,GPT-2,Grandparent,0.0263727539619406,0.08789533377383583,0,
Combined,GPT-2,Parent,0.08672746107562741,0.023995463619121263,1,
Combined,GPT-2,Parent,0.0726377020001866,0.16692750103702628,1,
Combined,GPT-2,Grandparent,0.08129797846739298,0.12496093610856887,0,
Combined,GPT-2,Grandparent,0.041653018792427055,0.0017885962879373885,0,
Combined,GPT-2,Parent,-0.43936384863341604,0.010699667833048867,1,
Combined,GPT-2,Parent,0.07732962013623092,0.0843781982276425,1,
Combined,GPT-2,Child,0.10792463241882329,0.0309171318623427,2,
Combined,GPT-2,Child,0.04155586210494493,-0.06234647248301623,2,
Combined,GPT-2,Grandparent,0.06910358684728121,0.09514139721514658,0,
Combined,GPT-2,Grandparent,0.07645241775824889,-0.03051535881702428,0,
Combined,GPT-2,Parent,0.09145049020172512,0.0011638261501372756,1,
Combined,GPT-2,Parent,0.04365564146747194,-0.047227439209249565,1,
Combined,GPT-2,Grandparent,0.036094813305904916,-0.14636888895918412,0,
Combined,GPT-2,Grandparent,0.0743843256403704,0.03835486233263948,0,
Combined,GPT-2,Parent,-0.45129152650154336,0.026688709039380518,1,
Combined,GPT-2,Parent,0.02716043389157954,-0.07043771926328354,1,
Combined,GPT-2,Child,0.1044064867506575,-0.025530561276656837,2,
Combined,GPT-2,Child,0.048904669491049144,0.0812531260227196,2,
Combined,GPT-2,Grandparent,0.1225422080954642,-0.06793056404665915,0,
Combined,GPT-2,Grandparent,0.11389870783939454,-0.10814803433608858,0,
Combined,GPT-2,Parent,0.10225133593666477,-0.06651122625221718,1,
Combined,GPT-2,Parent,0.08854255417562004,-0.02780894213787074,1,
Combined,GPT-2,Grandparent,0.07995318590134225,0.060262488652570056,0,
Combined,GPT-2,Grandparent,0.10357682010226488,0.05503456906991129,0,
Combined,GPT-2,Parent,0.08604674551038281,0.11997393238679833,1,
Combined,GPT-2,Parent,0.0804330844383831,0.14896593510710582,1,
Combined,GPT-2,Child,0.10187629743094843,-0.021662254516405865,2,
Combined,GPT-2,Child,0.0989362473020748,-0.04150388843969014,2,
Combined,GPT-2,Grandparent,0.06086483138725785,0.01643479994389903,0,
Combined,GPT-2,Grandparent,0.031076587418752657,-0.16870746011517665,0,
Combined,GPT-2,Parent,0.08197836335001166,-0.08881513870952866,1,
Combined,GPT-2,Parent,-0.690655170558102,-0.0015307952829919248,1,
Combined,GPT-2,Grandparent,0.08458280184202316,0.062324774563187225,0,
Combined,GPT-2,Grandparent,0.12674156904190279,0.09606291516836754,0,
Combined,GPT-2,Parent,0.12894657224888847,0.02081137359150814,1,
Combined,GPT-2,Parent,0.07829943594123148,0.06032879816712912,1,
Combined,GPT-2,Child,0.09804351246749929,-0.04423251684318243,2,
Combined,GPT-2,Child,0.09467623238692119,-0.052179320363824284,2,
Combined,GPT-2,Grandparent,0.023165067111381804,-0.18257353632305795,0,
Combined,GPT-2,Grandparent,-0.013394104918240756,-0.19787559784090603,0,
Combined,GPT-2,Parent,-0.5888926254561435,0.021671436965618233,1,
Combined,GPT-2,Grandparent,0.10240902544711163,0.07443509391626148,0,
Combined,GPT-2,Grandparent,0.09502085438049732,0.007894011476983482,0,
Combined,GPT-2,Parent,0.07236487517048698,0.13226145467053413,1,
Combined,GPT-2,Parent,0.08542750500888041,-0.027877961280558222,1,
Combined,GPT-2,Child,-0.5661957132050635,-0.0071181030873667716,2,
Combined,GPT-2,Child,0.05608375291745413,0.07047582383432012,2,
Combined,GPT-2,Grandparent,0.0598081337559427,-0.005100492630872879,0,
Combined,GPT-2,Grandparent,0.0139540440282226,-0.13243548980030817,0,
Combined,GPT-2,Parent,0.07795318630729972,0.09687562089461554,1,
Combined,GPT-2,Parent,0.06032944682004377,-0.04343798197273562,1,
Combined,GPT-2,Grandparent,0.06914630596820687,0.06617488528920694,0,
Combined,GPT-2,Grandparent,0.09364712304671154,0.05887485949353582,0,
Combined,GPT-2,Parent,0.02069234846233014,0.076057164541825,1,
Combined,GPT-2,Parent,0.052579032384804034,0.07686187736167026,1,
Combined,GPT-2,Child,-0.008073067810219808,-0.0686131588436858,2,
Combined,GPT-2,Child,0.10493450606969122,-0.03807195681058302,2,
Combined,GPT-2,Grandparent,0.04150013423558715,-0.1326047479859188,0,
Combined,GPT-2,Grandparent,0.05212909161227227,-0.12741328315680264,0,
Combined,GPT-2,Parent,-0.648943387096599,0.011170522071246424,1,
Combined,GPT-2,Grandparent,0.09331656337221818,0.006032572796444994,0,
Combined,GPT-2,Grandparent,-0.44719143462668454,-0.012075160838407593,0,
Combined,GPT-2,Parent,0.02741049444154082,0.028635303031387338,1,
Combined,GPT-2,Parent,0.049892001866036935,0.02728133733665901,1,
Combined,GPT-2,Child,0.10411318543130452,-0.0771258467980445,2,
Combined,GPT-2,Child,0.08161802470634487,-0.022299739692202003,2,
Combined,GPT-2,Grandparent,0.024955043141207743,-0.04210746932033196,0,
Combined,GPT-2,Grandparent,0.021807497513862056,0.07553264721971431,0,
Combined,GPT-2,Parent,0.044282173281187234,0.01477001184623372,1,
Combined,GPT-2,Parent,0.06083164531379942,0.07086329405381134,1,
Combined,GPT-2,Grandparent,0.13163012413411335,-0.05719554821414529,0,
Combined,GPT-2,Grandparent,0.10372809765127322,-0.05540615600604085,0,
Combined,GPT-2,Parent,0.05745315363828267,0.011841022052679836,1,
Combined,GPT-2,Parent,0.09901315667405801,-0.010144088731925205,1,
Combined,GPT-2,Child,0.05891661665311792,-0.007604522312900806,2,
Combined,GPT-2,Child,0.07423432405484412,-0.0054351048178583345,2,
Combined,GPT-2,Grandparent,0.006320120255049914,0.19693987082027348,0,
Combined,GPT-2,Grandparent,-0.010939084771820802,0.1628363785874035,0,
Combined,GPT-2,Parent,-0.49744635468323695,0.03371495806446462,1,
Combined,GPT-2,Parent,-0.11585044787203717,-0.06767686511504993,1,
Combined,GPT-2,Grandparent,0.10980872071448944,-0.030208752093917136,0,
Combined,GPT-2,Grandparent,0.0402348838687812,-0.10816986195413042,0,
Combined,GPT-2,Parent,-0.1526056601233194,-0.2633309707150315,1,
Combined,GPT-2,Parent,0.0830740837351812,0.013336087728185212,1,
Combined,GPT-2,Child,0.07050840961664821,0.028929373271386,2,
Combined,GPT-2,Child,0.07175080093033992,0.04513174996000285,2,
Combined,GPT-2,Grandparent,-0.5241930215276743,-0.004539857284548515,0,
Combined,GPT-2,Grandparent,0.08099769514657688,0.10639570025993988,0,
Combined,GPT-2,Parent,-0.007747619264459856,0.0012258618788163447,1,
Combined,GPT-2,Parent,0.04221398780083523,-0.04990687987988662,1,
Combined,GPT-2,Grandparent,0.03342506219622609,0.08988918122427901,0,
Combined,GPT-2,Grandparent,-0.4923779840590992,-0.0015240895567540183,0,
Combined,GPT-2,Parent,0.07110294537808232,0.045044500797946536,1,
Combined,GPT-2,Parent,-0.021647181320266558,-0.24381722193617136,1,
Combined,GPT-2,Child,0.0916676472630962,0.03995328446052344,2,
Combined,GPT-2,Child,0.01775471019651483,-0.037280929510741585,2,
Combined,GPT-2,Grandparent,0.10524775623712967,0.014860055119524483,0,
Combined,GPT-2,Grandparent,0.10554659660217376,-0.060640970767313174,0,
Combined,GPT-2,Parent,0.12342021917707315,0.026613798910222856,1,
Combined,GPT-2,Parent,0.11478481579778756,-0.06455769166015383,1,
Combined,GPT-2,Grandparent,0.06244370342741854,-0.13809633773992044,0,
Combined,GPT-2,Grandparent,0.025875489091501207,-0.04358282612552677,0,
Combined,GPT-2,Parent,0.12138949169762216,-0.007133449609078196,1,
Combined,GPT-2,Parent,-0.02795546712928277,-0.22234737161933488,1,
Combined,GPT-2,Child,-0.2877097743111492,0.008465834101835521,2,
Combined,GPT-2,Child,-0.001026631290419807,-0.029935472797065876,2,
Combined,GPT-2,Grandparent,0.09953729670316676,0.06878289182645381,0,
Combined,GPT-2,Grandparent,0.08015007368608512,0.10846374202352853,0,
Combined,GPT-2,Parent,0.12610014714812015,0.02528012715663862,1,
Combined,GPT-2,Parent,0.05850706373035553,0.15579787658534613,1,
Combined,GPT-2,Grandparent,0.150202121185646,0.04780114808108387,0,
Combined,GPT-2,Grandparent,0.06416598740939594,-0.03274343095184427,0,
Combined,GPT-2,Parent,0.08777911727592645,0.1071707947448462,1,
Combined,GPT-2,Parent,0.05583244539129296,0.11295898038074485,1,
Combined,GPT-2,Child,-0.4544951699905244,0.028442276745495546,2,
Combined,GPT-2,Child,0.11158237046672419,0.040694274768864384,2,
Combined,GPT-2,Grandparent,-0.03363390551336324,-0.2703539422852669,0,
Combined,GPT-2,Grandparent,0.0459601851866546,-0.03193444742931959,0,
Combined,GPT-2,Parent,0.046199021084480735,-0.0005944072075132949,1,
Combined,GPT-2,Parent,0.032854045484615374,-0.1821173350068639,1,
Combined,GPT-2,Grandparent,0.10128423197674029,0.00036883448734256134,0,
Combined,GPT-2,Grandparent,0.08480934127605995,-0.0008468293793611095,0,
Combined,GPT-2,Parent,0.029325212382299456,-0.08405794622403703,1,
Combined,GPT-2,Parent,-0.5224791933567504,0.009616170297569655,1,
Combined,GPT-2,Child,0.0523055594849799,0.15433527966167493,2,
Combined,GPT-2,Child,0.08189216507582905,-0.014619272606250802,2,
Combined,GPT-2,Grandparent,0.029974750974318076,-0.05552063037540765,0,
Combined,GPT-2,Grandparent,0.10037114617791876,0.037062305034103536,0,
Combined,GPT-2,Parent,0.034368327839019885,-0.042874837582749514,1,
Combined,GPT-2,Parent,0.06753912393777582,-0.04580990822254246,1,
Combined,GPT-2,Grandparent,0.09461452303240656,0.03474771617514447,0,
Combined,GPT-2,Grandparent,0.13483334445557715,0.05921917831660697,0,
Combined,GPT-2,Parent,0.0941687726832841,-0.012935723746300387,1,
Combined,GPT-2,Parent,0.04968229736633368,0.10981560257519848,1,
Combined,GPT-2,Child,0.09818565518319794,0.06014632526796476,2,
Combined,GPT-2,Child,0.059586073539550435,-0.02804953730372031,2,
Combined,GPT-2,Grandparent,-0.036466059521697534,-0.20192903827086614,0,
Combined,GPT-2,Parent,0.020350799145019628,-0.20000112432755696,1,
Combined,GPT-2,Parent,-0.6515013141928412,-0.0004245167279293567,1,
Combined,GPT-2,Grandparent,0.08308417077518673,-0.022860940282316985,0,
Combined,GPT-2,Grandparent,0.1060554167894077,0.05028535651128433,0,
Combined,GPT-2,Parent,0.032822683592630075,-0.10844168972817046,1,
Combined,GPT-2,Parent,0.062062158125904474,0.04892645679167983,1,
Combined,GPT-2,Child,0.07741050977376701,-0.017004044230721153,2,
Combined,GPT-2,Child,-0.3630676766345223,-0.004281416823077135,2,
Combined,GPT-2,Grandparent,0.0763687863694658,0.08950621745879897,0,
Combined,GPT-2,Grandparent,0.1008660401730386,0.001531495306819752,0,
Combined,GPT-2,Parent,0.07157081215759062,0.04222380129104019,1,
Combined,GPT-2,Parent,0.04543514283706845,-0.0060731579307805655,1,
Combined,GPT-2,Grandparent,0.04746308036212875,-0.08444463936530652,0,
Combined,GPT-2,Grandparent,0.12722746601168275,-0.11847948406066365,0,
Combined,GPT-2,Parent,0.0825672870612402,-0.006895187596488739,1,
Combined,GPT-2,Parent,0.1435369279978993,-0.039293636578520266,1,
Combined,GPT-2,Child,0.012514879308743647,-0.01817006717592125,2,
Combined,GPT-2,Child,-0.4573144268698139,0.024753230585484735,2,
Combined,GPT-2,Grandparent,0.03530734972246091,0.018411894371922668,0,
Combined,GPT-2,Grandparent,0.04258455918197609,0.0910567167576176,0,
Combined,GPT-2,Parent,0.056941547165950235,0.13654097780369703,1,
Combined,GPT-2,Parent,-0.004101898884175478,0.2065965359993434,1,
Combined,GPT-2,Grandparent,0.015217445867672267,0.03340693265089974,0,
Combined,GPT-2,Grandparent,-0.05090695213804608,-0.18931990499200183,0,
Combined,GPT-2,Parent,-0.5329407713667548,-0.02230265387050734,1,
Combined,GPT-2,Child,0.08415922419816299,-0.05702983781594572,2,
Combined,GPT-2,Child,0.016110076282819488,-0.018578445695529685,2,
Combined,GPT-2,Grandparent,0.09929134870349714,0.06982695850447206,0,
Combined,GPT-2,Grandparent,0.08021521689578227,0.058018489508381704,0,
Combined,GPT-2,Parent,0.0644437567608867,0.0892096536363931,1,
Combined,GPT-2,Parent,0.11527668927340524,-0.07175475341451931,1,
Combined,GPT-2,Grandparent,0.10165618397470734,0.04300987043086579,0,
Combined,GPT-2,Grandparent,0.09527158725715772,0.07053021599148722,0,
Combined,GPT-2,Parent,0.048816104058743426,0.06550849018597346,1,
Combined,GPT-2,Parent,0.11089523643935074,0.07729841310298445,1,
Combined,GPT-2,Child,0.04838369316255365,0.02126919177468009,2,
Combined,GPT-2,Child,0.0978473645713997,-0.11136397666907268,2,
Combined,GPT-2,Grandparent,0.010455682889974647,-0.10992612024601066,0,
Combined,GPT-2,Grandparent,0.01784041590541493,-0.20573935052321,0,
Combined,GPT-2,Parent,0.010795886423615252,-0.11432688039266711,1,
Combined,GPT-2,Parent,-0.6470594448251747,0.04280386791443923,1,
Combined,GPT-2,Grandparent,0.0724194407309534,-0.0769889752983178,0,
Combined,GPT-2,Grandparent,0.08029928661193611,-0.008766195338708099,0,
Combined,GPT-2,Parent,0.06623861836909638,-0.1452493241934549,1,
Combined,GPT-2,Parent,0.0609085785585945,-0.09450938788585136,1,
Combined,GPT-2,Child,0.022004682543313055,-0.016417499066625502,2,
Combined,GPT-2,Child,0.04988618461670981,-0.011862191652972042,2,
Combined,GPT-2,Grandparent,0.05689929672588312,0.04591506611542369,0,
Combined,GPT-2,Grandparent,0.08755577797629342,0.08289769415195511,0,
Combined,GPT-2,Parent,0.04480386468689743,-0.03714418633733383,1,
Combined,GPT-2,Parent,-0.4733590514603357,0.04869199748833307,1,
Combined,GPT-2,Grandparent,0.06631529934639063,-0.15988374581957818,0,
Combined,GPT-2,Grandparent,0.03376817468701704,-0.07806498030960661,0,
Combined,GPT-2,Parent,0.09330645906463135,0.04860409411159419,1,
Combined,GPT-2,Parent,0.02785600961323895,0.02312016712855472,1,
Combined,GPT-2,Child,-0.47670823124358114,-0.00729529962327937,2,
Combined,GPT-2,Child,0.08430068170291104,-0.031442666179804256,2,
Combined,GPT-2,Grandparent,0.09689082523739297,0.060817395841246916,0,
Combined,GPT-2,Grandparent,0.0469068238081102,0.11123293844938603,0,
Combined,GPT-2,Parent,0.0800004500772016,0.0877769903384587,1,
Combined,GPT-2,Parent,0.0614942386620118,0.016159258857604386,1,
Combined,GPT-2,Grandparent,-0.5674334593590687,0.014216056597363644,0,
Combined,GPT-2,Grandparent,0.13596007406576896,0.05147018152085028,0,
Combined,GPT-2,Parent,0.10275370184644679,0.022735176488703872,1,
Combined,GPT-2,Parent,0.13503941260187982,0.036561219611804065,1,
Combined,GPT-2,Child,0.045423392048498955,-0.01503586963007559,2,
Combined,GPT-2,Child,0.04051839154311429,-0.05159327877259254,2,
Combined,GPT-2,Grandparent,0.0683701580782364,-0.07780014631219695,0,
Combined,GPT-2,Grandparent,0.07129419059698586,0.018161122142371963,0,
Combined,GPT-2,Parent,0.056871704765852585,-0.06029010576759237,1,
Combined,GPT-2,Parent,0.030388408262333067,-0.04497477651668976,1,
Combined,GPT-2,Grandparent,0.07737400010319986,-0.017688924722371272,0,
Combined,GPT-2,Grandparent,0.04814305498035298,-0.12158628423015991,0,
Combined,GPT-2,Parent,0.020827892652290927,-0.10216197834415576,1,
Combined,GPT-2,Parent,0.06941039642003587,-0.013984144440368303,1,
Combined,GPT-2,Child,0.0476029449129676,-0.013454284959381885,2,
Combined,GPT-2,Child,0.047829848135743425,0.09642469878273084,2,
Combined,GPT-2,Grandparent,-0.520338277803488,0.04976645902636686,0,
Combined,GPT-2,Grandparent,0.07111810719210712,0.11503493068958454,0,
Combined,GPT-2,Parent,-0.01597610472052213,0.05329015857677464,1,
Combined,GPT-2,Grandparent,0.09551832549264042,0.10069497289170867,0,
Combined,GPT-2,Grandparent,0.035643729967586225,0.08493803740335923,0,
Combined,GPT-2,Parent,0.050970486445954644,-0.04193491366142419,1,
Combined,GPT-2,Parent,0.0800245257230775,0.12218480612985803,1,
Combined,GPT-2,Child,0.08310923755637582,-0.06446568273533712,2,
Combined,GPT-2,Child,0.03058180259554413,-0.008180789760324136,2,
Combined,GPT-2,Grandparent,0.0764832417817999,-0.1017033846619651,0,
Combined,GPT-2,Grandparent,-0.0024936548976621682,-0.13127844008934203,0,
Combined,GPT-2,Parent,-0.5507572044193444,-0.04784424868046384,1,
Combined,GPT-2,Parent,0.07343917721793312,-0.10163776279089418,1,
Combined,GPT-2,Grandparent,0.05693329453022636,0.04757755987631076,0,
Combined,GPT-2,Grandparent,0.04999991323693779,0.07510127217922337,0,
Combined,GPT-2,Parent,-0.0037815291966311845,-0.08542219256692543,1,
Combined,GPT-2,Parent,0.06871539900619,0.04000520650423051,1,
Combined,GPT-2,Child,0.051663383165654005,0.000882208562511122,2,
Combined,GPT-2,Child,-0.4269960604321591,0.01577889386540839,2,
Combined,GPT-2,Grandparent,0.07374842078081163,-0.035538528824632806,0,
Combined,GPT-2,Grandparent,0.07902408679353531,0.07791387074876162,0,
Combined,GPT-2,Parent,0.0673356450074671,-0.06758846627919646,1,
Combined,GPT-2,Parent,0.062041884141707915,0.022539122141015742,1,
Combined,GPT-2,Grandparent,0.03291971672070413,-0.01827121321859857,0,
Combined,GPT-2,Grandparent,0.10777159782640092,0.0033175810474878826,0,
Combined,GPT-2,Parent,0.05177429163633627,-0.06322184228058993,1,
Combined,GPT-2,Parent,-0.5692807539687356,-0.02204449746878988,1,
Combined,GPT-2,Child,0.08031899821929207,0.017662690618288922,2,
Combined,GPT-2,Child,0.08456305961012071,-0.0003946815251455978,2,
Combined,GPT-2,Grandparent,0.019255819050394998,0.1279801687944575,0,
Combined,GPT-2,Grandparent,0.07785296310418653,-0.04229253852949759,0,
Combined,GPT-2,Parent,0.013368348942745424,0.15323290751070937,1,
Combined,GPT-2,Parent,0.019963830592293504,0.09363449790990182,1,
Combined,GPT-2,Grandparent,0.06530834525394162,-0.1252370219439552,0,
Combined,GPT-2,Child,0.02360037262744786,-0.0921745127023895,2,
Combined,GPT-2,Child,0.08794678399000048,0.07233042095740262,2,
Combined,GPT-2,Grandparent,0.07456589258597796,0.012023996261855583,0,
Combined,GPT-2,Grandparent,0.08503330225290945,0.008009259563701174,0,
Combined,GPT-2,Parent,-0.44755908949820233,0.026793571363864697,1,
Combined,GPT-2,Parent,0.11188382084260118,0.036711591424537296,1,
Combined,GPT-2,Grandparent,-0.5269639282237051,0.0078047884438569234,0,
Combined,GPT-2,Grandparent,0.030772746492749626,0.034000364859804885,0,
Combined,GPT-2,Parent,0.08991971030882968,0.11585141948635949,1,
Combined,GPT-2,Parent,0.07179688742153223,0.11410447384863372,1,
Combined,GPT-2,Child,0.017898055298036095,-0.08591854187335675,2,
Combined,GPT-2,Child,0.08526437688945827,-0.052479221785569644,2,
Combined,GPT-2,Grandparent,0.05742246116222246,0.07005981015226302,0,
Combined,GPT-2,Grandparent,0.06434911391751424,-0.11248824644422951,0,
Combined,GPT-2,Parent,0.05137192893715518,-0.05819338004337828,1,
Combined,GPT-2,Parent,0.08557932270991517,-0.10834598039187873,1,
Combined,GPT-2,Grandparent,0.09265330856994265,0.014569753016668033,0,
Combined,GPT-2,Grandparent,0.09190185344162578,0.07396356455568381,0,
Combined,GPT-2,Parent,0.046206744261006495,-0.21099697722924676,1,
Combined,GPT-2,Parent,0.039041766985928,0.11262915619537496,1,
Combined,GPT-2,Child,0.08972478745733752,-0.04114123974432692,2,
Combined,GPT-2,Child,0.07537486163813109,-0.03153646183816238,2,
Combined,GPT-2,Grandparent,-0.4809879246791729,0.01573652214700706,0,
Combined,GPT-2,Grandparent,0.07404789867783303,0.035495750102510513,0,
Combined,GPT-2,Parent,0.07978517394574741,0.02736116653071862,1,
Combined,GPT-2,Parent,0.06901609202200315,0.09112143164431165,1,
Combined,GPT-2,Grandparent,0.10421913976056658,-0.04722543158105511,0,
Combined,GPT-2,Grandparent,0.08050270826848593,-0.03769042880267622,0,
Combined,GPT-2,Parent,0.0764040161459026,-0.08008781754654752,1,
Combined,GPT-2,Parent,0.09650554034812797,-0.08631943866070246,1,
Combined,GPT-2,Child,0.029685968590442556,0.052573356263891126,2,
Combined,GPT-2,Child,0.003712825903593981,-0.09409767987090845,2,
Combined,GPT-2,Grandparent,0.0412692935230105,0.15561791949931236,0,
Combined,GPT-2,Grandparent,-0.4993957729303693,0.02144140149143123,0,
Combined,GPT-2,Parent,0.03970526590378726,-0.05280974243221359,1,
Combined,GPT-2,Parent,0.018023929913821374,0.027203081982752134,1,
Combined,GPT-2,Grandparent,0.11287627127359567,-0.011675826455252832,0,
Combined,GPT-2,Grandparent,0.08046096425394286,0.010712998287390826,0,
Combined,GPT-2,Parent,0.09689368586925527,0.05590216038609565,1,
Combined,GPT-2,Parent,0.071370649107371,0.018862929436900475,1,
Combined,GPT-2,Child,0.017033394746685977,-0.08595967421812654,2,
Combined,GPT-2,Child,0.08772217729745954,0.04420802120975245,2,
Combined,GPT-2,Grandparent,0.06884277065176105,-0.012651823500081812,0,
Combined,GPT-2,Grandparent,0.07163355212616586,-0.1191808696383862,0,
Combined,GPT-2,Parent,0.04616512506517184,-0.04985179149365335,1,
Combined,GPT-2,Parent,-0.6377262716289834,0.01970543635541882,1,
Combined,GPT-2,Grandparent,-0.009387062859780314,-0.16480771706607966,0,
Combined,GPT-2,Grandparent,0.026937559048139534,0.14535185644644164,0,
Combined,GPT-2,Parent,-0.536538119796155,-0.0034661209863983775,1,
Combined,GPT-2,Parent,-0.07538113350866742,-0.2741454030941976,1,
Combined,GPT-2,Child,0.08273213038969304,0.04260177776243292,2,
Combined,GPT-2,Child,0.09030275417483885,0.005731298340840813,2,
Combined,GPT-2,Grandparent,0.09295078947675577,0.036529110740031644,0,
Combined,GPT-2,Grandparent,0.08208275492544927,0.025257437556232727,0,
Combined,GPT-2,Parent,0.052608052558461835,0.019418730742142423,1,
Combined,GPT-2,Parent,0.07673621202964298,0.002515876514897398,1,
Combined,GPT-2,Grandparent,-0.6030473935506306,-0.022183070212238965,0,
Combined,GPT-2,Grandparent,0.02527467791813426,-0.14384053878041034,0,
Combined,GPT-2,Parent,0.10156596960945438,0.0443261935713663,1,
Combined,GPT-2,Parent,0.07086783910225389,0.037807848123722246,1,
Combined,GPT-2,Child,0.07229207515490006,0.02731923693805636,2,
Combined,GPT-2,Child,0.08848793736976159,0.048695331153686794,2,
Combined,GPT-2,Grandparent,0.11055547726123328,-0.021928752306414043,0,
Combined,GPT-2,Grandparent,0.10659416544473262,-0.005124594292991676,0,
Combined,GPT-2,Parent,0.09346801470420707,0.016873429608672334,1,
Combined,GPT-2,Parent,0.07910778999133501,0.015781513357493747,1,
Combined,GPT-2,Grandparent,0.09299521596761635,-0.084749637910252,0,
Combined,GPT-2,Grandparent,0.11036665314658853,-0.035626965896930214,0,
Combined,GPT-2,Parent,0.08699244925330685,-0.1485414305216215,1,
Combined,GPT-2,Parent,0.12190140979769809,-0.012695246882759978,1,
Combined,GPT-2,Child,-0.5226258996242253,0.017216373350871166,2,
Combined,GPT-2,Child,0.059925954052713906,-0.004062219152864708,2,
Combined,GPT-2,Grandparent,0.07180616655005372,0.1316982717076204,0,
Combined,GPT-2,Grandparent,0.04821925500552251,0.04576061884321329,0,
Combined,GPT-2,Parent,0.08881773188628837,-0.008820381535578124,1,
Combined,GPT-2,Parent,0.05832415758165339,0.10975221444522712,1,
Combined,GPT-2,Grandparent,0.06288432760962494,-0.019439557974817726,0,
Combined,GPT-2,Grandparent,0.06738767861445215,-0.03782848032540998,0,
Combined,GPT-2,Parent,0.03107659415719325,0.19709185630587042,1,
Combined,GPT-2,Parent,0.05097011708779781,-0.09386376842595248,1,
Combined,GPT-2,Child,0.0741144772383663,0.05585523246157334,2,
Combined,GPT-2,Child,0.0744557419868952,0.06219682817546902,2,
Combined,GPT-2,Grandparent,0.08656113676902089,0.07354022841660744,0,
Combined,GPT-2,Grandparent,0.07782886908203572,0.03381312057004603,0,
Combined,GPT-2,Parent,0.01851173194673756,-0.010959408757793764,1,
Combined,GPT-2,Parent,-0.594364520116678,-0.0015903689927817177,1,
Combined,GPT-2,Grandparent,0.10993012073080692,0.07336741071000394,0,
Combined,GPT-2,Grandparent,0.07494187816871314,-0.07469605250074664,0,
Combined,GPT-2,Parent,-0.4255243566745525,0.046014780724522746,1,
Combined,GPT-2,Parent,0.11187686080597753,-0.09736435073218784,1,
Combined,GPT-2,Child,0.052160650847565264,0.026738361934851528,2,
Combined,GPT-2,Child,0.0632585657164276,-0.009043101044935387,2,
Combined,GPT-2,Grandparent,0.03992434378964505,-0.03902342603950759,0,
Combined,GPT-2,Grandparent,0.0672900277990126,-0.005053029432572956,0,
Combined,GPT-2,Parent,0.08012607323427175,0.05953427730055998,1,
Combined,GPT-2,Parent,0.0456035421537587,0.11880217814792914,1,
Combined,GPT-2,Grandparent,0.07771902071234688,-0.003589026794991617,0,
Combined,GPT-2,Grandparent,-0.4021976445699677,0.01414795739536188,0,
Combined,GPT-2,Parent,0.10354515427712409,0.034122740017201995,1,
Combined,GPT-2,Parent,0.07167030672447097,-0.004243432769945012,1,
Combined,GPT-2,Child,0.07760377870020434,-0.030901024606959614,2,
Combined,GPT-2,Child,0.0709884713514933,-0.0077682744133196445,2,
Combined,GPT-2,Grandparent,0.02388734801348378,0.006761680477039024,0,
Combined,GPT-2,Grandparent,-0.03787704385507763,0.150355068087974,0,
Combined,GPT-2,Parent,0.0480746934363865,-0.022608699527568468,1,
Combined,GPT-2,Grandparent,0.027685736052093058,0.011916192743522225,0,
Combined,GPT-2,Grandparent,0.007437231732043287,0.0005582687214710626,0,
Combined,GPT-2,Parent,0.06730482614624571,0.13033060519031886,1,
Combined,GPT-2,Parent,0.007149192071585376,0.17647387917771068,1,
Combined,GPT-2,Child,0.061530033206474564,0.036051794987412136,2,
Combined,GPT-2,Child,0.07108745717866628,0.0190597440180341,2,
Combined,GPT-2,Grandparent,0.0568499370304119,-0.049179705485141,0,
Combined,GPT-2,Grandparent,0.10421159832079376,-0.06611214281744915,0,
Combined,GPT-2,Parent,0.09064037719521761,-0.09425459379378058,1,
Combined,GPT-2,Parent,-0.647408008251682,0.006508809508931439,1,
Combined,GPT-2,Grandparent,-0.6079145466793693,-0.03318883226714426,0,
Combined,GPT-2,Parent,0.07538237302908217,-0.13274249821466239,1,
Combined,GPT-2,Parent,-0.08022856087021363,-0.26429013080665775,1,
Combined,GPT-2,Child,0.03619208086103887,-0.05958439496507605,2,
Combined,GPT-2,Child,0.0846944384253606,0.10492863319140286,2,
Combined,GPT-2,Grandparent,0.08833243034547962,0.09688673560028682,0,
Combined,GPT-2,Grandparent,0.09754159462493571,0.03975550720605627,0,
Combined,GPT-2,Parent,0.12027174022261107,-0.024429376678844542,1,
Combined,GPT-2,Parent,0.08283633605408085,0.12256741036827828,1,
Combined,GPT-2,Grandparent,0.08978334099806644,0.01646528150094862,0,
Combined,GPT-2,Grandparent,0.08222359675191904,-0.048087565642837705,0,
Combined,GPT-2,Parent,0.07668787641131748,0.010034769739579941,1,
Combined,GPT-2,Parent,0.10624321010882237,-0.04821117971138618,1,
Combined,GPT-2,Child,0.02624402039216386,-0.060839150792883476,2,
Combined,GPT-2,Child,0.01095326865479151,-0.05707380824010723,2,
Combined,GPT-2,Grandparent,0.026837321359540842,-0.04359832585421189,0,
Combined,GPT-2,Grandparent,0.09014727167775241,0.07110663585234663,0,
Combined,GPT-2,Parent,0.035022142461366965,0.014897517892207368,1,
Combined,GPT-2,Parent,-0.5588712238809845,0.0269533190445187,1,
Combined,GPT-2,Grandparent,-0.006569648661007297,-0.053231010164261,0,
Combined,GPT-2,Grandparent,-0.6459504191639159,-0.020911492792502432,0,
Combined,GPT-2,Parent,0.021863362869091643,-0.22563543907103195,1,
Combined,GPT-2,Parent,-0.07004839444214314,-0.28260986254745435,1,
Combined,GPT-2,Child,0.06815342763008533,-0.03665773342464593,2,
Combined,GPT-2,Child,0.07703517724794914,0.03603817201913196,2,
Combined,GPT-2,Grandparent,0.05728150736049343,0.043476797892445504,0,
Combined,GPT-2,Grandparent,0.10474494028622608,0.030794171114817588,0,
Combined,GPT-2,Parent,0.04998410749003531,0.09182155682558,1,
Combined,GPT-2,Parent,0.08961284194189349,0.1061561508019469,1,
Combined,GPT-2,Grandparent,0.05047713068398194,-0.1374791752618123,0,
Combined,GPT-2,Grandparent,0.06253476088669789,-0.10374953473976137,0,
Combined,GPT-2,Parent,0.08855289935032508,0.025324281734339826,1,
Combined,GPT-2,Parent,-0.4795825475658797,-0.0174479105565313,1,
Combined,GPT-2,Child,0.07597363249368795,0.06074679425457994,2,
Combined,GPT-2,Child,0.019900901971337467,0.022701314505126132,2,
Combined,GPT-2,Grandparent,0.032808552000995486,0.2018253014876961,0,
Combined,GPT-2,Grandparent,0.02481666031761479,0.14707381094616406,0,
Combined,GPT-2,Parent,0.02850328416663325,0.17967908616360062,1,
Combined,GPT-2,Parent,0.011662124982611826,0.21039167684176407,1,
Combined,GPT-2,Grandparent,0.07517555727186646,-0.007974193026282878,0,
Combined,GPT-2,Grandparent,0.04429277354404277,-0.07808025975228905,0,
Combined,GPT-2,Parent,0.036671201588290764,-0.11080236945502779,1,
Combined,GPT-2,Parent,-0.6393786178984172,0.006231934679725106,1,
Combined,GPT-2,Child,-0.0021232150717569553,0.07980496558111735,2,
Combined,GPT-2,Child,0.05311309373368787,-0.044292020526478265,2,
Combined,GPT-2,Grandparent,0.04287779455822454,0.10416810175788602,0,
Combined,GPT-2,Grandparent,0.02594665458210249,0.09939574188063573,0,
Combined,GPT-2,Parent,0.0009571510095966,0.1475828578331247,1,
Combined,GPT-2,Parent,0.021434567545722646,0.07442145054869373,1,
Combined,GPT-2,Grandparent,0.09349211728286083,0.04642455855645622,0,
Combined,GPT-2,Grandparent,-0.024643802078043137,-0.13479812712862133,0,
Combined,GPT-2,Parent,0.10739953513614901,-0.008610651023909992,1,
Combined,GPT-2,Parent,-0.5546332896361958,0.04908734958093082,1,
Combined,GPT-2,Child,0.05975188132831724,-0.019310467694268203,2,
Combined,GPT-2,Child,0.049082506366672884,0.008752796495580539,2,
Combined,GPT-2,Grandparent,0.05366071752476544,0.019534808155791616,0,
Combined,GPT-2,Parent,0.020269596520757063,0.04865172758335914,1,
Combined,GPT-2,Parent,-0.054616312366137565,0.19720848279670367,1,
Combined,GPT-2,Grandparent,0.02601252280144718,0.10969334024491284,0,
Combined,GPT-2,Grandparent,-0.3573181469898213,-0.0009737508919821703,0,
Combined,GPT-2,Parent,0.039494578517018146,-0.18328111101496694,1,
Combined,GPT-2,Parent,0.08371928724509953,-0.015856957840362423,1,
Combined,GPT-2,Child,0.04016808037796257,0.015332430734738625,2,
Combined,GPT-2,Child,0.011852774887681567,-0.001915118242739746,2,
Combined,GPT-2,Grandparent,0.07415027339380775,0.08835895293489072,0,
Combined,GPT-2,Grandparent,0.05972101346012665,0.03855622604656037,0,
Combined,GPT-2,Parent,0.06504391324104901,0.03735079811309468,1,
Combined,GPT-2,Parent,0.034310170352851235,0.06658325621329876,1,
Combined,GPT-2,Grandparent,0.08220418117907827,-0.04828789795596638,0,
Combined,GPT-2,Grandparent,0.08332177882899776,-0.037975546474994744,0,
Combined,GPT-2,Parent,0.0461669192378836,0.027146307893313015,1,
Combined,GPT-2,Parent,0.07046319127327388,0.07683332850118513,1,
Combined,GPT-2,Child,0.05770285134537319,0.005876033567380441,2,
Combined,GPT-2,Child,-0.007543304547410596,-0.2185129266517849,2,
Combined,GPT-2,Grandparent,0.015975321192487103,-0.0055100139168570515,0,
Combined,GPT-2,Grandparent,-0.6873741788939672,0.020668703350652205,0,
Combined,GPT-2,Parent,0.014786467446255088,0.027371431362680675,1,
Combined,GPT-2,Parent,0.01329294095829308,0.1164722418582926,1,
Combined,GPT-2,Grandparent,0.018155917434285518,-0.03601641367271672,0,
Combined,GPT-2,Grandparent,0.07572307400827442,-0.017702408845649505,0,
Combined,GPT-2,Parent,0.027404128397886997,0.04082212241140438,1,
Combined,GPT-2,Parent,-0.01885235658700489,0.028177557630072587,1,
Combined,GPT-2,Child,-0.3510744672266385,0.02165193424097171,2,
Combined,GPT-2,Child,0.08671831269371234,0.07692825283257206,2,
Combined,GPT-2,Grandparent,0.0653491918277481,-0.10070393048682237,0,
Combined,GPT-2,Grandparent,0.11094449386970413,0.019678933246677376,0,
Combined,GPT-2,Parent,0.08034947892532057,-0.08433720117934919,1,
Combined,GPT-2,Parent,0.016216463438654204,-0.1565095739161886,1,
Combined,GPT-2,Grandparent,0.010752001593248805,-0.09060843032375202,0,
Combined,GPT-2,Grandparent,-0.5635009172468973,0.012087360697897773,0,
Combined,GPT-2,Parent,-0.09163501982907123,-0.07623809356738545,1,
Combined,GPT-2,Parent,0.03104691486604625,-0.18497466970880436,1,
Combined,GPT-2,Child,0.038636785995701445,-0.05852272658905235,2,
Combined,GPT-2,Child,0.06830807605878218,0.024617004522441217,2,
Combined,GPT-2,Grandparent,0.10983178472210586,0.027431976400992382,0,
Combined,GPT-2,Grandparent,0.10970247475191405,0.04214950086619457,0,
Combined,GPT-2,Parent,0.04657634701437004,-0.009046200991667924,1,
Combined,GPT-2,Parent,0.0676842965195513,0.09681203195209945,1,
Combined,GPT-2,Grandparent,0.050394905087929605,0.060116083260328274,0,
Combined,GPT-2,Grandparent,0.07713815788648644,0.09487683844520862,0,
Combined,GPT-2,Parent,0.09264949430642477,0.08028245004370013,1,
Combined,GPT-2,Parent,0.08879595518453573,0.11143847877854164,1,
Combined,GPT-2,Child,0.0594724061702606,0.01569712926986431,2,
Combined,GPT-2,Child,0.09152587897208679,0.09033695131230572,2,
Combined,GPT-2,Grandparent,0.05266058810534112,-0.10261232567790067,0,
Combined,GPT-2,Grandparent,-0.4809416235826336,-0.04158336989135472,0,
Combined,GPT-2,Parent,-0.010064169166935918,-0.2146296456097326,1,
Combined,GPT-2,Parent,0.053224583503380975,-0.17272255401066744,1,
Combined,GPT-2,Grandparent,0.007320208077422966,-0.015818036925497197,0,
Combined,GPT-2,Grandparent,0.045377514839777935,0.03321942157178249,0,
Combined,GPT-2,Parent,0.07770650298869727,0.006956057390068122,1,
Combined,GPT-2,Child,-0.4738654752569508,-0.014268684278450985,2,
Combined,GPT-2,Child,0.11654619349153311,0.06942792155390251,2,
Combined,GPT-2,Grandparent,0.12047814258829595,-0.02414898794141053,0,
Combined,GPT-2,Grandparent,0.11230878788084331,-0.05203428726855553,0,
Combined,GPT-2,Parent,0.11631495907019998,-0.055098592828265895,1,
Combined,GPT-2,Parent,0.11092476910675601,-0.015067575649222224,1,
Combined,GPT-2,Grandparent,0.044091319429369405,0.04291932264846628,0,
Combined,GPT-2,Grandparent,0.0764356119813068,0.05412028478601249,0,
Combined,GPT-2,Parent,0.06465547623462477,0.17078562834880828,1,
Combined,GPT-2,Parent,0.05135750159310844,0.1170737217762981,1,
Combined,GPT-2,Child,0.07252658143747212,-0.01804333904861379,2,
Combined,GPT-2,Child,0.03371687462666902,0.054809253446653126,2,
Combined,GPT-2,Grandparent,-0.484094962820849,0.016685948034949372,0,
Combined,GPT-2,Grandparent,0.07936120843589971,-0.08733149911599773,0,
Combined,GPT-2,Parent,0.08634924733945414,-0.043760399975363566,1,
Combined,GPT-2,Parent,0.12514788037587796,0.0029334675566080786,1,
Combined,GPT-2,Grandparent,0.04937882169790064,0.039550549908942134,0,
Combined,GPT-2,Grandparent,0.08120319592222662,-0.08191606566224695,0,
Combined,GPT-2,Parent,0.07647183968730076,-0.03805153194366023,1,
Combined,GPT-2,Parent,0.049810952613157836,0.04930879802792977,1,
Combined,GPT-2,Child,0.09948161855382151,0.05282025931682619,2,
Combined,GPT-2,Child,0.06773053052367847,-0.026430603473628037,2,
Combined,GPT-2,Grandparent,-0.7342931172668038,0.02219215289222156,0,
Combined,GPT-2,Grandparent,0.0832469799827137,0.04433306000051348,0,
Combined,GPT-2,Parent,0.053923872962788874,-0.040906539396056055,1,
Combined,GPT-2,Grandparent,-0.00016327154689775572,-0.07178412521779104,0,
Combined,GPT-2,Grandparent,0.07175332409743614,-0.14599781704223525,0,
Combined,GPT-2,Parent,0.06051323683752331,-0.10262068407804575,1,
Combined,GPT-2,Parent,-0.017199304292781326,-0.18217121445923767,1,
Combined,GPT-2,Child,0.037530985272965244,-0.10286505614558769,2,
Combined,GPT-2,Child,0.09570157953030647,0.09576571823600204,2,
Combined,GPT-2,Grandparent,-0.48668290589823016,0.046496399482174246,0,
Combined,GPT-2,Grandparent,0.09632565651773711,0.18143862700352745,0,
Combined,GPT-2,Parent,0.0836253478575059,0.031296589326505905,1,
Combined,GPT-2,Parent,0.022763522360739058,0.0034149698646270435,1,
Combined,GPT-2,Grandparent,0.0410720259913835,-0.024569199934227248,0,
Combined,GPT-2,Grandparent,-0.0451191223720881,-0.01833031698412509,0,
Combined,GPT-2,Parent,0.07035888936660277,0.0741482975142232,1,
Combined,GPT-2,Parent,0.03626842912762009,0.04603641805360783,1,
Combined,GPT-2,Child,0.07176967263518404,0.011241186494994478,2,
Combined,GPT-2,Child,-0.3352356040268406,-0.0019931651411836024,2,
Combined,GPT-2,Grandparent,0.0695806275753619,-0.01905569441605504,0,
Combined,GPT-2,Grandparent,0.0839132585613372,-0.028361809147074864,0,
Combined,GPT-2,Parent,0.0622481753269667,0.08651601557778524,1,
Combined,GPT-2,Parent,0.060896152337705824,-0.1914779626818556,1,
Combined,GPT-2,Grandparent,0.09944697209323393,0.13674764273918416,0,
Combined,GPT-2,Grandparent,-0.007134968839714209,-0.0420741260769298,0,
Combined,GPT-2,Parent,0.016922687306063916,0.023556482112149137,1,
Combined,GPT-2,Parent,-0.44584537875993135,0.03641024342630562,1,
Combined,GPT-2,Child,0.09472779447088853,0.06668856685669107,2,
Combined,GPT-2,Child,0.12173104370742692,-0.06973988996016607,2,
Combined,GPT-2,Grandparent,0.1056739627438042,-0.06425500987598577,0,
Combined,GPT-2,Grandparent,0.08806202281258718,-0.027696079734105053,0,
Combined,GPT-2,Parent,0.11640045959215674,-0.08788890433021802,1,
Combined,GPT-2,Parent,0.07091761622156523,-0.04698572263484701,1,
Combined,GPT-2,Grandparent,-0.45423171103939264,0.0669521306834424,0,
Combined,GPT-2,Grandparent,0.091706204417834,0.06397233653641504,0,
Combined,GPT-2,Parent,0.07988995751976438,-0.011327952054227966,1,
Combined,GPT-2,Parent,-0.00900432466089997,0.17207451171707305,1,
Combined,GPT-2,Child,0.09689190350016977,0.008439869801039767,2,
Combined,GPT-2,Child,0.019458580526027173,-0.028424870181965677,2,
Combined,GPT-2,Grandparent,0.07142790606218846,-0.024877955100779066,0,
Combined,GPT-2,Grandparent,0.03574061541470146,-0.054958181146071546,0,
Combined,GPT-2,Parent,0.062215812578519,-0.1329618290362572,1,
Combined,GPT-2,Parent,0.06978865856245875,0.04072657174780203,1,
Combined,GPT-2,Grandparent,0.12053560213654724,-0.02065115825111571,0,
Combined,GPT-2,Grandparent,0.06343091029333008,-0.028448074217735948,0,
Combined,GPT-2,Parent,0.12757501418613296,0.0060018376066117984,1,
Combined,GPT-2,Parent,0.06685914196147551,0.11371790837337102,1,
Combined,GPT-2,Child,0.08614950540024623,0.07227573386527135,2,
Combined,GPT-2,Child,0.09650003183125183,-0.0373669886312332,2,
Combined,GPT-2,Grandparent,0.04793161516450627,0.009186097856345514,0,
Combined,GPT-2,Grandparent,0.018636093056339863,-0.08842208736970365,0,
Combined,GPT-2,Parent,-0.4519695349546145,0.027637148310526116,1,
Combined,GPT-2,Parent,0.03086143938852784,-0.04887834278103787,1,
Combined,GPT-2,Grandparent,0.005389790785478983,-0.23387742269574494,0,
Combined,GPT-2,Grandparent,0.08085449020147072,-0.010486955892454682,0,
Combined,GPT-2,Parent,0.07534749581123971,0.016357213203466794,1,
Combined,GPT-2,Parent,0.0918493225556938,-0.12335922765844036,1,
Combined,GPT-2,Child,0.07843313754182235,0.013223722740039632,2,
Combined,GPT-2,Child,-0.4973652001918601,-0.0025031288781486544,2,
Combined,GPT-2,Grandparent,0.029704900474368075,0.04798534237333078,0,
Combined,GPT-2,Grandparent,0.05354159497230839,0.027620950015467865,0,
Combined,GPT-2,Parent,0.06874020227062012,-0.017653390505015455,1,
Combined,GPT-2,Parent,0.03839178233461262,0.10873560163759133,1,
Combined,GPT-2,Grandparent,0.09809627860694804,0.11860862742705373,0,
Combined,GPT-2,Grandparent,-0.0038944622786010992,0.1320397041726853,0,
Combined,GPT-2,Parent,0.08672045079132973,0.07303775787034303,1,
Combined,GPT-2,Parent,0.07475487454138428,0.10371758425603365,1,
Combined,GPT-2,Child,0.06219518698112689,-0.10993535935671354,2,
Combined,GPT-2,Child,-0.6051057455307615,0.01708880184810877,2,
Combined,GPT-2,Grandparent,0.08836218292311936,-0.06234018825390882,0,
Combined,GPT-2,Grandparent,0.11137251257741587,-0.10730912805640709,0,
Combined,GPT-2,Parent,0.08314079199786623,0.002069396833689945,1,
Combined,GPT-2,Parent,0.046504783023605833,-0.1275684530596922,1,
Combined,GPT-2,Grandparent,-0.6082881640227208,-0.02309655217490135,0,
Combined,GPT-2,Grandparent,0.035632780733312344,-0.17493813607217665,0,
Combined,GPT-2,Parent,0.04305191300722384,-0.02105851690802174,1,
Combined,GPT-2,Child,0.09298972558980996,0.03171468335149751,2,
Combined,GPT-2,Child,0.042785135628467516,-0.08375034518361528,2,
Combined,GPT-2,Grandparent,0.11920414570086067,0.05381091917628999,0,
Combined,GPT-2,Grandparent,0.042494995903152324,0.0790444174491025,0,
Combined,GPT-2,Parent,0.07462191221251689,0.013323790660983341,1,
Combined,GPT-2,Parent,0.05189501239185628,0.07098567779020674,1,
Combined,GPT-2,Grandparent,0.10452460676122968,0.002303042745450494,0,
Combined,GPT-2,Grandparent,-0.019142470506766894,-0.014015455268732204,0,
Combined,GPT-2,Parent,0.038509358480101015,-0.10923200938519063,1,
Combined,GPT-2,Child,0.05861081396549288,-0.03600698718191161,2,
Combined,GPT-2,Child,0.11157058992132514,0.042092049933572864,2,
Combined,GPT-2,Grandparent,-0.5257843112432786,0.03089601235111404,0,
Combined,GPT-2,Grandparent,0.03519849495095054,-0.06227202883003987,0,
Combined,GPT-2,Parent,0.028493038558515243,-0.049872417088893714,1,
Combined,GPT-2,Parent,0.02252763800387655,0.06551022533540728,1,
Combined,GPT-2,Grandparent,0.016105245180552608,0.045808422497616984,0,
Combined,GPT-2,Grandparent,-0.024165501746301374,0.1630046110671005,0,
Combined,GPT-2,Parent,-0.0722283311936518,0.1918887520953554,1,
Combined,GPT-2,Parent,0.01397263480132912,0.21450701535656508,1,
Combined,GPT-2,Child,0.04325614449104967,-0.06607580975174249,2,
Combined,GPT-2,Child,-0.4334728945542696,0.0006815730468966775,2,
Combined,GPT-2,Grandparent,0.09775215048371555,-0.10239416560837741,0,
Combined,GPT-2,Grandparent,0.11144355993853859,0.035099893430885765,0,
Combined,GPT-2,Parent,0.08157233607408557,0.008790728994406498,1,
Combined,GPT-2,Parent,0.07901326105443186,0.048755594631225405,1,
Combined,GPT-2,Grandparent,-0.1960862012828827,-0.261563797352175,0,
Combined,GPT-2,Grandparent,0.05665403309709134,0.081561499552404,0,
Combined,GPT-2,Parent,0.012929299555505945,-0.07257186825703245,1,
Combined,GPT-2,Parent,0.023188206486488065,0.16056629524003646,1,
Combined,GPT-2,Child,0.09406338016824775,-0.026005824492679273,2,
Combined,GPT-2,Child,-0.3794496284577967,0.033112232335847994,2,
Combined,GPT-2,Grandparent,0.09210774136686271,-0.01488107350496248,0,
Combined,GPT-2,Grandparent,0.05927405029754647,-0.04542779336645802,0,
Combined,GPT-2,Parent,0.06624631450101899,-0.059605865713899996,1,
Combined,GPT-2,Parent,0.06303048783925241,0.03608270644391822,1,
Combined,GPT-2,Grandparent,0.03415432627775532,0.07239016697903056,0,
Combined,GPT-2,Grandparent,0.035149045156541145,0.06422301331312276,0,
Combined,GPT-2,Parent,0.07045292157757473,0.012409999090933705,1,
Combined,GPT-2,Parent,0.0023725294579917612,-0.13604937748205817,1,
Combined,GPT-2,Child,0.08555884364384059,0.030223977394817265,2,
Combined,GPT-2,Child,0.06769151654775822,-0.014811187767564833,2,
Combined,GPT-2,Grandparent,0.11450804211756488,-0.02576179400719462,0,
Combined,GPT-2,Grandparent,0.05126372722157925,-0.049178306173841786,0,
Combined,GPT-2,Parent,0.02252679328801403,-0.08168870115224586,1,
Combined,GPT-2,Parent,-0.5945350020718846,0.01730702787563856,1,
Combined,GPT-2,Grandparent,0.09752722865384628,-0.0027529919245230907,0,
Combined,GPT-2,Grandparent,0.09874421949526457,-0.007664621655489869,0,
Combined,GPT-2,Parent,0.12092622269002008,-0.006031099873676514,1,
Combined,GPT-2,Parent,0.04648119036072265,0.013032927042941353,1,
Combined,GPT-2,Child,-0.4923901513717946,0.02926146774705664,2,
Combined,GPT-2,Child,0.08721520228501577,-0.015790829493457947,2,
Combined,GPT-2,Grandparent,0.036685438957983374,0.048358121906740076,0,
Combined,GPT-2,Grandparent,-0.010439843796170812,0.1380461123724231,0,
Combined,GPT-2,Parent,0.011585953313226283,-0.07226221919416158,1,
Combined,GPT-2,Parent,-0.041342192946301454,-0.23312105919324846,1,
Combined,GPT-2,Grandparent,0.08912461068622426,0.10226639283567335,0,
Combined,GPT-2,Grandparent,-0.48756174983491163,-0.009125274831657561,0,
Combined,GPT-2,Parent,0.08491030904250478,-0.08685842177005898,1,
Combined,GPT-2,Parent,0.05455839781456808,0.031741073736889315,1,
Combined,GPT-2,Child,0.10366172042995984,0.07061948947483698,2,
Combined,GPT-2,Child,0.056607578274486085,-0.01640618440144443,2,
Combined,GPT-2,Grandparent,0.08231656762229818,-0.059392499910562974,0,
Combined,GPT-2,Grandparent,0.06971338967057411,-0.09537356868457739,0,
Combined,GPT-2,Parent,-0.011955471724586416,-0.20947282153603047,1,
Combined,GPT-2,Grandparent,0.04781792898080501,-0.034086699361572985,0,
Combined,GPT-2,Grandparent,0.053398425684164114,-0.024595282320040168,0,
Combined,GPT-2,Parent,0.049654896921225836,0.02921858046523188,1,
Combined,GPT-2,Parent,0.0711334071828474,0.05034142662131539,1,
Combined,GPT-2,Child,0.0019495224918849798,-0.09417950240049273,2,
Combined,GPT-2,Child,0.05628980957876238,0.02494638445553753,2,
Combined,GPT-2,Grandparent,-0.10436610272839454,0.11944785473437354,0,
Combined,GPT-2,Grandparent,-0.5810229084464752,0.009650162317658592,0,
Combined,GPT-2,Parent,-0.004724353780560768,-0.03016498299345083,1,
Combined,GPT-2,Parent,0.05467443824775704,-0.004163864749014192,1,
Combined,GPT-2,Grandparent,0.07582268059420537,0.05246261932230336,0,
Combined,GPT-2,Grandparent,0.07786809229912067,0.057901611734120256,0,
Combined,GPT-2,Parent,0.10619086925703419,-0.04153436556159625,1,
Combined,GPT-2,Parent,0.05402749541748064,0.021876779855103744,1,
Combined,GPT-2,Child,0.10989545174925613,0.04112682375848634,2,
Combined,GPT-2,Child,0.03957921750226561,-0.07153182735617948,2,
Combined,GPT-2,Grandparent,-0.017089204358422677,-0.15950116643023557,0,
Combined,GPT-2,Grandparent,-0.5858573229532513,0.005938454471242124,0,
Combined,GPT-2,Parent,0.07944671840621712,-0.0663590386824426,1,
Combined,GPT-2,Parent,0.0996171736361764,-0.07729076340981801,1,
Combined,GPT-2,Grandparent,0.018284203307140298,-0.16094475644406736,0,
Combined,GPT-2,Grandparent,0.06906897258491378,0.003624064331143878,0,
Combined,GPT-2,Parent,0.03947147015998437,-0.16492899662796945,1,
Combined,GPT-2,Parent,0.029598490790120845,-0.22019272237387444,1,
Combined,GPT-2,Child,0.0642727013185403,0.08687723367697604,2,
Combined,GPT-2,Child,0.05274896997284969,-0.01349171481292566,2,
Combined,GPT-2,Grandparent,-0.5957144025063704,0.024626572060061486,0,
Combined,GPT-2,Grandparent,0.09776972976567855,0.044414163502400086,0,
Combined,GPT-2,Parent,0.04122181520909861,0.0571683992303993,1,
Combined,GPT-2,Parent,0.017438092183559867,0.12541845700697113,1,
Combined,GPT-2,Grandparent,0.03977070131793326,0.04081722799310333,0,
Combined,GPT-2,Grandparent,0.06088042327177751,0.04467824028315339,0,
Combined,GPT-2,Parent,0.05618257107214901,0.032521441433904404,1,
Combined,GPT-2,Parent,0.07210997437293935,0.13693524837677384,1,
Combined,GPT-2,Child,0.07872045330379308,-0.08103919015546854,2,
Combined,GPT-2,Child,-0.5451963181503037,0.008404888011840417,2,
Combined,GPT-2,Grandparent,0.05730474764245754,-0.08816033113385438,0,
Combined,GPT-2,Grandparent,0.06394574808461319,-0.0187483177077138,0,
Combined,GPT-2,Parent,0.03220831355918769,-0.0016971717939091883,1,
Combined,GPT-2,Parent,0.0469222434196264,-0.16552555710206737,1,
Combined,GPT-2,Grandparent,0.03586701173950982,-0.07073000611208684,0,
Combined,GPT-2,Grandparent,-0.6423134944358773,0.038947952535205346,0,
Combined,GPT-2,Parent,0.0018190854049416592,-0.16960387513681857,1,
Combined,GPT-2,Child,0.007083272381101934,-0.016462206270340587,2,
Combined,GPT-2,Child,0.0815578129270543,0.08491371193075417,2,
Combined,GPT-2,Grandparent,0.06327803260780589,0.05262918128472444,0,
Combined,GPT-2,Grandparent,0.09046559779991205,0.016971213860751413,0,
Combined,GPT-2,Parent,0.08333027473489107,-0.00593216282930367,1,
Combined,GPT-2,Parent,0.062029291856067856,0.043856008905808985,1,
Combined,GPT-2,Grandparent,0.0418736192060283,-0.011115964661096305,0,
Combined,GPT-2,Grandparent,0.042495478050740436,-0.2407264770377968,0,
Combined,GPT-2,Parent,0.02827808184536572,0.19423813017465807,1,
Combined,GPT-2,Parent,0.03164815834742424,-0.23410240468881616,1,
Combined,GPT-2,Child,0.043353634613671095,0.10471100051345622,2,
Combined,GPT-2,Child,0.06391363956014755,-0.014356167318308424,2,
Combined,GPT-2,Grandparent,0.07661329110566624,0.03267426588920299,0,
Combined,GPT-2,Grandparent,0.06424726666575145,0.04305688930976296,0,
Combined,GPT-2,Parent,-0.5281836795394359,0.011299632508669095,1,
Combined,GPT-2,Parent,0.05968305198120649,-0.004287558625095395,1,
Combined,GPT-2,Grandparent,0.06752673366213088,0.05180490241254855,0,
Combined,GPT-2,Grandparent,0.06736035866696628,-0.013485569459943166,0,
Combined,GPT-2,Parent,0.09440949672463378,0.05897661775444256,1,
Combined,GPT-2,Child,0.081672403007449,0.09603903902784985,2,
Combined,GPT-2,Child,0.056383443103468656,-0.030599252217356696,2,
Combined,GPT-2,Grandparent,0.02907968759518836,0.030501676650154873,0,
Combined,GPT-2,Grandparent,-0.32945284877735903,-0.009348621581954153,0,
Combined,GPT-2,Parent,0.018357417073442517,-0.026698246242355506,1,
Combined,GPT-2,Parent,-0.0450766567320686,0.22771897882075287,1,
Combined,GPT-2,Grandparent,-0.6876353311323076,0.027160107372291718,0,
Combined,GPT-2,Grandparent,0.03721100243947623,-0.12639956006419828,0,
Combined,GPT-2,Parent,0.021578950166493034,0.18500354086376344,1,
Combined,GPT-2,Parent,-0.006329127648889841,-0.013700315796199958,1,
Combined,GPT-2,Child,0.04415669916265491,-0.03765258612777743,2,
Combined,GPT-2,Child,0.10111096672274117,0.007840656762902217,2,
Combined,GPT-2,Grandparent,0.09201949598790797,-0.010354639209374673,0,
Combined,GPT-2,Grandparent,0.0751701966408449,-0.018588018668686614,0,
Combined,GPT-2,Parent,0.008418972016812949,0.05234279209860459,1,
Combined,GPT-2,Grandparent,0.023133800526087364,0.06007451635201388,0,
Combined,GPT-2,Grandparent,0.08661673294520375,-0.04229985521544319,0,
Combined,GPT-2,Parent,0.081287036393961,-0.07405025244347826,1,
Combined,GPT-2,Parent,0.040352087675876114,-0.20455160739588235,1,
Combined,GPT-2,Child,0.10679123659970143,-0.012247965749533333,2,
Combined,GPT-2,Child,0.0693850141725629,0.07982682306322983,2,
Combined,GPT-2,Grandparent,-0.4459579086129111,0.06644156444937677,0,
Combined,GPT-2,Grandparent,0.04849921729893253,-0.09401743088549926,0,
Combined,GPT-2,Parent,0.09163795007010052,0.039379819727210295,1,
Combined,GPT-2,Parent,0.06010960227449353,0.026710812952088173,1,
Combined,GPT-2,Grandparent,0.06440493553529884,0.051054507321720934,0,
Combined,GPT-2,Grandparent,-0.4994558064118846,-0.00820420225883049,0,
Combined,GPT-2,Parent,0.03306441758867323,-0.20263949351738564,1,
Combined,GPT-2,Parent,-0.07648268347822768,-0.20630640670575054,1,
Combined,GPT-2,Child,0.057253642277723754,0.03345193788491107,2,
Combined,GPT-2,Child,0.04935852332020753,-0.015694675459285653,2,
Combined,GPT-2,Grandparent,0.07009254897520963,0.039598601595327985,0,
Combined,GPT-2,Grandparent,0.08182742401984983,0.06299744523779639,0,
Combined,GPT-2,Parent,0.08373539851652119,0.04821471161124635,1,
Combined,GPT-2,Parent,0.06996682615729095,0.033746961443090445,1,
Combined,GPT-2,Grandparent,0.10461175158013968,0.056009691193412,0,
Combined,GPT-2,Grandparent,0.1478923950757785,0.06237313051475539,0,
Combined,GPT-2,Parent,0.028001629685895122,-0.11463320521370207,1,
Combined,GPT-2,Parent,-0.7340848019687288,0.022773427750978882,1,
Combined,GPT-2,Child,0.0843107350741449,-0.014326207294746799,2,
Combined,GPT-2,Child,0.08488659992438094,0.029793160681259322,2,
Combined,GPT-2,Grandparent,0.07819333804610107,0.026118811554095928,0,
Combined,GPT-2,Grandparent,0.07187090375581329,0.006795376965167128,0,
Combined,GPT-2,Parent,0.10051694122196535,-0.055718411518084945,1,
Combined,GPT-2,Parent,0.05468772921501332,0.08646401863901956,1,
Combined,GPT-2,Grandparent,0.10329590992184683,-0.024522070810577192,0,
Combined,GPT-2,Grandparent,0.10104324078545601,-0.07114992388144352,0,
Combined,GPT-2,Parent,0.10960896843404852,-0.08091530063524846,1,
Combined,GPT-2,Parent,0.08571656107856206,0.024248984835001493,1,
Combined,GPT-2,Child,-0.39950583663471556,0.016769503384771754,2,
Combined,GPT-2,Child,0.04517220468153713,0.029582307082249026,2,
Combined,GPT-2,Grandparent,-0.020478006655438395,-0.09083771185783353,0,
Combined,GPT-2,Grandparent,0.11148892258974122,-0.021677441673485114,0,
Combined,GPT-2,Parent,0.04517501718044064,0.010822608342259933,1,
Combined,GPT-2,Parent,0.0692086090066352,0.03132188253011772,1,
Combined,GPT-2,Grandparent,-0.4286300420438119,0.0015807517306637554,0,
Combined,GPT-2,Grandparent,0.02015830759453734,0.0025124823292797076,0,
Combined,GPT-2,Parent,0.10373813431518446,0.08017069905211817,1,
Combined,GPT-2,Parent,0.06769948143450273,0.13320853290175577,1,
Combined,GPT-2,Child,0.06653791421171935,-0.06226146335705236,2,
Combined,GPT-2,Child,0.026264749802245795,-0.10074049491798993,2,
Combined,GPT-2,Grandparent,0.06994353218128739,0.02505934644649242,0,
Combined,GPT-2,Grandparent,-0.018614766618172147,0.010984794528104297,0,
Combined,GPT-2,Parent,0.08210831087391318,0.0750471300492123,1,
Combined,GPT-2,Parent,0.07496338544724754,0.024675736283328996,1,
Combined,GPT-2,Grandparent,0.0778785729521702,-0.005649601517663682,0,
Combined,GPT-2,Grandparent,0.08369323840659398,0.11405966291409034,0,
Combined,GPT-2,Parent,0.07961784311397083,0.12778271445289122,1,
Combined,GPT-2,Parent,0.07544164156691549,0.1826534389490056,1,
Combined,GPT-2,Child,0.05037911619696397,-0.009394193626417198,2,
Combined,GPT-2,Child,0.07709861447099098,0.08585087223776665,2,
Combined,GPT-2,Grandparent,0.07180484324336413,-0.09919695846287956,0,
Combined,GPT-2,Grandparent,0.06349395960900746,-0.13784570145084418,0,
Combined,GPT-2,Parent,-0.46327584427089735,-0.024727096839481474,1,
Combined,GPT-2,Parent,0.0719483835119044,-0.12772173579150323,1,
Combined,GPT-2,Grandparent,0.08458031654015288,0.14020262235908657,0,
Combined,GPT-2,Grandparent,-0.0010678897015925796,-0.023198759990333884,0,
Combined,GPT-2,Parent,0.10458720164178091,-0.054643559611270626,1,
Combined,GPT-2,Parent,-0.06116172950068985,-0.27669514670845796,1,
Combined,GPT-2,Child,-0.4481103870569745,0.030554913370616398,2,
Combined,GPT-2,Child,0.07443373533215532,-0.04388335362291294,2,
Combined,GPT-2,Grandparent,0.06518455965924849,0.0300624402899194,0,
Combined,GPT-2,Grandparent,0.08839806989167757,0.11197138893372525,0,
Combined,GPT-2,Parent,0.05925149927186248,-0.08060327239843397,1,
Combined,GPT-2,Parent,0.03942651597191104,0.11966981120205028,1,
Combined,GPT-2,Grandparent,0.042091346870922135,0.018206223170224523,0,
Combined,GPT-2,Grandparent,0.06188031343541691,-0.09243094577029559,0,
Combined,GPT-2,Parent,0.049311050022969635,-0.0027176021476828477,1,
Combined,GPT-2,Parent,0.0372767410096398,-0.16156065044268172,1,
Combined,GPT-2,Child,0.07078977775633402,0.028508235319857307,2,
Combined,GPT-2,Child,0.0722064966339464,-0.011342154439216398,2,
Combined,GPT-2,Grandparent,0.09246133964575769,-0.01273092375154141,0,
Combined,GPT-2,Grandparent,0.013189938568676458,-0.0725154013199009,0,
Combined,GPT-2,Parent,0.07794182947442654,0.09056590899862928,1,
Combined,GPT-2,Parent,-0.5603559815273272,0.016976866913680135,1,
Combined,GPT-2,Grandparent,-0.3973754343019215,-0.022847180087940528,0,
Combined,GPT-2,Grandparent,0.00014620302401223526,0.0014867418619036363,0,
Combined,GPT-2,Parent,0.08793654399750762,0.032467461768567726,1,
Combined,GPT-2,Parent,0.05990196188400293,-0.0034442739168696547,1,
Combined,GPT-2,Child,0.08754405971563946,-0.07094751820849979,2,
Combined,GPT-2,Child,0.04914892190831738,0.02187039962572233,2,
Combined,GPT-2,Grandparent,0.03510263140094469,0.016069045051900634,0,
Combined,GPT-2,Grandparent,0.0605675321669205,-0.012529144447816058,0,
Combined,GPT-2,Parent,0.07487398635780708,0.10892561797813027,1,
Combined,GPT-2,Parent,0.10405369014857122,0.19280528888018186,1,
Combined,GPT-2,Grandparent,-0.008327615302361301,-0.2558251882646953,0,
Combined,GPT-2,Grandparent,-0.028412633812470015,0.16219855390555973,0,
Combined,GPT-2,Parent,-0.5298728786758974,-0.029854806253172713,1,
Combined,GPT-2,Parent,-0.001875182376755242,-0.18113653171005387,1,
Combined,GPT-2,Child,0.006553772485536262,-0.2021125186008577,2,
Combined,GPT-2,Child,0.044276612002245454,-0.01556486584479018,2,
Combined,GPT-2,Grandparent,0.12829934110154356,0.05806457257191895,0,
Combined,GPT-2,Grandparent,0.09526156566369322,0.07222884516175179,0,
Combined,GPT-2,Parent,0.11310965761531293,0.029612268822884234,1,
Combined,GPT-2,Parent,0.1306505616481724,0.0647257322820305,1,
Combined,GPT-2,Grandparent,0.054937869045408046,0.11051143282989954,0,
Combined,GPT-2,Grandparent,0.08140394645972086,-0.02037643381585095,0,
Combined,GPT-2,Parent,0.05504990029166551,0.013184908048414707,1,
Combined,GPT-2,Parent,0.11426443643068568,0.06744204580359446,1,
Combined,GPT-2,Child,0.06097681246839308,-0.032764725536357765,2,
Combined,GPT-2,Child,0.09843518728357466,-0.08930301077586517,2,
Combined,GPT-2,Grandparent,0.1172340124787939,-0.04307139600873702,0,
Combined,GPT-2,Grandparent,0.04463285703172762,-0.03127366420303498,0,
Combined,GPT-2,Parent,-0.47706323550616747,0.03871756374989819,1,
Combined,GPT-2,Parent,0.07734393435252762,0.03188463057427966,1,
Combined,GPT-2,Grandparent,0.07650339800943821,-0.01683102533421161,0,
Combined,GPT-2,Grandparent,0.09820583968712317,-0.054565800686074396,0,
Combined,GPT-2,Parent,-0.4773942670899941,0.03303360399815706,1,
Combined,GPT-2,Parent,0.06799519812255465,-0.023504229299436352,1,
Combined,GPT-2,Child,0.07062211476222152,-0.04277484567984134,2,
Combined,GPT-2,Child,0.06328267965250431,0.07115230268025986,2,
Combined,GPT-2,Grandparent,0.06093519543371408,0.010428730013853513,0,
Combined,GPT-2,Grandparent,0.058072318926948197,0.023674097782762433,0,
Combined,GPT-2,Parent,0.06181459023392219,0.0914709380054112,1,
Combined,GPT-2,Parent,0.03474948246958956,0.12090946826872426,1,
Combined,GPT-2,Grandparent,0.08386458741020082,-0.10377319235497602,0,
Combined,GPT-2,Grandparent,0.037118611838190665,-0.13269211463548863,0,
Combined,GPT-2,Parent,0.08884445497034837,0.03782991270000894,1,
Combined,GPT-2,Parent,-0.6071996011718794,-0.01703373054666841,1,
Combined,GPT-2,Child,0.08887144682267638,0.08338187391275279,2,
Combined,GPT-2,Child,0.09718230607617273,0.09984366727149369,2,
Combined,GPT-2,Grandparent,0.07599141220532922,0.0499819276817687,0,
Combined,GPT-2,Grandparent,0.10583079304971987,0.0020223810054019256,0,
Combined,GPT-2,Parent,0.10104822494366365,0.012575668735798061,1,
Combined,GPT-2,Parent,0.1276088229732049,-0.03188195442562602,1,
Combined,GPT-2,Grandparent,0.09714110778201299,0.044382335748431395,0,
Combined,GPT-2,Grandparent,0.10834711628978963,0.08566179006420055,0,
Combined,GPT-2,Parent,0.0971025179411874,0.03376855478395769,1,
Combined,GPT-2,Parent,0.021370233756161823,0.09293590376306528,1,
Combined,GPT-2,Child,0.034039524240676654,-0.11078552898730297,2,
Combined,GPT-2,Child,0.06762198841734608,0.0011990809932545569,2,
Combined,GPT-2,Grandparent,0.04824150196309817,0.01429053372858432,0,
Combined,GPT-2,Grandparent,0.04903201825980925,-0.06634047139411149,0,
Combined,GPT-2,Parent,0.03670022061803007,-0.12522415583442606,1,
Combined,GPT-2,Parent,-0.6914211857401742,0.03570919319481227,1,
Combined,GPT-2,Grandparent,0.10321504107741958,0.02238194473280997,0,
Combined,GPT-2,Grandparent,-0.3841488636494168,-0.056727446753021445,0,
Combined,GPT-2,Parent,0.01653039080267333,-0.04824630509225389,1,
Combined,GPT-2,Parent,0.005653689196453233,-0.051706620646752875,1,
Combined,GPT-2,Child,0.042702331930227114,-0.03755974769165077,2,
Combined,GPT-2,Child,0.0711506432174481,0.031989418752236015,2,
Combined,GPT-2,Grandparent,0.017555212736567297,0.19314239089962637,0,
Combined,GPT-2,Grandparent,0.043406007856133084,0.12780848979560816,0,
Combined,GPT-2,Parent,0.0450288502607618,0.16002231384278542,1,
Combined,GPT-2,Parent,-0.027763242547579146,0.23625926656255322,1,
Combined,GPT-2,Grandparent,0.08384444075833496,-0.14571643617599606,0,
Combined,GPT-2,Grandparent,0.05463463350382021,-0.017215596747103386,0,
Combined,GPT-2,Parent,0.12037804411482485,-0.03532162199599038,1,
Combined,GPT-2,Parent,-0.015415434198021263,0.12873389812912128,1,
Combined,GPT-2,Child,-0.3713233772155311,0.006556763812947909,2,
Combined,GPT-2,Child,0.05597310350091406,0.008722052792497935,2,
Combined,GPT-2,Grandparent,0.05415124564672069,0.003603523819541202,0,
Combined,GPT-2,Grandparent,0.0370024398594619,0.04716109310590694,0,
Combined,GPT-2,Parent,0.0990071190990111,0.07320443922371156,1,
Combined,GPT-2,Parent,0.0204419882527614,-0.07292247757550423,1,
Combined,GPT-2,Grandparent,-0.5648925006556429,-0.026774397105269986,0,
Combined,GPT-2,Grandparent,0.006046182537137256,-0.013216221188998562,0,
Combined,GPT-2,Parent,0.06117512329198039,-0.08890593641015157,1,
Combined,GPT-2,Parent,-0.10994794457656117,-0.2764857228762457,1,
Combined,GPT-2,Child,0.0727917291164072,0.013667310485557199,2,
Combined,GPT-2,Child,0.09835423488464078,0.06723092363744673,2,
Combined,GPT-2,Grandparent,0.09470115632686606,-0.027615701999002422,0,
Combined,GPT-2,Grandparent,0.07936973679884597,0.0879322461499632,0,
Combined,GPT-2,Parent,0.09906870395345854,0.08317455072735189,1,
Combined,GPT-2,Parent,0.05862318147415907,0.005327635246552155,1,
Combined,GPT-2,Grandparent,0.103255991362186,0.05753852447927147,0,
Combined,GPT-2,Grandparent,0.10603183071774183,-0.05676781542563918,0,
Combined,GPT-2,Parent,0.11856953617037704,0.0568305617980038,1,
Combined,GPT-2,Parent,0.057536452012463525,-0.0638297934196267,1,
Combined,GPT-2,Child,0.060603206391092235,0.03703195102096304,2,
Combined,GPT-2,Child,0.07037482231551949,-0.045424439283344324,2,
Combined,GPT-2,Grandparent,0.024680715426512134,-0.07308095183739388,0,
Combined,GPT-2,Grandparent,-0.5934683267570637,-0.006729190262282044,0,
Combined,GPT-2,Parent,0.02330979927700773,-0.12255257663067116,1,
Combined,GPT-2,Parent,-0.002661130116537297,0.1299267699412044,1,
Combined,GPT-2,Grandparent,-0.026482464565380566,-0.2559250880578458,0,
Combined,GPT-2,Grandparent,0.051344697367586276,0.08223200111906552,0,
Combined,GPT-2,Parent,0.06437049753011684,0.00659728460408504,1,
Combined,GPT-2,Parent,-0.006127474961322616,0.15610245715650567,1,
Combined,GPT-2,Child,0.08500711268180627,0.0037754616220642937,2,
Combined,GPT-2,Child,0.07036716375935892,0.00402569624091775,2,
Combined,GPT-2,Grandparent,-0.4035693105760618,0.02925296446886437,0,
Combined,GPT-2,Grandparent,0.08372761019941091,-0.07895468857381314,0,
Combined,GPT-2,Parent,0.08858049727478584,-0.017289951474409912,1,
Combined,GPT-2,Parent,0.06253133978105445,0.0898231589741005,1,
Combined,GPT-2,Grandparent,0.0821842044276047,0.009957955547293678,0,
Combined,GPT-2,Grandparent,-0.006353719600361429,-0.10955021682463109,0,
Combined,GPT-2,Parent,0.06300743331932572,-0.038654001422635746,1,
Combined,GPT-2,Parent,-0.48908581814236896,0.009433436887239093,1,
Combined,GPT-2,Child,0.09334260809252108,-0.003982681257512584,2,
Combined,GPT-2,Child,0.06952600500232643,-0.10977673895150361,2,
Combined,GPT-2,Grandparent,0.041595716726894987,0.05820580119102055,0,
Combined,GPT-2,Grandparent,0.059022927814217,0.08635974027846052,0,
Combined,GPT-2,Parent,0.082745879239041,0.08234222436130369,1,
Combined,GPT-2,Parent,0.027244246958910038,0.19574813853018155,1,
Combined,GPT-2,Grandparent,0.10968708278682812,0.03278306844886773,0,
Combined,GPT-2,Grandparent,0.09982509866527971,-0.007018184940579951,0,
Combined,GPT-2,Parent,0.048921216022583945,-0.010144667901366353,1,
Combined,GPT-2,Parent,0.05970690729143244,0.011398212403919526,1,
Combined,GPT-2,Child,0.08716800411355534,-0.004524941590009601,2,
Combined,GPT-2,Child,0.017755692191597422,-0.11286052895847265,2,
Combined,GPT-2,Grandparent,0.0017278315537572503,-0.11324448820450933,0,
Combined,GPT-2,Grandparent,-0.45932074900446523,0.011961673389327887,0,
Combined,GPT-2,Parent,0.05276528257116465,-0.02164610492670115,1,
Combined,GPT-2,Parent,0.009400132577085413,-0.06166848712791699,1,
Combined,GPT-2,Grandparent,0.050152087757188116,-0.028562832419029814,0,
Combined,GPT-2,Grandparent,-0.040305814167666904,-0.044420212155328306,0,
Combined,GPT-2,Parent,-0.41066837457468464,0.02143848306548815,1,
Combined,GPT-2,Parent,0.014079486140292832,-0.16877228473593414,1,
Combined,GPT-2,Child,0.08887236893722171,-0.03592204264133525,2,
Combined,GPT-2,Child,0.05972272972065431,0.07173906688286415,2,
Combined,GPT-2,Grandparent,0.043914199933007186,-0.0005260599361885486,0,
Combined,GPT-2,Grandparent,0.03385216766744122,-0.19146220330494873,0,
Combined,GPT-2,Parent,0.10604781987382167,0.03684472811669399,1,
Combined,GPT-2,Parent,0.07345701476219285,0.07977002722874012,1,
Combined,GPT-2,Grandparent,-0.5900367800966025,0.00407608826439704,0,
Combined,GPT-2,Grandparent,0.07356380221371198,-0.09246813157263604,0,
Combined,GPT-2,Parent,0.06464672653582981,-0.010250578273500177,1,
Combined,GPT-2,Parent,0.11855130842438782,-0.08275802621202626,1,
Combined,GPT-2,Child,0.10687475666541701,-0.015045585316108593,2,
Combined,GPT-2,Child,0.02810262890934823,-0.028050737504746504,2,
Combined,GPT-2,Grandparent,0.07142330839618138,0.0877865553370757,0,
Combined,GPT-2,Grandparent,0.017323389506269552,-0.08967001511594656,0,
Combined,GPT-2,Parent,0.08340447476044938,0.1077393376328563,1,
Combined,GPT-2,Parent,-0.027463872628482655,-0.1028847104505435,1,
Combined,GPT-2,Grandparent,0.06998992825454747,0.047938734533634064,0,
Combined,GPT-2,Grandparent,0.06833236120585279,0.0022585896125448673,0,
Combined,GPT-2,Parent,-0.0708755562129151,-0.12285236020147221,1,
Combined,GPT-2,Parent,-0.559291982911184,0.027644226239738976,1,
Combined,GPT-2,Child,0.11019454595111798,0.041058213045305936,2,
Combined,GPT-2,Child,0.04686925567271074,0.024634271072456658,2,
Combined,GPT-2,Grandparent,-0.03623110167846762,-0.09925040881753355,0,
Combined,GPT-2,Grandparent,0.10039716211142445,-0.04575639262358783,0,
Combined,GPT-2,Parent,0.013393902733710586,-0.11779382197534775,1,
Combined,GPT-2,Parent,0.06634662373232758,-0.02612778687338443,1,
Combined,GPT-2,Grandparent,0.10926281235134096,0.07403437742144033,0,
Combined,GPT-2,Grandparent,0.091873482312072,0.04269243302932144,0,
Combined,GPT-2,Parent,0.09468722669566679,0.017217556455880488,1,
Combined,GPT-2,Parent,0.08125893522352401,0.13465530382371582,1,
Combined,GPT-2,Child,0.07257518739629155,-0.02996191452141988,2,
Combined,GPT-2,Child,0.08424501576443168,0.009229667501273336,2,
Combined,GPT-2,Grandparent,0.030843108405441976,-0.08740504929705464,0,
Combined,GPT-2,Grandparent,-0.641800269886101,0.011860408367127944,0,
Combined,GPT-2,Parent,0.022793870972376198,-0.14686827787820156,1,
Combined,GPT-2,Parent,-0.11308813917553111,-0.2798704265638275,1,
Combined,GPT-2,Grandparent,0.1123490441038786,0.02205153698324169,0,
Combined,GPT-2,Grandparent,0.10002369657869557,-0.10382758247483487,0,
Combined,GPT-2,Parent,0.07534570036369787,0.07567692809861698,1,
Combined,GPT-2,Parent,0.09820863331837787,0.037635517780350396,1,
Combined,GPT-2,Child,0.061550851130961155,0.004023083952300114,2,
Combined,GPT-2,Child,0.07247828104687468,0.06199200635756249,2,
Combined,GPT-2,Grandparent,0.07180073807651867,-0.0016044123633032824,0,
Combined,GPT-2,Grandparent,-0.5470575577851329,0.008804096871566153,0,
Combined,GPT-2,Parent,0.04069887536285266,-0.005986838985561777,1,
Combined,GPT-2,Parent,0.04537746163416422,-0.019873609613887608,1,
Combined,GPT-2,Grandparent,0.041619709023089625,-0.049675858146577274,0,
Combined,GPT-2,Grandparent,0.025423955793832533,-0.09246933034337107,0,
Combined,GPT-2,Parent,0.09033319463041359,-0.041505950134276035,1,
Combined,GPT-2,Parent,-0.36771740173573103,0.00723850423355822,1,
Combined,GPT-2,Child,0.03748946465020037,0.05604411040004817,2,
Combined,GPT-2,Child,0.0398397742662295,-0.013696357724918583,2,
Combined,GPT-2,Grandparent,0.03173320195412669,0.1191102283133934,0,
Combined,GPT-2,Grandparent,0.055820275264546436,0.09164201735999135,0,
Combined,GPT-2,Parent,0.09197100162439396,-0.025267254712972496,1,
Combined,GPT-2,Parent,0.05137579002924069,0.11934222353418725,1,
Combined,GPT-2,Grandparent,0.07002172541021685,0.03508616236701863,0,
Combined,GPT-2,Parent,0.07084311220677654,-0.041289682002923815,1,
Combined,GPT-2,Parent,0.08352926039252048,-0.1450853433900591,1,
Combined,GPT-2,Child,0.10201789317850815,0.1195967395154353,2,
Combined,GPT-2,Child,0.07310168129735367,0.041487503255924076,2,
Combined,GPT-2,Grandparent,0.12684954910876733,0.06860763952520535,0,
Combined,GPT-2,Grandparent,0.10071453319995975,0.03858082934058673,0,
Combined,GPT-2,Parent,0.027657986486748224,-0.1384986025195572,1,
Combined,GPT-2,Parent,-0.6027452762008049,-0.02519979650242259,1,
Combined,GPT-2,Grandparent,0.06650553146322352,-0.04329238583358051,0,
Combined,GPT-2,Grandparent,0.09587127903390578,-0.05468874246891282,0,
Combined,GPT-2,Parent,0.09003708591207096,-0.050835504502918814,1,
Combined,GPT-2,Parent,0.07758648798861768,-0.10319868275879422,1,
Combined,GPT-2,Child,0.03950393511745225,0.01933980208882763,2,
Combined,GPT-2,Child,0.05753663244580157,-0.054188319518036265,2,
Combined,GPT-2,Grandparent,-0.6356872201936424,0.006170951635718065,0,
Combined,GPT-2,Grandparent,0.007732579808516006,0.16738919040553818,0,
Combined,GPT-2,Parent,0.05135750468039804,0.16291299882487642,1,
Combined,GPT-2,Grandparent,0.03360492074490095,-0.0023196711442232515,0,
Combined,GPT-2,Grandparent,-0.4456473534518868,0.04609515676791111,0,
Combined,GPT-2,Parent,0.048020320560218537,-0.09833007554659305,1,
Combined,GPT-2,Parent,0.02451821038434371,0.1244143668150818,1,
Combined,GPT-2,Child,0.06528863960649171,0.05538852262191228,2,
Combined,GPT-2,Child,0.09494562976806703,0.11961140083794555,2,
Combined,GPT-2,Grandparent,0.08760483932647718,-0.007668090105978061,0,
Combined,GPT-2,Grandparent,0.02291629862980756,-0.17983956226363298,0,
Combined,GPT-2,Parent,0.07831097733672537,-0.09644963429471115,1,
Combined,GPT-2,Parent,0.07107973785312952,-0.11649052423289841,1,
Combined,GPT-2,Grandparent,0.037645830136927516,0.12723490348489946,0,
Combined,GPT-2,Grandparent,-0.004364791845963284,-0.2533124417173294,0,
Combined,GPT-2,Parent,0.06832446648706046,0.17354814358599566,1,
Combined,GPT-2,Parent,0.014317531796976956,0.07859981791126512,1,
Combined,GPT-2,Child,0.0897727087581986,-0.013851007631079758,2,
Combined,GPT-2,Child,0.05314667702051696,0.04426155115776384,2,
Combined,GPT-2,Grandparent,0.05944767003400845,-0.0612847089346033,0,
Combined,GPT-2,Grandparent,0.01396926773682735,-0.1055750270777457,0,
Combined,GPT-2,Parent,-0.25925643727704445,0.004542955607472548,1,
Combined,GPT-2,Parent,0.11955870330982084,0.038076026882609776,1,
Combined,GPT-2,Grandparent,-0.5268325499761862,-0.005202572564242239,0,
Combined,GPT-2,Grandparent,0.046261466178828314,-0.011404053224672264,0,
Combined,GPT-2,Parent,0.049971349015218935,-0.028140143240033548,1,
Combined,GPT-2,Parent,-0.10593836663233128,-0.04316892415306087,1,
Combined,GPT-2,Child,0.03335184628044173,-0.020888923941523637,2,
Combined,GPT-2,Child,0.10210561829087857,-0.015183998458398957,2,
Combined,GPT-2,Grandparent,0.06355028326325202,-0.02594529949947305,0,
Combined,GPT-2,Grandparent,0.08036707133389388,0.07121812878846918,0,
Combined,GPT-2,Parent,0.09685905036902812,0.02476654867928157,1,
Combined,GPT-2,Parent,0.07862953000646371,0.07044384451467842,1,
Combined,GPT-2,Grandparent,0.07365903768921887,0.04385993670305592,0,
Combined,GPT-2,Grandparent,-0.4532519122079284,0.02800549805614588,0,
Combined,GPT-2,Parent,0.09702675037994635,0.03377190088386632,1,
Combined,GPT-2,Parent,0.087528631439749,0.016037403332151152,1,
Combined,GPT-2,Child,0.057454966170432234,-0.03041324062340237,2,
Combined,GPT-2,Child,0.030985874828377273,-0.005148985204696939,2,
Combined,GPT-2,Grandparent,0.05525792604563395,0.010637185928687473,0,
Combined,GPT-2,Grandparent,0.08562436442377996,0.01609590223944812,0,
Combined,GPT-2,Parent,0.03502136048644666,-0.1355122357856701,1,
Combined,GPT-2,Parent,0.024609908407519362,-0.1724660541610319,1,
Combined,GPT-2,Grandparent,0.060731160060201704,0.06841414646246835,0,
Combined,GPT-2,Grandparent,0.06221900503656209,0.020879517361843607,0,
Combined,GPT-2,Parent,0.08295628702514875,-0.05884099254535666,1,
Combined,GPT-2,Parent,0.05585328723373713,0.02001396285063378,1,
Combined,GPT-2,Child,0.08492940539282004,0.13625823181944213,2,
Combined,GPT-2,Child,0.08708289671522657,0.036423346158862786,2,
Combined,GPT-2,Grandparent,-0.45178507305050064,-0.0013716315391890995,0,
Combined,GPT-2,Grandparent,0.057821411169946296,-0.05755057976442329,0,
Combined,GPT-2,Parent,0.0939147163637627,0.053733630431672036,1,
Combined,GPT-2,Parent,0.013146989161282166,-0.07064896867904606,1,
Combined,GPT-2,Grandparent,0.039732090419744855,0.07700098564642606,0,
Combined,GPT-2,Grandparent,0.00531164497579531,-0.07124227305954214,0,
Combined,GPT-2,Parent,-0.012332653644944737,-0.1610121689297108,1,
Combined,GPT-2,Parent,0.025848128918164445,-0.11079669895747404,1,
Combined,GPT-2,Child,0.024358829270162058,-0.1327119945426626,2,
Combined,GPT-2,Child,0.058567213676545375,0.03201230730223267,2,
Combined,GPT-2,Grandparent,-0.47314569332486867,0.010581483214810521,0,
Combined,GPT-2,Grandparent,0.10984447416699872,0.09011931474870745,0,
Combined,GPT-2,Parent,0.08164041873818423,0.040463169867620725,1,
Combined,GPT-2,Parent,0.1236952471904097,0.07446775704208225,1,
Combined,GPT-2,Grandparent,0.027354619768729552,-0.09059846195353458,0,
Combined,GPT-2,Grandparent,0.08023219765657312,-0.05558719914506354,0,
Combined,GPT-2,Parent,0.06663368807243407,0.15599914048628521,1,
Combined,GPT-2,Parent,0.00227655741353091,0.008039867568497568,1,
Combined,GPT-2,Child,0.07433403997768669,0.04177310187246953,2,
Combined,GPT-2,Child,0.0879976640175761,-0.026882878120088525,2,
Combined,GPT-2,Grandparent,-0.5496205914659436,0.03019946944860534,0,
Combined,GPT-2,Grandparent,0.07582045579762212,-0.07630012397086264,0,
Combined,GPT-2,Parent,0.09601366359969989,0.11911781098935302,1,
Combined,GPT-2,Parent,-0.009289384188092133,-0.005761088442305535,1,
Combined,GPT-2,Grandparent,0.02258832704484547,0.07385941983847764,0,
Combined,GPT-2,Grandparent,0.0663949677549818,0.06439043176060404,0,
Combined,GPT-2,Parent,0.08437922602461409,-0.015752646504710928,1,
Combined,GPT-2,Parent,0.054414335911099,-0.11601732365103468,1,
Combined,GPT-2,Child,0.09281980393871969,0.030229531190644057,2,
Combined,GPT-2,Child,0.09973491671066179,0.047422747190234905,2,
Combined,GPT-2,Grandparent,0.023500559790950625,0.10670789624344658,0,
Combined,GPT-2,Grandparent,0.01847849489108101,-0.1298631078679517,0,
Combined,GPT-2,Parent,-0.3922196228273683,-0.006520147962485048,1,
Combined,GPT-2,Parent,-0.05771920529158414,-0.13558733333130785,1,
Combined,GPT-2,Grandparent,0.06655278384435312,0.024935767729533133,0,
Combined,GPT-2,Grandparent,0.04603760023346351,0.008040823367105834,0,
Combined,GPT-2,Parent,0.08316727253002022,-0.014970011619948702,1,
Combined,GPT-2,Parent,0.09405895737686558,0.0013976218228825975,1,
Combined,GPT-2,Child,0.05592132294930849,-0.03323309195462104,2,
Combined,GPT-2,Child,-0.5644996731302035,0.025031651022651428,2,
Combined,GPT-2,Grandparent,0.025253655141708294,-0.2145485553610694,0,
Combined,GPT-2,Grandparent,0.022986146926157414,-0.11484347806562675,0,
Combined,GPT-2,Parent,0.04425738154048719,-0.06220841751409145,1,
Combined,GPT-2,Parent,-0.0013564720809197226,-0.18267057576491824,1,
Combined,GPT-2,Grandparent,0.06223166692305533,-0.06242746357133432,0,
Combined,GPT-2,Grandparent,0.0627575901489713,0.049384021140470746,0,
Combined,GPT-2,Parent,-0.600494787818603,-0.0013747029561881248,1,
Combined,GPT-2,Parent,0.08379060401118738,0.06394279617438338,1,
Combined,GPT-2,Child,0.026306779985778756,0.02477760719742104,2,
Combined,GPT-2,Child,0.06995649718424288,0.02079671389037718,2,
Combined,GPT-2,Grandparent,0.01571459199081868,-0.10655638679496533,0,
Combined,GPT-2,Grandparent,0.10108227949141727,0.00479033467938399,0,
Combined,GPT-2,Parent,0.02273479177027923,-0.10758715389107684,1,
Combined,GPT-2,Parent,0.029273681675926654,0.050121902623882365,1,
Combined,GPT-2,Grandparent,0.07108716702701726,-0.034020746125760205,0,
Combined,GPT-2,Grandparent,0.026140650714184848,-0.046270496025129886,0,
Combined,GPT-2,Parent,0.027616745183461206,-0.02462739164332939,1,
Combined,GPT-2,Parent,0.044354837216229355,-0.11138904359122234,1,
Combined,GPT-2,Child,0.08691184026681148,0.0325295224761917,2,
Combined,GPT-2,Child,-0.32540042328712504,0.003102306609370799,2,
Combined,GPT-2,Grandparent,0.02327922825822465,0.13995653324461033,0,
Combined,GPT-2,Grandparent,0.11702910801675499,0.010753686235991542,0,
Combined,GPT-2,Parent,0.0475441440423647,-0.040966782286360276,1,
Combined,GPT-2,Parent,0.017985973163324412,0.19983014162225904,1,
Combined,GPT-2,Grandparent,0.10373003060608517,-0.013658962850942062,0,
Combined,GPT-2,Grandparent,0.056211621532534575,0.0365255255133535,0,
Combined,GPT-2,Parent,0.09117666490250288,0.05200630648760315,1,
Combined,GPT-2,Parent,0.034853812556077925,0.08529382682483291,1,
Combined,GPT-2,Child,-0.4085433211223219,0.02572272638936256,2,
Combined,GPT-2,Child,0.11378774736162105,-0.013344054710944481,2,
Combined,GPT-2,Grandparent,0.0466873912751861,-0.07678312421601184,0,
Combined,GPT-2,Grandparent,0.04962285249116342,-0.031217390047745715,0,
Combined,GPT-2,Parent,0.03233688891817338,-0.06489388543656571,1,
Combined,GPT-2,Parent,-0.08615272767178403,-0.28877183464935424,1,
Combined,GPT-2,Grandparent,0.12229306717629614,0.020050795113068204,0,
Combined,GPT-2,Grandparent,-0.4278080802430595,0.03302235190863177,0,
Combined,GPT-2,Parent,0.02145726055484578,-0.10999283352362174,1,
Combined,GPT-2,Parent,0.12570380256224625,0.01056360723378114,1,
Combined,GPT-2,Child,0.049456744736409576,-0.07443078178299059,2,
Combined,GPT-2,Child,0.08443636234314573,0.041143442697327136,2,
Combined,GPT-2,Grandparent,0.05463079781833931,-0.062036867265396804,0,
Combined,GPT-2,Grandparent,0.06930839083850693,0.011611464733869932,0,
Combined,GPT-2,Parent,0.08682167203411964,0.04250601790753929,1,
Combined,GPT-2,Parent,-0.03817525787032674,-0.0149370387422744,1,
Combined,GPT-2,Grandparent,0.06169271950320727,-0.08632687627195816,0,
Combined,GPT-2,Grandparent,0.03637639431613427,-0.010629389925327724,0,
Combined,GPT-2,Parent,0.039352609254874875,0.07467854068116747,1,
Combined,GPT-2,Parent,-0.029138040064189102,-0.07835730357901581,1,
Combined,GPT-2,Child,-0.4407210664487256,-0.0070069124982892386,2,
Combined,GPT-2,Child,0.08432382586978543,0.046632997311466744,2,
Combined,GPT-2,Grandparent,-0.02505401070527825,0.05206989569550914,0,
Combined,GPT-2,Grandparent,0.036147979553844,-0.028646007430365727,0,
Combined,GPT-2,Parent,0.06804723104523985,0.08478323915072579,1,
Combined,GPT-2,Grandparent,-0.02182585648914165,-0.22501953150872514,0,
Combined,GPT-2,Grandparent,-0.5311941073638071,0.02804678614236585,0,
Combined,GPT-2,Parent,0.0784949955834795,0.017170792557475514,1,
Combined,GPT-2,Parent,-0.021568599545542678,-0.10677441165430397,1,
Combined,GPT-2,Child,0.08828201959982931,0.013595472304207903,2,
Combined,GPT-2,Child,0.05608247810768872,0.03980854460606017,2,
Combined,GPT-2,Grandparent,0.11317158352512881,0.00038152342022216423,0,
Combined,GPT-2,Grandparent,0.11091694634184093,0.03068489265406872,0,
Combined,GPT-2,Parent,0.11009745880468495,0.11207758190352851,1,
Combined,GPT-2,Parent,0.0929881972785373,0.013488382926650671,1,
Combined,GPT-2,Grandparent,0.11925999302019168,-0.16317146585098624,0,
Combined,GPT-2,Grandparent,0.09542236206246675,-0.017320450919076063,0,
Combined,GPT-2,Parent,-0.419465965462535,0.024920767337141592,1,
Combined,GPT-2,Parent,0.11871915781505077,0.05472923493135691,1,
Combined,GPT-2,Child,-0.021538233319678537,-0.1544092440954596,2,
Combined,GPT-2,Child,0.08021772519094443,-0.015172730912302453,2,
Combined,GPT-2,Grandparent,0.06085253464592748,0.04644922922518853,0,
Combined,GPT-2,Grandparent,0.07175720213223243,0.04647603469937943,0,
Combined,GPT-2,Parent,0.0012841469295604173,0.0009181187824917416,1,
Combined,GPT-2,Parent,-0.020867484815885927,0.14686108356018876,1,
Combined,GPT-2,Grandparent,0.06946133651057236,-0.012509541552571047,0,
Combined,GPT-2,Grandparent,0.06753653565070324,0.06127101069548813,0,
Combined,GPT-2,Parent,0.09101065253351684,-0.12284206970449248,1,
Combined,GPT-2,Parent,-0.010308935438780312,0.20456236598978353,1,
Combined,GPT-2,Child,0.08476676400361563,0.06205481580463675,2,
Combined,GPT-2,Child,0.09974056337236907,0.05942590168038297,2,
Combined,GPT-2,Grandparent,0.061469707600226325,-0.05348895536282984,0,
Combined,GPT-2,Grandparent,0.0712021373198356,-0.03255313048288004,0,
Combined,GPT-2,Parent,0.10771189872249413,-0.01816900281728002,1,
Combined,GPT-2,Parent,-0.5271780021456156,-0.005298242574091795,1,
Combined,GPT-2,Grandparent,0.09680241588952392,0.06559704581666963,0,
Combined,GPT-2,Grandparent,0.024844502595808258,-0.09399521383775924,0,
Combined,GPT-2,Parent,0.07275488217195969,0.02847879554959357,1,
Combined,GPT-2,Parent,-0.5879235876486029,0.029201665421683443,1,
Combined,GPT-2,Child,0.05214319712094478,0.03746635600662585,2,
Combined,GPT-2,Child,0.08585209771219239,0.014712852438217386,2,
Combined,GPT-2,Grandparent,0.1087182736643864,0.012771626566314743,0,
Combined,GPT-2,Grandparent,0.13631521740861097,0.0012889438277911458,0,
Combined,GPT-2,Parent,0.12367401577709713,-0.03290677832654603,1,
Combined,GPT-2,Parent,0.09016224515640313,-0.010198279897923948,1,
Combined,GPT-2,Grandparent,0.06741343344466749,0.037669876770995175,0,
Combined,GPT-2,Grandparent,0.00658694981886294,-0.11243283358384622,0,
Combined,GPT-2,Parent,0.05389934990880595,0.03423417902349665,1,
Combined,GPT-2,Parent,-0.5980315710407131,0.046590692487351454,1,
Combined,GPT-2,Child,0.05941052937429771,-0.0831932081931781,2,
Combined,GPT-2,Child,0.09268434598196751,-0.007799438431056949,2,
Combined,GPT-2,Grandparent,0.07805473091533287,0.0381283565424602,0,
Combined,GPT-2,Grandparent,0.09819534908364126,-0.014987795534237494,0,
Combined,GPT-2,Parent,0.056983677546469776,0.1295796263394932,1,
Combined,GPT-2,Parent,0.035071520567980276,0.02867317346029078,1,
Combined,GPT-2,Grandparent,0.10663083961288908,0.04441220932612645,0,
Combined,GPT-2,Parent,0.10112939967079983,-0.03227499911056773,1,
Combined,GPT-2,Child,-0.4931721481165548,-0.022758310436852683,2,
Combined,GPT-2,Child,0.0766789237031382,0.07201830114010703,2,
Combined,GPT-2,Grandparent,0.0336548001438059,0.009505575089061817,0,
Combined,GPT-2,Grandparent,0.05386289540993928,-0.02621530661812669,0,
Combined,GPT-2,Parent,0.06509607724761692,-0.04349322278268626,1,
Combined,GPT-2,Parent,0.04883685587120331,0.12904471717660124,1,
Combined,GPT-2,Grandparent,-0.0034216097337746564,-0.1904667219587352,0,
Combined,GPT-2,Grandparent,-0.010414619826572722,-0.0009876830643943536,0,
Combined,GPT-2,Parent,-0.7345623642396751,0.023022991370696425,1,
Combined,GPT-2,Child,0.056274327528465826,0.043118758446972834,2,
Combined,GPT-2,Child,0.08078836307439109,-0.06143111825075328,2,
Combined,GPT-2,Grandparent,0.10520847878779759,0.11005477005743516,0,
Combined,GPT-2,Grandparent,0.09583376527936208,0.011045797241428157,0,
Combined,GPT-2,Parent,0.13170729507046422,0.08601715098581134,1,
Combined,GPT-2,Parent,0.09916802373961552,0.038373840332762046,1,
Combined,GPT-2,Grandparent,0.043598043506199766,0.07287902732527303,0,
Combined,GPT-2,Grandparent,0.09460838071520673,0.11785313776151343,0,
Combined,GPT-2,Parent,0.07898320462918956,0.12464145772528343,1,
Combined,GPT-2,Parent,-0.052400399343734444,0.2032915722564214,1,
Combined,GPT-2,Child,0.08655621992622765,0.02250182551783131,2,
Combined,GPT-2,Child,0.09334368085355553,0.0636519036631109,2,
Combined,GPT-2,Grandparent,0.007223028644213403,-0.1040348555163534,0,
Combined,GPT-2,Grandparent,-0.42524327972846215,-0.014691076936090189,0,
Combined,GPT-2,Parent,0.08271667665030981,0.021477339772010717,1,
Combined,GPT-2,Parent,0.0007832482923273019,-0.14557459529791877,1,
Combined,GPT-2,Grandparent,-0.49729532146585703,0.03681008497001541,0,
Combined,GPT-2,Grandparent,0.08521572837914376,-0.01188664632548898,0,
Combined,GPT-2,Parent,0.09836849649494017,0.07941626119155538,1,
Combined,GPT-2,Parent,0.038298332740222284,0.014378093934354588,1,
Combined,GPT-2,Child,0.08899796225350755,0.0645952753527559,2,
Combined,GPT-2,Child,0.045520187515992704,-0.021536095635615007,2,
Combined,GPT-2,Grandparent,0.08108704776694438,-0.1499275189859445,0,
Combined,GPT-2,Grandparent,0.10209950057033411,0.009972615763835645,0,
Combined,GPT-2,Parent,0.0232059562541706,0.06665896637031002,1,
Combined,GPT-2,Parent,0.06257565662694642,-0.07742147279479895,1,
Combined,GPT-2,Grandparent,-0.45510807646780377,-0.00222163354742825,0,
Combined,GPT-2,Grandparent,0.07928075123918371,-0.0321369893587311,0,
Combined,GPT-2,Parent,0.12270659595133251,0.060398025953840535,1,
Combined,GPT-2,Parent,0.01183298530287318,0.09078071784684837,1,
Combined,GPT-2,Child,0.07603821321178934,-0.05178992204361786,2,
Combined,GPT-2,Child,0.017889335521120996,-0.010947637541602518,2,
Combined,GPT-2,Grandparent,0.03235077069585388,0.043693356376338637,0,
Combined,GPT-2,Grandparent,-0.08299958640015101,-0.08318195252519207,0,
Combined,GPT-2,Parent,0.03393714395392062,0.05260039570769355,1,
Combined,GPT-2,Parent,-0.008210194102768912,0.1567173026963408,1,
Combined,GPT-2,Grandparent,0.037195162844928346,0.08650294191431242,0,
Combined,GPT-2,Grandparent,0.03844960505088899,0.07906221269349294,0,
Combined,GPT-2,Parent,0.021469377357098345,0.11994549825880306,1,
Combined,GPT-2,Parent,0.04345457312731748,0.10557637407741054,1,
Combined,GPT-2,Child,0.06437053134038001,0.04916997398649345,2,
Combined,GPT-2,Child,0.04143143046612313,0.03629574298614067,2,
Combined,GPT-2,Grandparent,0.0801640262525282,-0.07056153675493762,0,
Combined,GPT-2,Grandparent,0.0810288982794836,-0.05653410341851803,0,
Combined,GPT-2,Parent,-0.5163353715167746,-0.02172101627164442,1,
Combined,GPT-2,Parent,0.008836363291971587,-0.22899230647281127,1,
Combined,GPT-2,Grandparent,-0.01492581640520549,0.12872629779715203,0,
Combined,GPT-2,Grandparent,0.03816319854206312,0.008276990076411812,0,
Combined,GPT-2,Parent,0.06054047325329849,0.15567894942403607,1,
Combined,GPT-2,Parent,0.02548044930083913,0.13397876251220645,1,
Combined,GPT-2,Child,0.05641818014960424,-0.12630049824105274,2,
Combined,GPT-2,Child,0.04990839336808141,-0.028242582509194192,2,
Combined,GPT-2,Grandparent,0.0892974703881278,-0.07159872443058472,0,
Combined,GPT-2,Grandparent,0.058807614467968124,-0.06563591931521622,0,
Combined,GPT-2,Parent,0.1003399181696801,0.07018646660156132,1,
Combined,GPT-2,Parent,-0.482148465609118,0.016816567145935223,1,
Combined,GPT-2,Grandparent,0.03509714353315304,0.07131212458161751,0,
Combined,GPT-2,Grandparent,-0.055154208063515876,-0.09807057355550523,0,
Combined,GPT-2,Parent,0.014814048850768582,-0.046411819953844885,1,
Combined,GPT-2,Parent,-0.7346145412822748,0.0235483592148405,1,
Combined,GPT-2,Child,0.06319776451696844,0.03687618099051565,2,
Combined,GPT-2,Child,0.04552399226970783,0.013531131534347717,2,
Combined,GPT-2,Grandparent,0.0907755446782041,0.006878581374081712,0,
Combined,GPT-2,Grandparent,0.06851429785628418,-0.07196011168769957,0,
Combined,GPT-2,Parent,-0.0026021380121115816,-0.10228039132053769,1,
Combined,GPT-2,Parent,0.016516294415841366,0.08849184903355119,1,
Combined,GPT-2,Grandparent,-0.5281701694655183,-0.004396663471048928,0,
Combined,GPT-2,Grandparent,0.06900101099651053,0.07560437295570913,0,
Combined,GPT-2,Parent,0.06972643732932789,-0.12818193630943134,1,
Combined,GPT-2,Parent,0.06441112243427025,0.12538902592380857,1,
Combined,GPT-2,Child,0.050337240234978244,0.005671611550278976,2,
Combined,GPT-2,Child,0.023181626922198596,-0.04496078953560648,2,
Combined,GPT-2,Grandparent,0.06091133110355854,0.08929684191055387,0,
Combined,GPT-2,Grandparent,0.04507244881456685,-0.0056604934089259885,0,
Combined,GPT-2,Parent,0.09715864389834086,0.0037847810200727717,1,
Combined,GPT-2,Parent,0.04860874740253152,0.040483686511682514,1,
Combined,GPT-2,Grandparent,0.06638965900678179,-0.07583898140800706,0,
Combined,GPT-2,Grandparent,0.09213729246654992,-0.06445647927620964,0,
Combined,GPT-2,Parent,0.06712471434043744,-0.04789845118378296,1,
Combined,GPT-2,Parent,-0.4860388139424898,-0.028822258699784144,1,
Combined,GPT-2,Child,0.04426660203104099,0.0340300035827733,2,
Combined,GPT-2,Child,0.04744209115580883,0.11596688508011586,2,
Combined,GPT-2,Grandparent,0.04263168226944872,0.07903882839837102,0,
Combined,GPT-2,Grandparent,0.014866371902971248,0.13145106152786282,0,
Combined,GPT-2,Parent,0.05445338974661327,0.0049682412795951925,1,
Combined,GPT-2,Parent,0.009046853387370166,0.16325437454694336,1,
Combined,GPT-2,Grandparent,0.05690557828483567,0.07240187216760016,0,
Combined,GPT-2,Grandparent,0.08847721617163648,0.14188321176097027,0,
Combined,GPT-2,Parent,0.05531724488808224,0.0032052179723316247,1,
Combined,GPT-2,Parent,-0.5968006219588116,0.05295893138932711,1,
Combined,GPT-2,Child,0.07446693306567354,-0.1149612173287514,2,
Combined,GPT-2,Child,0.0798532301730796,0.005745095264148039,2,
Combined,GPT-2,Grandparent,0.11372411834615516,-0.05976363365652305,0,
Combined,GPT-2,Grandparent,0.09822068164591576,-0.09194705421510403,0,
Combined,GPT-2,Parent,0.06159214349262416,-0.13823987804690982,1,
Combined,GPT-2,Parent,0.09485796791435101,-0.07127636132591451,1,
Combined,GPT-2,Grandparent,0.010200784634343242,-0.0581374746051758,0,
Combined,GPT-2,Grandparent,-0.6919858901393255,-0.005232570085325245,0,
Combined,GPT-2,Parent,0.078022605157081,0.08357984235771285,1,
Combined,GPT-2,Parent,-0.02415082632740907,-0.07548372628377016,1,
Combined,GPT-2,Child,0.10141734982894184,0.027140854343978473,2,
Combined,GPT-2,Child,0.0949949096780425,-0.0313329000847084,2,
Combined,GPT-2,Grandparent,0.1300046880910573,0.04317658887217193,0,
Combined,GPT-2,Grandparent,0.10886280248153314,0.018439328268348633,0,
Combined,GPT-2,Parent,0.09588172297588607,-0.0013098683589428091,1,
Combined,GPT-2,Parent,0.10888960835569035,0.12621287955750352,1,
Combined,GPT-2,Grandparent,0.06131623950437424,-0.03419578389437497,0,
Combined,GPT-2,Grandparent,0.0867824882793969,-0.06417717685278294,0,
Combined,GPT-2,Parent,0.1021854874564121,-0.05773525253904733,1,
Combined,GPT-2,Parent,-0.4042478297753214,-0.003354871561990076,1,
Combined,GPT-2,Child,0.04997273212345213,0.03194981350847471,2,
Combined,GPT-2,Child,0.06018082517193706,0.08139477076251272,2,
Combined,GPT-2,Parent,-0.00041933638563895206,0.04090274048158476,1,
Combined,GPT-2,Grandparent,0.056378701878686516,0.005194262233774046,0,
Combined,GPT-2,Grandparent,0.07379770353036234,0.09086774429370863,0,
Combined,GPT-2,Parent,0.05985026657948577,0.026257183009032625,1,
Combined,GPT-2,Parent,0.028518521299637486,0.025424512084564657,1,
Combined,GPT-2,Child,0.06949710793958334,0.12172109772969938,2,
Combined,GPT-2,Child,-0.09078260535578042,-0.07907940257322303,2,
Combined,GPT-2,Grandparent,-0.39447395220897546,-0.034959963086786776,0,
Combined,GPT-2,Grandparent,0.06745079167548433,-0.13358030931070985,0,
Combined,GPT-2,Parent,0.05903170081293285,0.010565333611180401,1,
Combined,GPT-2,Parent,0.0802623641074773,-0.11634118887839835,1,
Combined,GPT-2,Grandparent,0.06463770154249186,-0.11071199854254304,0,
Combined,GPT-2,Grandparent,0.04615261817882026,-0.024903579513018054,0,
Combined,GPT-2,Parent,-0.45573238325428517,0.03743301354687055,1,
Combined,GPT-2,Parent,-0.052561342875604544,0.1735026616708596,1,
Combined,GPT-2,Child,0.056673887953271586,-0.027032368710451574,2,
Combined,GPT-2,Child,0.03181985680094305,-0.12598244155566507,2,
Combined,GPT-2,Grandparent,0.06604592048258966,0.08202461632995307,0,
Combined,GPT-2,Grandparent,0.11900646466165872,0.03033426045894338,0,
Combined,GPT-2,Parent,0.08366145487528578,0.12676722452613556,1,
Combined,GPT-2,Parent,0.07981532810346399,0.07192353497721801,1,
Combined,GPT-2,Grandparent,-0.5314580286057902,0.009054068416211532,0,
Combined,GPT-2,Grandparent,0.06545470036902028,0.0016995346215888277,0,
Combined,GPT-2,Parent,0.042876350500177816,-0.13213477060867113,1,
Combined,GPT-2,Parent,0.048347596927414374,-0.08562131995760261,1,
Combined,GPT-2,Child,0.054097036826708904,-0.01545637018858386,2,
Combined,GPT-2,Child,0.08561813156742723,0.09782240873775624,2,
Combined,GPT-2,Grandparent,0.096763864250856,0.052565837397758525,0,
Combined,GPT-2,Grandparent,0.10445463185500882,0.11016518019143312,0,
Combined,GPT-2,Parent,0.06541857754409551,-0.08381547161385751,1,
Combined,GPT-2,Parent,0.07284418202373803,0.05760812780545258,1,
Combined,GPT-2,Grandparent,0.11778530609755467,-0.10836040262951195,0,
Combined,GPT-2,Grandparent,0.026569545398136173,0.17588899528970398,0,
Combined,GPT-2,Parent,0.09124733463980841,0.07333187958101416,1,
Combined,GPT-2,Parent,0.13136653641116436,-0.07746262106891276,1,
Combined,GPT-2,Child,0.0897811078597111,0.0663315061073459,2,
Combined,GPT-2,Child,0.08742929711359411,-0.0030282601839224997,2,
Combined,GPT-2,Grandparent,0.018489113997141995,-0.19065850148573052,0,
Combined,GPT-2,Grandparent,-0.0005589054385398776,0.004087026806020089,0,
Combined,GPT-2,Parent,0.06779608686374491,0.026069096506502132,1,
Combined,GPT-2,Parent,-0.5987820775663406,0.01830035716817106,1,
Combined,GPT-2,Grandparent,0.04906483568759723,-0.0019305460304297277,0,
Combined,GPT-2,Grandparent,0.054552027248088754,-0.02595170125710775,0,
Combined,GPT-2,Parent,-0.41954710573443194,0.041841962990991015,1,
Combined,GPT-2,Parent,0.03702925041830903,-0.021712901516268427,1,
Combined,GPT-2,Child,0.05511349911532676,0.049300421812289205,2,
Combined,GPT-2,Child,0.06798876713052494,-0.06920284929895308,2,
Combined,GPT-2,Grandparent,0.13369192651055609,-0.00988962612449375,0,
Combined,GPT-2,Grandparent,0.07742804389074963,-0.10190705570620676,0,
Combined,GPT-2,Parent,0.12003844446784327,-0.03963973615417309,1,
Combined,GPT-2,Grandparent,0.05266196790975865,0.17234903230869952,0,
Combined,GPT-2,Grandparent,0.05376953776813755,-0.07899367133216917,0,
Combined,GPT-2,Parent,0.08058300740884715,0.041586347218769776,1,
Combined,GPT-2,Parent,0.015809841089086667,0.06554915146290902,1,
Combined,GPT-2,Child,0.01978296554966998,-0.042430901591613106,2,
Combined,GPT-2,Child,-0.26004444639499197,0.05280874605883834,2,
Combined,GPT-2,Grandparent,0.039365198357526165,0.1148105245280878,0,
Combined,GPT-2,Grandparent,0.05552680296259808,-0.08195390372812945,0,
Combined,GPT-2,Parent,0.05923648666943089,-0.0019241377713911283,1,
Combined,GPT-2,Parent,0.039217586744342954,-0.07742482433372552,1,
Combined,GPT-2,Grandparent,0.05002881560709576,-0.14718428667761338,0,
Combined,GPT-2,Grandparent,0.02939787720307259,-0.04120544041466458,0,
Combined,GPT-2,Parent,0.08368367641995499,-0.024707707810067623,1,
Combined,GPT-2,Child,0.05651472045423534,-0.095644388172582,2,
Combined,GPT-2,Child,0.05646820029769093,0.009924744023397821,2,
Combined,GPT-2,Grandparent,0.06946508137106701,-0.07629037824426368,0,
Combined,GPT-2,Grandparent,0.02151096456822696,0.14956914226876716,0,
Combined,GPT-2,Parent,-0.29565079247966736,0.025270552097655767,1,
Combined,GPT-2,Parent,0.05760648339540956,0.1248884821925055,1,
Combined,GPT-2,Grandparent,0.07057217084769356,-0.032927849031510956,0,
Combined,GPT-2,Grandparent,-0.5924787834127656,0.03585469675810281,0,
Combined,GPT-2,Parent,0.05103452431550725,0.06600123915143676,1,
Combined,GPT-2,Parent,0.052981212626758784,0.1547214527714637,1,
Combined,GPT-2,Child,0.052423767729989086,-0.001951345311861181,2,
Combined,GPT-2,Child,0.022663451710750404,-0.06744090586043505,2,
Combined,GPT-2,Grandparent,0.07841868974847208,0.03864887373100974,0,
Combined,GPT-2,Grandparent,0.03783832026237535,0.012987745318247989,0,
Combined,GPT-2,Parent,0.03891252621811331,0.11243040449128873,1,
Combined,GPT-2,Parent,0.05152056573496583,0.09068152213159586,1,
Combined,GPT-2,Grandparent,0.04768539236079687,0.040191312486852815,0,
Combined,GPT-2,Grandparent,-0.4346255254851966,0.0153883037400253,0,
Combined,GPT-2,Parent,0.09348423879603235,0.09375825515325771,1,
Combined,GPT-2,Parent,0.08014050653975498,0.13748137937797092,1,
Combined,GPT-2,Child,0.08181545022471527,-0.04152100579221507,2,
Combined,GPT-2,Child,0.006761847497249982,-0.19879816306954698,2,
Combined,GPT-2,Grandparent,0.08716431749445268,-0.057138206726298366,0,
Combined,GPT-2,Parent,0.107658944094098,-0.04287245181616889,1,
Combined,GPT-2,Parent,0.02531291854744149,0.019084791542579232,1,
Combined,GPT-2,Grandparent,0.1031604218534365,-0.03178276383130007,0,
Combined,GPT-2,Grandparent,0.05123484416540018,-0.04895985295044937,0,
Combined,GPT-2,Parent,0.07272521525716603,0.010027602187927193,1,
Combined,GPT-2,Parent,0.08038897476962742,-0.031161010805806695,1,
Combined,GPT-2,Child,-0.5644689299297145,-0.00026290295958608065,2,
Combined,GPT-2,Child,0.0855511974421853,0.0446736483785577,2,
Combined,GPT-2,Grandparent,0.06402611371007942,0.05942121016735566,0,
Combined,GPT-2,Grandparent,0.08814362117571418,0.07871594430542408,0,
Combined,GPT-2,Parent,0.09976565621500452,-0.003000379129263164,1,
Combined,GPT-2,Parent,0.038597857132523346,0.12150178204573726,1,
Combined,GPT-2,Grandparent,0.06772788588903123,-0.05870060820995429,0,
Combined,GPT-2,Grandparent,0.09797235966288832,-0.051790882585035836,0,
Combined,GPT-2,Parent,0.03207916210831067,-0.04954320302052942,1,
Combined,GPT-2,Parent,0.1081868213254755,-0.01980585595698676,1,
Combined,GPT-2,Child,0.09876163628241409,-0.027901905056909874,2,
Combined,GPT-2,Child,0.054681733684227185,-0.0036491607841713856,2,
Combined,GPT-2,Grandparent,0.027620577776388947,-0.021847273633013385,0,
Combined,GPT-2,Grandparent,-0.034758981472536254,-0.011077798482908874,0,
Combined,GPT-2,Parent,0.05725184662763367,0.11669740642784542,1,
Combined,GPT-2,Parent,-0.6032085014829172,0.04041097720826416,1,
Combined,GPT-2,Grandparent,-0.02046457144267117,-0.11345464112196693,0,
Combined,GPT-2,Grandparent,0.05458097643544373,0.02728750041753562,0,
Combined,GPT-2,Parent,0.012458496604161044,0.06526686428745357,1,
Combined,GPT-2,Parent,-0.015359843849639692,-0.08569500178800454,1,
Combined,GPT-2,Child,-0.40494390389203067,-0.014896339725173843,2,
Combined,GPT-2,Child,0.0972195850691484,0.03387205224755343,2,
Combined,GPT-2,Grandparent,0.11435771281563933,0.044081150843007136,0,
Combined,GPT-2,Grandparent,0.038889233059808875,-0.004282132914002355,0,
Combined,GPT-2,Parent,0.13648609679871204,0.035703354396980164,1,
Combined,GPT-2,Parent,0.10291088005183466,-0.04172361656443849,1,
Combined,GPT-2,Grandparent,0.0783651219703051,0.02024788615549769,0,
Combined,GPT-2,Grandparent,0.06829615189489853,0.07074176222077903,0,
Combined,GPT-2,Parent,0.056075584693946266,0.0074746161960925995,1,
Combined,GPT-2,Parent,0.07727887362340492,-0.02626787428384675,1,
Combined,GPT-2,Child,0.0775451739551068,-0.0018071500456748081,2,
Combined,GPT-2,Child,0.0055812807495574214,0.025891711697542008,2,
Combined,GPT-2,Grandparent,0.11970599396994022,0.03254797276001163,0,
Combined,GPT-2,Grandparent,-0.5638803540822256,0.010787825585343127,0,
Combined,GPT-2,Parent,0.008116596085092359,-0.12589554727815908,1,
Combined,GPT-2,Parent,0.06569328946099968,-0.19577832291898586,1,
Combined,GPT-2,Grandparent,0.054130476868965015,0.09726506671574205,0,
Combined,GPT-2,Grandparent,-0.5321353752467598,0.002313546048237404,0,
Combined,GPT-2,Parent,0.09663965501970007,0.1386860510232718,1,
Combined,GPT-2,Parent,0.04989245275031691,0.0709434572226384,1,
Combined,GPT-2,Child,0.04754378601381176,-0.0633798718882236,2,
Combined,GPT-2,Child,0.08060543539666866,-0.08760499313791638,2,
Combined,GPT-2,Grandparent,0.07019310200158783,-0.12949960947398284,0,
Combined,GPT-2,Grandparent,0.08945057995745609,-0.08621479103214146,0,
Combined,GPT-2,Parent,0.05698917588327758,0.09573768066533073,1,
Combined,GPT-2,Parent,0.05667159072165326,-0.12176423781005645,1,
Combined,GPT-2,Grandparent,0.057064547835662165,-0.07828408106809347,0,
Combined,GPT-2,Grandparent,-0.44307945895174466,0.0028395130908293576,0,
Combined,GPT-2,Parent,0.05715292213277786,-0.005449880469955259,1,
Combined,GPT-2,Parent,-0.056925069112348306,-0.1088228828047124,1,
Combined,GPT-2,Child,0.07852156593367396,0.002276819521975645,2,
Combined,GPT-2,Child,0.04648520060343498,0.10032695667296725,2,
Combined,GPT-2,Grandparent,0.04281760006470822,0.17442840140133894,0,
Combined,GPT-2,Grandparent,0.04253751501899565,0.08702714664315188,0,
Combined,GPT-2,Parent,0.021654149982468774,0.12540080503880338,1,
Combined,GPT-2,Grandparent,0.05743986268011073,-0.04973901074225224,0,
Combined,GPT-2,Grandparent,0.08183346302476527,0.049989847569810744,0,
Combined,GPT-2,Parent,0.0705893242956445,0.06924613118031758,1,
Combined,GPT-2,Parent,-0.42947212866891993,0.042352825544436604,1,
Combined,GPT-2,Child,0.02959563456366138,-0.08665763205841132,2,
Combined,GPT-2,Child,0.09269201178236267,0.09999972545549446,2,
Combined,GPT-2,Grandparent,0.01386982754250338,-0.021044043582591543,0,
Combined,GPT-2,Grandparent,0.010060447658451733,-0.08919422008136942,0,
Combined,GPT-2,Parent,0.024216697285339185,-0.11451238520126472,1,
Combined,GPT-2,Parent,0.006627904796213409,-0.0026812785227209235,1,
Combined,GPT-2,Grandparent,0.08702301964730827,0.01566929977879734,0,
Combined,GPT-2,Grandparent,0.1121209696611248,-0.012106166422029649,0,
Combined,GPT-2,Parent,0.06423204311141106,-0.034172161683691464,1,
Combined,GPT-2,Parent,0.07003284262063648,0.09312132265987025,1,
Combined,GPT-2,Child,0.06991427185174576,-0.045409555216344925,2,
Combined,GPT-2,Child,0.07795476513860557,-0.025251933961093178,2,
Combined,GPT-2,Grandparent,0.017842970689545278,0.14702009477751396,0,
Combined,GPT-2,Grandparent,0.027664416404248694,0.07626322486338256,0,
Combined,GPT-2,Parent,-0.5326046145183014,0.004011835376925041,1,
Combined,GPT-2,Parent,0.016225524950580165,0.08357143728921383,1,
Combined,GPT-2,Grandparent,0.05883319193735934,-0.04192530534725744,0,
Combined,GPT-2,Grandparent,0.06904076207715679,0.013109650920339007,0,
Combined,GPT-2,Parent,-0.0059306882253586015,-0.05343312028219639,1,
Combined,GPT-2,Parent,0.08409265190718798,0.016968521873314633,1,
Combined,GPT-2,Child,0.03349759675745329,0.12589913898908459,2,
Combined,GPT-2,Child,0.06429518993603393,-0.02515434402055173,2,
Combined,GPT-2,Grandparent,-0.015573821538214724,-0.03965883092925526,0,
Combined,GPT-2,Grandparent,0.05876436871507776,-0.15232941040616754,0,
Combined,GPT-2,Parent,-0.35974136986223776,0.051304852274749936,1,
Combined,GPT-2,Parent,0.074676740945655,0.018129849820691733,1,
Combined,GPT-2,Grandparent,-0.3953257898148418,0.017049085755129104,0,
Combined,GPT-2,Grandparent,-0.024626470312720826,-0.15661969288608632,0,
Combined,GPT-2,Parent,0.04545538301462471,-0.08070648431137246,1,
Combined,GPT-2,Parent,0.00281099709511273,-0.084868048858335,1,
Combined,GPT-2,Child,0.07309081722049884,0.015725726420818865,2,
Combined,GPT-2,Child,0.0712618306291559,0.07057665808956026,2,
Combined,GPT-2,Grandparent,0.07103668490011518,0.035472393256427794,0,
Combined,GPT-2,Grandparent,0.02665786907707064,0.09991634844992381,0,
Combined,GPT-2,Parent,0.07099796866268288,-0.054172048731282334,1,
Combined,GPT-2,Parent,-0.028648117121899165,0.048223713780732626,1,
Combined,GPT-2,Grandparent,0.0790030564544197,-0.0019359610536064643,0,
Combined,GPT-2,Grandparent,-0.03791387425193417,-0.12029292484548261,0,
Combined,GPT-2,Parent,0.08360817779320831,-0.08159144635470675,1,
Combined,GPT-2,Parent,0.08860652572866233,0.03032168884287279,1,
Combined,GPT-2,Child,0.07048547345619965,0.008092136622585167,2,
Combined,GPT-2,Child,0.07546012815602283,-0.06131792754450662,2,
Combined,GPT-2,Grandparent,-0.529579352589825,0.02409506725720754,0,
Combined,GPT-2,Grandparent,0.047689647983290784,0.11104585636026891,0,
Combined,GPT-2,Parent,0.05035003418123153,0.022561623043505855,1,
Combined,GPT-2,Parent,0.058057082398464854,0.017892224466516424,1,
Combined,GPT-2,Grandparent,0.005495483119285733,-0.11865777703131578,0,
Combined,GPT-2,Grandparent,0.07484318016751518,-0.03574465824411947,0,
Combined,GPT-2,Parent,0.045784250956050425,-0.0511672573970769,1,
Combined,GPT-2,Parent,-0.5975027677535665,0.02421107855556834,1,
Combined,GPT-2,Child,0.06960496530478119,-0.02628446294078004,2,
Combined,GPT-2,Child,0.07406053669959811,-0.02206757492878877,2,
Combined,GPT-2,Grandparent,0.05605635838928882,0.10161712891346919,0,
Combined,GPT-2,Grandparent,0.0905041299101503,-0.06310268644838063,0,
Combined,GPT-2,Parent,0.07337164471517274,0.08558348653832365,1,
Combined,GPT-2,Parent,0.05706605504706383,0.08527360456716453,1,
Combined,GPT-2,Grandparent,0.10342513656720106,-0.03933112145138613,0,
Combined,GPT-2,Grandparent,-0.37828230453176814,-0.009213136572199515,0,
Combined,GPT-2,Parent,0.091160876692269,0.02320368198438402,1,
Combined,GPT-2,Parent,0.043654111358351975,-0.045816617563130546,1,
Combined,GPT-2,Child,0.03955495576202887,0.12863017428076376,2,
Combined,GPT-2,Child,0.07079805472461217,0.015765935637786718,2,
Combined,GPT-2,Grandparent,0.09482030597989335,-0.04031105774775089,0,
Combined,GPT-2,Grandparent,0.052580311548722676,-0.11607029348704978,0,
Combined,GPT-2,Parent,0.0782853601819785,-0.06123848797068811,1,
Combined,GPT-2,Parent,0.055526103739420345,-0.13122085083222146,1,
Combined,GPT-2,Parent,0.055314563692538836,-0.07038558910052778,1,
Combined,GPT-2,Child,0.10939105615703958,0.09057411523124301,2,
Combined,GPT-2,Child,0.07528424048595808,0.04048937657210792,2,
Combined,GPT-2,Grandparent,0.07598334881798807,0.009114745031211617,0,
Combined,GPT-2,Grandparent,0.02993410742510973,0.0454580405692401,0,
Combined,GPT-2,Parent,-0.39638555604859144,-0.008480778147071055,1,
Combined,GPT-2,Parent,0.06229760495773878,-0.04587270055066798,1,
Combined,GPT-2,Grandparent,0.07519379410137837,0.04958608983682253,0,
Combined,GPT-2,Grandparent,-0.07365439484387865,-0.2777315597180445,0,
Combined,GPT-2,Parent,0.12610008180258486,0.009351666105264713,1,
Combined,GPT-2,Parent,-0.0014511321047384958,-0.049323845035413795,1,
Combined,GPT-2,Child,-0.4680295615442274,0.004278486897375066,2,
Combined,GPT-2,Child,0.08445802799072574,0.10154076237225244,2,
Combined,GPT-2,Grandparent,0.11385501011612432,0.019195941198919163,0,
Combined,GPT-2,Grandparent,0.07333909087576965,0.07129148183308057,0,
Combined,GPT-2,Parent,0.11092532363098659,0.037128493892192325,1,
Combined,GPT-2,Parent,0.0758515325899544,-0.0055697676229360905,1,
Combined,GPT-2,Grandparent,0.042005675047682677,0.05711414676211906,0,
Combined,GPT-2,Grandparent,0.07346411247785685,-0.010465525460549728,0,
Combined,GPT-2,Parent,0.0584719157989521,0.00424375372618935,1,
Combined,GPT-2,Parent,0.03991735673119568,-0.20761967795053457,1,
Combined,GPT-2,Child,0.06200292595867021,0.041454124395748304,2,
Combined,GPT-2,Child,0.0742131652788004,0.05611363792503421,2,
Combined,GPT-2,Grandparent,-0.4462741010530377,0.020819362254110307,0,
Combined,GPT-2,Grandparent,-0.005428327694326482,0.1300050740320725,0,
Combined,GPT-2,Parent,0.027226591016944475,-0.07835657998977852,1,
Combined,GPT-2,Parent,0.03103407617849044,-0.014321537562924834,1,
Combined,GPT-2,Grandparent,-0.48061240280643114,0.02540435666840706,0,
Combined,GPT-2,Grandparent,0.04983648116450451,-0.023049992553705264,0,
Combined,GPT-2,Parent,0.08885424974224904,0.07894089997261403,1,
Combined,GPT-2,Parent,0.018903022041404257,0.07352303602781529,1,
Combined,GPT-2,Child,0.1031587280951034,0.023277942437007662,2,
Combined,GPT-2,Child,0.01658993368215755,-0.09187475340901066,2,
Combined,GPT-2,Grandparent,0.06443282050093195,-0.058443180843358686,0,
Combined,GPT-2,Grandparent,0.07250576545280493,0.009605866004645256,0,
Combined,GPT-2,Parent,0.05676968455790532,0.17839003044958743,1,
Combined,GPT-2,Parent,-0.01672186300745773,-0.01228833216763193,1,
Combined,GPT-2,Grandparent,0.08904286270346143,-0.0475567050755095,0,
Combined,GPT-2,Grandparent,0.08558834863344947,-0.0008117350032997586,0,
Combined,GPT-2,Parent,0.06473049136987435,0.08823252910648106,1,
Combined,GPT-2,Parent,0.023667106139417082,0.18135456539882414,1,
Combined,GPT-2,Child,0.036619989219927186,-0.10080264467852952,2,
Combined,GPT-2,Child,0.08403413022369796,0.01360105813331357,2,
Combined,GPT-2,Grandparent,-0.04346538942357927,-0.027604368644395083,0,
Combined,GPT-2,Grandparent,0.02759198789224152,0.0515004982831925,0,
Combined,GPT-2,Parent,0.06324452303368207,-0.054128702925060106,1,
Combined,GPT-2,Parent,-0.5853337120061552,0.03339719423920728,1,
Combined,GPT-2,Grandparent,0.1014932613145659,0.08526344941531593,0,
Combined,GPT-2,Grandparent,0.055372983820568975,-0.005128566204284328,0,
Combined,GPT-2,Parent,0.08219666427396621,0.007369427773404474,1,
Combined,GPT-2,Parent,0.049603333204045454,-0.023197805782630584,1,
Combined,GPT-2,Child,0.08541472832190808,-0.004071070692290472,2,
Combined,GPT-2,Child,0.1029803757013017,0.06831399898409064,2,
Combined,GPT-2,Grandparent,0.08711359157392204,-0.09124157808276206,0,
Combined,GPT-2,Grandparent,0.05044000178486188,-0.170107476691967,0,
Combined,GPT-2,Parent,-0.5550741872913084,0.017370143558298943,1,
Combined,GPT-2,Parent,0.053931643265610146,-0.1992529480651446,1,
Combined,GPT-2,Grandparent,-0.032226609130161656,-0.016575504308072714,0,
Combined,GPT-2,Grandparent,-0.035861402191388655,-0.15624744149073125,0,
Combined,GPT-2,Parent,0.04017037500901382,-0.1109147692313112,1,
Combined,GPT-2,Parent,0.01676847516316126,-0.12561905992924566,1,
Combined,GPT-2,Child,-0.4883434588761072,0.007961923636595395,2,
Combined,GPT-2,Child,0.07412647241465185,0.05783892493511744,2,
Combined,GPT-2,Grandparent,0.09798728981252192,0.0010970281159363323,0,
Combined,GPT-2,Grandparent,0.09679858059882981,0.12188717098582802,0,
Combined,GPT-2,Parent,0.07815409277902075,-0.017974055959365486,1,
Combined,GPT-2,Parent,0.034126730169478654,0.0688255916652526,1,
Combined,GPT-2,Grandparent,0.08056198238512831,-0.0419251343005346,0,
Combined,GPT-2,Grandparent,0.10250060797882803,-0.060108235343926654,0,
Combined,GPT-2,Parent,0.05726262849032882,0.01484748422062234,1,
Combined,GPT-2,Parent,0.04482088487977919,-0.027839928955941264,1,
Combined,GPT-2,Child,0.0857892202623619,0.015545995376804558,2,
Combined,GPT-2,Child,0.07282582355375737,0.00603604276771457,2,
Combined,GPT-2,Grandparent,0.01745513369053221,0.085866668851228,0,
Combined,GPT-2,Grandparent,-0.7340139749282837,0.02158968912141423,0,
Combined,GPT-2,Parent,-0.005695914180256568,-0.06649331463613706,1,
Combined,GPT-2,Parent,-0.00019782894890730157,0.09354503073734725,1,
Combined,GPT-2,Grandparent,0.07562696782490796,-0.05039692567311614,0,
Combined,GPT-2,Grandparent,0.060908642211925955,0.1260243999936723,0,
Combined,GPT-2,Parent,0.0737435067110599,0.07124317012605123,1,
Combined,GPT-2,Child,0.013484868887458505,-0.10541114243224547,2,
Combined,GPT-2,Child,0.10316893632389677,0.07724821967836035,2,
Combined,GPT-2,Grandparent,0.017688766929223738,-0.16119419903289628,0,
Combined,GPT-2,Grandparent,0.06996436839883262,-0.031423600153513885,0,
Combined,GPT-2,Parent,-0.43533064062371296,0.050721557793947984,1,
Combined,GPT-2,Parent,-0.010233203806961345,-0.08859492362531322,1,
Combined,GPT-2,Grandparent,0.05931886609444209,0.11065632424451914,0,
Combined,GPT-2,Grandparent,0.11055471371043032,-0.010675127829644264,0,
Combined,GPT-2,Parent,0.05985732811693987,0.026929375183849545,1,
Combined,GPT-2,Parent,0.04486760121809451,0.04629066815086779,1,
Combined,GPT-2,Child,0.07401429843667448,0.11076429294091814,2,
Combined,GPT-2,Child,0.08394156680054601,-0.06605187240953288,2,
Combined,GPT-2,Grandparent,0.016231396435666012,-0.06688188955838961,0,
Combined,GPT-2,Grandparent,0.06619538258325054,-0.06281422319617033,0,
Combined,GPT-2,Parent,0.022564128161900412,-0.12540174780093966,1,
Combined,GPT-2,Parent,-0.47609769288232107,-0.013140767537036649,1,
Combined,GPT-2,Grandparent,-0.02667057842995274,0.07501347298138819,0,
Combined,GPT-2,Grandparent,0.03142524686157634,0.02736868999975949,0,
Combined,GPT-2,Parent,-0.024734604062425385,0.08835310796321222,1,
Combined,GPT-2,Child,0.010402505133563306,-0.040522924075704896,2,
Combined,GPT-2,Child,0.06858599001244699,-0.027189422317732793,2,
Combined,GPT-2,Grandparent,0.0613624370807754,-0.00864975439254353,0,
Combined,GPT-2,Grandparent,0.09238304256647938,0.030928233867677363,0,
Combined,GPT-2,Parent,0.06499253200041506,-0.00046955652301330854,1,
Combined,GPT-2,Parent,-0.39813989769839925,0.017717009144988107,1,
Combined,GPT-2,Grandparent,0.0866416937671396,-0.056834886767253845,0,
Combined,GPT-2,Grandparent,0.09878556672283403,-0.028509649502968058,0,
Combined,GPT-2,Parent,0.0018591688995960591,-0.1271978018716008,1,
Combined,GPT-2,Parent,0.05649380691778561,-0.1070029114261202,1,
Combined,GPT-2,Child,-0.38849327853574916,0.008285691501877334,2,
Combined,GPT-2,Child,0.06428059474079163,-0.03652059190280286,2,
Combined,GPT-2,Grandparent,0.08846525741407862,0.054174021533578955,0,
Combined,GPT-2,Grandparent,0.10664166729786864,0.10175611707291622,0,
Combined,GPT-2,Parent,0.04887822418139604,0.15643901650976064,1,
Combined,GPT-2,Parent,0.07652007089588779,0.16012536213800588,1,
Combined,GPT-2,Grandparent,0.042196607499333356,-0.07583012482808242,0,
Combined,GPT-2,Grandparent,0.0692249549680486,0.05944729917453162,0,
Combined,GPT-2,Parent,0.04745187505082341,0.0028357055273151776,1,
Combined,GPT-2,Parent,-0.043585349183971916,0.2003195434207042,1,
Combined,GPT-2,Child,0.06483917637429919,0.028851346634100737,2,
Combined,GPT-2,Child,0.08685178775396955,0.01732252474709417,2,
Combined,GPT-2,Grandparent,-0.5143270756225519,0.016488934380553398,0,
Combined,GPT-2,Grandparent,0.08693458999988458,0.03261537268654205,0,
Combined,GPT-2,Parent,0.048913600787906575,0.018921919988326395,1,
Combined,GPT-2,Parent,0.08127646935226085,-0.04252343645433459,1,
Combined,GPT-2,Grandparent,0.09748937899328171,0.15440875721090713,0,
Combined,GPT-2,Grandparent,0.11316898357895042,0.050664800924345284,0,
Combined,GPT-2,Parent,0.0818776574990896,0.07363357394820759,1,
Combined,GPT-2,Parent,0.08752036008913427,0.07861045865901073,1,
Combined,GPT-2,Child,0.06933407393172983,-0.11873070362701396,2,
Combined,GPT-2,Child,0.0739939927959111,0.06267453687877281,2,
Combined,GPT-2,Grandparent,0.022959309153193438,-0.1330968158613802,0,
Combined,GPT-2,Grandparent,0.1173338553114161,-0.08312781175271529,0,
Combined,GPT-2,Parent,0.08913419405074378,-0.15339586344631695,1,
Combined,GPT-2,Parent,-0.6053592479325183,-0.009337595102291874,1,
Combined,GPT-2,Grandparent,0.010993595378425187,-0.14035979337666926,0,
Combined,GPT-2,Grandparent,0.04267972947799139,0.08880820410530485,0,
Combined,GPT-2,Parent,0.061279987956010584,0.02008427233955232,1,
Combined,GPT-2,Parent,-0.029357348973624863,0.09263587438667348,1,
Combined,GPT-2,Child,0.07206941890328758,-0.005690632164632351,2,
Combined,GPT-2,Child,0.07209959688755957,-0.05481873923889101,2,
Combined,GPT-2,Grandparent,0.07020040342760167,-0.04332628287496689,0,
Combined,GPT-2,Grandparent,0.05347492000987941,-0.056076711806971984,0,
Combined,GPT-2,Parent,-0.36831578642039364,0.0216355890927318,1,
Combined,GPT-2,Parent,0.0776412984382835,-0.02548700673229624,1,
Combined,GPT-2,Grandparent,0.052042097051208554,-0.14065724354580206,0,
Combined,GPT-2,Grandparent,0.1050377679471815,0.1082089166867833,0,
Combined,GPT-2,Parent,0.06544213518840522,-0.029438903986897018,1,
Combined,GPT-2,Parent,-0.5187096574785437,0.04674625733648144,1,
Combined,GPT-2,Child,0.056803743773023316,0.03941115876395688,2,
Combined,GPT-2,Child,0.09596912032526488,-0.03569415057969272,2,
Combined,GPT-2,Grandparent,0.08244129663702388,0.023843233180757175,0,
Combined,GPT-2,Grandparent,0.06472788756110703,0.03079561621903034,0,
Combined,GPT-2,Parent,0.037348154564295195,-0.0071222605461024645,1,
Combined,GPT-2,Parent,0.024812068525793936,0.10442819985506363,1,
Combined,GPT-2,Grandparent,0.0982679874163459,0.04206838155510227,0,
Combined,GPT-2,Grandparent,0.08743267981372935,0.08216904714102108,0,
Combined,GPT-2,Parent,0.10444589027592785,0.0785265667495821,1,
Combined,GPT-2,Parent,0.10691347082220086,0.13049370229189328,1,
Combined,GPT-2,Child,-0.46172622809366887,0.017203120861044863,2,
Combined,GPT-2,Child,0.09648317035118004,-0.005542246175256964,2,
Combined,GPT-2,Grandparent,0.06544331884424265,-0.14553516628370344,0,
Combined,GPT-2,Grandparent,-0.026996205674591642,-0.23663599249856743,0,
Combined,GPT-2,Parent,0.048545366117571764,-0.00030581197718705584,1,
Combined,GPT-2,Parent,0.05335134408353052,-0.15626478157800835,1,
Combined,GPT-2,Grandparent,0.055847616145279784,0.0024062158382767377,0,
Combined,GPT-2,Grandparent,0.10068166856419619,0.08227261437494894,0,
Combined,GPT-2,Parent,0.09129840085584187,0.05398158840678728,1,
Combined,GPT-2,Parent,0.10324196852497683,0.05143521260605231,1,
Combined,GPT-2,Child,0.044633817338976305,-0.07319231157329366,2,
Combined,GPT-2,Child,0.027443322096565765,-0.05899682808149945,2,
Combined,GPT-2,Grandparent,0.08303545731899853,-0.07240031310787717,0,
Combined,GPT-2,Grandparent,-0.7342685718711967,0.022217715991078232,0,
Combined,GPT-2,Parent,0.04136276155194821,-0.0785989913348099,1,
Combined,GPT-2,Parent,0.0517892393230345,-0.15890149896840874,1,
Combined,GPT-2,Grandparent,-0.024917907724188434,-0.06521531006597575,0,
Combined,GPT-2,Grandparent,0.0476570663219608,-0.07284788255521751,0,
Combined,GPT-2,Parent,0.12808634643094152,-0.06577983542656274,1,
Combined,GPT-2,Parent,-0.019744606404030002,0.09467251353206237,1,
Combined,GPT-2,Child,0.06977559475832204,-0.04808220467454655,2,
Combined,GPT-2,Child,-0.40360818166761553,0.00883710532904607,2,
Combined,GPT-2,Grandparent,0.07726624763959801,0.06341004216037414,0,
Combined,GPT-2,Grandparent,0.010689746847568207,-0.018298554878723734,0,
Combined,GPT-2,Parent,0.08754535526581605,0.10965425900329688,1,
Combined,GPT-2,Parent,0.04778717546274637,-0.05951875973542102,1,
Combined,GPT-2,Grandparent,-0.5189179022689228,0.020849649026455343,0,
Combined,GPT-2,Grandparent,0.04027851346837016,-0.025372156536865753,0,
Combined,GPT-2,Parent,0.006206055852710994,-0.14105076766969166,1,
Combined,GPT-2,Parent,0.04656043946261327,-0.05498832344585409,1,
Combined,GPT-2,Child,0.0843534263933922,0.11829123934648392,2,
Combined,GPT-2,Child,0.08224255120198885,0.014131916636960168,2,
Combined,GPT-2,Grandparent,0.11919599953820925,0.0528068498198605,0,
Combined,GPT-2,Grandparent,0.021978179232105523,0.11577014111286452,0,
Combined,GPT-2,Parent,0.07709981396819666,0.02804542951306228,1,
Combined,GPT-2,Parent,0.04263517934494227,0.08411622497556218,1,
Combined,GPT-2,Grandparent,0.04849084111962901,0.0814229291903647,0,
Combined,GPT-2,Grandparent,-0.02005400162703909,-0.09827169997551866,0,
Combined,GPT-2,Parent,0.04036128951537632,0.024850205875913457,1,
Combined,GPT-2,Parent,0.030822520340962046,0.15816235189925348,1,
Combined,GPT-2,Child,0.07587382566787612,0.047396449211099485,2,
Combined,GPT-2,Child,-0.407800680192079,-0.0005897572817142499,2,
Combined,GPT-2,Grandparent,0.08819951632577563,0.00880107611874427,0,
Combined,GPT-2,Grandparent,0.048056168181323196,-0.015876646628096867,0,
Combined,GPT-2,Parent,0.053342996005372664,0.053222403246582624,1,
Combined,GPT-2,Parent,0.05287996333283204,0.041817970072766796,1,
Combined,GPT-2,Grandparent,-0.028157897652500447,0.09317814118422814,0,
Combined,GPT-2,Grandparent,0.10797237921812528,0.06023313225383703,0,
Combined,GPT-2,Parent,0.1209243771223182,0.07650900732190359,1,
Combined,GPT-2,Child,0.07472287457223725,0.021222877521196462,2,
Combined,GPT-2,Child,0.10771639578030091,-0.028803167203150407,2,
Combined,GPT-2,Grandparent,0.028439657346113537,-0.11655205845711947,0,
Combined,GPT-2,Grandparent,0.06800131534674046,-0.092613268220107,0,
Combined,GPT-2,Parent,0.08678104981900563,0.03653594223917693,1,
Combined,GPT-2,Parent,-0.597491475668859,-0.025548987396014387,1,
Combined,GPT-2,Grandparent,0.1006383929156136,-0.02895741304009511,0,
Combined,GPT-2,Grandparent,0.03764451100028407,-0.10652507349900868,0,
Combined,GPT-2,Parent,-0.4549639784972911,0.030085694360344546,1,
Combined,GPT-2,Parent,0.05275746834375645,-0.1275424691783597,1,
Combined,GPT-2,Child,0.05444182071844187,0.013616607776452678,2,
Combined,GPT-2,Child,0.04286915903408695,-0.038067838844547175,2,
Combined,GPT-2,Grandparent,0.0406262903429866,0.05312495176939901,0,
Combined,GPT-2,Grandparent,0.02146131121599944,0.13975017671411813,0,
Combined,GPT-2,Parent,0.029139367175360458,0.12395124621769857,1,
Combined,GPT-2,Parent,0.010602699289091362,0.1371244652152478,1,
Combined,GPT-2,Grandparent,0.06836301583973561,0.015878814143181822,0,
Combined,GPT-2,Grandparent,0.09652110057305269,0.011326692012509933,0,
Combined,GPT-2,Parent,0.10682245190477585,0.06848500603696449,1,
Combined,GPT-2,Parent,0.11727450424626165,0.04762257129718482,1,
Combined,GPT-2,Child,0.07081762830653922,0.04168787809825275,2,
Combined,GPT-2,Child,0.09083756699005095,-0.06733416190428528,2,
Combined,GPT-2,Grandparent,-0.15667610367898083,-0.27782218087401533,0,
Combined,GPT-2,Grandparent,0.05789340785741155,0.07574212876729261,0,
Combined,GPT-2,Parent,0.06997441431316315,0.0337712430160202,1,
Combined,GPT-2,Parent,-0.7338454248212399,0.023017428726465693,1,
Combined,GPT-2,Grandparent,0.045217633418938336,-0.03110303347217663,0,
Combined,GPT-2,Grandparent,-0.5245961536730043,-0.020147309621354054,0,
Combined,GPT-2,Parent,0.06070200176198706,-0.033732003865850596,1,
Combined,GPT-2,Parent,0.009276481507177773,-0.016685636141708034,1,
Combined,GPT-2,Child,0.031916753526369204,-0.10179735305595933,2,
Combined,GPT-2,Child,0.08587957610849277,0.09522668323558911,2,
Combined,GPT-2,Grandparent,0.029112481770349464,0.14587498173399605,0,
Combined,GPT-2,Grandparent,0.06645693128595534,0.02919446901716252,0,
Combined,GPT-2,Parent,0.06625248457059413,0.04548906617796718,1,
Combined,GPT-2,Parent,0.06439204955877473,0.14822710295659527,1,
Combined,GPT-2,Grandparent,-0.5501758805186927,0.03775603394462989,0,
Combined,GPT-2,Grandparent,0.14467266659613573,0.051471679110009654,0,
Combined,GPT-2,Parent,0.07073638482810311,-0.058732253689657204,1,
Combined,GPT-2,Parent,0.08028069290523207,0.09536757782762696,1,
Combined,GPT-2,Child,0.0009203156720150666,-0.022759684590218817,2,
Combined,GPT-2,Child,0.059897091130868246,-0.000746329964735276,2,
Combined,GPT-2,Grandparent,0.06951944101764039,-0.07096545521894826,0,
Combined,GPT-2,Grandparent,0.022696329520626543,0.053095613655488705,0,
Combined,GPT-2,Parent,0.06330834692228256,0.005181917750897538,1,
Combined,GPT-2,Parent,0.048083185790897494,-0.12275773284784142,1,
Combined,GPT-2,Grandparent,0.06142950993023252,-0.11383932746587415,0,
Combined,GPT-2,Grandparent,0.037365374607358386,0.015981588825716382,0,
Combined,GPT-2,Parent,0.06977035724554988,-0.09637260367825547,1,
Combined,GPT-2,Parent,-0.541334651375977,-0.029699712271718148,1,
Combined,GPT-2,Child,0.10670566598706044,0.0049490550520621705,2,
Combined,GPT-2,Child,0.09387249666260476,0.04905905201758504,2,
Combined,GPT-2,Grandparent,0.06405916820921478,0.07933676932121135,0,
Combined,GPT-2,Grandparent,0.08823775091313142,0.006234215490189838,0,
Combined,GPT-2,Parent,0.07900693081040676,-0.006049529862217459,1,
Combined,GPT-2,Parent,0.06847742565489441,0.09492718267275796,1,
Combined,GPT-2,Grandparent,0.11261286971028685,-0.006560169169724401,0,
Combined,GPT-2,Grandparent,0.11964236274542622,0.022119634853057145,0,
Combined,GPT-2,Parent,0.09981526557367376,-0.016672195586423712,1,
Combined,GPT-2,Parent,0.05122482451799039,0.059275875674348076,1,
Combined,GPT-2,Child,-0.5988913050890468,0.005259589770295304,2,
Combined,GPT-2,Child,0.07645519618395863,-0.08020450928159925,2,
Combined,GPT-2,Grandparent,0.03301425679691086,-0.08454939863613273,0,
Combined,GPT-2,Grandparent,-0.17676725689397602,-0.2638972386213475,0,
Combined,GPT-2,Parent,0.032424554679196624,-0.01711344401853332,1,
Combined,GPT-2,Parent,0.07501769668208885,0.06926476517281425,1,
Combined,GPT-2,Grandparent,0.047726074761756936,0.07546984367974185,0,
Combined,GPT-2,Grandparent,0.08328657280633076,0.06302285548453508,0,
Combined,GPT-2,Parent,0.09165915909208829,0.03880998082518662,1,
Combined,GPT-2,Parent,0.07381867757987144,0.026050025225723243,1,
Combined,GPT-2,Child,0.05930582318571551,-0.03182579101543407,2,
Combined,GPT-2,Child,0.06796118677907399,0.033724984580128584,2,
Combined,GPT-2,Grandparent,-0.058830694389997794,-0.13640265242309207,0,
Combined,GPT-2,Grandparent,0.05902493294985211,-0.012718346617832702,0,
Combined,GPT-2,Parent,-0.6051738279945708,0.015699883742513566,1,
Combined,GPT-2,Parent,0.0032079376502226254,-0.12478502336106752,1,
Combined,GPT-2,Grandparent,0.10629994314078692,-0.09982420728825582,0,
Combined,GPT-2,Grandparent,0.07769565986343542,0.06576847945860141,0,
Combined,GPT-2,Parent,0.12390470982308341,-0.011863251909190157,1,
Combined,GPT-2,Parent,0.08879403365756348,-0.051828221997868955,1,
Combined,GPT-2,Child,0.07702838615372418,0.07430448239617717,2,
Combined,GPT-2,Child,0.06996728076104723,0.067517200941623,2,
Combined,GPT-2,Grandparent,-0.4932844855060326,-0.011488631695016863,0,
Combined,GPT-2,Grandparent,-0.003762482502225581,-0.04495637781238155,0,
Combined,GPT-2,Parent,7.245794975546128e-06,-0.1517777457371087,1,
Combined,GPT-2,Parent,-0.10052251198041759,-0.281163100428651,1,
Combined,GPT-2,Grandparent,0.08459633471144302,0.007234257237243037,0,
Combined,GPT-2,Grandparent,0.07057194311958383,0.05702644081781429,0,
Combined,GPT-2,Parent,0.11003413514737047,0.03156756764929849,1,
Combined,GPT-2,Parent,0.09913588204997652,0.02940807368391608,1,
Combined,GPT-2,Child,0.031513314168250296,-0.05397486370833707,2,
Combined,GPT-2,Child,0.07533894800031896,0.051997861379175996,2,
Combined,GPT-2,Grandparent,-0.734204553022635,0.022103935730593778,0,
Combined,GPT-2,Grandparent,-0.024758847987695416,-0.10853118231924426,0,
Combined,GPT-2,Parent,-0.053309889501486844,-0.0019066368864748922,1,
Combined,GPT-2,Grandparent,0.09416341398308423,0.06387414754915442,0,
Combined,GPT-2,Grandparent,0.05652757721922988,0.030896815429721496,0,
Combined,GPT-2,Parent,-0.48689852386058324,0.041234200356637295,1,
Combined,GPT-2,Parent,0.10357431905619847,0.11560550662936189,1,
Combined,GPT-2,Child,0.048930438443044,-0.07862906827547081,2,
Combined,GPT-2,Child,0.06984060287972188,2.725161241023575e-05,2,
Combined,GPT-2,Grandparent,0.02661312829089977,-0.018602511771543036,0,
Combined,GPT-2,Grandparent,0.05090417158895459,-0.011038256142954578,0,
Combined,GPT-2,Parent,0.07041824760388975,-0.12137306739398071,1,
Combined,GPT-2,Parent,-0.009191430590956695,-0.037077359321303856,1,
Combined,GPT-2,Grandparent,0.04224989157016232,-0.10015979094499855,0,
Combined,GPT-2,Grandparent,0.08712377000764039,-0.059584434245820446,0,
Combined,GPT-2,Parent,-0.022953486777736974,-0.17828615606954445,1,
Combined,GPT-2,Parent,-0.7168803992590589,0.012604629629321358,1,
Combined,GPT-2,Child,0.07832159522260679,0.05351128737895528,2,
Combined,GPT-2,Child,0.07623346468637218,0.04505506472159197,2,
Combined,GPT-2,Grandparent,0.10334479559858503,0.018879099387229707,0,
Combined,GPT-2,Grandparent,0.08507683395317307,0.045459962409490795,0,
Combined,GPT-2,Parent,0.0813101947274335,0.0889330913784403,1,
Combined,GPT-2,Parent,0.05193934145245314,0.039915566892628145,1,
Combined,GPT-2,Grandparent,0.0004422379360468779,-0.09386611843418352,0,
Combined,GPT-2,Grandparent,0.10383643404418014,-0.04798593865725264,0,
Combined,GPT-2,Parent,0.08039468560317195,0.03177857490438576,1,
Combined,GPT-2,Parent,0.036047028179869205,-0.013835776048097421,1,
Combined,GPT-2,Child,0.005650607773552188,-0.07196272791548192,2,
Combined,GPT-2,Child,-0.367284044104353,-0.006175325293852918,2,
Combined,GPT-2,Grandparent,0.09465924723489563,0.07929020608356063,0,
Combined,GPT-2,Grandparent,0.08421503067579045,0.012205043110688037,0,
Combined,GPT-2,Parent,0.08081266622486952,0.1093560734117109,1,
Combined,GPT-2,Parent,0.09816757515815257,0.06153737330416313,1,
Combined,GPT-2,Grandparent,-0.024144543740803867,-0.19188457658875754,0,
Combined,GPT-2,Grandparent,0.03935979916497232,-0.11974107159369027,0,
Combined,GPT-2,Parent,-0.46579395898037507,-6.991084187531385e-05,1,
Combined,GPT-2,Parent,0.0195610520623716,-0.11664430360229086,1,
Combined,GPT-2,Child,0.08026301189919315,0.031163886336049242,2,
Combined,GPT-2,Child,-0.009159104320200178,0.07551144746205522,2,
Combined,GPT-2,Grandparent,0.06543411383283558,0.057635760685602784,0,
Combined,GPT-2,Grandparent,0.06592237933174366,0.052872697822458244,0,
Combined,GPT-2,Parent,0.0935968980225501,-0.021440027163706972,1,
Combined,GPT-2,Parent,0.05316864230944644,-0.06149978775580693,1,
Combined,GPT-2,Grandparent,0.06290439878502851,-0.08293670562229577,0,
Combined,GPT-2,Grandparent,0.029803992018543935,-0.01980800133489037,0,
Combined,GPT-2,Parent,0.0980563370925111,0.0542446301543125,1,
Combined,GPT-2,Parent,0.02018211920991883,-0.12854275291202,1,
Combined,GPT-2,Child,0.08682683555816467,0.04043873546578913,2,
Combined,GPT-2,Child,0.06665648155508888,-0.00786888784383852,2,
Combined,GPT-2,Grandparent,-0.5183927202972305,0.0172538467466925,0,
Combined,GPT-2,Grandparent,0.05580357306586899,-0.01601260222079476,0,
Combined,GPT-2,Parent,0.06402229368635688,-0.021818052039437368,1,
Combined,GPT-2,Parent,0.057164733711123024,0.02974192671577358,1,
Combined,GPT-2,Grandparent,0.04876201008963552,-0.08980618512034748,0,
Combined,GPT-2,Grandparent,0.015522715253356386,-0.13293077521021576,0,
Combined,GPT-2,Parent,0.07290330818488017,0.008189472833705146,1,
Combined,GPT-2,Parent,-0.650245942000798,-0.014306732049563993,1,
Combined,GPT-2,Child,0.06762981468425792,0.043176055207515725,2,
Combined,GPT-2,Child,0.06185369928235725,-0.04522419536222502,2,
Combined,GPT-2,Grandparent,0.054223611523721287,0.03154245333559338,0,
Combined,GPT-2,Grandparent,0.02578582590489518,-0.0642771895241853,0,
Combined,GPT-2,Parent,0.08197163888580539,0.11453301424103376,1,
Combined,GPT-2,Parent,0.0681554276826894,0.1287832697758606,1,
Combined,GPT-2,Grandparent,0.05755922446192688,-0.13513201781855505,0,
Combined,GPT-2,Grandparent,0.11400364816486064,-0.034411552894613714,0,
Combined,GPT-2,Parent,0.059244521221172894,-0.17216119297045898,1,
Combined,GPT-2,Parent,-0.6484286956675926,0.011022633838383564,1,
Combined,GPT-2,Child,0.06911500031587767,-0.10148352487062959,2,
Combined,GPT-2,Child,0.10868192239303465,0.04286473773147671,2,
Combined,GPT-2,Grandparent,0.05953593814842833,0.07789570792157943,0,
Combined,GPT-2,Grandparent,0.06849630484705557,0.09626628726789464,0,
Combined,GPT-2,Parent,0.051064974599443314,0.035008532229739535,1,
Combined,GPT-2,Parent,0.06131190804194597,0.1253242963591487,1,
Combined,GPT-2,Grandparent,0.06532775734327513,0.06984760901001973,0,
Combined,GPT-2,Grandparent,0.0437631409305505,-0.07093619984863635,0,
Combined,GPT-2,Parent,0.07164257218241855,0.09554090662880563,1,
Combined,GPT-2,Parent,-2.9600134827623866e-05,0.11847827785605505,1,
Combined,GPT-2,Child,0.03414749559694055,0.04031509298553485,2,
Combined,GPT-2,Child,-0.3741903617612474,0.017124143962949225,2,
Combined,GPT-2,Grandparent,0.06840763875672369,-0.03274386714571864,0,
Combined,GPT-2,Grandparent,0.06894372244786624,-0.005309617498835373,0,
Combined,GPT-2,Parent,0.12128521010513518,0.07105357653886488,1,
Combined,GPT-2,Parent,-0.007106140539206675,-0.15127683649475562,1,
Combined,GPT-2,Grandparent,0.01702739775220821,0.028816311859221795,0,
Combined,GPT-2,Grandparent,0.05812045783711245,-0.07083110687052868,0,
Combined,GPT-2,Parent,0.055437744049182676,-0.10524442144330362,1,
Combined,GPT-2,Parent,0.061264836245390177,0.04702498094781224,1,
Combined,GPT-2,Child,0.05017870549100927,0.018887659007718317,2,
Combined,GPT-2,Child,0.07057961063455095,0.017840642921337913,2,
Combined,GPT-2,Grandparent,0.074810528045599,0.04041278702347946,0,
Combined,GPT-2,Grandparent,0.01749132546422901,-0.006701440641440036,0,
Combined,GPT-2,Parent,-0.3960639933270427,-0.01059204833206369,1,
Combined,GPT-2,Parent,0.01936045656823194,-0.008831850978231205,1,
Combined,GPT-2,Grandparent,0.09197483002840286,-0.062252089017845756,0,
Combined,GPT-2,Grandparent,0.06857072011016127,-0.0908702551297697,0,
Combined,GPT-2,Parent,0.06261631594572253,0.05402054198992443,1,
Combined,GPT-2,Parent,0.08059302918271087,0.041660886948541365,1,
Combined,GPT-2,Child,0.03713533777733121,-0.04146198337896282,2,
Combined,GPT-2,Child,0.021717679999691118,-0.12206826110674163,2,
Combined,GPT-2,Grandparent,-0.06270825303372368,-0.09919588769699648,0,
Combined,GPT-2,Grandparent,0.07026372045205354,-0.0142221527292235,0,
Combined,GPT-2,Parent,-0.6523391716402791,0.019971646252559698,1,
Combined,GPT-2,Parent,0.03115470103898499,0.0765387718855013,1,
Combined,GPT-2,Grandparent,0.10506210037194144,-0.04111850903591322,0,
Combined,GPT-2,Grandparent,0.08831298922078273,-0.05179593432515124,0,
Combined,GPT-2,Parent,0.09324074507565198,-0.05266264243585628,1,
Combined,GPT-2,Parent,0.059540484790827825,0.014819548516882353,1,
Combined,GPT-2,Child,0.11602929469853424,0.13580874261707712,2,
Combined,GPT-2,Child,0.09985849358114408,-0.048068392857561204,2,
Combined,GPT-2,Grandparent,-0.48179406199812114,0.023484913086196105,0,
Combined,GPT-2,Grandparent,0.028636275871552496,-0.025121839814958483,0,
Combined,GPT-2,Parent,0.10388604989110468,-0.11584258156465808,1,
Combined,GPT-2,Parent,-0.05856815319151376,-0.1114170394476613,1,
Combined,GPT-2,Grandparent,0.08155769454597447,-0.17520280876529867,0,
Combined,GPT-2,Grandparent,0.06461626175119654,0.023648562037720915,0,
Combined,GPT-2,Parent,0.06981703187397112,0.03923789891090128,1,
Combined,GPT-2,Parent,0.0810520035916566,-0.014864733664140858,1,
Combined,GPT-2,Child,0.07462166280817342,-0.0025662977897801835,2,
Combined,GPT-2,Child,0.06205910478781458,0.008593446172668683,2,
Combined,GPT-2,Grandparent,0.06740836921447496,-0.006458672139365788,0,
Combined,GPT-2,Grandparent,-0.6392957899596912,0.022837482117943012,0,
Combined,GPT-2,Parent,0.07529987354055331,0.02935929353281348,1,
Combined,GPT-2,Parent,0.1142194636409141,0.06527790419948112,1,
Combined,GPT-2,Grandparent,0.08081345925368215,0.11890422045613067,0,
Combined,GPT-2,Grandparent,0.07018136943824933,-0.03197566389102887,0,
Combined,GPT-2,Parent,0.052345788497764535,0.11971737669673549,1,
Combined,GPT-2,Parent,0.07989712031151369,0.10914506572171372,1,
Combined,GPT-2,Child,0.04892895212869892,-0.08466855011066445,2,
Combined,GPT-2,Child,0.049428897838036216,0.0014819821066245212,2,
Combined,GPT-2,Grandparent,0.08233075123827603,-0.0561886563503601,0,
Combined,GPT-2,Grandparent,-0.44991629129922234,-0.009817363225875302,0,
Combined,GPT-2,Parent,0.032325127173631896,0.1628762619198907,1,
Combined,GPT-2,Parent,0.05152209536271348,-0.07744093723010737,1,
Combined,GPT-2,Grandparent,0.061815672454960266,0.08258091632605466,0,
Combined,GPT-2,Grandparent,0.07654841198767444,-0.07150652659664779,0,
Combined,GPT-2,Parent,-0.5928331189633682,0.03183311021328778,1,
Combined,GPT-2,Parent,0.054810265141847066,0.11390278863078071,1,
Combined,GPT-2,Child,0.0543464920505007,-0.04235659714729189,2,
Combined,GPT-2,Child,0.04372448262400743,0.007846088463827177,2,
Combined,GPT-2,Grandparent,0.08841914730180427,0.021661022313691488,0,
Combined,GPT-2,Grandparent,0.09620992553656213,0.008535641038929741,0,
Combined,GPT-2,Parent,0.03347155017982703,-0.04844513245926439,1,
Combined,GPT-2,Parent,0.08325136932926655,-0.015892763989288933,1,
Combined,GPT-2,Grandparent,0.1160890508494373,0.004082166881348873,0,
Combined,GPT-2,Grandparent,0.12779014125812507,0.044425637549283595,0,
Combined,GPT-2,Parent,-0.4125020202272463,0.044146301221521037,1,
Combined,GPT-2,Parent,0.07570331569163,0.07026773113648603,1,
Combined,GPT-2,Child,0.12336646449223136,0.09855805762299859,2,
Combined,GPT-2,Child,0.02635273651282082,-0.10871827445812486,2,
Combined,GPT-2,Grandparent,0.0183393194261934,-0.16216415436948156,0,
Combined,GPT-2,Grandparent,0.0331017516029489,-0.08212089325524236,0,
Combined,GPT-2,Parent,0.00726804778694562,-0.08445221208541011,1,
Combined,GPT-2,Parent,0.03485818449289654,-0.10049253230700135,1,
Combined,GPT-2,Grandparent,0.01694174657439998,0.032148147522246075,0,
Combined,GPT-2,Grandparent,0.046682144018825054,0.17225354976855398,0,
Combined,GPT-2,Parent,0.0327310450963591,0.18008166091206468,1,
Combined,GPT-2,Parent,-0.6885112203358034,0.03737992324139841,1,
Combined,GPT-2,Child,0.06776257748082778,0.036491924470526634,2,
Combined,GPT-2,Child,0.05897963411018309,-0.0257566120806674,2,
Combined,GPT-2,Grandparent,0.1093527281568943,-0.09152662959142295,0,
Combined,GPT-2,Grandparent,0.0759206959674979,-0.08323112662004753,0,
Combined,GPT-2,Parent,0.1095936009999329,0.02735590310693408,1,
Combined,GPT-2,Parent,0.07096431007470645,-0.13737213784078242,1,
Combined,GPT-2,Grandparent,0.0913446242084961,0.004094657927398387,0,
Combined,GPT-2,Grandparent,0.06278325822532828,-0.03141975622399322,0,
Combined,GPT-2,Parent,0.03284306985882728,-0.01949543346379959,1,
Combined,GPT-2,Parent,0.05318480896684476,-0.08092839839066647,1,
Combined,GPT-2,Child,0.0850299047273294,-0.011498325272346385,2,
Combined,GPT-2,Child,0.11733292820115418,-0.017615540079814297,2,
Combined,GPT-2,Grandparent,0.10715685578675062,-0.0011482881001858448,0,
Combined,GPT-2,Grandparent,0.11851646599635497,0.006184226710243153,0,
Combined,GPT-2,Parent,-0.44878508388581106,0.019036654086369658,1,
Combined,GPT-2,Parent,0.11250097028192248,0.07519122742118761,1,
Combined,GPT-2,Grandparent,0.10503980222285311,-0.06110348323936421,0,
Combined,GPT-2,Grandparent,0.0731161559751401,-0.024947817666520218,0,
Combined,GPT-2,Parent,0.07010925096017001,0.0951489181136771,1,
Combined,GPT-2,Parent,0.08002343500134557,0.03306952359459862,1,
Combined,GPT-2,Child,0.11426182874105753,-0.05005117630007776,2,
Combined,GPT-2,Child,0.05877043546796855,-0.06599778847450863,2,
Combined,GPT-2,Grandparent,-0.42083865898934897,0.0056395291631974815,0,
Combined,GPT-2,Grandparent,0.05288111309119677,-0.09904376497610017,0,
Combined,GPT-2,Parent,0.11665221621304529,0.08563901256251918,1,
Combined,GPT-2,Parent,0.08387624348451764,0.10893959464943932,1,
Combined,GPT-2,Grandparent,0.08705052006394405,-0.016453103232738624,0,
Combined,GPT-2,Grandparent,0.08845529263633067,-0.07798207215618394,0,
Combined,GPT-2,Parent,0.07499199392399088,0.08954058196330697,1,
Combined,GPT-2,Parent,0.08056431489725095,0.11068291441326857,1,
Combined,GPT-2,Child,-0.45961081258614456,0.01964470482126378,2,
Combined,GPT-2,Child,0.02301026908498177,-0.09322588653791933,2,
Combined,GPT-2,Grandparent,0.015918320422018996,0.04476260960424888,0,
Combined,GPT-2,Grandparent,0.014272196794673214,0.051305330047941786,0,
Combined,GPT-2,Parent,0.05861571499815199,0.1203714506616574,1,
Combined,GPT-2,Parent,-0.03451034177062928,0.18369937485380652,1,
Combined,GPT-2,Grandparent,0.0728690193133076,0.10006844286334775,0,
Combined,GPT-2,Grandparent,0.06205351188993509,-0.008442239532356748,0,
Combined,GPT-2,Parent,-0.5990484832282258,0.03391939962640048,1,
Combined,GPT-2,Parent,0.08311990868861387,-0.0006919437665771777,1,
Combined,GPT-2,Child,0.10476481613093136,0.07320673625662887,2,
Combined,GPT-2,Child,0.0869815840035103,0.03136498088007824,2,
Combined,GPT-2,Grandparent,0.04783050894477148,-0.0021711108833332277,0,
Combined,GPT-2,Grandparent,0.060822467854922936,-0.058380992895797415,0,
Combined,GPT-2,Parent,0.0024304749843422143,-0.0689867826536656,1,
Combined,GPT-2,Parent,-0.06375618381982047,-0.11579425692447225,1,
Combined,GPT-2,Grandparent,0.07721285348093061,-0.0007450605126323814,0,
Combined,GPT-2,Grandparent,0.046689818722432275,0.08506229063991194,0,
Combined,GPT-2,Parent,0.07333463966544035,0.012634373327019855,1,
Combined,GPT-2,Parent,0.04426909851479583,0.09775953702704002,1,
Combined,GPT-2,Child,0.06464172132560868,0.020275423368598,2,
Combined,GPT-2,Child,0.06641897437318262,0.03635677644908442,2,
Combined,GPT-2,Grandparent,-0.4521378156919746,-0.03730288100793445,0,
Combined,GPT-2,Grandparent,0.06156161488304056,-0.12209557371711505,0,
Combined,GPT-2,Parent,0.09062263975040956,-0.04549420368657358,1,
Combined,GPT-2,Parent,0.05709695582925568,-0.1339950877465226,1,
Combined,GPT-2,Grandparent,0.06359306777610035,0.11201300124558074,0,
Combined,GPT-2,Grandparent,0.0609385377206627,0.014804619421409667,0,
Combined,GPT-2,Parent,0.103382065864348,-0.005783275636838918,1,
Combined,GPT-2,Parent,0.014597302177082508,0.008582362791615781,1,
Combined,GPT-2,Child,0.08561258996908229,0.05639498657418072,2,
Combined,GPT-2,Child,0.1019848740070541,0.08061933167510393,2,
Combined,GPT-2,Grandparent,-0.5068079977538958,0.0067362397455619,0,
Combined,GPT-2,Grandparent,0.06429586750458224,-0.025057762868413023,0,
Combined,GPT-2,Parent,0.03144346230730503,-0.08769716943964972,1,
Combined,GPT-2,Parent,0.0001461839865982146,-0.17425358590212156,1,
Combined,GPT-2,Grandparent,0.08018959120242397,-0.06369249975615175,0,
Combined,GPT-2,Grandparent,0.06875118489152095,-0.0008381025466604856,0,
Combined,GPT-2,Parent,0.09296242901370527,-0.057584170121807346,1,
Combined,GPT-2,Parent,0.05966461196878841,0.02376416752178534,1,
Combined,GPT-2,Child,0.0002219398758995397,-0.028585589309616032,2,
Combined,GPT-2,Child,0.061088079727560314,-0.0665971317451171,2,
Combined,GPT-2,Grandparent,0.06328490503627963,0.10336469785042166,0,
Combined,GPT-2,Grandparent,0.0010120846383175376,-0.040495105963914264,0,
Combined,GPT-2,Parent,0.08285663090778526,0.006486075762273489,1,
Combined,GPT-2,Parent,-0.5369283525754509,0.051339489985299996,1,
Combined,GPT-2,Grandparent,-0.01940000916219318,-0.13988845822054338,0,
Combined,GPT-2,Grandparent,-0.5574398882982964,0.0004512501557323093,0,
Combined,GPT-2,Parent,0.07221306676396022,-0.041083172393780586,1,
Combined,GPT-2,Parent,0.02266480068627957,-0.1440913133962855,1,
Combined,GPT-2,Child,0.08708070918758365,-0.042788244132908826,2,
Combined,GPT-2,Child,0.087870744323524,-0.040955726527157794,2,
Combined,GPT-2,Grandparent,0.09628437765158221,0.11030897623037386,0,
Combined,GPT-2,Grandparent,0.06476185035819096,0.10757331444101911,0,
Combined,GPT-2,Parent,0.10008532051641847,0.08330765322537038,1,
Combined,GPT-2,Parent,0.08211998021821153,0.12751292964270144,1,
Combined,GPT-2,Grandparent,0.05798999310859639,-0.03940143550985508,0,
Combined,GPT-2,Grandparent,-0.6433231292240079,0.010954586665455244,0,
Combined,GPT-2,Parent,0.05778136794296369,0.06535168714554127,1,
Combined,GPT-2,Parent,0.06963542713564291,0.07675264219624468,1,
Combined,GPT-2,Child,0.10791130532518584,0.034220147854320655,2,
Combined,GPT-2,Child,0.059281530925717224,-0.07614186041543222,2,
Combined,GPT-2,Grandparent,0.08235188267666661,-0.005716527592964102,0,
Combined,GPT-2,Grandparent,0.1165530107367568,0.060205508498519175,0,
Combined,GPT-2,Parent,0.0871993457476463,0.04478380787701695,1,
Combined,GPT-2,Parent,0.04934259851252397,0.015621500615831408,1,
Combined,GPT-2,Grandparent,-0.5936146496801138,0.015311355700327644,0,
Combined,GPT-2,Grandparent,-0.012088206962487425,-0.10619879079593378,0,
Combined,GPT-2,Parent,0.030440168093946687,-0.13255187759991097,1,
Combined,GPT-2,Parent,-0.05844873432552669,-0.2773882380738809,1,
Combined,GPT-2,Child,0.0950643098813956,0.02635934209758731,2,
Combined,GPT-2,Child,0.07615087097913967,0.007743603163601871,2,
Combined,GPT-2,Grandparent,0.10776834108842348,0.07707766172978839,0,
Combined,GPT-2,Grandparent,0.08665264223514348,0.0531985845482048,0,
Combined,GPT-2,Parent,0.11075304616924711,0.039840979497696064,1,
Combined,GPT-2,Parent,0.12454842859258805,0.06526944853011425,1,
Combined,GPT-2,Grandparent,-0.01565238913892848,-0.2663964348251628,0,
Combined,GPT-2,Grandparent,-0.054228165766098305,-0.1501373199219903,0,
Combined,GPT-2,Parent,0.019420002064646665,0.0671585025704852,1,
Combined,GPT-2,Parent,0.005336268817451514,-0.2263097451185269,1,
Combined,GPT-2,Child,-0.30479221956749614,0.018859455428792575,2,
Combined,GPT-2,Child,0.012437168346710522,-0.22371026420146986,2,
Combined,GPT-2,Grandparent,0.12020771388474398,0.06896792847169174,0,
Combined,GPT-2,Grandparent,0.09805017296272939,-0.00627564781221568,0,
Combined,GPT-2,Parent,0.07029496422643684,0.10814846556992894,1,
Combined,GPT-2,Parent,0.04812052343107082,0.08702355345646606,1,
Combined,GPT-2,Grandparent,0.061308987960637655,-0.014511725946104325,0,
Combined,GPT-2,Grandparent,0.07032124769820265,0.02895408674683259,0,
Combined,GPT-2,Parent,0.10957299038735722,0.11881855363785024,1,
Combined,GPT-2,Parent,0.07182685221137237,0.03570451853854046,1,
Combined,GPT-2,Child,0.08411716862045163,-0.00041861804337628937,2,
Combined,GPT-2,Child,0.04845303066368795,-0.04344031177980767,2,
Combined,GPT-2,Grandparent,-0.017561116462168815,-0.0984317476961714,0,
Combined,GPT-2,Grandparent,0.02857232264635893,-0.019348683470513193,0,
Combined,GPT-2,Parent,-0.43079390907755116,0.06209914015424133,1,
Combined,GPT-2,Parent,0.04502534927109399,0.014597011442133831,1,
Combined,GPT-2,Grandparent,0.10656888738991145,0.023639081481103327,0,
Combined,GPT-2,Grandparent,0.0072446188062850105,0.04929396099908682,0,
Combined,GPT-2,Parent,-0.5224009803569231,0.028841093532634778,1,
Combined,GPT-2,Parent,0.06612007967950315,0.06680325005017194,1,
Combined,GPT-2,Child,0.01496744126270419,-0.06616346545122273,2,
Combined,GPT-2,Child,0.04373939013264827,0.011209154209113881,2,
Combined,GPT-2,Grandparent,0.049741113177321716,0.05554164865166272,0,
Combined,GPT-2,Grandparent,0.04433571002362528,-0.05949908501361762,0,
Combined,GPT-2,Parent,0.03752785812380675,-0.08791634419003595,1,
Combined,GPT-2,Parent,0.03014899407822843,0.0808243019424807,1,
Combined,GPT-2,Grandparent,0.10115508488825499,0.06609211107738897,0,
Combined,GPT-2,Grandparent,0.10900868830152334,0.08817393856994417,0,
Combined,GPT-2,Parent,-0.43791909188260736,0.016397625067793388,1,
Combined,GPT-2,Parent,0.055317526377520694,0.08167089636432451,1,
Combined,GPT-2,Child,0.021281068436049048,-0.06681033075198474,2,
Combined,GPT-2,Child,0.0574010884073135,0.049676889328712344,2,
Combined,GPT-2,Grandparent,0.04767988583056808,-0.06983746262625681,0,
Combined,GPT-2,Grandparent,0.00042869303256053344,-0.07466089511736813,0,
Combined,GPT-2,Parent,0.05575084507409871,-0.04802018340414833,1,
Combined,GPT-2,Parent,0.022476176029750244,-0.13086943476844348,1,
Combined,GPT-2,Grandparent,0.06333860613710919,0.061967752564451965,0,
Combined,GPT-2,Grandparent,0.03808609066341396,-0.04047736048446159,0,
Combined,GPT-2,Parent,0.03993584744058569,-0.1193323991814096,1,
Combined,GPT-2,Parent,-0.5019312902267371,-0.03433004475334547,1,
Combined,GPT-2,Child,0.05196161982372606,0.04217970677107712,2,
Combined,GPT-2,Child,0.10002154332609124,0.041357464152644186,2,
Combined,GPT-2,Grandparent,0.06704113178446285,0.10574681125139226,0,
Combined,GPT-2,Grandparent,0.054166141691772855,-0.013632746178078388,0,
Combined,GPT-2,Parent,0.039786899932822604,-0.09001321821224602,1,
Combined,GPT-2,Parent,0.009512527861997454,0.015738048242060064,1,
Combined,GPT-2,Grandparent,0.07011471715811694,-0.061497434072396016,0,
Combined,GPT-2,Grandparent,0.05172963351733791,-0.04500712698421654,0,
Combined,GPT-2,Parent,-0.564127942688007,-0.004774244724999618,1,
Combined,GPT-2,Parent,0.04296545296365779,-0.059102532808708946,1,
Combined,GPT-2,Child,0.03683946344851689,-0.06743652253986132,2,
Combined,GPT-2,Child,0.06217244153752961,0.05404687784746308,2,
Combined,GPT-2,Grandparent,0.090452908888043,0.07347195430619724,0,
Combined,GPT-2,Grandparent,0.07957086870861003,0.0600906867915921,0,
Combined,GPT-2,Parent,0.0260408235104099,-0.03226406129713796,1,
Combined,GPT-2,Parent,0.04853479369967786,0.035682999416330734,1,
Combined,GPT-2,Grandparent,0.039376616008912506,-0.06247802996206558,0,
Combined,GPT-2,Grandparent,0.08082176990487372,-0.005612402747525409,0,
Combined,GPT-2,Parent,0.10031014613837151,0.06395138983807579,1,
Combined,GPT-2,Parent,0.07511571367484007,-0.019002739125761108,1,
Combined,GPT-2,Child,0.09631416098646904,0.043456644836425765,2,
Combined,GPT-2,Child,-0.4638826489079397,-0.017091968000166106,2,
Combined,GPT-2,Grandparent,0.0725588029603377,0.022963348083382507,0,
Combined,GPT-2,Grandparent,-0.05110976453012343,-0.011010013776492479,0,
Combined,GPT-2,Parent,0.020157911144854945,0.15577909792844716,1,
Combined,GPT-2,Parent,-0.05693409267145072,0.16454653120943757,1,
Combined,GPT-2,Grandparent,0.008743607202842658,0.07026757288858447,0,
Combined,GPT-2,Grandparent,0.06402956226438603,0.10492023991614367,0,
Combined,GPT-2,Parent,0.036565747095481695,0.09444591137434706,1,
Combined,GPT-2,Parent,-0.0055121362254702206,0.16844212332484676,1,
Combined,GPT-2,Child,0.0738426852641458,0.005195372452438058,2,
Combined,GPT-2,Child,0.07383290967076322,0.007549838254500908,2,
Combined,GPT-2,Grandparent,0.04289049353096289,-0.10310958899704491,0,
Combined,GPT-2,Grandparent,0.03632200277161595,-0.2042594021855093,0,
Combined,GPT-2,Parent,0.0036606400270266883,-0.1706579263177922,1,
Combined,GPT-2,Parent,-0.6112900251206739,-0.02468810229704761,1,
Combined,GPT-2,Grandparent,0.11860877392557938,0.01399620413450689,0,
Combined,GPT-2,Grandparent,0.09517191652561469,0.06602742868477916,0,
Combined,GPT-2,Parent,0.11717226986137279,0.06400580166163342,1,
Combined,GPT-2,Parent,0.10723307669458709,0.06387425093161772,1,
Combined,GPT-2,Child,0.05006413417812062,0.09694408839216424,2,
Combined,GPT-2,Child,0.0379575926318211,-0.038006944093736054,2,
Combined,GPT-2,Grandparent,0.04381051746158034,-0.05137348718407349,0,
Combined,GPT-2,Grandparent,-0.4957678088253654,-0.015313020701666107,0,
Combined,GPT-2,Parent,0.02831158069656392,-0.08522330619788827,1,
Combined,GPT-2,Parent,0.038872053211528375,-0.12934005483347913,1,
Combined,GPT-2,Grandparent,-0.05100079519033216,0.14247357635774188,0,
Combined,GPT-2,Grandparent,0.0762137236085363,0.1526053627580175,0,
Combined,GPT-2,Parent,0.08777198781473873,0.07634503561346201,1,
Combined,GPT-2,Parent,0.05416811229287719,0.13569775533108253,1,
Combined,GPT-2,Child,0.03960025723280345,0.04201053555548558,2,
Combined,GPT-2,Child,0.09971989615477667,-0.044031780968307316,2,
Combined,GPT-2,Grandparent,0.0618948947595598,-0.15088758217186224,0,
Combined,GPT-2,Grandparent,0.06264421506382173,-0.06171977072414082,0,
Combined,GPT-2,Parent,0.08565298065858118,0.011847084718365321,1,
Combined,GPT-2,Parent,-0.4974774512248014,-0.032751506928932216,1,
Combined,GPT-2,Grandparent,0.029564220387250744,-0.02738237696135885,0,
Combined,GPT-2,Grandparent,0.041847330324135214,0.0786200720138869,0,
Combined,GPT-2,Parent,0.04760220729167197,-0.0867445488349494,1,
Combined,GPT-2,Child,0.07251412339652673,0.005708965615883973,2,
Combined,GPT-2,Child,0.0183454737061114,-0.05222660512008514,2,
Combined,GPT-2,Grandparent,0.12323330906117824,0.06700803595078503,0,
Combined,GPT-2,Grandparent,-0.5128540071884942,0.005215274892706636,0,
Combined,GPT-2,Parent,0.010289025866812384,-0.017380488143414828,1,
Combined,GPT-2,Parent,0.07036366686569248,0.04370471207354514,1,
Combined,GPT-2,Grandparent,0.04754244523787209,0.03746655055582563,0,
Combined,GPT-2,Grandparent,0.04094861809983182,0.037300335006170325,0,
Combined,GPT-2,Parent,-0.6497800850525748,0.0047736047251691945,1,
Combined,GPT-2,Child,0.018010974878256397,-0.020903316402529876,2,
Combined,GPT-2,Child,0.06467241007913974,-0.023235177850111692,2,
Combined,GPT-2,Grandparent,0.08205498518722301,0.00674994089689001,0,
Combined,GPT-2,Grandparent,0.06943573831168712,-0.0331986589466458,0,
Combined,GPT-2,Parent,0.0329723448031982,-0.06686415750460299,1,
Combined,GPT-2,Parent,0.06312320319811622,0.07473793889105522,1,
Combined,GPT-2,Grandparent,-0.4891239292903181,0.02385626168537685,0,
Combined,GPT-2,Grandparent,0.04423407312073035,0.04570185980581066,0,
Combined,GPT-2,Parent,0.057720523899648546,0.09019345789040885,1,
Combined,GPT-2,Parent,0.026887980278531617,0.14071112928038282,1,
Combined,GPT-2,Child,0.08793029850639837,0.01874797592643121,2,
Combined,GPT-2,Child,0.06485372091539264,-0.020438821715358397,2,
Combined,GPT-2,Grandparent,0.07638430096861974,-0.0685896144306656,0,
Combined,GPT-2,Grandparent,0.05222729832276446,-0.06980208153608837,0,
Combined,GPT-2,Parent,0.07085426651971022,-0.04891112778839271,1,
Combined,GPT-2,Parent,0.06986365759264576,-0.01768064974878434,1,
Combined,GPT-2,Grandparent,0.025825711392479134,0.10796255343392647,0,
Combined,GPT-2,Grandparent,0.024927403817633635,-0.12040374546028963,0,
Combined,GPT-2,Parent,0.08318441011344044,-0.04019866119956284,1,
Combined,GPT-2,Parent,0.056223836395200094,-0.013758365425792809,1,
Combined,GPT-2,Child,0.055447383199092176,-0.03978713229045532,2,
Combined,GPT-2,Child,0.045355247278025826,0.027523645924489946,2,
Combined,GPT-2,Grandparent,-0.6821147803813161,0.015659966849031634,0,
Combined,GPT-2,Grandparent,0.06017200082697968,-0.007341617292402519,0,
Combined,GPT-2,Parent,0.05652282699968399,-0.07450093766831029,1,
Combined,GPT-2,Parent,0.10493972000665781,0.006885729054744542,1,
Combined,GPT-2,Grandparent,0.03671909665472082,-0.091427043135828,0,
Combined,GPT-2,Grandparent,0.0994560817154905,0.013201535960740828,0,
Combined,GPT-2,Parent,0.08207513341594441,-0.00901312748078416,1,
Combined,GPT-2,Parent,0.05437276233270633,-0.09381465390036568,1,
Combined,GPT-2,Child,0.026416764648598597,0.05550294816921432,2,
Combined,GPT-2,Child,-0.4232063544838511,0.017772390090331727,2,
Combined,GPT-2,Grandparent,0.04117306745770572,0.11735570708115642,0,
Combined,GPT-2,Grandparent,0.06393450047201295,-0.005867342592611288,0,
Combined,GPT-2,Parent,0.11780679401899687,0.08935350963845859,1,
Combined,GPT-2,Grandparent,-0.6372189337644981,0.029534770689360987,0,
Combined,GPT-2,Grandparent,0.017636503329767992,-0.07209459619329045,0,
Combined,GPT-2,Parent,-0.08328217247839158,-0.10020248148789095,1,
Combined,GPT-2,Parent,-0.007394679040049353,0.15436639827866816,1,
Combined,GPT-2,Child,0.135711925946015,0.012905461857316619,2,
Combined,GPT-2,Child,0.06281017032208139,0.006697011077174932,2,
Combined,GPT-2,Grandparent,0.08658994866725178,-0.006502974228145507,0,
Combined,GPT-2,Grandparent,0.07303248508781025,0.03901990989600378,0,
Combined,GPT-2,Parent,0.07937348319714066,0.03586155399436354,1,
Combined,GPT-2,Parent,0.05620315833489907,0.14997790804630245,1,
Combined,GPT-2,Grandparent,0.05690406048869098,0.11702948385493153,0,
Combined,GPT-2,Grandparent,0.0846668900132023,-0.1550907474188101,0,
Combined,GPT-2,Parent,0.051918345302139825,0.08464605331063899,1,
Combined,GPT-2,Parent,0.08177987508542141,0.02640382812752309,1,
Combined,GPT-2,Child,-0.5131240609618162,0.021097478613427978,2,
Combined,GPT-2,Child,0.09159078905780534,-0.013771745032379984,2,
Combined,GPT-2,Grandparent,0.059530994046661755,-0.07783694630560252,0,
Combined,GPT-2,Grandparent,0.06871940458438995,0.08715663796644105,0,
Combined,GPT-2,Parent,0.08434876301284089,-0.04198842801968488,1,
Combined,GPT-2,Parent,0.11518578926160099,0.0037199275334026775,1,
Combined,GPT-2,Grandparent,0.06660408169423034,0.0502866883535928,0,
Combined,GPT-2,Grandparent,-0.4942342476632704,0.00232583913817351,0,
Combined,GPT-2,Parent,0.08684581629991839,-0.020454182940491124,1,
Combined,GPT-2,Parent,0.05226737288530708,0.05901202610583321,1,
Combined,GPT-2,Child,0.002392865517043702,0.1833843539822303,2,
Combined,GPT-2,Child,0.03413786212348193,-0.007094528436672322,2,
Combined,GPT-2,Grandparent,0.09547708880077149,-0.005670883265972256,0,
Combined,GPT-2,Grandparent,0.06764711641840755,-0.07476900403071042,0,
Combined,GPT-2,Parent,0.05607065506710845,0.027494012321704436,1,
Combined,GPT-2,Parent,0.05363415694452152,-0.08855795102971063,1,
Combined,GPT-2,Grandparent,0.03379359221386945,-0.06350084907054658,0,
Combined,GPT-2,Grandparent,0.06262608205116002,0.07948941546054332,0,
Combined,GPT-2,Parent,0.013180704135382762,0.05189095880428312,1,
Combined,GPT-2,Parent,0.023232488990745363,0.16922632416146025,1,
Combined,GPT-2,Child,0.07840527200607249,-0.005273912170658138,2,
Combined,GPT-2,Child,0.018924223974874196,-0.016641373804940907,2,
Combined,GPT-2,Grandparent,-0.47161745661548315,-0.003975131349309962,0,
Combined,GPT-2,Grandparent,0.06349447214514495,0.001830467287380963,0,
Combined,GPT-2,Parent,0.10324919517805226,-0.009663742060721748,1,
Combined,GPT-2,Parent,0.0944955364628946,0.07567574961894752,1,
Combined,GPT-2,Grandparent,0.044354354159951204,-0.010097322283309387,0,
Combined,GPT-2,Grandparent,-0.5609523575343679,0.04033177691151333,0,
Combined,GPT-2,Parent,0.028451553779601485,-0.00880860464504739,1,
Combined,GPT-2,Parent,0.02939154092471571,0.0890925073782184,1,
Combined,GPT-2,Child,0.06631168402883604,-0.03212537756927029,2,
Combined,GPT-2,Child,0.025647667273270627,-0.08861822645019779,2,
Combined,GPT-2,Grandparent,-0.013242737399007736,-0.19971309767821704,0,
Combined,GPT-2,Grandparent,0.08912201945080353,-0.08710195048373337,0,
Combined,GPT-2,Parent,0.09294855478831483,-0.060425035351137364,1,
Combined,GPT-2,Parent,0.027567152278169246,-0.17288814440839462,1,
Combined,GPT-2,Grandparent,0.06781547634236972,-0.04429448497330316,0,
Combined,GPT-2,Grandparent,-0.6373639162953246,0.023437270984953254,0,
Combined,GPT-2,Parent,-0.015679700235527123,-0.08388638649790034,1,
Combined,GPT-2,Parent,0.016219150158698382,-0.06792588417748305,1,
Combined,GPT-2,Child,0.08688974225037557,-0.023917735117212867,2,
Combined,GPT-2,Child,0.01353593931866198,-0.012519269191337277,2,
Combined,GPT-2,Grandparent,0.09909166377091307,-0.015883225222287044,0,
Combined,GPT-2,Grandparent,0.09624409413308437,0.060099869923163726,0,
Combined,GPT-2,Parent,0.076592410461843,0.030413888483219253,1,
Combined,GPT-2,Parent,0.08286833123839081,0.021733465480690828,1,
Combined,GPT-2,Grandparent,-0.0022048784287695172,0.004522911419212232,0,
Combined,GPT-2,Grandparent,0.09504765945768234,0.05712426660772262,0,
Combined,GPT-2,Parent,-0.6368000858971491,0.019595090419362745,1,
Combined,GPT-2,Parent,0.057538518768814696,0.11655155669468932,1,
Combined,GPT-2,Child,-0.0023160275338696785,-0.04337724293103218,2,
Combined,GPT-2,Child,0.07178210763997125,0.025384836342506652,2,
Combined,GPT-2,Grandparent,0.11142651582371571,-0.02913093650609471,0,
Combined,GPT-2,Grandparent,0.11568301133039795,-0.01778189778850896,0,
Combined,GPT-2,Parent,0.07817850661550317,-0.04530108528751882,1,
Combined,GPT-2,Parent,0.08912903411995383,-0.09904848947151203,1,
Combined,GPT-2,Grandparent,0.04633301033696756,-0.05675280467314464,0,
Combined,GPT-2,Grandparent,0.09464655289748959,-0.00927623234465841,0,
Combined,GPT-2,Parent,0.10192891195836758,-0.009093863671621509,1,
Combined,GPT-2,Parent,0.07701700003820533,0.0443275892716541,1,
Combined,GPT-2,Child,0.04620908462859823,0.03248683011865579,2,
Combined,GPT-2,Child,0.01720987276495939,0.06761887367748544,2,
Combined,GPT-2,Grandparent,0.03611691628408768,-0.056504573660869466,0,
Combined,GPT-2,Grandparent,0.030439429471352843,-0.027483372460909008,0,
Combined,GPT-2,Parent,0.0841670667670657,-0.08552357416354966,1,
Combined,GPT-2,Parent,-0.6402667243099374,0.014301640148026026,1,
Combined,GPT-2,Grandparent,0.0662096658368754,0.010619935596476102,0,
Combined,GPT-2,Grandparent,0.05381804677667847,0.056021606111457053,0,
Combined,GPT-2,Parent,0.019030880721248564,0.011693395039636598,1,
Combined,GPT-2,Parent,0.08036946167330257,-0.15871070270683038,1,
Combined,GPT-2,Child,0.051376481606866926,-0.051595835518784335,2,
Combined,GPT-2,Child,0.029193616991926137,-0.002455222363282638,2,
Combined,GPT-2,Grandparent,-0.38635404306327387,0.025451956147828136,0,
Combined,GPT-2,Grandparent,0.03772833870312329,-0.0033743870145401355,0,
Combined,GPT-2,Parent,0.06711655685093201,-0.04390439733325501,1,
Combined,GPT-2,Parent,0.07507926261860196,0.09963383578545457,1,
Combined,GPT-2,Grandparent,0.1255082220780678,-0.038114771634692644,0,
Combined,GPT-2,Grandparent,0.09986979460788495,-0.028400312888349353,0,
Combined,GPT-2,Parent,0.09405764342749671,-0.059176447285026856,1,
Combined,GPT-2,Parent,0.08385585781298022,-0.021515803064929274,1,
Combined,GPT-2,Child,0.048272960743909535,-0.08137208936380737,2,
Combined,GPT-2,Child,0.04760511289594376,0.12103366455213682,2,
Combined,GPT-2,Grandparent,0.04436358132146997,0.05463049215406158,0,
Combined,GPT-2,Grandparent,0.04963059665151682,-0.01657524176674119,0,
Combined,GPT-2,Parent,-0.5413127670195146,0.012311463474121898,1,
Combined,GPT-2,Parent,-0.02299090225839502,-0.012434457543883405,1,
Combined,GPT-2,Grandparent,0.06894641370337028,-0.06319719170209011,0,
Combined,GPT-2,Grandparent,0.04704949405472991,-0.053772010583617656,0,
Combined,GPT-2,Parent,0.10004595368218236,0.00805942800865068,1,
Combined,GPT-2,Parent,0.00932106293306933,-0.07380251431321158,1,
Combined,GPT-2,Child,0.03856843715994563,-0.12161321613068998,2,
Combined,GPT-2,Child,0.09210791562180684,0.12059487332824392,2,
Combined,GPT-2,Grandparent,0.08546509733332099,-0.013293947924226604,0,
Combined,GPT-2,Grandparent,-0.5876720569752013,0.026512935893564873,0,
Combined,GPT-2,Parent,0.0410960971933365,-0.09114698425422371,1,
Combined,GPT-2,Parent,0.09050767775270992,-0.03794993165311262,1,
Combined,GPT-2,Grandparent,0.07808610478712061,0.028220874316319304,0,
Combined,GPT-2,Grandparent,0.07536167211809419,-0.01564619885946934,0,
Combined,GPT-2,Parent,0.05311193570560038,-0.017297240759405003,1,
Combined,GPT-2,Parent,0.07765870329655915,-0.15082386717721746,1,
Combined,GPT-2,Child,0.019925690500964308,0.14707080983308538,2,
Combined,GPT-2,Child,0.07040237790655762,0.039437341265904646,2,
Combined,GPT-2,Grandparent,-0.0005568561677965727,-0.058195366578779294,0,
Combined,GPT-2,Grandparent,0.08064629953029519,-0.045456437558002265,0,
Combined,GPT-2,Parent,0.09038666626343136,-0.018141747233327787,1,
Combined,GPT-2,Parent,-0.5632574840011333,-0.022226348072452374,1,
Combined,GPT-2,Grandparent,-0.6003007800260336,0.03873598475151303,0,
Combined,GPT-2,Grandparent,0.07022140908160615,0.11457491214707051,0,
Combined,GPT-2,Parent,-0.02860650641831294,-0.14964408838540086,1,
Combined,GPT-2,Child,0.05894198360997668,0.017877755939982934,2,
Combined,GPT-2,Child,0.0611339437466113,0.019408089569970834,2,
Combined,GPT-2,Grandparent,0.08010613516571789,-0.022409462503296326,0,
Combined,GPT-2,Grandparent,0.07566197412297633,-0.046005480638047554,0,
Combined,GPT-2,Parent,0.10091790791557405,-0.015556980228319221,1,
Combined,GPT-2,Parent,0.06565828412187237,-0.11052435139263754,1,
Combined,GPT-2,Grandparent,0.05359694282469094,-0.006750460737581132,0,
Combined,GPT-2,Grandparent,0.10143710341155329,0.05898298059269559,0,
Combined,GPT-2,Parent,0.07127095024631686,-0.09277589269086921,1,
Combined,GPT-2,Parent,0.10153282553313732,0.13457316438788036,1,
Combined,GPT-2,Child,-0.0026014367420027005,-0.04909146431392091,2,
Combined,GPT-2,Child,0.06269704163787523,-0.08704574021492612,2,
Combined,GPT-2,Grandparent,0.01382269488570182,0.1856552732797284,0,
Combined,GPT-2,Grandparent,-0.5884741185821954,0.00304499514922552,0,
Combined,GPT-2,Parent,0.06500460340959624,-0.025685221315125965,1,
Combined,GPT-2,Parent,0.04477726039942368,0.06588740263282863,1,
Combined,GPT-2,Grandparent,0.0009375915643109955,0.1876590954052187,0,
Combined,GPT-2,Grandparent,0.05582586575787312,0.06192123698610671,0,
Combined,GPT-2,Parent,0.02105028977200456,0.03221384378133866,1,
Combined,GPT-2,Child,0.04495468522714162,-0.035043371741249864,2,
Combined,GPT-2,Child,-0.38208747533193105,-0.026908052902464962,2,
Combined,GPT-2,Grandparent,0.0377853915629391,-0.03485647304611097,0,
Combined,GPT-2,Grandparent,0.09268236427748339,-0.0070964159453389426,0,
Combined,GPT-2,Parent,0.08201051628923157,0.04521103933351121,1,
Combined,GPT-2,Parent,0.07170973567179563,-0.01988306256701883,1,
Combined,GPT-2,Grandparent,0.06924948043405058,-0.05196523157394678,0,
Combined,GPT-2,Grandparent,0.06821712076535502,-0.011966160621750028,0,
Combined,GPT-2,Parent,0.06078905650579287,0.0315216421377153,1,
Combined,GPT-2,Parent,0.0669955741598737,-0.06088720349478689,1,
Combined,GPT-2,Child,0.04196694846809982,-0.024782827455640637,2,
Combined,GPT-2,Child,-0.364742862094814,0.013464658049282345,2,
Combined,GPT-2,Grandparent,0.023669733302565783,0.1376618290042501,0,
Combined,GPT-2,Grandparent,0.05844569587112821,0.0011177675066017159,0,
Combined,GPT-2,Parent,-0.0258837537639976,0.13769234040895706,1,
Combined,GPT-2,Parent,0.01911765430402531,0.13392465699632944,1,
Combined,GPT-2,Grandparent,0.03409368641008152,0.018825017846543987,0,
Combined,GPT-2,Grandparent,0.05036993596952977,0.09837929539388746,0,
Combined,GPT-2,Parent,0.10369273591461543,0.05813187026733604,1,
Combined,GPT-2,Parent,0.031932459427188226,0.15383717189950147,1,
Combined,GPT-2,Child,0.08634491058817655,-0.03443420457830751,2,
Combined,GPT-2,Child,0.06253878356443997,0.032967265645079784,2,
Combined,GPT-2,Grandparent,0.07912083398053012,0.05711875983511313,0,
Combined,GPT-2,Grandparent,-0.41607955437515176,0.005971999551028838,0,
Combined,GPT-2,Parent,0.06901403316688517,-0.062289200416548084,1,
Combined,GPT-2,Parent,0.01783268460685408,-0.10309214138983705,1,
Combined,GPT-2,Grandparent,0.08504716640171701,-0.07462301853105088,0,
Combined,GPT-2,Grandparent,0.08554859574308457,-0.08160015792707498,0,
Combined,GPT-2,Parent,0.03492565024978281,-0.10769439726509977,1,
Combined,GPT-2,Parent,0.06363299002841213,-0.08314715836008676,1,
Combined,GPT-2,Child,0.029225509166509647,-0.04538964957823044,2,
Combined,GPT-2,Child,0.061085251071988776,-0.01982082583961086,2,
Combined,GPT-2,Grandparent,0.09344127120862222,0.045413041316213675,0,
Combined,GPT-2,Grandparent,0.08910539564420301,0.1564052606082056,0,
Combined,GPT-2,Parent,-0.6015010077649267,0.03789850540876405,1,
Combined,GPT-2,Parent,0.08436876254516461,0.030786644648741104,1,
Combined,GPT-2,Grandparent,0.0272573774776862,0.14347874265185356,0,
Combined,GPT-2,Grandparent,0.024539177002699,0.08581709343715421,0,
Combined,GPT-2,Parent,-0.5233702940659706,0.051189150793998855,1,
Combined,GPT-2,Parent,0.035882280177926586,0.21870429380956952,1,
Combined,GPT-2,Child,0.04810460189816351,0.0963025278540605,2,
Combined,GPT-2,Child,0.08251786897633681,-0.06253266629716883,2,
Combined,GPT-2,Grandparent,0.07627847792467099,-0.1341102503818767,0,
Combined,GPT-2,Grandparent,0.11202861844508329,-0.01301947176289972,0,
Combined,GPT-2,Parent,0.09410715283115015,-0.01140660391890245,1,
Combined,GPT-2,Parent,0.07405017131473642,-0.00461110503623035,1,
Combined,GPT-2,Grandparent,-0.03356370784287328,-0.2517113549588792,0,
Combined,GPT-2,Grandparent,0.07275036010456186,0.03905801945107341,0,
Combined,GPT-2,Parent,0.07086586458164293,-0.03547184547959377,1,
Combined,GPT-2,Parent,0.007364437415428071,-0.058634485659625306,1,
Combined,GPT-2,Child,0.025143210279087183,0.015484463319848958,2,
Combined,GPT-2,Child,0.09594630055605466,-0.0008928827136011363,2,
Combined,GPT-2,Grandparent,0.05158548138502051,0.027329929406282694,0,
Combined,GPT-2,Grandparent,0.0873189183707794,0.012124147412129962,0,
Combined,GPT-2,Parent,-0.457995323770036,0.011394228709563685,1,
Combined,GPT-2,Grandparent,0.07627009656792579,0.008933632837436567,0,
Combined,GPT-2,Grandparent,0.05027162892876427,0.04657391547111257,0,
Combined,GPT-2,Parent,0.08415240044777066,-0.07519236152289155,1,
Combined,GPT-2,Parent,-0.5487065205733183,0.021512861024978656,1,
Combined,GPT-2,Child,0.1160163693218351,0.0832341857344277,2,
Combined,GPT-2,Child,0.07866808697271627,-0.012522010013568051,2,
Combined,GPT-2,Grandparent,0.09468357589251342,0.04617618541255816,0,
Combined,GPT-2,Grandparent,0.11151633208639529,-0.057278401380392245,0,
Combined,GPT-2,Parent,0.07356807550365127,0.03764669068781488,1,
Combined,GPT-2,Parent,0.0785165399097719,-0.10448712795171053,1,
Combined,GPT-2,Grandparent,0.07842304208340035,-0.0353154396196729,0,
Combined,GPT-2,Grandparent,0.062018580565443945,-0.05256203465286302,0,
Combined,GPT-2,Parent,0.067008520940246,-0.03958560343297865,1,
Combined,GPT-2,Parent,0.026414876673781857,0.08946401617172217,1,
Combined,GPT-2,Child,0.051541311100947756,0.0022333497992439743,2,
Combined,GPT-2,Child,0.07407914055473064,-0.08044761194165936,2,
Combined,GPT-2,Grandparent,0.06946371173727617,0.03258808036380855,0,
Combined,GPT-2,Grandparent,0.0569078528660229,0.019555787018031463,0,
Combined,GPT-2,Parent,-0.4178337568649975,0.019510349320851966,1,
Combined,GPT-2,Parent,0.034478696699812454,0.030821822314318733,1,
Combined,GPT-2,Grandparent,0.08014882568926314,0.0131005096095747,0,
Combined,GPT-2,Grandparent,0.09693255493535731,0.055045026101274826,0,
Combined,GPT-2,Parent,0.07325964267654521,0.012155650812125315,1,
Combined,GPT-2,Parent,0.046074047121734005,0.03464727011477975,1,
Combined,GPT-2,Child,0.018254758732828925,-0.1109636680621775,2,
Combined,GPT-2,Child,0.09327088631675125,0.04050921363993629,2,
Combined,GPT-2,Grandparent,-0.6494705097924582,0.01602621785799433,0,
Combined,GPT-2,Grandparent,0.03940391773777051,-0.13574645379098357,0,
Combined,GPT-2,Parent,-0.051774007986927155,-0.2797650390231871,1,
Combined,GPT-2,Grandparent,0.04552307572239364,-0.0176537778486866,0,
Combined,GPT-2,Grandparent,0.07583857336313553,-0.02059734899792346,0,
Combined,GPT-2,Parent,0.048356989339967266,-0.12914428413229767,1,
Combined,GPT-2,Parent,-0.6433907154795898,0.042330528404355,1,
Combined,GPT-2,Child,0.09660369233318208,0.008127158736380341,2,
Combined,GPT-2,Child,0.08034813866628909,0.040873664358064554,2,
Combined,GPT-2,Grandparent,0.07253147114226642,-0.023591540591112698,0,
Combined,GPT-2,Grandparent,0.07966685077916298,-0.015534490162696717,0,
Combined,GPT-2,Parent,0.11409378512968005,0.002729129748237148,1,
Combined,GPT-2,Parent,-0.010904233282310112,0.05128380385975951,1,
Combined,GPT-2,Grandparent,0.08830328254399772,0.02691055811433451,0,
Combined,GPT-2,Grandparent,0.08673787322662976,0.02316590146511886,0,
Combined,GPT-2,Parent,0.07600960391450136,-0.014412699578638782,1,
Combined,GPT-2,Parent,0.09115559819816464,0.0022465845287373623,1,
Combined,GPT-2,Child,0.09256231912412992,0.04495022004136369,2,
Combined,GPT-2,Child,0.046682700540238146,0.0270808341619064,2,
Combined,GPT-2,Grandparent,0.057333586296150804,0.1038343179230546,0,
Combined,GPT-2,Grandparent,-0.07844855859813939,-0.29707879415759314,0,
Combined,GPT-2,Parent,-0.05874084569286339,-0.1335870866678446,1,
Combined,GPT-2,Parent,-0.7347755799399737,0.022862317564228983,1,
Combined,GPT-2,Grandparent,0.07484017170018821,-0.08264236731834952,0,
Combined,GPT-2,Grandparent,0.0032948741884863265,-0.10474625755181853,0,
Combined,GPT-2,Parent,0.013762477731715614,-0.14618635926922655,1,
Combined,GPT-2,Parent,0.015792055696162807,-0.2140808987653444,1,
Combined,GPT-2,Child,-0.5198933095038124,0.0558948179997532,2,
Combined,GPT-2,Child,0.04596530757862472,0.09465173185622111,2,
Combined,GPT-2,Grandparent,0.05227429352623116,-0.0013977007404730394,0,
Combined,GPT-2,Grandparent,0.07861379776781605,0.040839339578473716,0,
Combined,GPT-2,Parent,0.10845301519683191,0.009267513847339842,1,
Combined,GPT-2,Parent,0.0989866805403148,0.02488397319993484,1,
Combined,GPT-2,Grandparent,0.05727550216631548,0.036367116544039665,0,
Combined,GPT-2,Grandparent,0.09098058215041699,-0.01641764612867033,0,
Combined,GPT-2,Parent,-0.3822132290134036,-0.023364689022809203,1,
Combined,GPT-2,Parent,0.0011772335038272084,-0.1141594491085226,1,
Combined,GPT-2,Child,0.07458281358076706,-0.010215133585890601,2,
Combined,GPT-2,Child,0.022960673047446613,-0.011352277524793314,2,
Combined,GPT-2,Grandparent,0.06815036973134164,0.07531871430512684,0,
Combined,GPT-2,Grandparent,0.07213237302984657,0.01074054393213665,0,
Combined,GPT-2,Parent,0.037564445459927896,-0.08889228982059769,1,
Combined,GPT-2,Parent,0.06483243054669749,-0.05199346736041055,1,
Combined,GPT-2,Grandparent,0.08149881550405189,0.0625952991379049,0,
Combined,GPT-2,Grandparent,0.08257391174737108,0.02962623239495537,0,
Combined,GPT-2,Parent,0.09115095803845819,-0.02654525426662263,1,
Combined,GPT-2,Parent,0.09088422353937547,0.025309010036327902,1,
Combined,GPT-2,Child,0.01566488585705904,0.07943114313441346,2,
Combined,GPT-2,Child,0.014715358246815791,-0.08385632970169395,2,
Combined,GPT-2,Grandparent,0.038471243011545246,0.0028439439250880433,0,
Combined,GPT-2,Grandparent,0.03883910329430438,-0.1532755799368632,0,
Combined,GPT-2,Parent,-0.4814297394975642,-0.0472612583873228,1,
Combined,GPT-2,Grandparent,0.0433334912108205,-0.04510142601940258,0,
Combined,GPT-2,Grandparent,-0.6868188738875678,0.030203097429650026,0,
Combined,GPT-2,Parent,0.07057097493644332,-0.10383761618506744,1,
Combined,GPT-2,Parent,0.04442868585178238,0.026819393279736717,1,
Combined,GPT-2,Child,0.03057454890465301,-0.051707902235818184,2,
Combined,GPT-2,Child,0.05940915388660048,-0.000439095702678865,2,
Combined,GPT-2,Grandparent,0.10360210565293403,0.05203857933499328,0,
Combined,GPT-2,Grandparent,0.0868837736902522,0.06383670951910311,0,
Combined,GPT-2,Parent,0.10497974381680694,0.0053958612809131635,1,
Combined,GPT-2,Parent,0.06746993324173275,-0.019138085689944462,1,
Combined,GPT-2,Grandparent,0.1148323074857999,-0.005205319307911763,0,
Combined,GPT-2,Grandparent,0.08919653875459636,0.0516606376496743,0,
Combined,GPT-2,Parent,0.06666964570189841,-0.09569962051882329,1,
Combined,GPT-2,Parent,0.08847831756857871,-0.014259741400615738,1,
Combined,GPT-2,Child,0.08872450520769427,0.00022004260395813054,2,
Combined,GPT-2,Child,0.11626056204540805,0.04167768867387227,2,
Combined,GPT-2,Grandparent,0.02122013604082486,-0.023802058708702476,0,
Combined,GPT-2,Grandparent,-0.5910663049888942,0.01780418251843696,0,
Combined,GPT-2,Parent,0.08141000920277051,0.0057636629512825355,1,
Combined,GPT-2,Parent,-0.08351157557200688,-0.12986516159535905,1,
Combined,GPT-2,Grandparent,0.08370749479066977,-0.04127318214963676,0,
Combined,GPT-2,Grandparent,0.03341830828991995,-0.09086043193526569,0,
Combined,GPT-2,Parent,0.07677073140837586,0.03241512611189036,1,
Combined,GPT-2,Parent,-0.44506319815438394,-0.0022848308927871062,1,
Combined,GPT-2,Child,0.06350715473671201,0.12161730426325268,2,
Combined,GPT-2,Child,0.08344787910409837,0.025468289742949672,2,
Combined,GPT-2,Grandparent,0.07705371520630248,0.11261449633143936,0,
Combined,GPT-2,Grandparent,0.08448077279242026,0.02472083382175784,0,
Combined,GPT-2,Parent,0.02936489014785845,-0.011954779377533711,1,
Combined,GPT-2,Parent,0.07446538442607191,-0.004685532493386347,1,
Combined,GPT-2,Grandparent,0.10663764163663329,0.03311104236666946,0,
Combined,GPT-2,Grandparent,-0.48125606131452586,0.013759201648049117,0,
Combined,GPT-2,Parent,0.09725140213264087,0.02948112884431044,1,
Combined,GPT-2,Parent,0.07337013403692895,0.04203195569298774,1,
Combined,GPT-2,Child,0.05566961525602858,-0.06069630303318712,2,
Combined,GPT-2,Child,0.09395293077873537,0.16208138833926705,2,
Combined,GPT-2,Grandparent,-0.009350536624494655,0.10380320457310507,0,
Combined,GPT-2,Grandparent,0.04132521105417509,-0.06367648840967319,0,
Combined,GPT-2,Parent,0.06999016520358778,-0.0008541086711959959,1,
Combined,GPT-2,Parent,0.02608850766007569,-0.0034341044262854634,1,
Combined,GPT-2,Grandparent,0.07504019687359799,-0.10407213913354196,0,
Combined,GPT-2,Grandparent,0.08233911955196108,-0.043931561482182996,0,
Combined,GPT-2,Parent,-0.027639985557323492,-0.1048915896765022,1,
Combined,GPT-2,Parent,0.06252172604679576,-0.07235636781580272,1,
Combined,GPT-2,Child,0.07061797754082842,0.0740868537127601,2,
Combined,GPT-2,Child,0.05830459414274873,0.058751870279966235,2,
Combined,GPT-2,Grandparent,0.055406884408436996,0.09505368888114361,0,
Combined,GPT-2,Grandparent,0.053401713620032855,0.02747728960160289,0,
Combined,GPT-2,Parent,-0.4845674984186526,0.04172908557481764,1,
Combined,GPT-2,Grandparent,0.07148700100005377,0.08222338585060508,0,
Combined,GPT-2,Grandparent,0.08950093199881858,0.013575433035517325,0,
Combined,GPT-2,Parent,0.0790405218534062,0.0777899459442697,1,
Combined,GPT-2,Parent,0.10213189548680279,0.02116373651441916,1,
Combined,GPT-2,Child,0.09520388668458096,0.09048842490169236,2,
Combined,GPT-2,Child,0.07361710641492036,-0.025755751774884882,2,
Combined,GPT-2,Grandparent,-0.4466351392056988,0.0034087046180762103,0,
Combined,GPT-2,Grandparent,-0.0019644618625216707,-0.2510423269849109,0,
Combined,GPT-2,Parent,0.05843970870053085,0.08193133925992567,1,
Combined,GPT-2,Parent,-0.06793398422279577,-0.2657877120668355,1,
Combined,GPT-2,Grandparent,0.06608343630471017,-0.007524497392954545,0,
Combined,GPT-2,Grandparent,-0.4317356188773757,0.009176632670066414,0,
Combined,GPT-2,Parent,0.0647262264545593,0.057855014815550485,1,
Combined,GPT-2,Parent,0.0736646425744964,0.04301428011429686,1,
Combined,GPT-2,Child,0.023636522947818955,-0.11403408762951732,2,
Combined,GPT-2,Child,0.05910725800002104,0.04737822503530365,2,
Combined,GPT-2,Grandparent,0.10707506193338007,-0.013434462541964702,0,
Combined,GPT-2,Grandparent,0.11862538382715727,-0.004200693201943777,0,
Combined,GPT-2,Parent,0.07367559261808587,0.027731866711810983,1,
Combined,GPT-2,Parent,0.07883481508220422,-0.019228727369703463,1,
Combined,GPT-2,Grandparent,-0.006922617011651631,-0.1456976408997102,0,
Combined,GPT-2,Grandparent,0.09520352424767094,0.02833474921487496,0,
Combined,GPT-2,Parent,0.06897704112159396,0.03740309851330372,1,
Combined,GPT-2,Parent,0.0642344967160247,0.14408686139614518,1,
Combined,GPT-2,Child,0.03662964490043817,-0.13511690633075735,2,
Combined,GPT-2,Child,0.08658402812447412,0.05039793753769757,2,
Combined,GPT-2,Grandparent,0.06180681231905776,-0.01880374894430983,0,
Combined,GPT-2,Grandparent,0.10520037662996831,0.00830348277222713,0,
Combined,GPT-2,Parent,-0.6001725276880149,0.020187307095611402,1,
Combined,GPT-2,Parent,0.10543857058050553,0.006948045703429071,1,
Combined,GPT-2,Grandparent,-0.5100516367696524,0.010805927087987485,0,
Combined,GPT-2,Grandparent,0.03596667420481222,-0.1158880552383468,0,
Combined,GPT-2,Parent,0.05766618909886584,-0.0022157540220046935,1,
Combined,GPT-2,Parent,-0.06235721690327398,-0.19477646288668252,1,
Combined,GPT-2,Child,0.10631239131476387,0.03870631023453009,2,
Combined,GPT-2,Child,0.09662351042577413,0.0011044205003926315,2,
Combined,GPT-2,Grandparent,0.07899005833804514,0.01745002221737198,0,
Combined,GPT-2,Grandparent,0.11427029538819516,0.03831584365850952,0,
Combined,GPT-2,Parent,0.08392447237516927,0.07834416592382952,1,
Combined,GPT-2,Parent,0.00648450526892812,0.08315268773587095,1,
Combined,GPT-2,Grandparent,0.07067774760281219,-0.06364689193710593,0,
Combined,GPT-2,Grandparent,-0.6382812394017487,-0.0025561938619348794,0,
Combined,GPT-2,Parent,0.08125468235723067,-0.09366553248525966,1,
Combined,GPT-2,Parent,0.04597404174077114,0.030758433680183106,1,
Combined,GPT-2,Child,0.06821543316810179,-0.027935571395297756,2,
Combined,GPT-2,Child,0.023063099133751663,-0.0938992798063938,2,
Combined,GPT-2,Grandparent,0.08364750532742993,0.12234676938714649,0,
Combined,GPT-2,Grandparent,0.08318332865837214,0.08754625161695499,0,
Combined,GPT-2,Parent,0.08583106387633538,0.05671460459285448,1,
Combined,GPT-2,Parent,0.061142474222405103,0.18866946379771543,1,
Combined,GPT-2,Grandparent,0.021134221319091012,0.02285005954160151,0,
Combined,GPT-2,Grandparent,0.07844563447902231,-0.07159755898171215,0,
Combined,GPT-2,Parent,0.09855680211189351,-0.0407160443681402,1,
Combined,GPT-2,Parent,0.08105620973753434,-0.09737366342417492,1,
Combined,GPT-2,Child,0.0861388795315861,-0.010742740839176573,2,
Combined,GPT-2,Child,0.046418349728226886,0.10347312839705045,2,
Combined,GPT-2,Grandparent,0.038717878410138455,0.03391920644580177,0,
Combined,GPT-2,Grandparent,0.09327545046768033,-0.06861220722835804,0,
Combined,GPT-2,Parent,-0.044847106504162675,-0.06540491629191841,1,
Combined,GPT-2,Parent,-0.5676320423123059,0.011851218678569229,1,
Combined,GPT-2,Grandparent,0.08262436883409177,0.033482282451546,0,
Combined,GPT-2,Grandparent,0.03764243688454474,-0.047571732889438924,0,
Combined,GPT-2,Parent,0.05848988833466284,-0.023792375737067478,1,
Combined,GPT-2,Parent,0.050884495086835284,-0.08904978624547186,1,
Combined,GPT-2,Child,-0.00734288381848506,-0.11143942388394844,2,
Combined,GPT-2,Child,0.06897110963833722,0.03222592263663456,2,
Combined,GPT-2,Grandparent,0.0730887850629036,0.06982108931772205,0,
Combined,GPT-2,Grandparent,0.02822620558521623,-0.006195531427527675,0,
Combined,GPT-2,Parent,-0.5598467015857631,0.018262608803542798,1,
Combined,GPT-2,Parent,0.0299374485834299,0.06624169349787251,1,
Combined,GPT-2,Grandparent,0.04144848608826034,-0.18988942753538038,0,
Combined,GPT-2,Grandparent,0.010161773076449271,0.17854451243227007,0,
Combined,GPT-2,Parent,0.014021210444828429,0.05676894928506146,1,
Combined,GPT-2,Child,0.04362233814523489,-0.0004577593338866005,2,
Combined,GPT-2,Child,0.06216855028906136,-0.0007842107645133649,2,
Combined,GPT-2,Grandparent,0.07279302575483934,-0.00186361784849627,0,
Combined,GPT-2,Grandparent,0.0604426469141877,-0.037317627111374124,0,
Combined,GPT-2,Parent,-0.3586397722225106,0.023926585644688886,1,
Combined,GPT-2,Parent,0.035775425532746555,0.04167129881094397,1,
Combined,GPT-2,Grandparent,0.09391349222469454,0.06244824174281087,0,
Combined,GPT-2,Grandparent,0.10828571129176191,0.0860138025494269,0,
Combined,GPT-2,Parent,0.03206754298354118,0.0750961990195363,1,
Combined,GPT-2,Parent,0.06618785918026346,0.10821297204497501,1,
Combined,GPT-2,Child,0.07492129500991733,0.05824403928013371,2,
Combined,GPT-2,Child,-0.36928478884097654,0.0008162291399833174,2,
Combined,GPT-2,Grandparent,0.04476210379165952,-0.13673467105182796,0,
Combined,GPT-2,Grandparent,0.07865994762893341,-0.17422066461715827,0,
Combined,GPT-2,Parent,-0.033211523713247974,-0.23777039214561282,1,
Combined,GPT-2,Parent,0.025167048142270894,-0.17512150401270982,1,
Combined,GPT-2,Grandparent,0.07866780912025022,0.0020635816005661533,0,
Combined,GPT-2,Grandparent,0.08172134813347538,0.0964720368861591,0,
Combined,GPT-2,Parent,0.09552803231541912,-0.03143422766119016,1,
Combined,GPT-2,Parent,0.073915799312432,0.05674591441251414,1,
Combined,GPT-2,Child,0.03430428332692146,0.023431499585382803,2,
Combined,GPT-2,Child,0.08625238006618208,0.015767488939164,2,
Combined,GPT-2,Grandparent,-0.514276188682129,0.021819921526222575,0,
Combined,GPT-2,Grandparent,0.05605482761692675,-0.11128232363666539,0,
Combined,GPT-2,Parent,0.04134237070801928,-0.07452420232622774,1,
Combined,GPT-2,Parent,0.05450223318225236,-0.0826927349814721,1,
Combined,GPT-2,Grandparent,-0.6026306828090807,-0.0018669383043013674,0,
Combined,GPT-2,Grandparent,-0.10820426740964124,-0.28357333895372866,0,
Combined,GPT-2,Parent,0.04574007300760226,-0.033732014475862826,1,
Combined,GPT-2,Child,0.036594101306806036,-0.06172041240568737,2,
Combined,GPT-2,Child,0.05235583194099271,0.0024227882216346377,2,
Combined,GPT-2,Grandparent,0.10597051362507277,0.10053550057076235,0,
Combined,GPT-2,Grandparent,0.10554585388202477,-0.014540880740419348,0,
Combined,GPT-2,Parent,0.09293735131964989,0.08265051010837704,1,
Combined,GPT-2,Parent,0.017443824549862284,0.1587159522718511,1,
Combined,GPT-2,Grandparent,0.07318299482739792,-0.015543179381351893,0,
Combined,GPT-2,Grandparent,0.03583651224565284,-0.0352794635642728,0,
Combined,GPT-2,Parent,-0.47048717780288457,0.02523812145233119,1,
Combined,GPT-2,Parent,0.03317353252038884,-0.037253951953362015,1,
Combined,GPT-2,Child,0.09038340657580754,0.0036940083171176905,2,
Combined,GPT-2,Child,0.015920064349790323,-0.022421348065618248,2,
Combined,GPT-2,Grandparent,0.05225546171189808,0.06660388122596478,0,
Combined,GPT-2,Grandparent,0.05876950840455672,0.05892264315042443,0,
Combined,GPT-2,Parent,-0.003233785167825563,0.16183575237354147,1,
Combined,GPT-2,Grandparent,0.10531215310051932,0.09401818864079009,0,
Combined,GPT-2,Grandparent,0.043997875281728424,-0.0894780141300949,0,
Combined,GPT-2,Parent,0.09843221905035009,0.0438456359003132,1,
Combined,GPT-2,Child,0.08883515300610643,0.0026939297603137085,2,
Combined,GPT-2,Child,0.051888691336524226,0.018221299570214476,2,
Combined,GPT-2,Grandparent,0.017519393501701338,-0.060171809008602806,0,
Combined,GPT-2,Grandparent,0.04050419207267227,-0.0022870296197439826,0,
Combined,GPT-2,Parent,-0.5723403264444618,-0.03515608282117752,1,
Combined,GPT-2,Parent,0.07606548042663193,-0.10931446386056479,1,
Combined,GPT-2,Grandparent,-0.04012094818779185,-0.21902562405242657,0,
Combined,GPT-2,Grandparent,0.067780297392501,-0.04515227093242731,0,
Combined,GPT-2,Parent,-0.056039426182262396,-0.0715494966974823,1,
Combined,GPT-2,Parent,0.04982400981044247,0.08993864299981692,1,
Combined,GPT-2,Child,0.07132149352900301,-0.0571854454390872,2,
Combined,GPT-2,Child,0.09022212775040377,-0.049188598920203344,2,
Combined,GPT-2,Grandparent,0.06792020730217989,-0.018756677070895594,0,
Combined,GPT-2,Grandparent,0.1153246070289259,0.08197837572469066,0,
Combined,GPT-2,Parent,-0.5249874973658587,0.042392262702695464,1,
Combined,GPT-2,Parent,0.10081110200373829,0.09383423674474552,1,
Combined,GPT-2,Grandparent,0.08236307161212601,0.03183755109195062,0,
Combined,GPT-2,Grandparent,0.010752635282288868,-0.041878504275277444,0,
Combined,GPT-2,Parent,0.1078992723249306,0.05647599192381822,1,
Combined,GPT-2,Parent,-0.48586421408004093,0.03326928312721322,1,
Combined,GPT-2,Child,0.06490070163998848,-0.05610864184223223,2,
Combined,GPT-2,Child,0.05486314894041347,-0.026004889484291176,2,
Combined,GPT-2,Grandparent,0.08261437872208403,-0.004284498455208743,0,
Combined,GPT-2,Grandparent,0.08304747185457767,0.11948987424592736,0,
Combined,GPT-2,Parent,0.03975901794695772,-0.10224594934391762,1,
Combined,GPT-2,Parent,0.0629667849127176,0.06602589195179626,1,
Combined,GPT-2,Grandparent,0.0701972564054118,-0.020937385412623646,0,
Combined,GPT-2,Grandparent,0.03572323705326813,-0.056554504029752366,0,
Combined,GPT-2,Parent,0.053272079185688354,-0.03290518611701886,1,
Combined,GPT-2,Parent,0.02450075559723878,0.031039936698620964,1,
Combined,GPT-2,Child,-0.4861101232584897,0.016588225755533533,2,
Combined,GPT-2,Child,0.04247983691607353,-0.01852523080164001,2,
Combined,GPT-2,Grandparent,0.03200024317475708,0.13217211746751695,0,
Combined,GPT-2,Parent,0.03630536891689968,-0.036262497390032275,1,
Combined,GPT-2,Parent,0.037496365466903485,0.06401131226709318,1,
Combined,GPT-2,Grandparent,0.04646318322480617,0.0751430914651999,0,
Combined,GPT-2,Grandparent,0.09622481177278848,0.11312901986785412,0,
Combined,GPT-2,Parent,0.09625846742806653,0.04500299179431168,1,
Combined,GPT-2,Parent,0.0873729725443065,0.05680114381827778,1,
Combined,GPT-2,Child,0.04840040478026354,-0.07519682614362483,2,
Combined,GPT-2,Child,0.09046004623083304,0.08554633390440307,2,
Combined,GPT-2,Grandparent,0.04673010208836533,-0.1272434480747808,0,
Combined,GPT-2,Grandparent,-0.02079313277392733,-0.17569141646961892,0,
Combined,GPT-2,Parent,0.03462601609930645,-0.06504923790173393,1,
Combined,GPT-2,Parent,-0.5745938178205375,-0.023408319759704,1,
Combined,GPT-2,Grandparent,0.07593566562814094,-0.11755796056500437,0,
Combined,GPT-2,Grandparent,-0.2738595153502349,0.011479866581181764,0,
Combined,GPT-2,Parent,0.08640124142331503,-0.051254806350258586,1,
Combined,GPT-2,Parent,0.013730518007799536,-0.08996440572782695,1,
Combined,GPT-2,Child,0.0930537921278257,0.10205400857542683,2,
Combined,GPT-2,Child,0.0734881266543818,0.048251106952118226,2,
Combined,GPT-2,Parent,0.045400086841432416,0.13725427340037466,1,
Combined,GPT-2,Grandparent,0.03242450989345049,-0.004972947880007445,0,
Combined,GPT-2,Grandparent,0.0371912470231424,0.00948657446708519,0,
Combined,GPT-2,Parent,0.027771389804460034,0.1841639491150213,1,
Combined,GPT-2,Parent,-0.008951761750316638,0.18683873631564185,1,
Combined,GPT-2,Child,0.03358309509173408,-0.09010959284652753,2,
Combined,GPT-2,Child,0.057489816362306746,0.019256376858156482,2,
Combined,GPT-2,Grandparent,0.10263929089159601,-0.030831987019215135,0,
Combined,GPT-2,Grandparent,0.12775890740500495,-0.009038541055416677,0,
Combined,GPT-2,Parent,-0.5964387107985994,0.018426984349529524,1,
Combined,GPT-2,Parent,0.09011012951173045,0.0115552667407914,1,
Combined,GPT-2,Grandparent,0.1052448345100018,0.032282172638813576,0,
Combined,GPT-2,Grandparent,0.10586217801300273,0.02246172560805032,0,
Combined,GPT-2,Parent,0.0664245946096635,-0.02458032405901743,1,
Combined,GPT-2,Parent,0.05016304098280666,0.07367957469807138,1,
Combined,GPT-2,Child,0.028733216871816177,0.029277089383026575,2,
Combined,GPT-2,Child,0.03992055908796314,-0.10005555272390056,2,
Combined,GPT-2,Grandparent,-0.7340753714376391,0.022361385378062062,0,
Combined,GPT-2,Parent,0.030726821486207853,-0.08358734390997892,1,
Combined,GPT-2,Grandparent,0.08042754871669942,0.08694598643996165,0,
Combined,GPT-2,Grandparent,0.08232652978471038,0.13725570201263895,0,
Combined,GPT-2,Parent,0.07008484819321072,0.061652523764691776,1,
Combined,GPT-2,Parent,0.006999878641329875,0.0783830780448801,1,
Combined,GPT-2,Child,-0.48259678004045503,0.056764694694553496,2,
Combined,GPT-2,Child,0.10572294569338868,0.034212307664034367,2,
Combined,GPT-2,Grandparent,0.0752643485034392,-0.1341451524019541,0,
Combined,GPT-2,Grandparent,0.06537886904405135,-0.07197343519161599,0,
Combined,GPT-2,Parent,0.059281526025501505,-0.12966060456365772,1,
Combined,GPT-2,Parent,-0.018515184753211414,-0.22761787937934455,1,
Combined,GPT-2,Grandparent,0.061219103886632466,0.03881905428691194,0,
Combined,GPT-2,Grandparent,0.08714525805739393,0.13488563039406368,0,
Combined,GPT-2,Parent,0.08373638017776004,-0.08008633046443621,1,
Combined,GPT-2,Parent,0.04950091013860225,0.10629350720929694,1,
Combined,GPT-2,Child,0.07383588864818762,-0.09247438309606829,2,
Combined,GPT-2,Child,0.09802094498179449,0.07803485168345879,2,
Combined,GPT-2,Grandparent,0.0826343790740063,-0.05908437211603887,0,
Combined,GPT-2,Grandparent,0.03514188090113629,-0.03034443621506779,0,
Combined,GPT-2,Parent,-0.395546053611136,-0.029091644398372286,1,
Combined,GPT-2,Parent,0.0520591933651786,-0.006288328889356317,1,
Combined,GPT-2,Grandparent,-0.4999982170601296,-0.02646633355532091,0,
Combined,GPT-2,Grandparent,-0.0006571777467688861,-0.06813722514776495,0,
Combined,GPT-2,Parent,0.05301092284528111,0.04721878100271689,1,
Combined,GPT-2,Parent,-0.023993811425769083,-0.1396515116503731,1,
Combined,GPT-2,Child,0.036949632890616105,-0.013048227193837681,2,
Combined,GPT-2,Child,0.10033382627665438,0.08712049028183223,2,
Combined,GPT-2,Grandparent,0.10575418948490953,0.022543777945585396,0,
Combined,GPT-2,Grandparent,0.051902743068094684,-0.03259949641500435,0,
Combined,GPT-2,Parent,0.1319778660600744,0.05423653242878171,1,
Combined,GPT-2,Parent,0.09222920509441587,-0.048994735869964876,1,
Combined,GPT-2,Grandparent,-0.5694572721623666,-0.006818618262302753,0,
Combined,GPT-2,Grandparent,0.08223839204799657,0.02439121596305223,0,
Combined,GPT-2,Parent,-0.07586890357589197,-0.26345082190431574,1,
Combined,GPT-2,Parent,0.02372148708144556,-0.04636033937717958,1,
Combined,GPT-2,Child,0.07767545281235579,0.05644741509151802,2,
Combined,GPT-2,Child,0.07327360502137309,-0.045392682675898875,2,
Combined,GPT-2,Grandparent,0.04553555329290548,-0.01663838539270843,0,
Combined,GPT-2,Grandparent,0.046956094610657174,0.09340701911845539,0,
Combined,GPT-2,Parent,0.09088126965059348,0.00196207795375958,1,
Combined,GPT-2,Parent,0.011208366717363975,0.07961975633395384,1,
Combined,GPT-2,Grandparent,0.10551275459217177,0.036233377479196124,0,
Combined,GPT-2,Grandparent,0.08729975710699797,0.009903121153543484,0,
Combined,GPT-2,Parent,0.06521012963988299,-0.01621376224781927,1,
Combined,GPT-2,Parent,0.049617394771916304,0.035294413446940114,1,
Combined,GPT-2,Child,0.08419100081848552,0.011500891613725289,2,
Combined,GPT-2,Child,0.13247074458172026,-0.012014664741702749,2,
Combined,GPT-2,Grandparent,-1.8328898183880835e-05,-0.18847110628652816,0,
Combined,GPT-2,Grandparent,-0.004394118265175351,0.013947296494086573,0,
Combined,GPT-2,Parent,-0.5627158943595405,0.029453957976716582,1,
Combined,GPT-2,Parent,0.008204898023451798,0.08397920000532934,1,
Combined,GPT-2,Grandparent,0.0910898077263442,0.0481163446922722,0,
Combined,GPT-2,Grandparent,0.08033145576635156,0.05432839060798344,0,
Combined,GPT-2,Parent,0.05389404000723987,0.14887088821769565,1,
Combined,GPT-2,Parent,0.05974777023754475,0.016851631975326086,1,
Combined,GPT-2,Child,0.07205306345963511,0.16564538087054942,2,
Combined,GPT-2,Child,0.041622739635882075,-0.07115570995318421,2,
Combined,GPT-2,Grandparent,0.09258276420390575,-0.0723439322844712,0,
Combined,GPT-2,Grandparent,-0.5034826835115858,-0.011860140678901341,0,
Combined,GPT-2,Parent,0.06944476009562969,-0.06193597975340828,1,
Combined,GPT-2,Parent,0.08030662405750161,-0.11741072297483864,1,
Combined,GPT-2,Grandparent,0.006217821079711298,-0.10182376333664885,0,
Combined,GPT-2,Grandparent,-0.16921996357988806,-0.2729989366255095,0,
Combined,GPT-2,Parent,0.038172115304145326,0.1096039841123885,1,
Combined,GPT-2,Parent,-0.5479063961074209,-0.03775359856647748,1,
Combined,GPT-2,Child,0.04576703095030192,0.03901517026848378,2,
Combined,GPT-2,Child,0.04521509623582782,0.052330213683913974,2,
Combined,GPT-2,Grandparent,0.09661173993189724,-0.019803781945570025,0,
Combined,GPT-2,Grandparent,0.09735458029432142,-0.0990043839706165,0,
Combined,GPT-2,Parent,0.10020495573552905,0.08222028386677112,1,
Combined,GPT-2,Parent,0.11282143805942635,-0.015627592498789162,1,
Combined,GPT-2,Grandparent,0.0624270628853585,0.05728238735429234,0,
Combined,GPT-2,Grandparent,0.06062193428014218,-0.018554891443593933,0,
Combined,GPT-2,Parent,0.10513647290345884,0.01508284504255453,1,
Combined,GPT-2,Parent,-0.5200890352590999,0.03201641177613602,1,
Combined,GPT-2,Child,0.037395224936076485,0.06562152162486663,2,
Combined,GPT-2,Child,0.0758688419850727,-0.0887661995406754,2,
Combined,GPT-2,Grandparent,0.07460715954752506,-0.09969604661113314,0,
Combined,GPT-2,Grandparent,0.10905600308113789,-0.04128987859909635,0,
Combined,GPT-2,Parent,0.10445568604225501,0.05880648336226216,1,
Combined,GPT-2,Grandparent,0.10569653018125397,0.07340729586480427,0,
Combined,GPT-2,Grandparent,0.06841905571511497,-0.02983958082623244,0,
Combined,GPT-2,Parent,0.06915696700216385,-0.012372086012528274,1,
Combined,GPT-2,Parent,0.08588637705306712,0.05691438695530666,1,
Combined,GPT-2,Child,0.0859039227909647,-0.04548953178243599,2,
Combined,GPT-2,Child,0.047583273496851826,0.06342425175119229,2,
Combined,GPT-2,Grandparent,0.032423657199922205,-0.10085862792432787,0,
Combined,GPT-2,Grandparent,0.10985603812542215,0.013905987543263058,0,
Combined,GPT-2,Parent,0.07208066324938744,-0.00422179805660766,1,
Combined,GPT-2,Parent,-0.5229963682018476,-0.00016063825747412766,1,
Combined,GPT-2,Grandparent,0.08217302689724759,0.1154679231731535,0,
Combined,GPT-2,Grandparent,0.07224573391410555,0.07182724591677,0,
Combined,GPT-2,Parent,0.01591838648063239,0.07452924795779978,1,
Combined,GPT-2,Parent,0.05173560135699457,0.08704084489099281,1,
Combined,GPT-2,Child,0.08188455816588616,-0.0347548159653065,2,
Combined,GPT-2,Child,0.10094798505577392,-0.02348600206289228,2,
Combined,GPT-2,Grandparent,-0.5979574814143138,0.026755529800712073,0,
Combined,GPT-2,Grandparent,0.015247744643899433,-0.11893880365279584,0,
Combined,GPT-2,Parent,0.03695761233436629,-0.08195436189259601,1,
Combined,GPT-2,Parent,0.018577164147593955,-0.17892274475064723,1,
Combined,GPT-2,Grandparent,0.06746974687691269,-0.006495165796718592,0,
Combined,GPT-2,Grandparent,0.0758488604339574,-0.15253091320525222,0,
Combined,GPT-2,Parent,-0.5340799560675138,0.014250223501690473,1,
Combined,GPT-2,Parent,0.04645058518324733,0.08279422625591888,1,
Combined,GPT-2,Child,0.07624232736980822,0.021489435917127167,2,
Combined,GPT-2,Child,0.09740008029166539,-0.043091835819814205,2,
Combined,GPT-2,Grandparent,0.08543993972376816,0.007057785437149233,0,
Combined,GPT-2,Grandparent,0.12219640254280315,0.039710002575140575,0,
Combined,GPT-2,Parent,0.0565037374512644,0.025610606462568845,1,
Combined,GPT-2,Parent,0.04750160497573163,0.11249466859142569,1,
Combined,GPT-2,Grandparent,-0.4422731361451948,-0.012299082708460838,0,
Combined,GPT-2,Grandparent,0.044825134220646254,-0.20620421116649018,0,
Combined,GPT-2,Parent,0.05768416341858036,-0.042660386342041744,1,
Combined,GPT-2,Parent,0.06199997053983485,0.09987420333192053,1,
Combined,GPT-2,Child,0.08796760644234658,-0.00046556992869905563,2,
Combined,GPT-2,Child,0.07357948219048017,0.04588423247612337,2,
Combined,GPT-2,Grandparent,0.11326381291961447,0.09807058500473273,0,
Combined,GPT-2,Grandparent,0.07675566708168526,-0.03928320361565998,0,
Combined,GPT-2,Parent,0.06804820957692222,0.006384824469266456,1,
Combined,GPT-2,Parent,0.04020568173435754,0.03729873522579619,1,
Combined,GPT-2,Grandparent,0.003973110581468855,-0.04237630086557131,0,
Combined,GPT-2,Grandparent,0.03973357695813948,0.016383465909536637,0,
Combined,GPT-2,Parent,-0.4417327513207487,-0.02895883742471307,1,
Combined,GPT-2,Parent,-0.025389201791830664,0.05076338241454366,1,
Combined,GPT-2,Child,0.08279615602524418,0.032969886781170056,2,
Combined,GPT-2,Child,0.05694461441576002,0.01735898049938898,2,
Combined,GPT-2,Grandparent,0.09865297377582788,-0.04604140301864621,0,
Combined,GPT-2,Grandparent,0.09133620658718637,0.027144749963793034,0,
Combined,GPT-2,Parent,0.09179126484729745,-0.044433935272444484,1,
Combined,GPT-2,Grandparent,0.12098220290052392,0.08419966902828133,0,
Combined,GPT-2,Grandparent,0.11028440945385165,-0.0787423527310506,0,
Combined,GPT-2,Parent,0.11406781462815357,0.024362115335708565,1,
Combined,GPT-2,Parent,0.04985029957859187,-0.11265267532127758,1,
Combined,GPT-2,Child,-0.39460190736658995,0.0466870363478556,2,
Combined,GPT-2,Child,0.03568439387148708,-0.02536426518042642,2,
Combined,GPT-2,Grandparent,0.06863656368409109,0.0491557382628214,0,
Combined,GPT-2,Grandparent,0.03416518119532702,-0.002025177634728528,0,
Combined,GPT-2,Parent,0.08001561739587082,-0.04740310668235247,1,
Combined,GPT-2,Parent,0.07461844087728284,-0.03616366966563095,1,
Combined,GPT-2,Grandparent,0.0781467790026192,0.049106267145303834,0,
Combined,GPT-2,Grandparent,0.07257087482290678,0.09766339823776884,0,
Combined,GPT-2,Parent,0.09039287937009584,0.04457404145228812,1,
Combined,GPT-2,Parent,0.04519749362451338,0.024833768995503627,1,
Combined,GPT-2,Child,-0.5138419592159552,-0.007904820381613322,2,
Combined,GPT-2,Child,0.1066315012804545,0.08188244083129813,2,
Combined,GPT-2,Grandparent,0.015357966553061968,-0.20503544177797983,0,
Combined,GPT-2,Grandparent,-0.007705485955663132,-0.17370710777011616,0,
Combined,GPT-2,Parent,0.06416446611688754,-0.0288222252480407,1,
Combined,GPT-2,Parent,0.061409842738446595,0.10204893097683951,1,
Combined,GPT-2,Grandparent,0.05834565177925501,0.0027953660345139534,0,
Combined,GPT-2,Grandparent,0.03976484718395285,-0.12342360744063989,0,
Combined,GPT-2,Parent,0.07740040782726407,-0.061778190927653596,1,
Combined,GPT-2,Parent,0.045193847756787094,-0.08614662733162855,1,
Combined,GPT-2,Child,-0.6422753008099833,0.01478410891354502,2,
Combined,GPT-2,Child,0.04520970838016154,-0.014762573974400815,2,
Combined,GPT-2,Grandparent,0.06827066462127143,0.012158824438353703,0,
Combined,GPT-2,Grandparent,0.06995566129296757,0.08359634907963964,0,
Combined,GPT-2,Parent,0.11780005902354806,0.05387580320826943,1,
Combined,GPT-2,Parent,0.0506098395145762,0.09666506226137803,1,
Combined,GPT-2,Grandparent,0.03595879342313485,0.025941826610786284,0,
Combined,GPT-2,Grandparent,-0.4300980478055406,0.052776981695641205,0,
Combined,GPT-2,Parent,0.09014165614549374,0.04983417409641792,1,
Combined,GPT-2,Parent,0.05689190888147561,0.1092692107299446,1,
Combined,GPT-2,Child,-0.02349441029863268,0.008525801958422159,2,
Combined,GPT-2,Child,0.09506718105830761,-0.0262824930402127,2,
Combined,GPT-2,Grandparent,0.06626063342154971,-0.07962581305198234,0,
Combined,GPT-2,Grandparent,0.058161418398343795,-0.05484708602846445,0,
Combined,GPT-2,Parent,0.07688330632614453,0.07458292472118234,1,
Combined,GPT-2,Parent,0.041853944271908805,-0.07296247437565004,1,
Combined,GPT-2,Grandparent,0.07371236277649049,-0.03945390183848626,0,
Combined,GPT-2,Grandparent,0.039939128795596,-0.07916773792387123,0,
Combined,GPT-2,Parent,-0.5370295255861625,0.024573295588763117,1,
Combined,GPT-2,Parent,0.0769784255495053,-0.04261446598569466,1,
Combined,GPT-2,Child,0.05091865653424823,-0.02459777361192648,2,
Combined,GPT-2,Child,0.04117632021522105,0.02941680515020933,2,
Combined,GPT-2,Grandparent,0.0811570117277118,0.08312616636174867,0,
Combined,GPT-2,Grandparent,-0.015242328246941066,0.16435955905085933,0,
Combined,GPT-2,Parent,0.03754984043633091,0.10825317242127926,1,
Combined,GPT-2,Parent,-0.06865373300075667,0.18588013900626468,1,
Combined,GPT-2,Grandparent,0.07383569170401444,0.03289107542154304,0,
Combined,GPT-2,Grandparent,0.07623629247591551,0.029525135056210364,0,
Combined,GPT-2,Parent,-0.39013431206615795,0.045392730408841495,1,
Combined,GPT-2,Parent,0.09586054189552384,0.09325235099424498,1,
Combined,GPT-2,Child,0.09263770293922384,-0.0028461427979326747,2,
Combined,GPT-2,Child,0.024188695471287415,-0.13037652894241983,2,
Combined,GPT-2,Grandparent,-0.006172099405376145,-0.11717143410736926,0,
Combined,GPT-2,Grandparent,0.08785021869745994,-0.030276656099004404,0,
Combined,GPT-2,Parent,0.06673747800741625,-0.09115714064818073,1,
Combined,GPT-2,Parent,0.09530335415798508,-0.0761698392959531,1,
Combined,GPT-2,Grandparent,0.11771336070505029,0.08939117115100532,0,
Combined,GPT-2,Grandparent,0.08897975937313475,0.09521217788617237,0,
Combined,GPT-2,Parent,0.02544218682181756,-0.06115502572964816,1,
Combined,GPT-2,Parent,-0.010330575598479,-0.06459199405464092,1,
Combined,GPT-2,Child,0.022964955675231692,-0.08903035892821284,2,
Combined,GPT-2,Child,-0.33837265270087297,0.00850060124407786,2,
Combined,GPT-2,Grandparent,0.10100559680033362,-0.008702864954291357,0,
Combined,GPT-2,Grandparent,0.00313779190352741,0.035937414231006735,0,
Combined,GPT-2,Parent,0.07413453818986762,-0.06470448029341491,1,
Combined,GPT-2,Parent,0.026667359345117617,0.1146555943067048,1,
Combined,GPT-2,Grandparent,0.020409896050509954,0.11387498708841687,0,
Combined,GPT-2,Grandparent,0.07267591372482407,-0.04844965592488006,0,
Combined,GPT-2,Parent,0.053758077966551396,0.0006691874454321515,1,
Combined,GPT-2,Parent,0.025546756373568805,-0.0522718226017613,1,
Combined,GPT-2,Child,-0.06510172814091977,-0.15561669130595376,2,
Combined,GPT-2,Child,0.09371970631453293,-0.008275769173974478,2,
Combined,GPT-2,Grandparent,0.06995482988057093,-0.009078038063583732,0,
Combined,GPT-2,Grandparent,0.06610611593474523,0.010019673513199793,0,
Combined,GPT-2,Parent,-0.42470432485926557,0.030967531085043503,1,
Combined,GPT-2,Parent,0.046608137152491354,0.15359980301541099,1,
Combined,GPT-2,Grandparent,0.06517573751981685,-0.055517695588758194,0,
Combined,GPT-2,Grandparent,0.04240773551725917,0.06354965371457222,0,
Combined,GPT-2,Parent,0.09626846532861727,0.07902556000089443,1,
Combined,GPT-2,Parent,0.07073642520101858,0.015589149625638003,1,
Combined,GPT-2,Child,0.07295930387491695,-0.011639428453325995,2,
Combined,GPT-2,Child,0.08945218440327848,0.04341547689030521,2,
Combined,GPT-2,Grandparent,0.03200121824631449,-0.05028169254575906,0,
Combined,GPT-2,Grandparent,-0.524812847907361,0.015908106812807236,0,
Combined,GPT-2,Parent,0.04529047125330672,-0.02359870926999804,1,
Combined,GPT-2,Parent,0.06415495803120069,0.03817358707190587,1,
Combined,GPT-2,Grandparent,0.029639588172677395,0.15279135668731347,0,
Combined,GPT-2,Grandparent,0.06773475049527868,-0.06136036144965092,0,
Combined,GPT-2,Parent,0.07032458381434141,0.04129251742620136,1,
Combined,GPT-2,Parent,0.0588410380949009,0.19968534655996617,1,
Combined,GPT-2,Child,0.06954120030424298,-0.02221761097964922,2,
Combined,GPT-2,Child,0.10964495635137199,0.018029236287950084,2,
Combined,GPT-2,Grandparent,0.06504401155467487,-0.05869122667965405,0,
Combined,GPT-2,Grandparent,-0.4125785051649622,-0.024763544970665182,0,
Combined,GPT-2,Parent,0.10770869974707907,-0.0031755554475240587,1,
Combined,GPT-2,Parent,-0.007198711555598421,-0.12731656096857344,1,
Combined,GPT-2,Grandparent,-0.6016035611961649,-0.008287569140164066,0,
Combined,GPT-2,Grandparent,0.10037636781812995,-0.04414388197695364,0,
Combined,GPT-2,Parent,0.06732548290307828,0.02483978066161488,1,
Combined,GPT-2,Parent,0.12377614413869932,-0.07690255028903244,1,
Combined,GPT-2,Child,0.08124948105701717,0.013352021817065874,2,
Combined,GPT-2,Child,0.054457070304719496,0.060334972300654426,2,
Combined,GPT-2,Grandparent,0.08043787803904348,0.14453172239638404,0,
Combined,GPT-2,Grandparent,0.07897806589066321,-0.03614343911419844,0,
Combined,GPT-2,Parent,0.02951570903496094,0.06476846425153576,1,
Combined,GPT-2,Parent,0.0671354960835674,-0.009270873117733294,1,
Combined,GPT-2,Grandparent,0.06640032425412182,-0.05293138471190425,0,
Combined,GPT-2,Grandparent,0.08508967842675424,0.0523715285426004,0,
Combined,GPT-2,Parent,0.05185566507364322,-0.05630048403591773,1,
Combined,GPT-2,Parent,0.05305354651326021,0.08190525109346733,1,
Combined,GPT-2,Child,0.092143640351388,-0.009349998029126236,2,
Combined,GPT-2,Child,0.07214248539352086,-0.0009836012404905072,2,
Combined,GPT-2,Grandparent,-0.5646042921167174,0.04593146449378113,0,
Combined,GPT-2,Grandparent,0.020569413041414047,-0.03847996022425856,0,
Combined,GPT-2,Parent,0.00952564873608453,0.0004928311442867184,1,
Combined,GPT-2,Parent,-0.08575206910191342,-0.09694440179520232,1,
Combined,GPT-2,Grandparent,0.08905278078108783,0.1307713294650423,0,
Combined,GPT-2,Grandparent,-0.02274761692654521,0.21706889330789567,0,
Combined,GPT-2,Parent,0.06731212001056153,0.03423969983631787,1,
Combined,GPT-2,Parent,-0.003147566112778867,0.12385103144702066,1,
Combined,GPT-2,Child,0.08925363302517046,0.05994326935374574,2,
Combined,GPT-2,Child,0.057397478408965155,-0.006920188239505026,2,
Combined,GPT-2,Grandparent,0.03433722177862813,-0.13599688874135288,0,
Combined,GPT-2,Grandparent,0.0761931269469576,-0.09240635628549929,0,
Combined,GPT-2,Parent,0.08657963736651265,-0.06144393316174109,1,
Combined,GPT-2,Parent,-0.597419810232595,-0.0005337076191844671,1,
Combined,GPT-2,Grandparent,-0.4962658423035386,-0.014529552873742253,0,
Combined,GPT-2,Grandparent,0.08155932140797777,-0.04013885673804864,0,
Combined,GPT-2,Parent,0.06140586159561857,0.026679416404448385,1,
Combined,GPT-2,Parent,-0.12927469972638936,-0.07543687629693553,1,
Combined,GPT-2,Child,0.09582294326581359,0.013516224376976166,2,
Combined,GPT-2,Child,0.08663432290920577,-0.018142637130887727,2,
Combined,GPT-2,Grandparent,0.075698713814097,0.025088523406014734,0,
Combined,GPT-2,Grandparent,0.0796116044894007,0.07149087125014755,0,
Combined,GPT-2,Parent,0.1039750974562644,0.08830372674227978,1,
Combined,GPT-2,Grandparent,0.10411239219130058,-0.04857893585145209,0,
Combined,GPT-2,Grandparent,0.07235804307764124,0.03796833362305848,0,
Combined,GPT-2,Parent,0.049985426943322135,0.00915360118689886,1,
Combined,GPT-2,Parent,0.021392967138594895,0.021687684439387806,1,
Combined,GPT-2,Child,0.07941623989182353,0.046835415940807916,2,
Combined,GPT-2,Child,0.06959116380636036,0.03991563458704144,2,
Combined,GPT-2,Grandparent,-0.6156536161463169,-0.014120750175685568,0,
Combined,GPT-2,Grandparent,0.091423595456292,-0.12427635250557385,0,
Combined,GPT-2,Parent,0.03892400169110589,-0.09583718419034179,1,
Combined,GPT-2,Parent,-0.05172805740788889,-0.20925544914881203,1,
Combined,GPT-2,Grandparent,-0.5942833647357025,0.012950106264547734,0,
Combined,GPT-2,Grandparent,0.07101220425518243,-0.049417467775829844,0,
Combined,GPT-2,Parent,-0.01321676174704027,-0.030811713304721634,1,
Combined,GPT-2,Parent,0.0849372320427706,-0.022941455786948468,1,
Combined,GPT-2,Child,0.08616257339746598,-0.014595135286879439,2,
Combined,GPT-2,Child,0.09093912387344533,0.033058983356062784,2,
Combined,GPT-2,Grandparent,0.08878400345840912,0.05392164744079595,0,
Combined,GPT-2,Grandparent,0.0996616653333208,0.0910440311442587,0,
Combined,GPT-2,Parent,0.01029498128100363,-0.06058942025632713,1,
Combined,GPT-2,Parent,0.040888698308467954,0.11742090791682754,1,
Combined,GPT-2,Grandparent,0.09393976854838712,0.014557921736533443,0,
Combined,GPT-2,Grandparent,0.08586754076494121,-0.05150956913138958,0,
Combined,GPT-2,Parent,0.10684133476033784,0.052147710953688184,1,
Combined,GPT-2,Parent,0.09127504856280834,0.044735764018688534,1,
Combined,GPT-2,Child,-0.5354348813552914,-0.0004070737471074985,2,
Combined,GPT-2,Child,0.07814665598823482,-0.04370134410936787,2,
Combined,GPT-2,Grandparent,-0.07604177806699533,0.03203913300077602,0,
Combined,GPT-2,Grandparent,0.03607967453338169,-0.009711020922973988,0,
Combined,GPT-2,Parent,0.0801589803944033,0.003123446215891409,1,
Combined,GPT-2,Parent,-0.009674647686711297,-0.01386936882969984,1,
Combined,GPT-2,Grandparent,0.041925450618387636,0.056035548943359506,0,
Combined,GPT-2,Grandparent,-0.011227087106763857,-0.048514428671013236,0,
Combined,GPT-2,Parent,0.07558226969354163,-0.043613552989708745,1,
Combined,GPT-2,Parent,-0.03493725408949715,0.16824572976227442,1,
Combined,GPT-2,Child,0.07739882442042315,0.07968308226308421,2,
Combined,GPT-2,Child,0.10109094443778156,0.01448131353435067,2,
Combined,GPT-2,Grandparent,0.10080174655242724,0.07748208418661433,0,
Combined,GPT-2,Grandparent,-0.49052489937655575,0.0035849718504772942,0,
Combined,GPT-2,Parent,0.04771058011831922,0.004523973323568098,1,
Combined,GPT-2,Parent,0.08359185735534218,-0.08543683788374373,1,
Combined,GPT-2,Grandparent,0.04728633339231358,0.17942871120050483,0,
Combined,GPT-2,Grandparent,0.07817052213842467,0.041308227773487444,0,
Combined,GPT-2,Parent,0.05804818476447995,0.04741167446426081,1,
Combined,GPT-2,Parent,-0.008268738786943093,0.06976681642612773,1,
Combined,GPT-2,Child,0.08602715936762896,0.10234964451997869,2,
Combined,GPT-2,Child,0.024978760706160348,0.0036331582218212524,2,
Combined,GPT-2,Grandparent,-0.4289090600795421,0.0002425921285270765,0,
Combined,GPT-2,Grandparent,0.05653569906968508,-0.052475420773144495,0,
Combined,GPT-2,Parent,0.07353749705558701,-0.03176742349847829,1,
Combined,GPT-2,Parent,0.08502428159519733,-0.015766346152380994,1,
Combined,GPT-2,Grandparent,0.05506895812605061,-0.05119541320214254,0,
Combined,GPT-2,Grandparent,0.09485849503752837,0.06680581958580314,0,
Combined,GPT-2,Parent,0.01069795436719683,-0.15441059970643162,1,
Combined,GPT-2,Parent,-0.48723250772996735,0.004820284349407386,1,
Combined,GPT-2,Child,0.06652854104077771,0.11185816866982505,2,
Combined,GPT-2,Child,0.03457554968288899,-0.08575216587649771,2,
Combined,GPT-2,Grandparent,0.037166828370398676,-0.03489806368529792,0,
Combined,GPT-2,Grandparent,0.07508872346416327,-0.10593971499256927,0,
Combined,GPT-2,Parent,0.10282793558424748,0.05499269071984325,1,
Combined,GPT-2,Grandparent,0.030178756292054493,0.16236461044614353,0,
Combined,GPT-2,Grandparent,-0.008039144577536707,0.2106131139312423,0,
Combined,GPT-2,Parent,0.014684495579517905,0.17564501633919385,1,
Combined,GPT-2,Parent,0.010214381545561639,0.1702612079355485,1,
Combined,GPT-2,Child,0.08639193459567207,-0.007626849609045719,2,
Combined,GPT-2,Child,-0.6070278297549428,0.001459019909585548,2,
Combined,GPT-2,Grandparent,0.1018733717591772,-0.043347994559859215,0,
Combined,GPT-2,Grandparent,0.0894966882411825,-0.008409621857326396,0,
Combined,GPT-2,Parent,0.11722021444975536,-0.0738342045022751,1,
Combined,GPT-2,Parent,0.10210469649775707,-0.04081887527430901,1,
Combined,GPT-2,Grandparent,0.05021280150747273,0.08892902138233952,0,
Combined,GPT-2,Grandparent,0.07499192628570824,0.09541052779945053,0,
Combined,GPT-2,Parent,0.047577822170913754,0.1332062604057107,1,
Combined,GPT-2,Child,0.08076313906153831,-0.03408605062212951,2,
Combined,GPT-2,Child,0.06491206116925294,-0.05264618284277671,2,
Combined,GPT-2,Grandparent,0.011242735310585538,-0.1151193570593658,0,
Combined,GPT-2,Grandparent,-0.4241250995389911,0.01609170450944655,0,
Combined,GPT-2,Parent,0.09608993791189942,0.007657210160492511,1,
Combined,GPT-2,Parent,-0.011732022117239812,0.12795605910152363,1,
Combined,GPT-2,Grandparent,0.04751802454303069,0.06998766229665984,0,
Combined,GPT-2,Grandparent,0.04950950851831507,0.041840035553583434,0,
Combined,GPT-2,Parent,0.008868605577548557,0.07397305990384886,1,
Combined,GPT-2,Parent,-0.046789931623455294,0.20822852407688672,1,
Combined,GPT-2,Child,0.047691005734559186,0.02935380132757252,2,
Combined,GPT-2,Child,0.09094521670139769,0.04281329273013544,2,
Combined,GPT-2,Grandparent,-0.04682106601306325,0.1372328292278828,0,
Combined,GPT-2,Grandparent,0.0646125845512862,-0.02595764893812438,0,
Combined,GPT-2,Parent,-0.4511866333188641,-0.0015213908485945569,1,
Combined,GPT-2,Parent,0.02584607358831063,-0.06316558982645422,1,
Combined,GPT-2,Grandparent,0.04012975385641923,-0.003129161412241625,0,
Combined,GPT-2,Grandparent,0.0667506564924494,0.04126967539353979,0,
Combined,GPT-2,Parent,0.03714754635325153,-0.013500141757889179,1,
Combined,GPT-2,Parent,0.023408498305588152,-0.06864144348883967,1,
Combined,GPT-2,Child,0.08338057293086283,0.08307688016256308,2,
Combined,GPT-2,Child,-0.4553413841878991,-0.022329712141237645,2,
Combined,GPT-2,Grandparent,0.05436434468724659,-0.012659255642168946,0,
Combined,GPT-2,Grandparent,0.04962665418412188,-0.031135943099913195,0,
Combined,GPT-2,Parent,0.06020384417279917,0.05031536190195763,1,
Combined,GPT-2,Parent,0.015224189940321691,0.0466168815301454,1,
Combined,GPT-2,Grandparent,0.12231100062868107,0.12999814928540135,0,
Combined,GPT-2,Grandparent,0.13336427466488576,0.0260396230999538,0,
Combined,GPT-2,Parent,0.051731989246252524,-0.09401730549569179,1,
Combined,GPT-2,Parent,-0.4240034806586879,0.03744162342360223,1,
Combined,GPT-2,Child,0.08126296628235444,0.07199866373233724,2,
Combined,GPT-2,Child,0.062104906270707846,-0.05931946096259865,2,
Combined,GPT-2,Grandparent,0.07693968313261478,-0.15529389550699096,0,
Combined,GPT-2,Grandparent,-0.0505919490056665,0.1624845757690405,0,
Combined,GPT-2,Parent,0.05197974205656957,-0.07338818494565602,1,
Combined,GPT-2,Parent,-0.02225636338166556,-0.055082329043930844,1,
Combined,GPT-2,Grandparent,0.08029924232644486,-0.0721432317279704,0,
Combined,GPT-2,Grandparent,0.11200135112260536,-0.0731892079408814,0,
Combined,GPT-2,Parent,-0.5159602984400998,0.017701124473577357,1,
Combined,GPT-2,Child,0.0943670227347993,0.0036432951659503953,2,
Combined,GPT-2,Child,0.12032416552258499,0.05450627135990777,2,
Combined,GPT-2,Grandparent,0.07565250964606075,0.026782883654620608,0,
Combined,GPT-2,Grandparent,0.062344413461717006,0.017102134870787034,0,
Combined,GPT-2,Parent,0.017927444295862103,0.02174879462625321,1,
Combined,GPT-2,Parent,0.00048179706226221444,-0.08192847417063552,1,
Combined,GPT-2,Grandparent,0.005520447178188409,-0.14014921569824434,0,
Combined,GPT-2,Grandparent,0.059000609214492857,-0.1358262993755806,0,
Combined,GPT-2,Parent,0.1389132097977589,0.05281462891872356,1,
Combined,GPT-2,Parent,-0.5598836200661674,-0.013036360929501565,1,
Combined,GPT-2,Child,0.08334141477582045,-0.03575305710402962,2,
Combined,GPT-2,Child,0.057494047795896036,0.02297899127132502,2,
Combined,GPT-2,Grandparent,0.08027175682372252,0.053674443311516176,0,
Combined,GPT-2,Grandparent,0.08804109008260548,0.07884161078780216,0,
Combined,GPT-2,Parent,0.055179752402495286,0.01835055794614768,1,
Combined,GPT-2,Parent,0.08330286271281177,0.07689043973458935,1,
Combined,GPT-2,Grandparent,0.0981906258526494,-0.05292126284739783,0,
Combined,GPT-2,Grandparent,0.06678317489731007,0.02277284024974492,0,
Combined,GPT-2,Parent,-0.5001654624578675,0.006318465444189915,1,
Combined,GPT-2,Parent,0.037269596536068116,0.12106580046119465,1,
Combined,GPT-2,Child,0.047071837605711035,-0.07827174168872825,2,
Combined,GPT-2,Child,0.07871318915718237,0.035257943607186315,2,
Combined,GPT-2,Grandparent,0.03644652113923676,-0.05702148598363506,0,
Combined,GPT-2,Grandparent,0.05604810605866559,0.003001350555606216,0,
Combined,GPT-2,Parent,0.10245053607878295,0.09115768390332755,1,
Combined,GPT-2,Parent,0.059422501014346873,0.005928802680538797,1,
Combined,GPT-2,Grandparent,0.04668088050902319,0.014401475645364537,0,
Combined,GPT-2,Grandparent,0.03936990919554765,0.006129365393043034,0,
Combined,GPT-2,Parent,0.0834155787696415,-0.007449562755853504,1,
Combined,GPT-2,Parent,-0.06735165183599362,0.19154539567027543,1,
Combined,GPT-2,Child,0.09410605362743857,-0.0673743161990799,2,
Combined,GPT-2,Child,0.034612084286964315,0.004095595267122353,2,
Combined,GPT-2,Grandparent,0.05761424201275727,-0.03351417042471511,0,
Combined,GPT-2,Grandparent,0.0650944029073262,-0.005414663928945545,0,
Combined,GPT-2,Parent,0.07555844493886545,0.04568499998444308,1,
Combined,GPT-2,Parent,-0.557527852762752,0.03362196640026204,1,
Combined,GPT-2,Grandparent,0.03440407146803167,-0.059955730905565795,0,
Combined,GPT-2,Grandparent,0.07674750583663213,-0.06505343879656983,0,
Combined,GPT-2,Parent,0.04357444526948457,0.09401370153398224,1,
Combined,GPT-2,Parent,0.04342109302850716,0.10990136577390176,1,
Combined,GPT-2,Child,0.07771076805754648,-0.04530919349152379,2,
Combined,GPT-2,Child,-0.3637817152321595,0.0007042827392379428,2,
Combined,GPT-2,Grandparent,0.04367384958979186,0.12228054840689034,0,
Combined,GPT-2,Grandparent,0.029346871590135822,-0.08365718202583651,0,
Combined,GPT-2,Parent,0.004509779164037683,0.08178214998416321,1,
Combined,GPT-2,Parent,0.007028356242357811,0.06879885870559116,1,
Combined,GPT-2,Grandparent,0.10256049855414234,-0.019187779077434738,0,
Combined,GPT-2,Grandparent,0.02915838877059312,-0.1410314215482514,0,
Combined,GPT-2,Parent,-0.525423366661345,0.005295300561358371,1,
Combined,GPT-2,Parent,-0.05117399364508736,-0.18113303127129646,1,
Combined,GPT-2,Child,0.07770981803463546,-0.005952608745069074,2,
Combined,GPT-2,Child,0.07683524337074302,0.09536003592258552,2,
Combined,GPT-2,Grandparent,0.08007080836948703,-0.04758067474377832,0,
Combined,GPT-2,Grandparent,0.009853950120149554,0.07471657389607991,0,
Combined,GPT-2,Parent,0.0682434877896428,-0.0397733715897775,1,
Combined,GPT-2,Parent,0.03825805201712463,0.03359606109672668,1,
Combined,GPT-2,Grandparent,0.08861361054545269,-0.07508374139820193,0,
Combined,GPT-2,Grandparent,0.11558466822957399,-0.02948851099235315,0,
Combined,GPT-2,Parent,0.09944219873140456,0.022917834893750464,1,
Combined,GPT-2,Parent,0.04430139664537398,-0.055483566012598205,1,
Combined,GPT-2,Child,0.11864329678213709,0.042083879633139434,2,
Combined,GPT-2,Child,0.053570046644347634,0.03380461493693811,2,
Combined,GPT-2,Grandparent,-0.009424836412794011,0.010523321121793125,0,
Combined,GPT-2,Grandparent,0.021219632975906445,0.17009692608129923,0,
Combined,GPT-2,Parent,-0.3864212708299216,0.014767484048032636,1,
Combined,GPT-2,Parent,-0.026777119436210087,-0.2301863949363749,1,
Combined,GPT-2,Grandparent,-0.02988093311967016,-0.2778890202127084,0,
Combined,GPT-2,Grandparent,-0.38214766057507765,0.03205730751236503,0,
Combined,GPT-2,Parent,0.0558807199538642,-0.11429452887091558,1,
Combined,GPT-2,Parent,-0.036239809786095235,-0.08065150665260645,1,
Combined,GPT-2,Child,0.07263829289165825,-0.052140964514104174,2,
Combined,GPT-2,Child,0.049277258366421425,0.03271297828162392,2,
Combined,GPT-2,Grandparent,0.07292517323721733,-0.004111211877603331,0,
Combined,GPT-2,Grandparent,0.03523381544235585,0.11801542957196723,0,
Combined,GPT-2,Parent,0.05226325847253625,-0.06252532450932577,1,
Combined,GPT-2,Grandparent,0.11095645855742105,0.09026464694886978,0,
Combined,GPT-2,Grandparent,0.12678170748196968,0.011526650898740418,0,
Combined,GPT-2,Parent,0.06252007431181962,-0.011150293995179682,1,
Combined,GPT-2,Parent,0.06673608380056027,0.09648104477576948,1,
Combined,GPT-2,Child,0.06614165390056397,0.03942291095121443,2,
Combined,GPT-2,Child,0.05233844353774277,0.023274797047751882,2,
Combined,GPT-2,Grandparent,0.056578572232419,-0.09766984663891522,0,
Combined,GPT-2,Grandparent,-0.042096979046189725,0.1481115721514161,0,
Combined,GPT-2,Parent,-0.4993596906305728,0.009249880297770826,1,
Combined,GPT-2,Parent,0.07880811645298502,0.11225566427748251,1,
Combined,GPT-2,Grandparent,0.07247395473806935,0.10542280623643192,0,
Combined,GPT-2,Grandparent,0.021186271128185472,-0.0676266513181934,0,
Combined,GPT-2,Parent,0.03899752600907069,0.02724818560691988,1,
Combined,GPT-2,Parent,-0.5749060993541589,0.004033607034316563,1,
Combined,GPT-2,Child,0.038459676233956616,0.06121023684374295,2,
Combined,GPT-2,Child,0.07572127914467848,0.006317350820877506,2,
Combined,GPT-2,Grandparent,0.06355292979674333,0.03570083343016251,0,
Combined,GPT-2,Grandparent,0.066746509777374,-0.15321478395415056,0,
Combined,GPT-2,Parent,0.090916879960502,-0.013145523845230538,1,
Combined,GPT-2,Parent,0.09719408159156731,0.004536270522589232,1,
Combined,GPT-2,Grandparent,0.09827832867779382,0.04027696266705263,0,
Combined,GPT-2,Grandparent,0.09227267676976643,0.00010156366147261106,0,
Combined,GPT-2,Parent,0.06868026693393456,-0.07797013181949479,1,
Combined,GPT-2,Parent,0.046906881758581875,-0.05458880966347197,1,
Combined,GPT-2,Child,0.0967856032998524,0.05689333453331591,2,
Combined,GPT-2,Child,0.04511843448071745,0.004877627817691597,2,
Combined,GPT-2,Grandparent,0.09636321340397054,0.050967264380570344,0,
Combined,GPT-2,Grandparent,0.03943520732202838,-0.04493047287043279,0,
Combined,GPT-2,Parent,-0.5142080409786968,0.013576336897461417,1,
Combined,GPT-2,Parent,0.04495587982475314,-0.027007335209200005,1,
Combined,GPT-2,Grandparent,0.06890825297657871,0.014917514000676533,0,
Combined,GPT-2,Grandparent,0.076254113625701,-0.011370795751209755,0,
Combined,GPT-2,Parent,0.021305903031440438,-0.05882307278178583,1,
Combined,GPT-2,Parent,0.07137926530682234,-0.03323514754822356,1,
Combined,GPT-2,Child,0.10146573668621406,0.03307200298705015,2,
Combined,GPT-2,Child,0.08636131011234845,0.012054840103905538,2,
Combined,GPT-2,Grandparent,0.030677739322126828,-0.05595669986940158,0,
Combined,GPT-2,Grandparent,-0.5578685546274114,0.035390663875182096,0,
Combined,GPT-2,Parent,0.06800712084091068,-0.029421267889430128,1,
Combined,GPT-2,Parent,-0.008778697420496627,-0.028743145761422076,1,
Combined,GPT-2,Grandparent,0.06839877892549387,-0.05709585259737868,0,
Combined,GPT-2,Grandparent,0.0026184597178416404,-0.2136942616337787,0,
Combined,GPT-2,Parent,0.05617154736546544,0.051134793309287725,1,
Combined,GPT-2,Parent,-0.6485306200576542,0.018926582224192405,1,
Combined,GPT-2,Child,0.07859306516585934,0.055873493476334045,2,
Combined,GPT-2,Child,0.061893952094343535,0.001364891108585781,2,
Combined,GPT-2,Grandparent,0.0009784752313038117,-0.002719831483515736,0,
Combined,GPT-2,Grandparent,0.0907824535545976,0.031175350084916013,0,
Combined,GPT-2,Parent,0.08763106880999115,0.10413951243932726,1,
Combined,GPT-2,Parent,0.00791296825819799,0.056952338172555024,1,
Combined,GPT-2,Grandparent,0.09549336888665387,0.09039341414550921,0,
Combined,GPT-2,Grandparent,0.11152737261587102,0.03675053416387096,0,
Combined,GPT-2,Parent,0.08559923744878604,0.12415398093299569,1,
Combined,GPT-2,Parent,0.007292772004150831,0.12270818410193535,1,
Combined,GPT-2,Child,0.10460880978973619,0.0267471425354628,2,
Combined,GPT-2,Child,0.06377754696592038,0.017630966322887277,2,
Combined,GPT-2,Grandparent,-0.4985131766061471,-0.043813648913607714,0,
Combined,GPT-2,Grandparent,0.026616954215910812,-0.16696580565026986,0,
Combined,GPT-2,Parent,0.07258949137774359,0.02216564126143401,1,
Combined,GPT-2,Parent,-0.0037714902682272704,-0.2050398650071482,1,
Combined,GPT-2,Grandparent,0.04601291618663051,0.12796534396052875,0,
Combined,GPT-2,Grandparent,0.061113011200768286,0.07333729707337876,0,
Combined,GPT-2,Parent,0.07649124074239344,0.0546173038249714,1,
Combined,GPT-2,Parent,0.0968537226893629,0.09111646888376167,1,
Combined,GPT-2,Child,0.07993050268755815,-0.0160419753827727,2,
Combined,GPT-2,Child,0.08305707954447708,-0.01815411416317754,2,
Combined,GPT-2,Grandparent,0.05889389906359975,-0.12770862156261564,0,
Combined,GPT-2,Grandparent,-0.6348761709079109,0.030269897940336958,0,
Combined,GPT-2,Parent,0.09648532462325074,-0.03331904528731889,1,
Combined,GPT-2,Parent,0.04259168128053264,-0.07511823186631983,1,
Combined,GPT-2,Grandparent,0.07529326198186843,0.12274989581792506,0,
Combined,GPT-2,Grandparent,0.07071288239825267,0.051309991093825336,0,
Combined,GPT-2,Parent,0.08435718689766597,0.07491127941960805,1,
Combined,GPT-2,Parent,0.07982618222547747,0.19180834565878813,1,
Combined,GPT-2,Child,-0.4281230090061402,0.014707315431284318,2,
Combined,GPT-2,Child,0.09465342191475565,-0.08156405348860502,2,
Combined,GPT-2,Grandparent,0.07163942102936943,-0.007471508370585528,0,
Combined,GPT-2,Grandparent,0.020918690697875986,-0.11944384251251525,0,
Combined,GPT-2,Parent,0.0053879750658801726,-0.09175215650529073,1,
Combined,GPT-2,Parent,-0.027817609216364877,-0.10455006599930726,1,
Combined,GPT-2,Grandparent,0.08207294730932492,-0.02847986805287224,0,
Combined,GPT-2,Grandparent,-0.2644562776362236,0.033005608022369494,0,
Combined,GPT-2,Parent,0.08919959956481582,0.05066280023336913,1,
Combined,GPT-2,Parent,0.040094921878705295,-0.16399677552342992,1,
Combined,GPT-2,Child,0.06073509929221451,0.04601923452506611,2,
Combined,GPT-2,Child,0.033186403837634125,-0.0618721940291052,2,
Combined,GPT-2,Grandparent,0.06518184847707986,-0.12036096179416124,0,
Combined,GPT-2,Grandparent,0.03786480042196589,0.15353526102267745,0,
Combined,GPT-2,Parent,0.1232530758984666,0.05792282886904266,1,
Combined,GPT-2,Grandparent,0.07054115078310866,-0.06740205904726072,0,
Combined,GPT-2,Grandparent,0.0060905909036709695,-0.1357857232465096,0,
Combined,GPT-2,Parent,0.10136180354103304,0.06674884945305248,1,
Combined,GPT-2,Parent,-0.019157451303181208,-0.2410932121116732,1,
Combined,GPT-2,Child,0.048325535210247565,-0.0030206799177795664,2,
Combined,GPT-2,Child,0.05620470694131688,-0.03208122356365471,2,
Combined,GPT-2,Grandparent,0.06404891551407298,0.06619109797123272,0,
Combined,GPT-2,Grandparent,-0.5567905426418142,0.02713199169437304,0,
Combined,GPT-2,Parent,0.0620388731080394,0.09495162448978249,1,
Combined,GPT-2,Parent,0.06354349736641658,0.07352192137627397,1,
Combined,GPT-2,Grandparent,0.04988615835501385,0.10143145393538697,0,
Combined,GPT-2,Grandparent,-0.5212887756053924,0.06382295488277845,0,
Combined,GPT-2,Parent,0.04273375190834537,-0.15102511456725015,1,
Combined,GPT-2,Parent,0.06751029954849297,0.1837166345574294,1,
Combined,GPT-2,Child,0.04863589045177323,0.042140590485317986,2,
Combined,GPT-2,Child,0.07196836744905286,0.06120909358515008,2,
Combined,GPT-2,Grandparent,0.12370403970796037,-0.02423003839063265,0,
Combined,GPT-2,Grandparent,0.09003982801837998,-0.09284275393487698,0,
Combined,GPT-2,Parent,0.03943417329282689,-0.03006992635310593,1,
Combined,GPT-2,Parent,0.0789664285334919,-0.11234352007685441,1,
Combined,GPT-2,Grandparent,0.003986475997738875,-0.07149132894094519,0,
Combined,GPT-2,Grandparent,0.10392740113757282,0.0008524502176104455,0,
Combined,GPT-2,Parent,0.03686838317858571,0.014418392226536082,1,
Combined,GPT-2,Parent,0.0017114557817990603,-0.022604580116130063,1,
Combined,GPT-2,Child,-0.45023635943260587,-0.019767200275959625,2,
Combined,GPT-2,Child,0.048811314181315,-0.02776455993991795,2,
Combined,GPT-2,Grandparent,0.00588982611549878,-0.01656444673850232,0,
Combined,GPT-2,Grandparent,0.028943488563189453,0.0005154895239653269,0,
Combined,GPT-2,Parent,0.03681814236093215,0.11339702150850264,1,
Combined,GPT-2,Parent,0.023990920476898377,0.17332176756954581,1,
Combined,GPT-2,Grandparent,-0.44000252583104316,0.009127497947435455,0,
Combined,GPT-2,Grandparent,0.03306390063961615,-0.15774912714902345,0,
Combined,GPT-2,Parent,0.09818479990710755,-0.0061741780149534384,1,
Combined,GPT-2,Parent,0.054049739524739224,-0.10697098264619487,1,
Combined,GPT-2,Child,0.03309661943200314,0.0180806180780137,2,
Combined,GPT-2,Child,0.07883521959863445,0.05194045652781015,2,
Combined,GPT-2,Grandparent,0.06428070395000895,-0.004499588551362981,0,
Combined,GPT-2,Grandparent,0.04147730760759074,0.04340097021529603,0,
Combined,GPT-2,Parent,0.09258384956598036,0.005383579423454408,1,
Combined,GPT-2,Parent,-0.0009854543430338322,-0.12110496039549579,1,
Combined,GPT-2,Grandparent,-0.5238114152696531,0.02330515096495379,0,
Combined,GPT-2,Grandparent,0.08507837046235639,-0.033246497704404784,0,
Combined,GPT-2,Parent,0.026723676145481087,-0.06599143850369757,1,
Combined,GPT-2,Parent,0.1023669917913021,0.011118717354518722,1,
Combined,GPT-2,Child,0.0657542706865015,-0.01562664241957612,2,
Combined,GPT-2,Child,0.025652761420086444,-0.04929790632830148,2,
Combined,GPT-2,Grandparent,0.07363877044196507,0.0551068872058978,0,
Combined,GPT-2,Grandparent,0.027728468527262122,0.07127103262634575,0,
Combined,GPT-2,Parent,0.051816621032371585,0.0008589944314314786,1,
Combined,GPT-2,Parent,-0.00012595874636731164,0.21178119878359963,1,
Combined,GPT-2,Grandparent,0.08042670509155841,0.048641875764300145,0,
Combined,GPT-2,Grandparent,0.09944323694555839,0.03649528780425373,0,
Combined,GPT-2,Parent,0.08028892495620009,0.04299985328227415,1,
Combined,GPT-2,Parent,0.019088287403394497,0.13073237943756516,1,
Combined,GPT-2,Child,0.09397998369134401,0.07597484556968818,2,
Combined,GPT-2,Child,0.05981469405628977,0.030291107896211766,2,
Combined,GPT-2,Grandparent,0.015540510492417472,-0.19071638774313288,0,
Combined,GPT-2,Grandparent,-0.6016933800612958,-0.015946634419033722,0,
Combined,GPT-2,Parent,0.028136776313938162,-0.07833011885982843,1,
Combined,GPT-2,Parent,-0.03582274944122198,-0.17444457461788523,1,
Combined,GPT-2,Grandparent,0.073343543371413,-0.06652678648679093,0,
Combined,GPT-2,Grandparent,0.06885998709189883,-0.045919017681043145,0,
Combined,GPT-2,Parent,0.02633257968596883,-0.11289145270631112,1,
Combined,GPT-2,Parent,-0.4358642262190272,0.005754247155558586,1,
Combined,GPT-2,Child,0.06223724693789416,0.02038664254897489,2,
Combined,GPT-2,Child,0.07422850573990487,0.030899910565341544,2,
Combined,GPT-2,Grandparent,0.01792010336817856,0.11154510043944602,0,
Combined,GPT-2,Grandparent,-0.024943061632537466,0.09931453218278019,0,
Combined,GPT-2,Parent,0.01942778594098193,0.12174647696391191,1,
Combined,GPT-2,Parent,-0.01430687316039339,0.11280737097463697,1,
Combined,GPT-2,Grandparent,0.06598158861793202,0.1042832463267111,0,
Combined,GPT-2,Grandparent,0.07687488539688875,0.11316812408504014,0,
Combined,GPT-2,Parent,0.11826019751751879,0.08536429519484147,1,
Combined,GPT-2,Parent,0.06200002004772276,0.10160152788609692,1,
Combined,GPT-2,Child,0.04483764860427992,0.026588343030447974,2,
Combined,GPT-2,Child,0.06023912194652286,-0.08898447339087077,2,
Combined,GPT-2,Grandparent,0.04400998958676488,-0.15195089051609126,0,
Combined,GPT-2,Grandparent,0.07502292048208138,-0.1504166832679389,0,
Combined,GPT-2,Parent,-0.4960523546955257,-0.005478566166388112,1,
Combined,GPT-2,Parent,0.05190607714797587,-0.11609337779765412,1,
Combined,GPT-2,Grandparent,0.12678268271666904,0.04984390231265893,0,
Combined,GPT-2,Grandparent,-0.4768972651001123,0.025165334287772186,0,
Combined,GPT-2,Parent,0.05499107198669397,-0.04288193805592091,1,
Combined,GPT-2,Parent,0.06884109495709131,-0.04342373558208333,1,
Combined,GPT-2,Child,0.03970388115317845,-0.03699813852804488,2,
Combined,GPT-2,Child,0.08124973884432724,-0.10537568830721242,2,
Combined,GPT-2,Grandparent,0.030034978831425387,-0.0812800238169895,0,
Combined,GPT-2,Grandparent,0.04416112880488303,0.06527103577159228,0,
Combined,GPT-2,Parent,0.06669202948678113,-0.015573361384402198,1,
Combined,GPT-2,Parent,0.04687591377885533,0.186866668876115,1,
Combined,GPT-2,Grandparent,0.08615531334163058,-0.0434674376801614,0,
Combined,GPT-2,Grandparent,0.11110120669926732,-0.04372765149513408,0,
Combined,GPT-2,Parent,0.05093951272765023,-0.02358326176388432,1,
Combined,GPT-2,Parent,0.084647485072089,-0.036354339309610545,1,
Combined,GPT-2,Child,0.07792743677889265,0.020462997033719184,2,
Combined,GPT-2,Child,0.08990944468607313,0.04898223961029429,2,
Combined,GPT-2,Grandparent,0.06708557900186514,0.14819971601161752,0,
Combined,GPT-2,Grandparent,0.05868088231437647,0.04019239457566578,0,
Combined,GPT-2,Parent,-0.4370215259655418,0.016998252895917446,1,
Combined,GPT-2,Parent,0.029655457394278044,0.010649426766149122,1,
Combined,GPT-2,Grandparent,-0.021490576610073694,-0.04177982519091749,0,
Combined,GPT-2,Grandparent,0.024746726672597356,-0.03955714859577772,0,
Combined,GPT-2,Parent,0.08293201374979599,-0.028586292216440438,1,
Combined,GPT-2,Parent,0.030039534156077616,0.0785076550946542,1,
Combined,GPT-2,Child,-0.4559791829250905,0.010475529420968122,2,
Combined,GPT-2,Child,0.07907184986066847,-0.0026582111169413123,2,
Combined,GPT-2,Grandparent,0.08671601094792812,-0.010268865199891317,0,
Combined,GPT-2,Grandparent,0.09898588978920618,0.027103399054525038,0,
Combined,GPT-2,Parent,0.04363512526926227,-0.06945994689747521,1,
Combined,GPT-2,Parent,0.0531191179905751,0.03384389578888025,1,
Combined,GPT-2,Grandparent,0.026256658994080282,-0.010935471580784758,0,
Combined,GPT-2,Grandparent,-0.4015471825647332,0.023404546015680382,0,
Combined,GPT-2,Parent,0.059300236135321024,0.0329835952808006,1,
Combined,GPT-2,Parent,0.02609592394687166,0.052721566972950405,1,
Combined,GPT-2,Child,0.07630229585504276,-0.060545671285035636,2,
Combined,GPT-2,Child,0.07175379058365465,-0.12448772552320142,2,
Combined,GPT-2,Grandparent,0.07064363926374942,0.06364119256267513,0,
Combined,GPT-2,Grandparent,0.08623179404475775,-0.08354664637586827,0,
Combined,GPT-2,Parent,0.07744757653989956,-0.03230979535974978,1,
Combined,GPT-2,Parent,0.017908054612022425,0.09482272896450848,1,
Combined,GPT-2,Grandparent,0.08324392505564551,-0.04629383145128111,0,
Combined,GPT-2,Grandparent,0.07591217966799367,0.1267760416559383,0,
Combined,GPT-2,Parent,0.06363543649623535,0.025171907536556497,1,
Combined,GPT-2,Parent,0.05221369528441002,0.021539093764140118,1,
Combined,GPT-2,Child,0.04979885426689973,0.010307594089902037,2,
Combined,GPT-2,Child,0.05519501292061248,-0.017203094680154043,2,
Combined,GPT-2,Grandparent,0.04619481810466164,-0.03186601879525713,0,
Combined,GPT-2,Grandparent,-0.3265875959389318,0.00979293384220439,0,
Combined,GPT-2,Parent,0.06790268260172513,-0.012133877054124179,1,
Combined,GPT-2,Parent,0.06070621290934749,-0.010397877578357698,1,
Combined,GPT-2,Grandparent,0.01970257645643136,-0.1226067951198806,0,
Combined,GPT-2,Grandparent,0.07867226836391235,-0.07435838397612522,0,
Combined,GPT-2,Parent,0.08186300701132042,0.057931949927137176,1,
Combined,GPT-2,Parent,0.01396206059282623,0.04826991725173399,1,
Combined,GPT-2,Child,0.045148657784040924,0.05216894359871334,2,
Combined,GPT-2,Child,0.04513002323006875,-0.012338280908903314,2,
Combined,GPT-2,Grandparent,-0.6439662532723167,0.04336509955471136,0,
Combined,GPT-2,Grandparent,0.06805809256405483,0.09447647007184562,0,
Combined,GPT-2,Parent,0.09181165918155415,-0.016159898416301617,1,
Combined,GPT-2,Parent,0.06664385125400529,0.11558049195370805,1,
Combined,GPT-2,Grandparent,0.09264096920849953,-0.03599899810189355,0,
Combined,GPT-2,Grandparent,0.09987158256810404,-0.14281378435091652,0,
Combined,GPT-2,Parent,0.03432104706842036,0.1009168056216874,1,
Combined,GPT-2,Parent,0.057532162096560514,0.053791325600116444,1,
Combined,GPT-2,Child,-0.3585923420417544,-0.014736111443651412,2,
Combined,GPT-2,Child,0.006218299697383472,-0.1339979732559417,2,
Combined,GPT-2,Grandparent,0.06721332449318036,0.009424113912634494,0,
Combined,GPT-2,Grandparent,0.08096076002935827,-0.028180384542956054,0,
Combined,GPT-2,Parent,0.06728370994853143,0.05338894093752607,1,
Combined,GPT-2,Parent,0.08202449172496433,0.11246986539029376,1,
Combined,GPT-2,Grandparent,0.049451529013542384,0.03075914668966456,0,
Combined,GPT-2,Grandparent,0.05596666213046595,-0.03581993668525681,0,
Combined,GPT-2,Parent,0.07873495274320924,0.0705586452725892,1,
Combined,GPT-2,Parent,-0.023741854454231912,0.1358962625937809,1,
Combined,GPT-2,Child,0.03379469986143658,-0.0394322988118101,2,
Combined,GPT-2,Child,-0.46863550017161826,-0.015056005616415652,2,
Combined,GPT-2,Grandparent,0.14366754615292424,0.011412848345287635,0,
Combined,GPT-2,Grandparent,0.11561697567465477,-0.013775843007922338,0,
Combined,GPT-2,Parent,0.06943986906842468,-0.01567257070980922,1,
Combined,GPT-2,Parent,0.1300470420074988,-0.011981908042096558,1,
Combined,GPT-2,Grandparent,0.0813118544617946,-0.02257451997169707,0,
Combined,GPT-2,Grandparent,0.10576372575406329,0.025066545008250937,0,
Combined,GPT-2,Parent,0.09280370930749672,-0.056387298282827056,1,
Combined,GPT-2,Parent,0.06364271645124006,0.05983877044944688,1,
Combined,GPT-2,Child,0.08332354720900913,0.0544678853568067,2,
Combined,GPT-2,Child,0.09779839392899126,-0.013841863259306902,2,
Combined,GPT-2,Grandparent,-0.4555829580704228,0.013085616003131049,0,
Combined,GPT-2,Grandparent,0.03169350315644385,-0.11753751029575113,0,
Combined,GPT-2,Parent,-0.03293395133238528,-0.10554616485989482,1,
Combined,GPT-2,Parent,-0.0026926981327347393,-0.06353237843366485,1,
Combined,GPT-2,Grandparent,0.0802305878408327,-0.13764674317561873,0,
Combined,GPT-2,Grandparent,0.08043445604959386,-0.10059423359305313,0,
Combined,GPT-2,Parent,-0.00042388612158133506,-0.04570694618092808,1,
Combined,GPT-2,Parent,-0.6073525565221739,-0.020330074093758744,1,
Combined,GPT-2,Child,0.05616245848329444,0.02817309282274651,2,
Combined,GPT-2,Child,0.08407567395424931,-0.006088611102350571,2,
Combined,GPT-2,Grandparent,0.06533656242047328,0.0646329796430392,0,
Combined,GPT-2,Grandparent,0.02516081703195745,0.20804071850486616,0,
Combined,GPT-2,Parent,0.07769451085127584,0.13777687322147122,1,
Combined,GPT-2,Parent,0.05178813913752826,0.14922792778612753,1,
Combined,GPT-2,Grandparent,0.06982431615559875,0.008548194730068528,0,
Combined,GPT-2,Grandparent,-0.6025538655334568,-0.002032781693195656,0,
Combined,GPT-2,Parent,0.04183382225417777,0.029429259014767947,1,
Combined,GPT-2,Parent,0.0789157646070958,-0.0009751198664040276,1,
Combined,GPT-2,Child,0.07221094132598072,0.05435477296481163,2,
Combined,GPT-2,Child,0.026003701717013165,-0.07472188809479494,2,
Combined,GPT-2,Grandparent,0.028850369993867458,-0.02379033794959171,0,
Combined,GPT-2,Grandparent,0.06947471179414487,-0.0002420871793763373,0,
Combined,GPT-2,Parent,0.031151794725856396,0.07310063265907732,1,
Combined,GPT-2,Parent,0.0008113282399342299,0.21598369281054852,1,
Combined,GPT-2,Grandparent,0.0017172855740418896,0.08878505677804577,0,
Combined,GPT-2,Parent,0.03547736618564868,0.0705601765679716,1,
Combined,GPT-2,Parent,0.018497241265746357,0.1111361441889326,1,
Combined,GPT-2,Child,0.042891906420773646,0.05962596041530853,2,
Combined,GPT-2,Child,0.06043025005604005,-0.03923978298266587,2,
Combined,GPT-2,Grandparent,-0.523761814051059,0.008719732906998892,0,
Combined,GPT-2,Grandparent,0.030183429799625905,-0.0617556827439109,0,
Combined,GPT-2,Parent,0.056136183026553585,-0.021218536687309577,1,
Combined,GPT-2,Parent,0.07402728026504012,-0.01121646472153257,1,
Combined,GPT-2,Grandparent,0.06505925890892766,0.053116666303595385,0,
Combined,GPT-2,Grandparent,0.05275905596676657,0.049569186688663835,0,
Combined,GPT-2,Parent,0.06420103186170244,0.057341540795382666,1,
Combined,GPT-2,Parent,0.060007383073414945,0.18531540132807836,1,
Combined,GPT-2,Child,0.1165408142959249,0.03121099566223008,2,
Combined,GPT-2,Child,-0.2911811321016025,0.023962862710060474,2,
Combined,GPT-2,Grandparent,0.08526021451372513,-0.004205600154477883,0,
Combined,GPT-2,Grandparent,0.06513495162656881,-0.047251534153384,0,
Combined,GPT-2,Parent,0.0631501504999246,-0.0641851951574048,1,
Combined,GPT-2,Parent,0.06705914739576078,-0.0846684436660587,1,
Combined,GPT-2,Grandparent,-0.5520682321539689,0.0021816469690322336,0,
Combined,GPT-2,Grandparent,0.030124712369600556,-0.14626244508630346,0,
Combined,GPT-2,Parent,0.03916248878659419,-0.0448696594110985,1,
Combined,GPT-2,Parent,-0.044098379698750516,-0.25329951467511325,1,
Combined,GPT-2,Child,0.08580398409316385,0.01915274922192951,2,
Combined,GPT-2,Child,0.06367211247548246,0.14022442453585107,2,
Combined,GPT-2,Grandparent,0.09865014753831627,0.06467173673149706,0,
Combined,GPT-2,Grandparent,0.11678925937206229,0.04408004184815565,0,
Combined,GPT-2,Parent,0.08758711749148493,0.019511337011662806,1,
Combined,GPT-2,Parent,0.06796663746931741,-0.01427014958429838,1,
Combined,GPT-2,Grandparent,-0.36396926248988737,-0.021436220160896205,0,
Combined,GPT-2,Grandparent,0.1171672704027502,-0.058140412562883374,0,
Combined,GPT-2,Parent,0.07383120774011515,-0.0722858811743485,1,
Combined,GPT-2,Parent,0.061023035676120885,-0.04843174497717889,1,
Combined,GPT-2,Child,0.10370641128989343,0.010160421665785927,2,
Combined,GPT-2,Child,0.05733389272610356,0.006986762923198332,2,
Combined,GPT-2,Grandparent,0.06853348491536437,0.07262783277548682,0,
Combined,GPT-2,Grandparent,0.07777486303844768,0.033644274381746796,0,
Combined,GPT-2,Parent,0.0800034578076866,0.11614879378293498,1,
Combined,GPT-2,Parent,0.07869453216064295,-0.01302540799729163,1,
Combined,GPT-2,Grandparent,-0.5616891318418608,-0.002548946755423102,0,
Combined,GPT-2,Grandparent,0.09360082483851563,-0.03212164963913888,0,
Combined,GPT-2,Parent,0.016591177527636735,-0.22978889450180215,1,
Combined,GPT-2,Parent,0.07327334461525797,-0.06486901729173024,1,
Combined,GPT-2,Child,0.10791699586333942,0.07002061280604599,2,
Combined,GPT-2,Child,0.0655051216493187,-0.016840588209939257,2,
Combined,GPT-2,Grandparent,0.105476052923059,0.06849976345493543,0,
Combined,GPT-2,Grandparent,0.05646325390820895,0.10082232403876669,0,
Combined,GPT-2,Parent,0.09966964067340621,-0.004479586444171013,1,
Combined,GPT-2,Parent,0.07229907267491649,0.0821667548792953,1,
Combined,GPT-2,Grandparent,0.03558223282455068,-0.09332209057818251,0,
Combined,GPT-2,Grandparent,0.07250916226588647,0.018929268273168497,0,
Combined,GPT-2,Parent,0.05095389747928353,0.006509967266346264,1,
Combined,GPT-2,Parent,0.07776120128775524,0.00015040450179608215,1,
Combined,GPT-2,Child,0.053036005814739204,0.04501527217407492,2,
Combined,GPT-2,Child,0.005943743781708199,-0.0927676940567538,2,
Combined,GPT-2,Grandparent,0.07012715443135048,0.011716022950595761,0,
Combined,GPT-2,Grandparent,-0.5312542327217894,0.05224906447783474,0,
Combined,GPT-2,Parent,0.08599790268087179,0.07433130361405363,1,
Combined,GPT-2,Parent,0.058683326446666545,0.12239645876348827,1,
Combined,GPT-2,Grandparent,-0.03305226240049737,-0.07437158368585552,0,
Combined,GPT-2,Grandparent,0.04970882056302854,-0.08747646721858776,0,
Combined,GPT-2,Parent,0.08765217507048957,-0.11499296883110562,1,
Combined,GPT-2,Child,0.09254353390181605,-0.03740829744678089,2,
Combined,GPT-2,Child,-0.44137639082910823,-0.006261202624526174,2,
Combined,GPT-2,Grandparent,0.07734116505636737,0.04849144539770986,0,
Combined,GPT-2,Grandparent,0.10937885592481394,0.017134607321383354,0,
Combined,GPT-2,Parent,0.0337419183760235,-0.016662263285644817,1,
Combined,GPT-2,Parent,0.10064578331216374,-0.0059389684710123665,1,
Combined,GPT-2,Grandparent,0.02455146880643283,-0.06916721397751363,0,
Combined,GPT-2,Grandparent,0.10380998493110048,0.06374824801291919,0,
Combined,GPT-2,Parent,0.08098108789181185,0.12213364774091114,1,
Combined,GPT-2,Parent,0.057633266253396175,0.09282270758444394,1,
Combined,GPT-2,Child,-0.5988190239467899,0.03074922784569561,2,
Combined,GPT-2,Child,0.08675864493566085,-0.005782191564100422,2,
Combined,GPT-2,Grandparent,0.050217848886684305,-0.030200538142854737,0,
Combined,GPT-2,Grandparent,0.03414531975946954,-0.19915071362822204,0,
Combined,GPT-2,Parent,0.09192588732708379,-0.03876668895466817,1,
Combined,GPT-2,Grandparent,0.06679496835876289,-0.03272960807305049,0,
Combined,GPT-2,Grandparent,0.04865211626360422,0.050848421909506655,0,
Combined,GPT-2,Parent,0.06927572445159749,-0.0056982738042982905,1,
Combined,GPT-2,Child,0.04393742209014398,-0.04042251454673216,2,
Combined,GPT-2,Child,0.09180694364903143,-0.01625810353552682,2,
Combined,GPT-2,Grandparent,0.05344380300225709,-0.029624986732201326,0,
Combined,GPT-2,Grandparent,0.09165649925703136,0.026415778369815394,0,
Combined,GPT-2,Parent,-0.3842771032402052,0.05049497625406811,1,
Combined,GPT-2,Parent,0.10016183004620412,-0.023257545618517967,1,
Combined,GPT-2,Grandparent,-0.04046826807364657,0.1371281488510692,0,
Combined,GPT-2,Grandparent,-0.49690191997418837,0.010541085134844034,0,
Combined,GPT-2,Parent,-0.028404976878341835,-0.10933952995126436,1,
Combined,GPT-2,Parent,-0.0037628012585127343,-0.01171391907643369,1,
Combined,GPT-2,Child,0.08622805083279014,0.013320043263758083,2,
Combined,GPT-2,Child,0.017543100279740747,-0.09368701152883567,2,
Combined,GPT-2,Grandparent,0.08699582024724725,0.06235596036676518,0,
Combined,GPT-2,Grandparent,0.08900706538115116,-0.02765662380961541,0,
Combined,GPT-2,Parent,0.07226745354967715,0.040075572853518045,1,
Combined,GPT-2,Parent,0.08178241583796983,0.1039715442867354,1,
Combined,GPT-2,Grandparent,0.07911963210036108,0.006473773856912845,0,
Combined,GPT-2,Grandparent,0.08851296524330135,0.09471196799685765,0,
Combined,GPT-2,Parent,0.011482701552962894,-0.013461202141767603,1,
Combined,GPT-2,Parent,0.02620623656793517,0.0867645797313619,1,
Combined,GPT-2,Child,0.10648823356863917,0.06261130916694502,2,
Combined,GPT-2,Child,0.07751580817515011,0.013010510279124272,2,
Combined,GPT-2,Grandparent,-0.5951575464068072,-0.005522622946305012,0,
Combined,GPT-2,Grandparent,0.0767094034046319,-0.11480963747948589,0,
Combined,GPT-2,Parent,0.07123162333446333,-0.011662869344922496,1,
Combined,GPT-2,Parent,-0.07156270306259073,-0.18090127306515372,1,
Combined,GPT-2,Grandparent,-0.5606587312232373,-0.010951952793493095,0,
Combined,GPT-2,Grandparent,0.06480220328899461,0.05326205380718612,0,
Combined,GPT-2,Parent,0.08792949360036946,-0.052432049229376554,1,
Combined,GPT-2,Parent,0.024530322332319613,0.05509806764419913,1,
Combined,GPT-2,Child,0.048585402149387204,-0.02269070028187686,2,
Combined,GPT-2,Child,0.07927006011503057,0.03527358924831906,2,
Combined,GPT-2,Grandparent,0.054718485630044826,-0.00418428928313172,0,
Combined,GPT-2,Grandparent,0.04331751440146289,0.0525472784720111,0,
Combined,GPT-2,Parent,0.1016808061436226,0.038803636995273234,1,
Combined,GPT-2,Parent,0.07437853684317342,0.027852760424812734,1,
Combined,GPT-2,Grandparent,0.03044219196344435,-0.02039066407786381,0,
Combined,GPT-2,Grandparent,-0.4687539428163935,0.021347443750903486,0,
Combined,GPT-2,Parent,0.07493381844673602,-0.061406298789425315,1,
Combined,GPT-2,Parent,0.02219676412212917,-0.06627032443892711,1,
Combined,GPT-2,Child,0.006920563567020573,-0.01821194391091342,2,
Combined,GPT-2,Child,0.037445397727407,0.10806783267715267,2,
Combined,GPT-2,Grandparent,0.03348522927770817,-0.01412495842944717,0,
Combined,GPT-2,Grandparent,0.08859078528597998,-0.039353497041804165,0,
Combined,GPT-2,Parent,0.07531783293058003,-0.10383174435892699,1,
Combined,GPT-2,Parent,0.014066634395422663,-0.09776407197422074,1,
Combined,GPT-2,Grandparent,0.08195605645790822,-0.0063447621345626435,0,
Combined,GPT-2,Grandparent,0.07903943475414349,-0.05557317128648841,0,
Combined,GPT-2,Parent,0.07728380841581134,-0.042678700123073156,1,
Combined,GPT-2,Parent,0.07588028385845279,-0.03305278266489762,1,
Combined,GPT-2,Child,0.06213187719667427,-0.017258562263712255,2,
Combined,GPT-2,Child,0.037900586033658965,-0.04523989195636594,2,
Combined,GPT-2,Grandparent,0.09311208626113208,0.019514000616560067,0,
Combined,GPT-2,Grandparent,0.050213327737917125,0.11674618764669359,0,
Combined,GPT-2,Parent,-0.4863635578315072,0.02780038220315052,1,
Combined,GPT-2,Parent,-0.02736172411375982,0.1797066296221351,1,
Combined,GPT-2,Grandparent,0.08763733140595022,0.05838695864490508,0,
Combined,GPT-2,Grandparent,-0.02192864766704641,-0.17144736957238332,0,
Combined,GPT-2,Parent,-0.3888162240395123,0.03695410114662885,1,
Combined,GPT-2,Parent,-0.018300168876711376,-0.15220594504519452,1,
Combined,GPT-2,Child,0.0672216476791671,-0.01147884108162945,2,
Combined,GPT-2,Child,0.11204719324286953,0.05814740291087664,2,
Combined,GPT-2,Grandparent,0.07839537679281933,0.17817966444499747,0,
Combined,GPT-2,Grandparent,0.07541379526907938,0.05659476232394668,0,
Combined,GPT-2,Parent,0.09614336334311721,-0.028763427904864504,1,
Combined,GPT-2,Parent,0.0701805426071337,-0.0030597571922051474,1,
Combined,GPT-2,Grandparent,0.06365801686836843,0.020816443963698188,0,
Combined,GPT-2,Grandparent,-0.4773092590334453,0.051726209306995966,0,
Combined,GPT-2,Parent,0.09701693417570205,0.012845276443163538,1,
Combined,GPT-2,Parent,0.014016231455593267,0.022810530761379642,1,
Combined,GPT-2,Child,0.08642666445802491,0.034196802133362965,2,
Combined,GPT-2,Child,0.09162987502936247,-0.050678293885170714,2,
Combined,GPT-2,Grandparent,0.057373602813439964,-0.024741528022505555,0,
Combined,GPT-2,Grandparent,0.0712149544156112,-0.07893125578542892,0,
Combined,GPT-2,Parent,0.09066835565831305,-0.04155538386910896,1,
Combined,GPT-2,Parent,0.030055725440462557,0.10024340635190139,1,
Combined,GPT-2,Grandparent,0.0755628128052595,-0.11903269312738606,0,
Combined,GPT-2,Grandparent,0.0705543484188096,-0.14737799007348532,0,
Combined,GPT-2,Parent,0.073192813375356,-0.005054957181021765,1,
Combined,GPT-2,Parent,0.09729756334361009,-0.08700981873180863,1,
Combined,GPT-2,Child,0.03968493534010182,-0.07722218325577886,2,
Combined,GPT-2,Child,-0.5298002400539018,-0.01712884764064704,2,
Combined,GPT-2,Grandparent,0.09006934048314,0.09221524723220963,0,
Combined,GPT-2,Grandparent,0.08841262773978685,0.1278854643483865,0,
Combined,GPT-2,Parent,0.09514109950831863,0.07849301643703192,1,
Combined,GPT-2,Parent,0.028143169427453985,0.16825300513249627,1,
Combined,GPT-2,Grandparent,0.05033582194768535,-0.09419603948319465,0,
Combined,GPT-2,Grandparent,0.08074062024017296,0.15112044552213016,0,
Combined,GPT-2,Parent,0.05045927318500845,0.034467750424445734,1,
Combined,GPT-2,Parent,0.04130531815412973,0.06419851279029172,1,
Combined,GPT-2,Child,0.0903913266333184,-0.0626466765371712,2,
Combined,GPT-2,Child,-0.4351041051757235,8.81244179815033e-05,2,
Combined,GPT-2,Grandparent,0.06513731001357564,-0.0321792951574668,0,
Combined,GPT-2,Grandparent,0.09102504708860645,-0.047405701871734526,0,
Combined,GPT-2,Parent,0.07869801302727784,0.05908504507352493,1,
Combined,GPT-2,Parent,0.04028587819997358,-0.11033532763252386,1,
Combined,GPT-2,Grandparent,0.07485001346476851,0.04353452161060104,0,
Combined,GPT-2,Grandparent,0.09594181694465281,-0.00151506883207794,0,
Combined,GPT-2,Parent,0.06800333622476822,0.09657451439677728,1,
Combined,GPT-2,Parent,0.08691689728264171,-0.05537303212333372,1,
Combined,GPT-2,Child,-0.39423230267155773,-0.002990033456931549,2,
Combined,GPT-2,Child,0.08752001732724476,0.06504077211878648,2,
Combined,GPT-2,Grandparent,0.004373210049235713,-0.07333504656807953,0,
Combined,GPT-2,Grandparent,0.02248872170404954,-0.09670600690768813,0,
Combined,GPT-2,Parent,0.06054874556424708,0.02958854730518788,1,
Combined,GPT-2,Parent,0.010239862564652919,0.06613420584366678,1,
Combined,GPT-2,Grandparent,0.07075028366640163,-0.03808325967967224,0,
Combined,GPT-2,Grandparent,0.09708111966000628,-0.0007306109960691073,0,
Combined,GPT-2,Parent,0.07674116509197239,0.12886597438590391,1,
Combined,GPT-2,Parent,0.08555267720079497,-0.018600539217482316,1,
Combined,GPT-2,Child,0.07510532904152281,-0.10483858136687792,2,
Combined,GPT-2,Child,0.08924959997842322,0.10492595761911572,2,
Combined,GPT-2,Grandparent,0.040296458459299744,-0.06242431121798965,0,
Combined,GPT-2,Grandparent,-0.5653984272613534,-0.014808031580371554,0,
Combined,GPT-2,Parent,0.05774902136450135,-0.020650495684318947,1,
Combined,GPT-2,Parent,-0.03311878101462701,-0.12158478731616232,1,
Combined,GPT-2,Grandparent,-0.7341350314798823,0.022158784015728062,0,
Combined,GPT-2,Grandparent,0.06494436389055082,-0.01506431825949091,0,
Combined,GPT-2,Parent,0.06829836439893569,0.09787574136452297,1,
Combined,GPT-2,Parent,-0.05308543060764966,0.16801861928682826,1,
Combined,GPT-2,Child,0.0646474387235417,0.020811743633065663,2,
Combined,GPT-2,Child,0.060903266004971326,0.0658533897640479,2,
Combined,GPT-2,Grandparent,0.021405188691187557,-0.03909912345645262,0,
Combined,GPT-2,Grandparent,0.12026064706308764,-0.049076760198346704,0,
Combined,GPT-2,Parent,0.10686510066346085,0.005670104165951052,1,
Combined,GPT-2,Parent,0.07744822928885725,-0.018875401514978303,1,
Combined,GPT-2,Grandparent,0.021100052882647772,-0.05823576994709664,0,
Combined,GPT-2,Grandparent,0.044310428330744105,-0.12485644352687678,0,
Combined,GPT-2,Parent,0.06050161532128435,-0.10769188151767485,1,
Combined,GPT-2,Parent,0.07695578991261388,-0.03867944422472891,1,
Combined,GPT-2,Child,0.07733573730002329,-0.027741679656546583,2,
Combined,GPT-2,Child,0.0312721242270193,-0.06593700478910755,2,
Combined,GPT-2,Grandparent,0.06772249431403012,0.12002959873637581,0,
Combined,GPT-2,Grandparent,0.06858931173893089,0.07359901218717402,0,
Combined,GPT-2,Parent,-0.46409145378120686,0.0019729833895891172,1,
Combined,GPT-2,Parent,0.0557081558195285,0.11454379911226269,1,
Combined,GPT-2,Grandparent,0.0702437707476605,0.09911802958291274,0,
Combined,GPT-2,Grandparent,0.053538693881651375,0.19129932020668156,0,
Combined,GPT-2,Parent,0.06015353377459389,0.06835084442639376,1,
Combined,GPT-2,Parent,-0.027459132984800856,0.1924930169724544,1,
Combined,GPT-2,Child,0.07163785889601,-0.013791895034855612,2,
Combined,GPT-2,Child,0.07733446521915377,0.009313256214989685,2,
Combined,GPT-2,Grandparent,0.10186720829040137,-0.021858164658832942,0,
Combined,GPT-2,Grandparent,-0.565917295486654,-0.005516700632687317,0,
Combined,GPT-2,Parent,0.039933996232909524,-0.06429976995555618,1,
Combined,GPT-2,Parent,0.05811133623582343,-0.11000898269336462,1,
Combined,GPT-2,Grandparent,0.059125681875548494,0.11911977000255629,0,
Combined,GPT-2,Grandparent,-0.5089849161326571,0.03886496770270281,0,
Combined,GPT-2,Parent,0.016411181526715373,-0.048602723324820955,1,
Combined,GPT-2,Parent,0.0733835768494666,0.08840059818326944,1,
Combined,GPT-2,Child,0.07526447992832698,-0.052703335630613475,2,
Combined,GPT-2,Child,0.060825464146976004,-0.05120781628733427,2,
Combined,GPT-2,Grandparent,0.06501762292993504,-0.06993291239011819,0,
Combined,GPT-2,Grandparent,0.11020444174270037,-0.04201204274382882,0,
Combined,GPT-2,Parent,-0.026436766733949305,0.01610392346278604,1,
Combined,GPT-2,Parent,0.041508105284630455,0.023497552458108514,1,
Combined,GPT-2,Grandparent,-0.06198887189505519,-0.24214081786783986,0,
Combined,GPT-2,Grandparent,-0.5783462175713904,-0.004426060464924944,0,
Combined,GPT-2,Parent,0.06105008375434373,0.06384729022339992,1,
Combined,GPT-2,Parent,-0.007743063563917978,-0.19661541257619214,1,
Combined,GPT-2,Child,0.0384662174348368,0.1219634722950696,2,
Combined,GPT-2,Child,0.10598250504974209,-0.07304797796785907,2,
Combined,GPT-2,Grandparent,0.09543097813583937,0.06546087718587666,0,
Combined,GPT-2,Grandparent,0.06653786545842484,0.04460821954074218,0,
Combined,GPT-2,Parent,0.06734450486655189,0.03523846828164621,1,
Combined,GPT-2,Parent,0.07294812115861965,0.02465023577877827,1,
Combined,GPT-2,Grandparent,0.07925004069280239,0.10251934369562167,0,
Combined,GPT-2,Grandparent,0.053647265507824136,0.04008787775127168,0,
Combined,GPT-2,Parent,0.04854727889736771,0.09424049474019974,1,
Combined,GPT-2,Parent,0.09099153620039933,0.08640811427803116,1,
Combined,GPT-2,Child,0.09495809946762032,0.03947748758562271,2,
Combined,GPT-2,Child,0.06250124859801201,-0.021838728615080735,2,
Combined,GPT-2,Grandparent,0.07607744981492705,-0.0862104580761045,0,
Combined,GPT-2,Grandparent,0.04531666227243663,-0.19738156275318433,0,
Combined,GPT-2,Parent,-0.026083713733357067,0.009784402335928652,1,
Combined,GPT-2,Parent,-0.4811030916141616,-0.02841417772341004,1,
Combined,GPT-2,Grandparent,0.07382637561800662,-0.10384997838680003,0,
Combined,GPT-2,Grandparent,-0.013394082791354928,-0.023643321586224127,0,
Combined,GPT-2,Parent,-0.5033923242710875,0.005057333637719253,1,
Combined,GPT-2,Parent,0.028102458723549814,-0.19840417603290356,1,
Combined,GPT-2,Child,0.10663860280448383,0.07156640343382875,2,
Combined,GPT-2,Child,0.06756101867417331,0.061022038675305465,2,
Combined,GPT-2,Grandparent,0.07428721817751299,0.08666637225389132,0,
Combined,GPT-2,Grandparent,0.12474945980450093,0.016371925425891064,0,
Combined,GPT-2,Parent,0.10454226047394558,-0.00440475489658916,1,
Combined,GPT-2,Parent,0.04437593202598476,-0.04143384802919208,1,
Combined,GPT-2,Grandparent,0.0672749759714576,-0.018982201566357142,0,
Combined,GPT-2,Grandparent,0.05407334693546725,-0.04986307495382545,0,
Combined,GPT-2,Parent,0.004514796580970221,0.05177476039214369,1,
Combined,GPT-2,Parent,-0.6004943620899094,0.006372118542494436,1,
Combined,GPT-2,Child,0.10820032175340566,0.07740885458260136,2,
Combined,GPT-2,Child,0.05017736163564245,0.036348026698835426,2,
Combined,GPT-2,Grandparent,0.07048873207866364,-0.01483277606300284,0,
Combined,GPT-2,Grandparent,0.04812000946981014,-0.03215622832144482,0,
Combined,GPT-2,Parent,0.04008005179084672,-0.04340890264527671,1,
Combined,GPT-2,Parent,0.03613988398495383,-0.16642738700511228,1,
Combined,GPT-2,Grandparent,0.052270101841796195,0.005492251034824489,0,
Combined,GPT-2,Grandparent,0.03671238456080463,0.04643762744363024,0,
Combined,GPT-2,Parent,0.08397326179940923,0.041053835177412866,1,
Combined,GPT-2,Parent,-0.40971406135510435,0.010247977165464736,1,
Combined,GPT-2,Child,0.06072617265244846,0.06042677328424594,2,
Combined,GPT-2,Child,0.08287368425045245,-0.060761587020858876,2,
Combined,GPT-2,Grandparent,0.11317077410488875,0.007357493119717751,0,
Combined,GPT-2,Grandparent,0.09855175294416822,-0.017966010156169828,0,
Combined,GPT-2,Parent,0.09218875277848476,0.008169975735705607,1,
Combined,GPT-2,Parent,0.0792806143218888,-0.012512899461908934,1,
Combined,GPT-2,Grandparent,-0.5604470142980218,0.008765196203566063,0,
Combined,GPT-2,Grandparent,0.07353864191798502,-0.10960353760539135,0,
Combined,GPT-2,Parent,0.10788168588850451,0.020421682166264683,1,
Combined,GPT-2,Parent,0.06033687650827213,-0.07970782869065815,1,
Combined,GPT-2,Child,0.06443762943767659,0.044507523516358366,2,
Combined,GPT-2,Child,0.04262352651348137,0.03766373747863149,2,
Combined,GPT-2,Grandparent,0.028457678252240215,0.08394761306339467,0,
Combined,GPT-2,Grandparent,0.0632122711653659,0.0016883414698163613,0,
Combined,GPT-2,Parent,0.07686802200407582,0.10394521849601907,1,
Combined,GPT-2,Grandparent,-0.5808826193462384,-0.0019818675056192123,0,
Combined,GPT-2,Grandparent,0.05115673669775878,0.013732257519796986,0,
Combined,GPT-2,Parent,0.0980718336538828,-0.018542720867635188,1,
Combined,GPT-2,Parent,0.08841012741535552,0.024162821191117415,1,
Combined,GPT-2,Child,0.05224542957321569,-0.055067343309486545,2,
Combined,GPT-2,Child,0.022204111154989555,-0.03135026012719759,2,
Combined,GPT-2,Grandparent,0.03395723346224182,0.03105818657363801,0,
Combined,GPT-2,Grandparent,0.06960399200198328,0.06483489081173807,0,
Combined,GPT-2,Parent,0.028431506455409424,0.08486479463078754,1,
Combined,GPT-2,Parent,0.050341483867206084,0.06737270106546633,1,
Combined,GPT-2,Grandparent,-0.014966292538701385,-0.10993136546715734,0,
Combined,GPT-2,Grandparent,-0.588254518808585,0.028870296129333093,0,
Combined,GPT-2,Parent,0.003595309065557744,-0.07502785985880364,1,
Combined,GPT-2,Child,0.08481927746768103,0.01558864444596921,2,
Combined,GPT-2,Child,0.0731870992584017,-0.06219332696068526,2,
Combined,GPT-2,Grandparent,0.10348716345586433,-0.09467628398465489,0,
Combined,GPT-2,Grandparent,0.11162834638672321,0.01539125012476542,0,
Combined,GPT-2,Parent,0.08540375630153263,0.013439183812311357,1,
Combined,GPT-2,Parent,0.04473619622138591,-0.011579135219635847,1,
Combined,GPT-2,Grandparent,0.05423097863203698,-0.14603334883398827,0,
Combined,GPT-2,Grandparent,0.05168862946020645,0.042812081883004546,0,
Combined,GPT-2,Parent,-0.012416742662082623,0.08657440444969644,1,
Combined,GPT-2,Parent,0.002619000212278428,0.20546832521072136,1,
Combined,GPT-2,Child,0.006788714018288463,-0.041211252097522154,2,
Combined,GPT-2,Child,0.07918466623338839,0.03513516690698525,2,
Combined,GPT-2,Grandparent,-0.40384149505476113,0.02679229843864865,0,
Combined,GPT-2,Grandparent,0.043749409782477294,0.007374356761695321,0,
Combined,GPT-2,Parent,0.056433090932957855,0.03680897034737465,1,
Combined,GPT-2,Parent,0.06848384819105996,0.0269588734275686,1,
Combined,GPT-2,Grandparent,0.05017358968029326,-0.1264199853766286,0,
Combined,GPT-2,Grandparent,-0.6046097273497869,-0.0006344795735039794,0,
Combined,GPT-2,Parent,0.003945867963269315,-0.25556944879765775,1,
Combined,GPT-2,Parent,-0.046709047774845344,-0.21397989071591045,1,
Combined,GPT-2,Child,0.08158776492488555,0.030692881552784303,2,
Combined,GPT-2,Child,0.07763960336430198,0.02426442229989468,2,
Combined,GPT-2,Grandparent,0.10770062476035801,0.04317677292641619,0,
Combined,GPT-2,Grandparent,0.11541201819151681,0.08046979546626115,0,
Combined,GPT-2,Parent,0.09938297380831423,0.05545475872165345,1,
Combined,GPT-2,Parent,0.09910856095719864,0.12507159213854618,1,
Combined,GPT-2,Grandparent,-0.4959170995241212,0.007571642639107435,0,
Combined,GPT-2,Grandparent,0.100934408608881,0.0706459721156478,0,
Combined,GPT-2,Parent,0.09288214601920984,0.09534291488640138,1,
Combined,GPT-2,Parent,-0.0015214242142711722,-0.0596630819648257,1,
Combined,GPT-2,Child,0.027837004170463687,-0.06358090750778755,2,
Combined,GPT-2,Child,0.04436477024810644,-0.0012960014269505383,2,
Combined,GPT-2,Grandparent,0.13722858442823008,-0.0342861501572204,0,
Combined,GPT-2,Grandparent,0.0817961773267451,0.028265456841055043,0,
Combined,GPT-2,Parent,0.09670121103358867,-0.023647519128276902,1,
Combined,GPT-2,Parent,0.11115128503788917,0.041326319512852094,1,
Combined,GPT-2,Grandparent,0.06339852294543206,-0.06288009063743524,0,
Combined,GPT-2,Grandparent,0.08933286253516497,0.02508128257970772,0,
Combined,GPT-2,Parent,0.08286455147319698,0.03782744043618122,1,
Combined,GPT-2,Parent,0.07336026163221628,0.11354229694656909,1,
Combined,GPT-2,Child,0.03263792103284635,-0.17876993837681016,2,
Combined,GPT-2,Child,-0.02717149867142742,0.036248574218673474,2,
Combined,GPT-2,Grandparent,-0.4403828240287527,0.035806054026802855,0,
Combined,GPT-2,Grandparent,0.08188731483725156,0.03753072341656708,0,
Combined,GPT-2,Parent,0.08368810102417082,-0.010991942945573341,1,
Combined,GPT-2,Grandparent,0.04715917465734928,-0.023623327871442754,0,
Combined,GPT-2,Grandparent,0.05139593527728656,0.07442835324986673,0,
Combined,GPT-2,Parent,0.059083334138996975,0.09686962221830729,1,
Combined,GPT-2,Parent,0.04888232218672461,0.07152030450226005,1,
Combined,GPT-2,Child,0.04587367863722297,0.0072049033934419495,2,
Combined,GPT-2,Child,0.055991331067402214,0.020850594966943112,2,
Combined,GPT-2,Grandparent,0.07917072340652426,-0.022390255599984987,0,
Combined,GPT-2,Grandparent,0.04249305412646099,-0.03976509208459137,0,
Combined,GPT-2,Parent,0.08162265388574162,0.04274674537923829,1,
Combined,GPT-2,Parent,-0.5970190863650251,-0.0010800441648949539,1,
Combined,GPT-2,Grandparent,0.07381498693698352,-0.13488107781501366,0,
Combined,GPT-2,Grandparent,0.07810685467179229,0.08804344599137878,0,
Combined,GPT-2,Parent,-0.4854901165863563,0.006707532744612439,1,
Combined,GPT-2,Parent,0.11995803444713421,0.042569450080838796,1,
Combined,GPT-2,Child,0.035928750122877974,-0.03303055986501316,2,
Combined,GPT-2,Child,0.04397889366302344,0.05150017041569069,2,
Combined,GPT-2,Grandparent,0.08019530188556002,0.08934723537441629,0,
Combined,GPT-2,Grandparent,0.03724836679999093,0.09626984844129793,0,
Combined,GPT-2,Parent,0.06984886617206776,-0.03423384023237608,1,
Combined,GPT-2,Parent,0.02610759866947799,-0.13756540905407408,1,
Combined,GPT-2,Grandparent,0.07435473391788436,0.028231914372782593,0,
Combined,GPT-2,Grandparent,0.01118756761321116,0.12664491821721813,0,
Combined,GPT-2,Parent,0.09912783752300608,-0.013001779826265318,1,
Combined,GPT-2,Parent,0.019252926978498935,0.15090140741976887,1,
Combined,GPT-2,Child,0.06506040038971796,0.0009442731016200668,2,
Combined,GPT-2,Child,-0.46983330341356083,0.023048124801658038,2,
Combined,GPT-2,Grandparent,0.06499656271084642,-0.11266149118039685,0,
Combined,GPT-2,Grandparent,0.07739854060707944,-0.11860560103349856,0,
Combined,GPT-2,Parent,0.014624678303452484,-0.015916730668771497,1,
Combined,GPT-2,Parent,0.04092749358704199,-0.10011756232878069,1,
Combined,GPT-2,Grandparent,-0.03728477187375129,-0.06198941502590921,0,
Combined,GPT-2,Grandparent,0.06704594042755811,0.05566360466888217,0,
Combined,GPT-2,Parent,-0.5722153593958057,0.04290643320669503,1,
Combined,GPT-2,Parent,-0.010227071002502195,0.06112674030019868,1,
Combined,GPT-2,Child,0.08245828883801339,-0.09654791483310586,2,
Combined,GPT-2,Child,0.06932254080224486,-0.0032749448952362867,2,
Combined,GPT-2,Grandparent,0.05922116981218774,-0.1277968263320773,0,
Combined,GPT-2,Grandparent,0.04639071579745846,-0.010804077164287593,0,
Combined,GPT-2,Parent,0.023501724938736403,-0.08653063955475654,1,
Combined,GPT-2,Parent,0.06121215360736581,-0.02320483403790143,1,
Combined,GPT-2,Grandparent,0.07766790432446337,0.054880365444878586,0,
Combined,GPT-2,Grandparent,0.10476411720102417,0.08853343864159907,0,
Combined,GPT-2,Parent,0.038072065047987685,-0.1572865327231929,1,
Combined,GPT-2,Parent,0.10343978560450873,0.07548048043961171,1,
Combined,GPT-2,Child,0.12375311388200387,0.06937876784746551,2,
Combined,GPT-2,Child,0.0652139260028671,0.03277104106554555,2,
Combined,GPT-2,Grandparent,0.011003032325817329,-0.050816472254364274,0,
Combined,GPT-2,Grandparent,0.047812955789609014,-0.055441726814668614,0,
Combined,GPT-2,Parent,0.055522313424404904,-0.04870680736078644,1,
Combined,GPT-2,Parent,-0.6045872270754145,-0.02276402016387604,1,
Combined,GPT-2,Grandparent,-0.5198813859413526,-0.002882684816836767,0,
Combined,GPT-2,Grandparent,0.10897907291383611,0.028545851969379577,0,
Combined,GPT-2,Parent,0.06660764467707113,-0.03980907336557796,1,
Combined,GPT-2,Parent,0.09387310004031456,0.032124798840524035,1,
Combined,GPT-2,Child,0.07965519645238048,0.013434724518236248,2,
Combined,GPT-2,Child,0.07103858920533333,-0.026890255520030416,2,
Combined,GPT-2,Grandparent,0.04270519822545161,-0.04283100556573734,0,
Combined,GPT-2,Grandparent,0.04583482437550324,0.12434527555956801,0,
Combined,GPT-2,Parent,0.04130320163759098,-0.11761044847533575,1,
Combined,GPT-2,Parent,0.025745163746889316,0.1618726890120201,1,
Combined,GPT-2,Grandparent,0.065867697875967,0.003183493491164858,0,
Combined,GPT-2,Grandparent,0.09673225093985824,-0.04658650696803311,0,
Combined,GPT-2,Parent,0.08007662048742434,-0.05145140980685967,1,
Combined,GPT-2,Parent,0.05044499472765533,0.043373619080906374,1,
Combined,GPT-2,Child,0.07048112638543103,0.015768443941294844,2,
Combined,GPT-2,Child,0.052973801767807076,0.04022927776768407,2,
Combined,GPT-2,Grandparent,0.018055797891152744,-0.03307524702196315,0,
Combined,GPT-2,Grandparent,-0.060690137121632605,0.1612030568747463,0,
Combined,GPT-2,Parent,0.004479559179900422,-0.025570109551237327,1,
Combined,GPT-2,Parent,-0.6873307220155194,0.023967528361908946,1,
Combined,GPT-2,Grandparent,0.05174691752678273,0.0018239775950816513,0,
Combined,GPT-2,Grandparent,-0.3385263494026368,0.04382474417696286,0,
Combined,GPT-2,Parent,0.11290829074794072,-0.027731069147477225,1,
Combined,GPT-2,Parent,0.05090582681323341,0.14164477957614444,1,
Combined,GPT-2,Child,0.03433401927182385,-0.12161924606542598,2,
Combined,GPT-2,Child,0.06351192901659887,0.024523449121479766,2,
Combined,GPT-2,Grandparent,0.07909175067930019,-0.02111278488138867,0,
Combined,GPT-2,Grandparent,0.05603509836496772,-0.0697633590772289,0,
Combined,GPT-2,Parent,0.07958035449634161,-0.06330995355405308,1,
Combined,GPT-2,Parent,0.03348501253822893,-0.05427164144365797,1,
Combined,GPT-2,Grandparent,0.04447527242263793,-0.060449363334885015,0,
Combined,GPT-2,Grandparent,0.085607017615526,-0.03167630920485495,0,
Combined,GPT-2,Parent,0.08913435561378853,0.01845869497291058,1,
Combined,GPT-2,Parent,0.013497287788187089,-0.0268535981056021,1,
Combined,GPT-2,Child,0.027530154436624696,-0.11136472584279607,2,
Combined,GPT-2,Child,0.032857119370440814,-0.01749044720620427,2,
Combined,GPT-2,Grandparent,-0.470703600989475,-0.013651381819658017,0,
Combined,GPT-2,Grandparent,0.056534235409564294,0.06141508067906217,0,
Combined,GPT-2,Parent,0.008695387145199967,0.10081921014136222,1,
Combined,GPT-2,Parent,0.05322286786015838,0.09235674773232642,1,
Combined,GPT-2,Grandparent,0.048784428737488096,-0.06238878832972742,0,
Combined,GPT-2,Grandparent,0.07013719635519909,0.10303630805908942,0,
Combined,GPT-2,Parent,0.031733078103242975,-0.03448235413014641,1,
Combined,GPT-2,Parent,0.008654961187194903,0.18549650305783402,1,
Combined,GPT-2,Child,0.08697060701690429,0.022610420204966956,2,
Combined,GPT-2,Child,-0.5315465377418052,-0.009749424721879877,2,
Combined,GPT-2,Grandparent,0.024794342348975176,-0.10436799336109624,0,
Combined,GPT-2,Grandparent,0.07860092952882383,0.019323275711256055,0,
Combined,GPT-2,Parent,0.07504513436805732,-0.10071798289068397,1,
Combined,GPT-2,Parent,0.0005545612878554754,-0.13455313449556827,1,
Combined,GPT-2,Grandparent,-0.5318948212791161,-0.01681845394552652,0,
Combined,GPT-2,Grandparent,0.0779874949798496,-0.10175729243843727,0,
Combined,GPT-2,Parent,0.052235178619485075,-0.07466899895659797,1,
Combined,GPT-2,Parent,-0.020231275956334272,-0.06294101385382606,1,
Combined,GPT-2,Child,0.09033906202349393,0.10326106734926788,2,
Combined,GPT-2,Child,0.02250635221034354,0.11682468116693495,2,
Combined,GPT-2,Grandparent,0.07283599826734534,0.01753788268492183,0,
Combined,GPT-2,Grandparent,0.09036410182967686,0.0935182981743373,0,
Combined,GPT-2,Parent,0.1188761976427889,0.06272253670541499,1,
Combined,GPT-2,Parent,0.09208558378672768,0.000928880396119182,1,
Combined,GPT-2,Grandparent,0.06497685780778654,-0.11910078514632634,0,
Combined,GPT-2,Grandparent,0.05656694695435634,-0.047993584545380434,0,
Combined,GPT-2,Parent,0.08209540838312686,-0.0012181464832671845,1,
Combined,GPT-2,Parent,0.007629151728516193,-0.02278431555994146,1,
Combined,GPT-2,Child,-0.3755327847503731,0.0306003141231177,2,
Combined,GPT-2,Child,0.058159687970004856,0.06117847452634762,2,
Combined,GPT-2,Grandparent,0.06343067102748165,0.1146239554656157,0,
Combined,GPT-2,Grandparent,-0.03165651547530872,-0.011469804221409939,0,
Combined,GPT-2,Parent,0.07813243379743987,0.011318030723777765,1,
Combined,GPT-2,Parent,0.05958699264663088,0.007683354703821899,1,
Combined,GPT-2,Grandparent,0.08413811989526762,-0.0027793114461115054,0,
Combined,GPT-2,Grandparent,0.07104628628819089,0.012875216787478275,0,
Combined,GPT-2,Parent,0.01719648076985304,-0.06612029270944413,1,
Combined,GPT-2,Parent,-0.5176434490547581,0.06003987105228129,1,
Combined,GPT-2,Child,0.0476335537824455,-0.01780001061461403,2,
Combined,GPT-2,Child,0.07827222876534026,0.07040626077659701,2,
Combined,GPT-2,Grandparent,0.07770073875900721,-0.11629444898727459,0,
Combined,GPT-2,Parent,0.09116816768149567,-0.13771033564218424,1,
Combined,GPT-2,Grandparent,0.06096867310323164,-0.022236093148042327,0,
Combined,GPT-2,Grandparent,0.07163796766538177,0.0035725545545803516,0,
Combined,GPT-2,Parent,-0.40396879326404717,-0.007424414107123872,1,
Combined,GPT-2,Parent,0.035261376286432895,-0.12795430660951634,1,
Combined,GPT-2,Child,0.07243447554673124,0.0020813824827958455,2,
Combined,GPT-2,Child,0.07740857190832334,0.11451496715133391,2,
Combined,GPT-2,Grandparent,0.09689103572366871,0.020119433542095503,0,
Combined,GPT-2,Grandparent,0.050018837676819,0.07840476322674998,0,
Combined,GPT-2,Parent,0.054972016456684175,0.10280362594884326,1,
Combined,GPT-2,Parent,0.050739008347724754,0.07052438589304935,1,
Combined,GPT-2,Grandparent,0.0036822178400731116,-0.09704300744832811,0,
Combined,GPT-2,Grandparent,0.06479917187764636,-0.05798084798800036,0,
Combined,GPT-2,Parent,0.05336343879167333,-0.03740611097590002,1,
Combined,GPT-2,Parent,-0.5655051876981602,-0.005062622599000717,1,
Combined,GPT-2,Child,0.07891707097379301,0.009602004523322738,2,
Combined,GPT-2,Child,0.08158928822709093,0.09080622554085324,2,
Combined,GPT-2,Grandparent,0.05711901203931892,0.05884942039734571,0,
Combined,GPT-2,Grandparent,0.11392573639014775,0.06989493326223019,0,
Combined,GPT-2,Parent,0.11655536857218987,0.04975951444150376,1,
Combined,GPT-2,Parent,0.10998019876572782,0.04927404371276043,1,
Combined,GPT-2,Grandparent,0.0005447254066294028,-0.06865986279743737,0,
Combined,GPT-2,Grandparent,-0.5469844573292256,0.02084468210858338,0,
Combined,GPT-2,Parent,0.06365835964300258,0.1391134197565335,1,
Combined,GPT-2,Parent,0.03326475800153819,0.05379489703012117,1,
Combined,GPT-2,Child,0.13610334082420272,0.022854361313665014,2,
Combined,GPT-2,Child,0.060206073492457456,-0.026704574184582733,2,
Combined,GPT-2,Grandparent,-0.003084050253153877,-0.07662752441887895,0,
Combined,GPT-2,Grandparent,0.12083330631629971,-0.006862466007674424,0,
Combined,GPT-2,Parent,0.08799739466075844,-0.01905946461979066,1,
Combined,GPT-2,Parent,0.0712665940396998,-0.035923927711116306,1,
Combined,GPT-2,Grandparent,-0.33516973074478246,0.029377332162573766,0,
Combined,GPT-2,Grandparent,0.1073922657224181,0.011939467651864561,0,
Combined,GPT-2,Parent,0.09292154232588222,-0.07780064536815874,1,
Combined,GPT-2,Parent,0.09414527527387155,-0.018254379876916752,1,
Combined,GPT-2,Child,0.0788883979792104,0.0651736975262338,2,
Combined,GPT-2,Child,-0.046308833972706916,-0.0949606317556443,2,
Combined,GPT-2,Grandparent,-0.0004930524620099253,0.14906612489174859,0,
Combined,GPT-2,Grandparent,-0.013079191473078873,-0.021989094509241417,0,
Combined,GPT-2,Parent,-0.009484207952726776,-0.23069424768701985,1,
Combined,GPT-2,Parent,0.010923898838741541,0.16383655367287364,1,
Combined,GPT-2,Grandparent,0.0574154837715966,0.006628737551384796,0,
Combined,GPT-2,Grandparent,0.06308870973573452,0.09236270876909296,0,
Combined,GPT-2,Parent,0.08011304383646209,0.006452058894211739,1,
Combined,GPT-2,Parent,0.05097454569919618,0.007501522637357336,1,
Combined,GPT-2,Child,0.04323117321155407,-0.0582716205601159,2,
Combined,GPT-2,Child,0.09396951532877271,0.04256056614804829,2,
Combined,GPT-2,Grandparent,0.08116757042379205,-0.047618847419842625,0,
Combined,GPT-2,Grandparent,0.08174942812708123,-0.12099550193608392,0,
Combined,GPT-2,Parent,-0.6907824203423233,0.000580159543955183,1,
Combined,GPT-2,Parent,-0.04712223074500968,-0.1851055546969964,1,
Combined,GPT-2,Grandparent,0.037101316855707216,-0.009677594793620094,0,
Combined,GPT-2,Grandparent,-0.5968398092310371,0.04650062895109111,0,
Combined,GPT-2,Parent,0.10394813002367986,0.05344916076271236,1,
Combined,GPT-2,Parent,0.03590181002136461,0.06449239822589663,1,
Combined,GPT-2,Child,0.1131169289829837,0.03803717067426318,2,
Combined,GPT-2,Child,0.06488387519282415,-0.0032825729834065503,2,
Combined,GPT-2,Grandparent,0.06957125400829038,-0.022329741443525574,0,
Combined,GPT-2,Grandparent,0.08080964890034371,0.009186005433916273,0,
Combined,GPT-2,Parent,0.03447957129680222,0.06092240018110533,1,
Combined,GPT-2,Parent,0.05882455318732183,0.0020134020426227305,1,
Combined,GPT-2,Grandparent,-0.05318522226176423,0.145867750761757,0,
Combined,GPT-2,Grandparent,-0.14171838525975228,-0.26929941588963396,0,
Combined,GPT-2,Parent,-0.08444669212374462,-0.16159711801320345,1,
Combined,GPT-2,Child,0.0355776248970565,0.016268917764142583,2,
Combined,GPT-2,Child,0.0802264868048178,-0.007544183820249404,2,
Combined,GPT-2,Grandparent,0.08472441900775332,-0.011857959094695567,0,
Combined,GPT-2,Grandparent,0.106321136674521,0.04441042910183229,0,
Combined,GPT-2,Parent,-0.3641070779567031,0.027215885639378493,1,
Combined,GPT-2,Parent,0.08191978552758264,0.009372199729831375,1,
Combined,GPT-2,Grandparent,-0.06210350931756347,-0.1417290285846414,0,
Combined,GPT-2,Grandparent,-0.09318302480427867,0.11708444167407336,0,
Combined,GPT-2,Parent,0.05555968727284204,-0.06445343662744916,1,
Combined,GPT-2,Parent,-0.6068274044388714,-0.0052261869525221305,1,
Combined,GPT-2,Child,0.06612355936146116,0.023476485489181628,2,
Combined,GPT-2,Child,0.09317175316792911,-0.043065208713827026,2,
Combined,GPT-2,Grandparent,0.07950753437253144,0.07198011565943169,0,
Combined,GPT-2,Grandparent,0.11517946991930753,0.029490692782705084,0,
Combined,GPT-2,Parent,0.05365722139033974,0.0042398574059749426,1,
Combined,GPT-2,Parent,0.11274279831791727,0.022262340688717165,1,
Combined,GPT-2,Grandparent,0.09357383416094216,0.008738347396505888,0,
Combined,GPT-2,Grandparent,0.0395763490220561,0.059330473889235485,0,
Combined,GPT-2,Parent,-0.5547756669688323,0.031016352566271305,1,
Combined,GPT-2,Child,0.10512026519272649,0.0646845182467589,2,
Combined,GPT-2,Child,0.07240110730980594,0.002957127355691314,2,
Combined,GPT-2,Grandparent,0.050613074468016786,0.008010316925179744,0,
Combined,GPT-2,Grandparent,0.07976352520628699,-0.0689721361773338,0,
Combined,GPT-2,Parent,0.05119851375255519,0.03284786320345091,1,
Combined,GPT-2,Parent,0.034512192931491825,-0.04116074716596539,1,
Combined,GPT-2,Grandparent,-0.6359135197631668,0.00668909531514236,0,
Combined,GPT-2,Grandparent,-0.016619932991890535,-0.13103946174556236,0,
Combined,GPT-2,Parent,0.05178762724375207,0.07085552337898048,1,
Combined,GPT-2,Child,0.06262478874628172,-0.030357181227608686,2,
Combined,GPT-2,Child,0.06441636276612775,0.03048130023273533,2,
Combined,GPT-2,Grandparent,0.0926775268970228,0.0698627438090288,0,
Combined,GPT-2,Grandparent,0.09399877729137553,0.06549650836731603,0,
Combined,GPT-2,Parent,0.10487857263012183,0.07202750087605315,1,
Combined,GPT-2,Parent,0.09653022255232062,0.025768055946382085,1,
Combined,GPT-2,Grandparent,0.09895183358504157,0.0646297811775587,0,
Combined,GPT-2,Grandparent,0.06652082322761647,-0.020510243940798693,0,
Combined,GPT-2,Parent,-0.4377367334183858,0.032666289990664156,1,
Combined,GPT-2,Parent,0.07789875479405553,0.16253703214848186,1,
Combined,GPT-2,Child,0.03832554371095447,-0.035173440062578866,2,
Combined,GPT-2,Child,0.05363408907500159,-0.0804703470647412,2,
Combined,GPT-2,Grandparent,0.03971469978758008,-0.13930372094971735,0,
Combined,GPT-2,Grandparent,0.06094785968260576,0.08657437854382662,0,
Combined,GPT-2,Parent,0.12972979456375391,0.03915303832423285,1,
Combined,GPT-2,Parent,0.05557533320331803,0.02446724949468139,1,
Combined,GPT-2,Grandparent,0.013627284386740846,-0.17000165929468034,0,
Combined,GPT-2,Parent,0.027090913883527034,0.09704493304461884,1,
Combined,GPT-2,Parent,-0.046728544031227344,0.17892966128545157,1,
Combined,GPT-2,Child,0.04876925653415994,0.07063196625625442,2,
Combined,GPT-2,Child,0.03698886405562958,-0.0354976427068963,2,
Combined,GPT-2,Grandparent,0.07699736535238,-0.03343669855316496,0,
Combined,GPT-2,Grandparent,0.09619293799376377,-0.007847941426209416,0,
Combined,GPT-2,Parent,0.0821877908739195,0.07676513238298097,1,
Combined,GPT-2,Parent,-0.38312474416076914,0.027026471504414437,1,
Combined,GPT-2,Grandparent,0.09331135307577146,-0.040636960397537954,0,
Combined,GPT-2,Grandparent,-0.02192276612748542,-0.19259729655062616,0,
Combined,GPT-2,Parent,0.05796476179456393,-0.06404506099557791,1,
Combined,GPT-2,Parent,-0.6952423378830078,-0.004020694346869119,1,
Combined,GPT-2,Child,0.0853939411741118,0.03496916012533033,2,
Combined,GPT-2,Child,0.07088907749219836,0.0033409553261754925,2,
Combined,GPT-2,Grandparent,0.08646952503295266,0.14593033776831163,0,
Combined,GPT-2,Grandparent,0.0239868959935813,-0.06390117780946458,0,
Combined,GPT-2,Parent,0.03719901405919499,0.06391230925358167,1,
Combined,GPT-2,Parent,0.06961571681050226,0.09190734368054189,1,
Combined,GPT-2,Grandparent,-0.014752570979475034,-0.005909881578746206,0,
Combined,GPT-2,Grandparent,-0.6932174229506618,-0.004845626812581466,0,
Combined,GPT-2,Parent,0.023152925382794384,-0.1822954000329645,1,
Combined,GPT-2,Child,0.09221440785219262,0.04635306422108238,2,
Combined,GPT-2,Child,0.017768005483942726,-0.040706937223940094,2,
Combined,GPT-2,Grandparent,0.07309897100110653,0.0893768320001005,0,
Combined,GPT-2,Grandparent,0.08789361506561527,0.031807071064880225,0,
Combined,GPT-2,Parent,0.12600980651884783,0.049922201719519076,1,
Combined,GPT-2,Parent,0.09871824461617121,0.11382152812142628,1,
Combined,GPT-2,Grandparent,0.09060224856885019,0.02885850639096635,0,
Combined,GPT-2,Grandparent,0.1149270019988794,0.04302040185162798,0,
Combined,GPT-2,Parent,0.033488164944417725,0.13185363034257086,1,
Combined,GPT-2,Parent,0.02242084409126793,0.08472261443183607,1,
Combined,GPT-2,Child,0.07242795900163539,-0.13343209055571803,2,
Combined,GPT-2,Child,0.0971549435681687,0.014082283088609615,2,
Combined,GPT-2,Grandparent,-0.027295810334353868,-0.17958195362469728,0,
Combined,GPT-2,Grandparent,-0.47791547402203427,0.010093866285391166,0,
Combined,GPT-2,Parent,0.06998515986488225,0.011593780204901418,1,
Combined,GPT-2,Parent,-0.03241306840178941,-0.01709776802074213,1,
Combined,GPT-2,Grandparent,0.03193016913805703,-0.09030678957715149,0,
Combined,GPT-2,Grandparent,-0.689173261565178,0.032781501965184985,0,
Combined,GPT-2,Parent,0.04127069251670317,0.04697783175735176,1,
Combined,GPT-2,Parent,-0.09126416690323384,-0.27314161382100316,1,
Combined,GPT-2,Child,0.048109515732586136,-0.0905466181952646,2,
Combined,GPT-2,Child,0.05748257706158771,0.06344747053782909,2,
Combined,GPT-2,Grandparent,0.10431103298695357,0.03223786354466583,0,
Combined,GPT-2,Grandparent,0.07515820923851249,-0.0030171101313635927,0,
Combined,GPT-2,Parent,0.06369239882969982,0.0383556496876947,1,
Combined,GPT-2,Parent,0.05022052919683769,0.05490861656397653,1,
Combined,GPT-2,Grandparent,0.031307413792344,-0.04850425892586832,0,
Combined,GPT-2,Grandparent,0.03327689477560999,-0.01058847935190388,0,
Combined,GPT-2,Parent,0.03469820202972629,-0.07639129873332227,1,
Combined,GPT-2,Parent,-0.7341984081375256,0.023234790796316927,1,
Combined,GPT-2,Child,0.07772740329704622,0.046470372997343266,2,
Combined,GPT-2,Child,0.04980403075338298,-0.014451766353332023,2,
Combined,GPT-2,Grandparent,0.05723199430603698,0.06377293715706164,0,
Combined,GPT-2,Grandparent,0.1210080918410194,0.05029196132946393,0,
Combined,GPT-2,Parent,0.08711109749562443,-0.05074491978947013,1,
Combined,GPT-2,Parent,0.06792414779208089,0.03385636303919431,1,
Combined,GPT-2,Grandparent,0.08936561998666713,-0.06305508510329463,0,
Combined,GPT-2,Grandparent,0.10596820663623716,0.062470644745572526,0,
Combined,GPT-2,Parent,0.08419650376024648,-0.020582343512394435,1,
Combined,GPT-2,Parent,0.10867383090113755,-0.027766249336695328,1,
Combined,GPT-2,Child,0.10297057008507803,0.03355585412426538,2,
Combined,GPT-2,Child,0.09916035138521133,0.023774384565930954,2,
Combined,GPT-2,Grandparent,-0.6290933645775393,0.01749726664690442,0,
Combined,GPT-2,Grandparent,-0.03425368713101631,-0.17960765279750165,0,
Combined,GPT-2,Parent,0.08345628799685717,0.0442133685328877,1,
Combined,GPT-2,Parent,-0.009228694615684947,-0.17656823520655665,1,
Combined,GPT-2,Grandparent,0.08068005724077497,-0.02657536680165781,0,
Combined,GPT-2,Grandparent,-0.0053398630757427205,-0.20518760856247414,0,
Combined,GPT-2,Parent,0.04106203366238247,0.069065787670753,1,
Combined,GPT-2,Parent,0.08137048034420163,0.1333076161484162,1,
Combined,GPT-2,Child,-0.4532893578307153,0.028834118094906457,2,
Combined,GPT-2,Child,0.05147559987627711,-0.018559322869848016,2,
Combined,GPT-2,Grandparent,0.05736275516466709,0.022767705495073776,0,
Combined,GPT-2,Grandparent,0.07010976499732362,0.003365869240959113,0,
Combined,GPT-2,Parent,0.08277585038129978,-0.05250959681424829,1,
Combined,GPT-2,Parent,0.06601275507873185,-0.044658235029025134,1,
Combined,GPT-2,Grandparent,0.06271638951591554,-0.04081716588968123,0,
Combined,GPT-2,Grandparent,0.03721758747284069,-0.10128814912550096,0,
Combined,GPT-2,Parent,0.08385667141564002,-0.006993170234290822,1,
Combined,GPT-2,Parent,-0.6848610666175776,0.018255688005017683,1,
Combined,GPT-2,Child,0.04310925674469231,0.02919225847381896,2,
Combined,GPT-2,Child,0.08007774368401774,0.0008549032374318089,2,
Combined,GPT-2,Grandparent,0.10857162625369686,0.04566348886473855,0,
Combined,GPT-2,Grandparent,0.039848681933635915,0.0012271567603353774,0,
Combined,GPT-2,Parent,0.10631735105027643,0.02590600345293399,1,
Combined,GPT-2,Parent,0.06657263811411562,0.06964189230668615,1,
Combined,GPT-2,Grandparent,0.09802112015087178,0.08062923993623958,0,
Combined,GPT-2,Grandparent,0.05452776616262611,0.12077773973322069,0,
Combined,GPT-2,Parent,0.13336491911657541,-0.014106910861673115,1,
Combined,GPT-2,Parent,0.04792070104918975,0.0846482941221012,1,
Combined,GPT-2,Child,0.07470398248480335,-0.06679986223936574,2,
Combined,GPT-2,Child,0.1003214388574828,0.05461809494086326,2,
Combined,GPT-2,Grandparent,0.014643622888930641,-0.2246102741050293,0,
Combined,GPT-2,Grandparent,0.11831724263431147,-0.016334077377514033,0,
Combined,GPT-2,Parent,-0.5524348852427354,-0.0036858099933463964,1,
Combined,GPT-2,Parent,-0.008219920098574458,-0.20368111747941983,1,
Combined,GPT-2,Grandparent,0.10566193600512772,-0.019581534547530904,0,
Combined,GPT-2,Grandparent,0.06921753321295607,-0.20444711716973768,0,
Combined,GPT-2,Parent,0.06452784777974742,0.08908204530365896,1,
Combined,GPT-2,Parent,0.022058029725211856,-0.020199565108228013,1,
Combined,GPT-2,Child,0.11155744571865613,0.04169059184107749,2,
Combined,GPT-2,Child,0.10043018428290805,0.08479349244201237,2,
Combined,GPT-2,Grandparent,0.10626928979336837,-0.0260231650962375,0,
Combined,GPT-2,Grandparent,-0.6479114396737173,0.0016704529534800007,0,
Combined,GPT-2,Parent,0.08748800700427833,-0.011415909226710121,1,
Combined,GPT-2,Parent,-0.005959129522901448,-0.1399825375583276,1,
Combined,GPT-2,Grandparent,0.06139725512672753,-0.09753737239847472,0,
Combined,GPT-2,Grandparent,0.012364631603646562,-0.1526669056172023,0,
Combined,GPT-2,Parent,-0.6370311080391953,0.012870087687032978,1,
Combined,GPT-2,Parent,0.041422307834387,-0.04881007057750282,1,
Combined,GPT-2,Child,0.07144483051781444,0.012452399277006273,2,
Combined,GPT-2,Child,0.041570514113412206,-0.0049206896074126035,2,
Combined,GPT-2,Grandparent,0.08194510379082753,0.05210695358877447,0,
Combined,GPT-2,Grandparent,0.12313527420156342,0.07455407795201534,0,
Combined,GPT-2,Parent,0.07861568549831204,0.054623200192943935,1,
Combined,GPT-2,Parent,0.09269031179968895,0.036997272839030655,1,
Combined,GPT-2,Grandparent,0.036193938292089,0.11096261697239249,0,
Combined,GPT-2,Grandparent,0.09611237963657365,-0.10043327249646693,0,
Combined,GPT-2,Parent,0.08396779584759226,0.1127588851721377,1,
Combined,GPT-2,Parent,-0.013165093362155685,-0.03333780060145672,1,
Combined,GPT-2,Child,0.04170438002464228,-0.06611622419703267,2,
Combined,GPT-2,Child,-0.6016959246429157,-0.0028801890132486804,2,
Combined,GPT-2,Grandparent,0.07995074057677433,-0.09911604142406419,0,
Combined,GPT-2,Grandparent,0.06855158148457763,0.04997508019310438,0,
Combined,GPT-2,Parent,0.05107107887954883,0.07006816922988535,1,
Combined,GPT-2,Parent,0.0729008864126899,0.02893349943236726,1,
Combined,GPT-2,Grandparent,0.1068870342114628,-0.0791836467021104,0,
Combined,GPT-2,Grandparent,0.13134074061397885,-0.020889307320585596,0,
Combined,GPT-2,Parent,0.1333395439408829,-0.031894814106052674,1,
Combined,GPT-2,Parent,0.09857839371973051,-0.02421195136696547,1,
Combined,GPT-2,Child,0.11755368340476777,-0.021729276075725692,2,
Combined,GPT-2,Child,0.08808405553898985,-0.0345066344828344,2,
Combined,GPT-2,Grandparent,0.055031395937389295,-0.00970730030489883,0,
Combined,GPT-2,Grandparent,-0.5342797252256724,0.05078110211406181,0,
Combined,GPT-2,Parent,0.07067997042788417,-0.03092907573692524,1,
Combined,GPT-2,Parent,-0.08466019226799061,-0.11200239416705526,1,
Combined,GPT-2,Grandparent,0.05448160842598945,0.06988523341581694,0,
Combined,GPT-2,Grandparent,0.06030292146252397,-0.055669264756802964,0,
Combined,GPT-2,Parent,0.058158992578539535,-0.11013166712839853,1,
Combined,GPT-2,Parent,0.04824353220832172,-0.023742955864166828,1,
Combined,GPT-2,Child,0.028465428339504092,-0.07273602056530697,2,
Combined,GPT-2,Child,0.06577377946212754,0.033040774197634966,2,
Combined,GPT-2,Grandparent,0.053659262029387186,-0.04159859226966385,0,
Combined,GPT-2,Grandparent,0.0825134949395086,0.0525576977522182,0,
Combined,GPT-2,Parent,0.06608661697515997,-0.035142905849273584,1,
Combined,GPT-2,Parent,-0.6414408956862853,0.027863257161691368,1,
Combined,GPT-2,Grandparent,0.0749569814590262,-0.07499345584350003,0,
Combined,GPT-2,Grandparent,0.032871084143923736,-0.05673644008431092,0,
Combined,GPT-2,Parent,0.05436445479435253,-0.18736870145886217,1,
Combined,GPT-2,Parent,0.019638457878626205,-0.03539502072798064,1,
Combined,GPT-2,Child,0.07812306904427985,-0.04457619664736407,2,
Combined,GPT-2,Child,-0.48996833184652544,0.000543415208556363,2,
Combined,GPT-2,Grandparent,0.08390453996496255,0.061383228981167735,0,
Combined,GPT-2,Grandparent,0.1006769580431135,0.10136493108242034,0,
Combined,GPT-2,Parent,0.02652469209092211,-0.10363553489659101,1,
Combined,GPT-2,Parent,0.11869937851027135,0.029907226898808092,1,
Combined,GPT-2,Grandparent,0.07627409684458201,-0.014318202188455698,0,
Combined,GPT-2,Grandparent,0.09214587053178791,0.054542919756961766,0,
Combined,GPT-2,Parent,0.03034757721768,0.14496646701971908,1,
Combined,GPT-2,Parent,0.06143933969043812,0.0406405360909647,1,
Combined,GPT-2,Child,0.043934915917881005,-0.04498829557398094,2,
Combined,GPT-2,Child,0.051557731262185734,0.042143571972198514,2,
Combined,GPT-2,Grandparent,0.035262489623459285,-0.1576075361393418,0,
Combined,GPT-2,Grandparent,-0.5957731519235566,0.04300103780459289,0,
Combined,GPT-2,Parent,-0.025973755409306968,0.06150930508364978,1,
Combined,GPT-2,Parent,-0.1800842189899777,-0.25026108245802486,1,
Combined,GPT-2,Grandparent,0.0954836410742714,-0.03614409103623281,0,
Combined,GPT-2,Grandparent,0.052043286475888136,0.04394201680734171,0,
Combined,GPT-2,Parent,-0.4042301430816089,0.017021257616262053,1,
Combined,GPT-2,Parent,0.006109833868773236,-0.035628224601757304,1,
Combined,GPT-2,Child,0.09614201779274321,-0.017273617432495867,2,
Combined,GPT-2,Child,0.05948737721281309,0.012758812741834043,2,
Combined,GPT-2,Grandparent,0.10952949200882564,0.05388846248275567,0,
Combined,GPT-2,Grandparent,0.053779827437916185,0.0355193583115694,0,
Combined,GPT-2,Parent,0.08966096564222865,-0.09034067369457834,1,
Combined,GPT-2,Parent,0.05841237346896151,0.06576237945581052,1,
Combined,GPT-2,Grandparent,0.0975052980577815,0.06795916462393502,0,
Combined,GPT-2,Grandparent,0.09693414707720377,-0.09897719300089755,0,
Combined,GPT-2,Parent,0.04517951751603459,0.019284319747282442,1,
Combined,GPT-2,Parent,0.04486805440862829,0.13470312231662881,1,
Combined,GPT-2,Child,-0.42808513367221984,0.006264992293253975,2,
Combined,GPT-2,Child,0.049520303006275045,-0.015383031960015805,2,
Combined,GPT-2,Grandparent,0.1293265461405145,0.05214545463613008,0,
Combined,GPT-2,Grandparent,0.006868753055170698,-0.05789057383127691,0,
Combined,GPT-2,Parent,0.022043238742106692,-0.06561826576469616,1,
Combined,GPT-2,Grandparent,0.1028413343595766,-0.03371723415533859,0,
Combined,GPT-2,Grandparent,0.041717139058689616,0.015509290982845423,0,
Combined,GPT-2,Parent,0.0748452710505767,-0.01605156134666629,1,
Combined,GPT-2,Parent,0.07780353587247713,-0.02206400575742651,1,
Combined,GPT-2,Child,0.10195019865971527,-0.028969548101286963,2,
Combined,GPT-2,Child,0.0566171615812512,0.005428918943317993,2,
Combined,GPT-2,Grandparent,0.049091402886439574,-0.0996401040000721,0,
Combined,GPT-2,Grandparent,0.06460635607430083,0.048347158874012676,0,
Combined,GPT-2,Parent,-0.3277372404325106,0.0035045187792734768,1,
Combined,GPT-2,Parent,0.00372742167084661,0.07390526533789339,1,
Combined,GPT-2,Grandparent,0.09913972080324283,0.057858706541611564,0,
Combined,GPT-2,Grandparent,0.039752136548526974,0.09171429601761895,0,
Combined,GPT-2,Parent,0.06143890801101851,0.10565212127857611,1,
Combined,GPT-2,Parent,-0.014654557179946362,0.09722595644475727,1,
Combined,GPT-2,Child,0.06714019691073222,-0.024466664939388382,2,
Combined,GPT-2,Child,0.08793801847189235,0.05194747389149582,2,
Combined,GPT-2,Grandparent,-0.39636654378381175,0.0013362113161234314,0,
Combined,GPT-2,Grandparent,0.03023471974589457,-0.08223762225820092,0,
Combined,GPT-2,Parent,0.06181991942624321,0.09385338744499654,1,
Combined,GPT-2,Parent,0.06152613807602527,-0.05428730105571446,1,
Combined,GPT-2,Grandparent,-0.009452364665816757,0.17328830616713053,0,
Combined,GPT-2,Grandparent,-0.5314046737119523,-0.017491728592849174,0,
Combined,GPT-2,Parent,0.08024684566660518,0.1072191770616009,1,
Combined,GPT-2,Parent,0.06818277561541508,0.03110919199901189,1,
Combined,GPT-2,Child,0.07879174605310219,0.0008554984795005957,2,
Combined,GPT-2,Child,0.054858030007653075,0.014025858538040442,2,
Combined,GPT-2,Grandparent,0.002291010121796412,-0.007577306036104018,0,
Combined,GPT-2,Grandparent,0.06187775836113031,-0.06527731612608821,0,
Combined,GPT-2,Parent,0.08536492952774624,-0.03336350366349962,1,
Combined,GPT-2,Parent,0.0702293658083725,0.05981176054586891,1,
Combined,GPT-2,Grandparent,0.02450337980305314,-0.1972890672184082,0,
Combined,GPT-2,Grandparent,0.08359220317676953,-0.09771704695097613,0,
Combined,GPT-2,Parent,0.11029085374245615,-0.04269258081975438,1,
Combined,GPT-2,Parent,0.012594565743054583,-0.0017555179932343043,1,
Combined,GPT-2,Child,0.07756952181988735,-0.06950918395825097,2,
Combined,GPT-2,Child,0.07685461306997143,0.00353833610754936,2,
Combined,GPT-2,Grandparent,0.09090894028558606,-0.027375160690489907,0,
Combined,GPT-2,Grandparent,0.09459504255125187,0.06809894921332746,0,
Combined,GPT-2,Parent,0.05285881972870147,0.0635312438419968,1,
Combined,GPT-2,Parent,-0.6838932251901004,0.018997148959708377,1,
Combined,GPT-2,Grandparent,0.04666721820858997,-0.08262819081210614,0,
Combined,GPT-2,Grandparent,-0.0009820093823013258,-0.1345660005663412,0,
Combined,GPT-2,Parent,0.020181169481361033,-0.13051679012097844,1,
Combined,GPT-2,Parent,-0.004952730950820365,-0.07860377749651226,1,
Combined,GPT-2,Child,0.07556821426061845,-0.08350445109154314,2,
Combined,GPT-2,Child,0.030875732814285895,-0.057596573671942104,2,
Combined,GPT-2,Grandparent,-0.4791710284326412,0.04910953332452708,0,
Combined,GPT-2,Grandparent,0.07165823954587834,0.07701624630198207,0,
Combined,GPT-2,Parent,0.080732406302857,0.017227322345350505,1,
Combined,GPT-2,Parent,-0.00356911743130625,0.08631974771185771,1,
Combined,GPT-2,Grandparent,-0.40704611007901537,-0.007068303751668771,0,
Combined,GPT-2,Grandparent,0.07480482044904782,0.05695612384268946,0,
Combined,GPT-2,Parent,-0.0014635842712487103,-0.031295678738886064,1,
Combined,GPT-2,Parent,-0.04670541945197815,-0.1090469094250519,1,
Combined,GPT-2,Child,0.06632518883984183,0.07969198244651252,2,
Combined,GPT-2,Child,0.080308609893766,0.010529003438672559,2,
Combined,GPT-2,Grandparent,0.12239174159673345,-0.0366261524578141,0,
Combined,GPT-2,Grandparent,0.0798431618925274,-0.042981238420609066,0,
Combined,GPT-2,Parent,0.11966355057737875,-0.0026748530473563164,1,
Combined,GPT-2,Parent,0.10158820243175387,-0.14843107807508527,1,
Combined,GPT-2,Grandparent,0.05964719607500201,0.019578268919028304,0,
Combined,GPT-2,Grandparent,-0.04909784352854332,-0.2505824628009291,0,
Combined,GPT-2,Parent,0.08365730295739474,0.03848186186383204,1,
Combined,GPT-2,Parent,0.038208956264501354,0.16440333832377302,1,
Combined,GPT-2,Child,0.05084551746584139,0.04442992314381323,2,
Combined,GPT-2,Child,0.10285235133814857,5.0572260966125286e-05,2,
Combined,GPT-2,Grandparent,0.08458050333108588,-0.11278143424678515,0,
Combined,GPT-2,Grandparent,0.116266490836634,-0.013033647506806561,0,
Combined,GPT-2,Parent,-0.3402405898643351,-0.0030258030728327195,1,
Combined,GPT-2,Parent,0.01979372457598202,-0.009297173808921548,1,
Combined,GPT-2,Grandparent,0.08961614663858347,-0.02135441806871989,0,
Combined,GPT-2,Grandparent,0.09320691946384423,0.07339163594988136,0,
Combined,GPT-2,Parent,0.07913856211139635,-0.07616248365620172,1,
Combined,GPT-2,Child,0.09708936840339116,0.0062659021232246434,2,
Combined,GPT-2,Child,0.07332176000697872,0.09661829940103027,2,
Combined,GPT-2,Grandparent,0.03638205866449136,-0.034610189278873944,0,
Combined,GPT-2,Grandparent,0.06851953867960904,0.04447886168857506,0,
Combined,GPT-2,Parent,-0.4783815904341857,0.024138396959905457,1,
Combined,GPT-2,Parent,-0.003190146911961178,-0.08332521831770955,1,
Combined,GPT-2,Grandparent,-0.027728193195682194,-0.020107216695276105,0,
Combined,GPT-2,Grandparent,0.01151381195073336,0.03827128272069023,0,
Combined,GPT-2,Parent,0.06264156470813234,-0.049410433608281554,1,
Combined,GPT-2,Parent,0.024307061241734977,-0.03728655165906348,1,
Combined,GPT-2,Child,0.04481853195676309,-0.01816855760669226,2,
Combined,GPT-2,Child,0.08476734011196338,-0.00103640007988729,2,
Combined,GPT-2,Grandparent,-0.642723316437246,0.00977094993470177,0,
Combined,GPT-2,Grandparent,0.11225509840657126,0.024362942226007447,0,
Combined,GPT-2,Parent,0.06743871108199602,-0.02251148009103645,1,
Combined,GPT-2,Parent,0.04174908029038504,0.10343321520993774,1,
Combined,GPT-2,Grandparent,0.05759801410258469,0.04684514223542934,0,
Combined,GPT-2,Grandparent,-0.45213961734742497,0.050322247070306914,0,
Combined,GPT-2,Parent,0.03210120289476653,0.026704732866870626,1,
Combined,GPT-2,Parent,0.08953072755851135,0.14459301483224907,1,
Combined,GPT-2,Child,0.09643346593523175,-0.005881567254115774,2,
Combined,GPT-2,Child,0.06513961746936353,-0.0660214228160599,2,
Combined,GPT-2,Grandparent,0.0902492602496825,-0.05935496220388568,0,
Combined,GPT-2,Grandparent,0.07326216931697443,-0.10881816178697772,0,
Combined,GPT-2,Parent,0.01578602102629654,-0.017152554983230504,1,
Combined,GPT-2,Parent,0.04458738810747609,-0.1872543402664968,1,
Combined,GPT-2,Grandparent,0.05696529497271514,-0.07937671682020415,0,
Combined,GPT-2,Grandparent,0.04088797014140988,-0.002431229694778259,0,
Combined,GPT-2,Parent,0.06316877682180386,0.06621650386216739,1,
Combined,GPT-2,Parent,0.05602721888519437,0.11463023258355848,1,
Combined,GPT-2,Child,-0.5553651715494354,0.016636323819913385,2,
Combined,GPT-2,Child,0.05600716522562261,0.01795953562081589,2,
Combined,GPT-2,Grandparent,0.023605624845391384,-0.10938754249712837,0,
Combined,GPT-2,Grandparent,0.033792843385765055,-0.10915445338177633,0,
Combined,GPT-2,Parent,0.05151414806968435,-0.006053657046225109,1,
Combined,GPT-2,Parent,0.046430355257298585,-0.047476758428626364,1,
Single tree,GPT-2,Grandparent,0.13461739631914088,-0.1792442397026468,0,gw
Single tree,GPT-2,Grandparent,0.12181549944031501,0.04186901731357027,0,lf
Single tree,GPT-2,Parent,0.10240687180428389,-0.006830220066391451,1,pn
Single tree,GPT-2,Parent,-0.06664220615508122,-0.16221238648175948,1,wa
Single tree,GPT-2,Child,-0.1319191129354566,0.03588566828045471,2,vo
Single tree,GPT-2,Child,-0.11387145142841151,0.0046106735399088754,2,mo
Single tree,GPT-2,Grandparent,0.08770611853611315,0.14281894419476623,0,rv
Single tree,GPT-2,Grandparent,0.09871482409665149,0.06226243501677539,0,dq
Single tree,GPT-2,Parent,-0.08273804531568454,0.06884090412272603,1,ts
Single tree,GPT-2,Parent,-0.15008989436187029,-0.008000796217403565,1,eb
