Model,Grid distance,Representation distance
Our model,1,131.635009765625
Our model,1,132.01438903808594
Our model,1,161.928955078125
Our model,1,124.5558853149414
Our model,1,162.29299926757812
Our model,1,115.82787322998047
Our model,1,100.01107025146484
Our model,1,123.85578918457031
Our model,1,187.8175811767578
Our model,1,447.2352600097656
Our model,1,172.3960723876953
Our model,1,339.0660095214844
Our model,1,98.74583435058594
Our model,1,138.8006134033203
Our model,1,125.32177734375
Our model,1,200.9101104736328
Our model,1,138.87026977539062
Our model,1,120.37397003173828
Our model,1,108.1047134399414
Our model,1,217.2071990966797
Our model,1,152.01931762695312
Our model,1,108.76303100585938
Our model,1,99.93183898925781
Our model,1,149.43736267089844
Our model,1,121.51727294921875
Our model,1,147.46640014648438
Our model,1,148.53012084960938
Our model,1,123.33187103271484
Our model,1,125.53397369384766
Our model,1,107.32254028320312
Our model,1,353.2232666015625
Our model,1,129.13929748535156
Our model,1,116.88737487792969
Our model,1,108.37147521972656
Our model,1,390.7533264160156
Our model,1,164.51470947265625
Our model,1,144.4482421875
Our model,1,176.6661376953125
Our model,1,164.38742065429688
Our model,1,136.31712341308594
Our model,1,152.74020385742188
Our model,1,118.89041900634766
Our model,1,141.54296875
Our model,1,134.51197814941406
Our model,1,116.04216766357422
Our model,1,117.9808578491211
Our model,1,130.8672637939453
Our model,1,124.95225524902344
Our model,1,142.28761291503906
Our model,1,125.1134033203125
Our model,1,127.74654388427734
Our model,1,122.7417984008789
Our model,1,179.5134735107422
Our model,1,125.5060043334961
Our model,1,103.76001739501953
Our model,1,147.54302978515625
Our model,1,116.15811157226562
Our model,1,145.19667053222656
Our model,1,154.36941528320312
Our model,1,178.36965942382812
Our model,1,118.88575744628906
Our model,1,144.77304077148438
Our model,1,184.70338439941406
Our model,1,138.54238891601562
Our model,1,194.4775848388672
Our model,1,124.952392578125
Our model,1,110.76520538330078
Our model,1,133.35391235351562
Our model,1,121.39740753173828
Our model,1,214.26300048828125
Our model,1,117.95453643798828
Our model,1,144.9512176513672
Our model,1,129.5577392578125
Our model,1,133.0476837158203
Our model,1,135.35597229003906
Our model,1,122.76787567138672
Our model,1,174.95394897460938
Our model,1,127.30207824707031
Our model,1,112.77241516113281
Our model,1,151.31619262695312
Our model,1,113.20549774169922
Our model,1,105.02835083007812
Our model,1,100.72566986083984
Our model,1,162.60057067871094
Our model,1,391.6624450683594
Our model,1,529.5009155273438
Our model,1,292.8034362792969
Our model,1,290.5193176269531
Our model,1,133.0336456298828
Our model,1,122.43595123291016
Our model,1,110.78466796875
Our model,1,130.42491149902344
Our model,1,95.29948425292969
Our model,1,112.51380157470703
Our model,1,130.2469940185547
Our model,1,116.45260620117188
Our model,1,122.55803680419922
Our model,1,128.63917541503906
Our model,1,169.28024291992188
Our model,1,140.45416259765625
Our model,1,125.60072326660156
Our model,1,127.50955200195312
Our model,1,100.24541473388672
Our model,1,117.22284698486328
Our model,1,133.16331481933594
Our model,1,181.62924194335938
Our model,1,174.73097229003906
Our model,1,165.46466064453125
Our model,1,120.45567321777344
Our model,1,188.41526794433594
Our model,1,129.406005859375
Our model,1,150.8072052001953
Our model,1,175.04759216308594
Our model,1,127.07659149169922
Our model,1,157.4283905029297
Our model,1,136.3980255126953
Our model,1,126.14911651611328
Our model,1,117.72246551513672
Our model,1,165.6150665283203
Our model,1,128.46450805664062
Our model,1,119.01565551757812
Our model,1,127.92308044433594
Our model,1,168.1236572265625
Our model,1,119.48250579833984
Our model,1,99.6922378540039
Our model,1,164.30816650390625
Our model,1,102.49114990234375
Our model,1,162.2083740234375
Our model,1,169.5713653564453
Our model,1,118.5602798461914
Our model,1,145.74778747558594
Our model,1,179.8989715576172
Our model,1,129.91673278808594
Our model,1,149.91453552246094
Our model,1,194.0714111328125
Our model,1,134.06863403320312
Our model,1,181.65667724609375
Our model,1,139.7025909423828
Our model,1,102.9381103515625
Our model,1,130.60398864746094
Our model,1,113.17280578613281
Our model,1,197.9300079345703
Our model,1,137.38075256347656
Our model,1,220.58364868164062
Our model,1,126.92988586425781
Our model,1,140.14781188964844
Our model,1,137.67970275878906
Our model,1,143.185546875
Our model,1,162.3237762451172
Our model,1,133.8442840576172
Our model,1,100.31712341308594
Our model,1,103.09771728515625
Our model,1,100.93018341064453
Our model,1,110.89038848876953
Our model,1,137.03665161132812
Our model,1,117.12615203857422
Our model,1,176.17327880859375
Our model,1,140.29473876953125
Our model,1,174.2581024169922
Our model,1,144.6696014404297
Our model,1,135.4937286376953
Our model,1,159.61236572265625
Our model,1,169.4095916748047
Our model,1,121.6234359741211
Our model,1,92.42066192626953
Our model,1,101.23898315429688
Our model,1,106.26813507080078
Our model,1,138.3769073486328
Our model,1,486.2767333984375
Our model,1,544.1016845703125
Our model,1,428.2778625488281
Our model,1,377.9788818359375
Our model,1,141.0774383544922
Our model,1,97.25881958007812
Our model,1,102.27135467529297
Our model,1,136.87962341308594
Our model,1,88.46932220458984
Our model,1,98.89823913574219
Our model,1,99.3685073852539
Our model,1,141.841796875
Our model,1,119.59429931640625
Our model,1,129.79957580566406
Our model,1,149.92100524902344
Our model,1,125.76624298095703
Our model,1,150.89056396484375
Our model,1,112.05929565429688
Our model,1,91.8169174194336
Our model,1,117.63140869140625
Our model,1,111.55284118652344
Our model,1,107.22437286376953
Our model,1,147.15817260742188
Our model,1,145.18960571289062
Our model,1,124.5798568725586
Our model,1,152.82131958007812
Our model,1,134.27574157714844
Our model,1,150.94827270507812
Our model,1,157.747802734375
Our model,1,116.08246612548828
Our model,1,120.278076171875
Our model,1,155.14801025390625
Our model,1,121.21735382080078
Our model,1,145.8976593017578
Our model,1,124.15731811523438
Our model,1,150.69741821289062
Our model,1,118.87440490722656
Our model,1,147.30718994140625
Our model,1,159.59652709960938
Our model,1,141.40692138671875
Our model,1,139.45945739746094
Our model,1,126.00541687011719
Our model,1,142.40309143066406
Our model,1,183.23194885253906
Our model,1,114.30673217773438
Our model,1,109.69849395751953
Our model,1,106.03369903564453
Our model,1,279.590087890625
Our model,1,159.81057739257812
Our model,1,121.69190216064453
Our model,1,113.40499877929688
Our model,1,257.60980224609375
Our model,1,256.1754150390625
Our model,1,131.3071746826172
Our model,1,106.34404754638672
Our model,1,104.5794677734375
Our model,1,270.1748962402344
Our model,1,138.57774353027344
Our model,1,132.85520935058594
Our model,1,148.9388427734375
Our model,1,128.5918731689453
Our model,1,123.51134490966797
Our model,1,139.26170349121094
Our model,1,164.44891357421875
Our model,1,99.45976257324219
Our model,1,127.09658813476562
Our model,1,132.89881896972656
Our model,1,158.07818603515625
Our model,1,169.57972717285156
Our model,1,136.39910888671875
Our model,1,124.69318389892578
Our model,1,156.3951416015625
Our model,1,210.34130859375
Our model,1,174.5149383544922
Our model,1,148.60406494140625
Our model,1,133.7251434326172
Our model,1,107.08163452148438
Our model,1,145.7873077392578
Our model,1,124.68765258789062
Our model,1,113.98780059814453
Our model,1,123.9876937866211
Our model,1,133.6146240234375
Our model,1,94.07833099365234
Our model,1,160.8782196044922
Our model,1,146.17800903320312
Our model,1,136.96890258789062
Our model,1,126.86419677734375
Our model,1,153.6876678466797
Our model,1,134.4748077392578
Our model,1,121.48077392578125
Our model,1,101.54940032958984
Our model,1,95.8479232788086
Our model,1,187.99363708496094
Our model,1,118.84135437011719
Our model,1,144.3875732421875
Our model,1,150.27581787109375
Our model,1,162.63906860351562
Our model,1,124.7115707397461
Our model,1,162.9958953857422
Our model,1,131.37396240234375
Our model,1,104.6071548461914
Our model,1,140.83848571777344
Our model,1,109.06137084960938
Our model,1,139.9656982421875
Our model,1,111.49667358398438
Our model,1,105.71437072753906
Our model,1,146.8338165283203
Our model,1,140.45220947265625
Our model,1,164.24447631835938
Our model,1,133.54083251953125
Our model,1,153.754638671875
Our model,1,153.40989685058594
Our model,1,104.39610290527344
Our model,1,154.7524871826172
Our model,1,150.1617431640625
Our model,1,98.97308349609375
Our model,1,135.1752166748047
Our model,1,131.82171630859375
Our model,1,372.80511474609375
Our model,1,363.33087158203125
Our model,1,121.38227081298828
Our model,1,104.91374206542969
Our model,1,119.42835235595703
Our model,1,121.80217742919922
Our model,1,123.06134033203125
Our model,1,116.58963775634766
Our model,1,117.94271850585938
Our model,1,99.55292510986328
Our model,1,128.6855926513672
Our model,1,126.48348999023438
Our model,1,152.06654357910156
Our model,1,160.79502868652344
Our model,1,128.0340576171875
Our model,1,121.93376922607422
Our model,1,142.82179260253906
Our model,1,135.3621368408203
Our model,1,129.3568572998047
Our model,1,124.13780212402344
Our model,1,125.59349060058594
Our model,1,105.62145233154297
Our model,1,175.1953582763672
Our model,1,167.67752075195312
Our model,1,127.53765869140625
Our model,1,133.18386840820312
Our model,1,112.38123321533203
Our model,1,136.158447265625
Our model,1,148.65321350097656
Our model,1,116.01690673828125
Our model,1,129.72866821289062
Our model,1,110.46815490722656
Our model,1,109.93113708496094
Our model,1,118.25861358642578
Our model,1,124.30081176757812
Our model,1,131.29443359375
Our model,1,155.21531677246094
Our model,1,138.1663818359375
Our model,1,121.67847442626953
Our model,1,112.25602722167969
Our model,1,134.23435974121094
Our model,1,127.02020263671875
Our model,1,91.47164154052734
Our model,1,110.1895523071289
Our model,1,144.101806640625
Our model,1,113.39496612548828
Our model,1,167.52174377441406
Our model,1,121.66519165039062
Our model,1,117.40721130371094
Our model,1,153.1363525390625
Our model,1,139.28042602539062
Our model,1,108.06861877441406
Our model,1,136.49940490722656
Our model,1,120.15460968017578
Our model,1,124.38717651367188
Our model,1,137.42369079589844
Our model,1,110.1452407836914
Our model,1,109.32063293457031
Our model,1,131.90231323242188
Our model,1,133.1646728515625
Our model,1,128.14268493652344
Our model,1,108.39433288574219
Our model,1,157.65829467773438
Our model,1,103.25703430175781
Our model,1,153.17274475097656
Our model,1,139.3424072265625
Our model,1,111.11202239990234
Our model,1,124.27059936523438
Our model,1,137.7125701904297
Our model,1,146.7664794921875
Our model,1,112.54949951171875
Our model,1,167.19085693359375
Our model,1,138.14720153808594
Our model,1,110.32963562011719
Our model,1,164.57693481445312
Our model,1,115.8781967163086
Our model,1,145.81640625
Our model,1,128.66384887695312
Our model,1,100.63784790039062
Our model,1,124.10963439941406
Our model,1,110.17789459228516
Our model,1,138.73435974121094
Our model,1,128.84735107421875
Our model,1,169.7086639404297
Our model,1,116.71797180175781
Our model,1,131.78578186035156
Our model,1,125.4727554321289
Our model,1,146.75787353515625
Our model,1,140.48606872558594
Our model,1,114.6636962890625
Our model,1,128.9206085205078
Our model,1,163.86451721191406
Our model,1,110.27727508544922
Our model,1,104.31282806396484
Our model,1,145.0520477294922
Our model,1,153.48538208007812
Our model,1,160.49041748046875
Our model,1,127.86316680908203
Our model,1,236.40892028808594
Our model,1,149.3605194091797
Our model,1,280.8941955566406
Our model,1,120.09004974365234
Our model,1,101.08834075927734
Our model,1,114.8818359375
Our model,1,123.11710357666016
Our model,1,143.78802490234375
Our model,1,165.71343994140625
Our model,1,131.1726531982422
Our model,1,148.4165802001953
Our model,1,140.06655883789062
Our model,1,131.6187286376953
Our model,1,123.53264617919922
Our model,1,153.34576416015625
Our model,1,108.61510467529297
Our model,1,143.513427734375
Our model,1,116.609375
Our model,1,114.6343002319336
Our model,1,99.01765441894531
Our model,1,150.70639038085938
Our model,1,137.98336791992188
Our model,1,128.85995483398438
Our model,1,140.74697875976562
Our model,1,132.8427734375
Our model,1,127.16215515136719
Our model,1,169.76531982421875
Our model,1,134.24459838867188
Our model,1,96.04499816894531
Our model,1,128.4561309814453
Our model,1,86.99177551269531
Our model,1,106.01815795898438
Our model,1,121.15800476074219
Our model,1,132.06861877441406
Our model,1,129.96438598632812
Our model,1,99.78120422363281
Our model,1,109.65690612792969
Our model,1,92.8194580078125
Our model,1,160.33868408203125
Our model,1,186.68458557128906
Our model,1,195.8111114501953
Our model,1,143.45108032226562
Our model,1,123.44861602783203
Our model,1,176.79591369628906
Our model,1,129.2161407470703
Our model,1,122.65829467773438
Our model,1,145.6431427001953
Our model,1,272.3009033203125
Our model,1,119.96903228759766
Our model,1,126.8565673828125
Our model,1,119.15933227539062
Our model,1,289.48565673828125
Our model,1,410.40283203125
Our model,1,128.6646270751953
Our model,1,102.99344635009766
Our model,1,124.6878433227539
Our model,1,559.4166870117188
Our model,1,142.94888305664062
Our model,1,134.70790100097656
Our model,1,157.64842224121094
Our model,1,197.3730926513672
Our model,1,171.9246368408203
Our model,1,96.3697738647461
Our model,1,158.14622497558594
Our model,1,103.08871459960938
Our model,1,160.2939910888672
Our model,1,135.06060791015625
Our model,1,163.1051788330078
Our model,1,128.63873291015625
Our model,1,110.02792358398438
Our model,1,134.3570556640625
Our model,1,140.99026489257812
Our model,1,138.79803466796875
Our model,1,106.51366424560547
Our model,1,159.94972229003906
Our model,1,105.82244873046875
Our model,1,116.98567199707031
Our model,1,138.85186767578125
Our model,1,95.66787719726562
Our model,1,110.66029357910156
Our model,1,118.43042755126953
Our model,1,149.32257080078125
Our model,1,131.93658447265625
Our model,1,131.65380859375
Our model,1,138.99098205566406
Our model,1,131.23947143554688
Our model,1,119.15174865722656
Our model,1,138.28860473632812
Our model,1,101.6313247680664
Our model,1,157.2230682373047
Our model,1,111.25643920898438
Our model,1,91.1159896850586
Our model,1,183.58656311035156
Our model,1,149.8009490966797
Our model,1,147.20164489746094
Our model,1,135.2318878173828
Our model,1,142.48443603515625
Our model,1,133.65057373046875
Our model,1,160.37979125976562
Our model,1,133.26788330078125
Our model,1,95.21903228759766
Our model,1,172.4818572998047
Our model,1,176.6311492919922
Our model,1,171.56312561035156
Our model,1,203.1095733642578
Our model,1,185.68309020996094
Our model,1,132.09747314453125
Our model,1,151.55191040039062
Our model,1,148.96888732910156
Our model,1,125.3539810180664
Our model,1,173.35870361328125
Our model,1,150.63632202148438
Our model,1,108.90516662597656
Our model,1,113.12613677978516
Our model,1,107.30233001708984
Our model,1,130.98121643066406
Our model,1,138.1722412109375
Our model,1,164.12033081054688
Our model,1,127.95108032226562
Our model,1,121.33885955810547
Our model,1,129.464599609375
Our model,1,150.2113494873047
Our model,1,122.9540023803711
Our model,1,129.43881225585938
Our model,1,96.08039855957031
Our model,1,107.61067962646484
Our model,1,126.73160552978516
Our model,1,131.7266082763672
Our model,1,134.49301147460938
Our model,1,98.15380096435547
Our model,1,105.94402313232422
Our model,1,103.25206756591797
Our model,1,127.53155517578125
Our model,1,126.4518051147461
Our model,1,100.04945373535156
Our model,1,122.25346374511719
Our model,1,129.0186004638672
Our model,1,179.54135131835938
Our model,1,140.7418212890625
Our model,1,130.72430419921875
Our model,1,123.00233459472656
Our model,1,110.58897399902344
Our model,1,120.90808868408203
Our model,1,117.92207336425781
Our model,1,137.70794677734375
Our model,1,125.24954223632812
Our model,1,97.17378234863281
Our model,1,127.54495239257812
Our model,1,90.3037109375
Our model,1,157.73899841308594
Our model,1,115.46827697753906
Our model,1,128.9781494140625
Our model,1,221.9880828857422
Our model,1,184.98114013671875
Our model,1,132.64398193359375
Our model,1,116.16868591308594
Our model,1,150.83033752441406
Our model,1,127.98127746582031
Our model,1,143.15773010253906
Our model,1,123.59964752197266
Our model,1,95.08212280273438
Our model,1,128.80987548828125
Our model,1,130.17453002929688
Our model,1,193.1833953857422
Our model,1,129.08355712890625
Our model,1,142.90469360351562
Our model,1,142.3582000732422
Our model,1,113.50353240966797
Our model,1,118.12097930908203
Our model,1,115.83521270751953
Our model,1,136.09414672851562
Our model,1,114.0702896118164
Our model,1,153.70230102539062
Our model,1,120.00566101074219
Our model,1,151.84068298339844
Our model,1,181.82449340820312
Our model,1,152.06822204589844
Our model,1,129.49403381347656
Our model,1,127.62422180175781
Our model,1,78.56375122070312
Our model,1,127.62527465820312
Our model,1,169.74354553222656
Our model,1,114.49363708496094
Our model,1,132.04054260253906
Our model,1,112.75737762451172
Our model,1,137.64414978027344
Our model,1,126.99174499511719
Our model,1,134.38406372070312
Our model,1,143.45433044433594
Our model,1,116.70111846923828
Our model,1,146.2447052001953
Our model,1,124.22270202636719
Our model,1,95.87397766113281
Our model,1,105.71100616455078
Our model,1,95.39944458007812
Our model,1,192.65460205078125
Our model,1,126.02259826660156
Our model,1,190.33187866210938
Our model,1,133.1748504638672
Our model,1,136.4227752685547
Our model,1,164.9734344482422
Our model,1,135.81166076660156
Our model,1,144.7269287109375
Our model,1,133.10362243652344
Our model,1,106.70391082763672
Our model,1,156.9768524169922
Our model,1,233.88182067871094
Our model,1,103.82444763183594
Our model,1,267.7538757324219
Our model,1,314.12286376953125
Our model,1,153.94259643554688
Our model,1,145.1476593017578
Our model,1,161.02597045898438
Our model,1,160.92349243164062
Our model,1,129.49853515625
Our model,1,124.36111450195312
Our model,1,102.33409881591797
Our model,1,136.35931396484375
Our model,1,98.94513702392578
Our model,1,142.0410614013672
Our model,1,133.9756317138672
Our model,1,156.96250915527344
Our model,1,205.58102416992188
Our model,1,178.00047302246094
Our model,1,124.7603530883789
Our model,1,129.5966339111328
Our model,1,139.69497680664062
Our model,1,175.41748046875
Our model,1,179.0006561279297
Our model,1,139.33370971679688
Our model,1,101.98099517822266
Our model,1,117.69263458251953
Our model,1,104.15027618408203
Our model,1,119.96236419677734
Our model,1,203.66668701171875
Our model,1,149.40565490722656
Our model,1,128.28790283203125
Our model,1,123.08006286621094
Our model,1,183.98573303222656
Our model,1,121.25740051269531
Our model,1,94.59317016601562
Our model,1,118.46868896484375
Our model,1,90.3458480834961
Our model,1,97.75211334228516
Our model,1,125.77958679199219
Our model,1,136.95472717285156
Our model,1,129.64996337890625
Our model,1,133.95770263671875
Our model,1,127.50861358642578
Our model,1,123.37093353271484
Our model,1,154.07518005371094
Our model,1,137.70431518554688
Our model,1,93.30329132080078
Our model,1,138.8027801513672
Our model,1,212.56863403320312
Our model,1,210.48092651367188
Our model,1,190.24609375
Our model,1,155.23333740234375
Our model,1,125.36537170410156
Our model,1,131.49095153808594
Our model,1,141.05581665039062
Our model,1,232.38059997558594
Our model,1,244.015869140625
Our model,1,227.74676513671875
Our model,1,104.63275909423828
Our model,1,218.67820739746094
Our model,1,227.5643310546875
Our model,1,267.6551818847656
Our model,1,139.25823974609375
Our model,1,134.73428344726562
Our model,1,144.9161834716797
Our model,1,132.95535278320312
Our model,1,136.2828826904297
Our model,1,129.2494354248047
Our model,1,159.66830444335938
Our model,1,129.2135009765625
Our model,1,134.13406372070312
Our model,1,155.06715393066406
Our model,1,97.33206176757812
Our model,1,150.16342163085938
Our model,1,136.45263671875
Our model,1,107.35645294189453
Our model,1,139.93458557128906
Our model,1,143.72264099121094
Our model,1,133.6591339111328
Our model,1,175.92324829101562
Our model,1,150.60089111328125
Our model,1,138.8933868408203
Our model,1,128.37559509277344
Our model,1,190.5307159423828
Our model,1,139.406982421875
Our model,1,126.58873748779297
Our model,1,159.0128631591797
Our model,1,149.1632843017578
Our model,1,148.91024780273438
Our model,1,130.3588104248047
Our model,1,155.13955688476562
Our model,1,151.675048828125
Our model,1,160.56153869628906
Our model,1,120.4045639038086
Our model,1,121.02092742919922
Our model,1,124.52713775634766
Our model,1,109.97618103027344
Our model,1,105.48406219482422
Our model,1,132.3520050048828
Our model,1,141.77024841308594
Our model,1,131.0113525390625
Our model,1,184.89291381835938
Our model,1,126.68565368652344
Our model,1,127.83961486816406
Our model,1,136.0717315673828
Our model,1,214.09481811523438
Our model,1,186.73306274414062
Our model,1,136.2235565185547
Our model,1,127.97311401367188
Our model,1,160.26345825195312
Our model,1,164.0986328125
Our model,1,147.88160705566406
Our model,1,142.5516815185547
Our model,1,129.50772094726562
Our model,1,126.54338073730469
Our model,1,180.22340393066406
Our model,1,128.682861328125
Our model,1,136.8727569580078
Our model,1,91.9183578491211
Our model,1,187.7986602783203
Our model,1,164.4291534423828
Our model,1,107.92337036132812
Our model,1,147.06590270996094
Our model,1,224.04612731933594
Our model,1,147.8379669189453
Our model,1,130.6775360107422
Our model,1,134.07521057128906
Our model,1,124.01063537597656
Our model,1,182.8792266845703
Our model,1,134.9263458251953
Our model,1,104.697509765625
Our model,1,137.182373046875
Our model,1,113.76737976074219
Our model,1,101.79011535644531
Our model,1,120.62049102783203
Our model,1,130.08839416503906
Our model,1,139.09361267089844
Our model,1,139.1915283203125
Our model,1,125.8613052368164
Our model,1,150.9699249267578
Our model,1,124.66986846923828
Our model,1,156.97267150878906
Our model,1,122.97359466552734
Our model,1,125.49565124511719
Our model,1,124.75511932373047
Our model,1,128.60678100585938
Our model,1,164.54833984375
Our model,1,214.51072692871094
Our model,1,162.0830078125
Our model,1,120.93235778808594
Our model,1,154.21742248535156
Our model,1,150.91543579101562
Our model,1,144.15545654296875
Our model,1,119.56180572509766
Our model,1,99.2077865600586
Our model,1,150.1823272705078
Our model,1,105.93645477294922
Our model,1,97.90000915527344
Our model,1,140.3518524169922
Our model,1,139.1593780517578
Our model,1,140.8672332763672
Our model,1,130.43312072753906
Our model,1,133.08604431152344
Our model,1,171.5720977783203
Our model,1,174.93807983398438
Our model,1,150.1728057861328
Our model,1,94.04609680175781
Our model,1,131.85035705566406
Our model,1,105.33787536621094
Our model,1,156.99679565429688
Our model,1,125.02110290527344
Our model,1,114.4985122680664
Our model,1,133.75714111328125
Our model,1,127.52945709228516
Our model,1,146.563232421875
Our model,1,151.55128479003906
Our model,1,134.56703186035156
Our model,1,118.09208679199219
Our model,1,755.4119262695312
Our model,1,120.96644592285156
Our model,1,118.84101104736328
Our model,1,95.9131088256836
Our model,1,696.5950317382812
Our model,1,162.2352294921875
Our model,1,124.3949203491211
Our model,1,144.5340576171875
Our model,1,178.92831420898438
Our model,1,107.4117431640625
Our model,1,155.5394744873047
Our model,1,117.36952209472656
Our model,1,96.21155548095703
Our model,1,134.52210998535156
Our model,1,92.57633209228516
Our model,1,109.31896209716797
Our model,1,120.51396942138672
Our model,1,181.82681274414062
Our model,1,139.0989227294922
Our model,1,130.26588439941406
Our model,1,159.7976837158203
Our model,1,130.84715270996094
Our model,1,104.5707015991211
Our model,1,133.394287109375
Our model,1,94.14273834228516
Our model,1,141.6372528076172
Our model,1,132.10418701171875
Our model,1,124.55073547363281
Our model,1,122.94054412841797
Our model,1,123.30110931396484
Our model,1,121.49563598632812
Our model,1,113.72419738769531
Our model,1,97.30538177490234
Our model,1,126.70391845703125
Our model,1,105.1836166381836
Our model,1,163.41163635253906
Our model,1,98.55420684814453
Our model,1,134.00392150878906
Our model,1,122.7855453491211
Our model,1,159.1005096435547
Our model,1,134.2429962158203
Our model,1,124.98977661132812
Our model,1,150.34849548339844
Our model,1,121.17932891845703
Our model,1,129.75616455078125
Our model,1,122.72811126708984
Our model,1,96.55744171142578
Our model,1,159.44496154785156
Our model,1,168.5893096923828
Our model,1,174.66448974609375
Our model,1,152.77279663085938
Our model,1,170.04910278320312
Our model,1,144.044677734375
Our model,1,136.2716827392578
Our model,1,134.07205200195312
Our model,1,152.06707763671875
Our model,1,131.8838348388672
Our model,1,120.07048797607422
Our model,1,165.58387756347656
Our model,1,138.69784545898438
Our model,1,158.75328063964844
Our model,1,108.24744415283203
Our model,1,155.4744873046875
Our model,1,193.93502807617188
Our model,1,136.8794708251953
Our model,1,133.240478515625
Our model,1,153.85546875
Our model,1,122.27903747558594
Our model,1,98.22650146484375
Our model,1,118.76821899414062
Our model,1,120.82449340820312
Our model,1,97.77571105957031
Our model,1,113.02286529541016
Our model,1,153.95802307128906
Our model,1,349.69244384765625
Our model,1,117.13909912109375
Our model,1,368.14910888671875
Our model,1,116.70368194580078
Our model,1,104.0421142578125
Our model,1,174.3004150390625
Our model,1,105.09403228759766
Our model,1,175.697509765625
Our model,1,141.51226806640625
Our model,1,136.15538024902344
Our model,1,140.51548767089844
Our model,1,136.81594848632812
Our model,1,197.96377563476562
Our model,1,133.37762451171875
Our model,1,157.6766357421875
Our model,1,110.34927368164062
Our model,1,115.64763641357422
Our model,1,143.17689514160156
Our model,1,95.55099487304688
Our model,1,193.6901092529297
Our model,1,148.4763641357422
Our model,1,193.1515350341797
Our model,1,117.17060852050781
Our model,1,142.64894104003906
Our model,1,133.93495178222656
Our model,1,131.04969787597656
Our model,1,162.4502716064453
Our model,1,139.36001586914062
Our model,1,132.3614501953125
Our model,1,130.3549041748047
Our model,1,137.7249755859375
Our model,1,157.9280242919922
Our model,1,129.67691040039062
Our model,1,108.01522827148438
Our model,1,137.84202575683594
Our model,1,165.98910522460938
Our model,1,120.52561950683594
Our model,1,130.70285034179688
Our model,1,141.8999786376953
Our model,1,143.89910888671875
Our model,1,126.962646484375
Our model,1,131.59864807128906
Our model,1,103.15609741210938
Our model,1,97.41921997070312
Our model,1,153.40232849121094
Our model,1,144.84898376464844
Our model,1,179.31402587890625
Our model,1,139.45970153808594
Our model,1,145.0529022216797
Our model,1,121.29210662841797
Our model,1,127.11209869384766
Our model,1,162.90480041503906
Our model,1,771.1245727539062
Our model,1,131.10890197753906
Our model,1,133.33389282226562
Our model,1,101.99129486083984
Our model,1,703.3046264648438
Our model,1,162.69309997558594
Our model,1,125.83992004394531
Our model,1,167.90455627441406
Our model,1,135.2381591796875
Our model,1,122.72181701660156
Our model,1,137.2545623779297
Our model,1,126.2901382446289
Our model,1,111.3122787475586
Our model,1,125.42245483398438
Our model,1,132.0950469970703
Our model,1,104.77300262451172
Our model,1,151.02935791015625
Our model,1,179.42222595214844
Our model,1,122.32132720947266
Our model,1,123.43865966796875
Our model,1,116.88145446777344
Our model,1,148.91433715820312
Our model,1,253.8109130859375
Our model,1,189.20050048828125
Our model,1,104.17041778564453
Our model,1,225.34339904785156
Our model,1,172.6416473388672
Our model,1,332.08050537109375
Our model,1,130.12852478027344
Our model,1,134.92385864257812
Our model,1,158.0593719482422
Our model,1,169.3596649169922
Our model,1,121.10924530029297
Our model,1,140.37144470214844
Our model,1,178.21511840820312
Our model,1,135.43807983398438
Our model,1,122.75437927246094
Our model,1,125.47880554199219
Our model,1,101.06856536865234
Our model,1,150.22738647460938
Our model,1,142.94125366210938
Our model,1,115.1468505859375
Our model,1,124.8126220703125
Our model,1,173.86117553710938
Our model,1,143.83714294433594
Our model,1,116.64881134033203
Our model,1,116.18119049072266
Our model,1,155.10301208496094
Our model,1,167.40977478027344
Our model,1,133.6710662841797
Our model,1,102.82241821289062
Our model,1,108.5727310180664
Our model,1,182.00721740722656
Our model,1,140.29164123535156
Our model,1,121.88887786865234
Our model,1,146.67491149902344
Our model,1,124.19039154052734
Our model,1,141.9564971923828
Our model,1,151.7418212890625
Our model,1,134.75975036621094
Our model,1,103.88180541992188
Our model,1,122.3343276977539
Our model,1,89.78177642822266
Our model,1,94.70213317871094
Our model,1,142.5497589111328
Our model,1,134.86700439453125
Our model,1,219.4597625732422
Our model,1,200.91751098632812
Our model,1,313.831298828125
Our model,1,271.6002197265625
Our model,1,143.18650817871094
Our model,1,89.70066833496094
Our model,1,88.97067260742188
Our model,1,144.54627990722656
Our model,1,93.43351745605469
Our model,1,134.70387268066406
Our model,1,96.30827331542969
Our model,1,114.45487976074219
Our model,1,101.22667694091797
Our model,1,170.9109649658203
Our model,1,122.80397033691406
Our model,1,140.45330810546875
Our model,1,135.8809814453125
Our model,1,138.34112548828125
Our model,1,139.2719268798828
Our model,1,178.17739868164062
Our model,1,138.64170837402344
Our model,1,99.61876678466797
Our model,1,184.4025115966797
Our model,1,198.43109130859375
Our model,1,124.74617767333984
Our model,1,155.370849609375
Our model,1,103.29338836669922
Our model,1,103.75651550292969
Our model,1,129.83009338378906
Our model,1,129.91822814941406
Our model,1,101.21786499023438
Our model,1,121.11138916015625
Our model,1,109.18244934082031
Our model,1,137.19033813476562
Our model,1,132.13186645507812
Our model,1,115.5995864868164
Our model,1,125.38981628417969
Our model,1,153.1336212158203
Our model,1,122.17979431152344
Our model,1,126.78838348388672
Our model,1,155.58370971679688
Our model,1,105.47642517089844
Our model,1,113.37647247314453
Our model,1,109.6371078491211
Our model,1,109.04729461669922
Our model,1,139.64027404785156
Our model,1,119.18115997314453
Our model,1,139.42019653320312
Our model,1,100.96392822265625
Our model,1,124.57077026367188
Our model,1,144.2982177734375
Our model,1,107.77861022949219
Our model,1,108.77938079833984
Our model,1,124.05308532714844
Our model,1,129.86083984375
Our model,1,413.6440124511719
Our model,1,126.58934783935547
Our model,1,510.694580078125
Our model,1,158.19720458984375
Our model,1,97.54460906982422
Our model,1,144.21087646484375
Our model,1,147.701904296875
Our model,1,174.80126953125
Our model,1,110.62342071533203
Our model,1,100.84561157226562
Our model,1,117.74020385742188
Our model,1,114.36029052734375
Our model,1,99.18417358398438
Our model,1,129.60235595703125
Our model,1,143.8642120361328
Our model,1,107.67460632324219
Our model,1,150.43984985351562
Our model,1,123.93722534179688
Our model,1,159.58824157714844
Our model,1,97.61588287353516
Our model,1,141.8211212158203
Our model,1,116.55023956298828
Our model,1,133.9613800048828
Our model,1,135.64700317382812
Our model,1,130.9141845703125
Our model,1,128.53562927246094
Our model,1,152.42027282714844
Our model,1,234.29713439941406
Our model,1,160.51966857910156
Our model,1,91.33856201171875
Our model,1,175.1461944580078
Our model,1,142.6306915283203
Our model,1,224.60009765625
Our model,1,156.42648315429688
Our model,1,136.4292755126953
Our model,1,128.88430786132812
Our model,1,169.92221069335938
Our model,1,154.24879455566406
Our model,1,141.58070373535156
Our model,1,134.89369201660156
Our model,1,145.9920196533203
Our model,1,159.14048767089844
Our model,1,114.73970031738281
Our model,1,106.80017852783203
Our model,1,113.76129913330078
Our model,1,103.23420715332031
Our model,1,127.28215789794922
Our model,1,113.51271057128906
Our model,1,168.59986877441406
Our model,1,111.92938995361328
Our model,1,144.41937255859375
Our model,1,125.38343811035156
Our model,1,82.14398956298828
Our model,1,137.7483367919922
Our model,1,127.00532531738281
Our model,1,150.7206573486328
Our model,1,96.76963806152344
Our model,1,120.72177124023438
Our model,1,224.2364959716797
Our model,1,125.029541015625
Our model,1,137.5857696533203
Our model,1,137.22039794921875
Our model,1,127.5916519165039
Our model,1,160.4197998046875
Our model,1,119.9263916015625
Our model,1,96.36556243896484
Our model,1,170.7484893798828
Our model,1,84.62154388427734
Our model,1,201.89309692382812
Our model,1,129.57460021972656
Our model,1,124.60367584228516
Our model,1,108.00929260253906
Our model,1,128.1117401123047
Our model,1,148.8882293701172
Our model,1,108.97518157958984
Our model,1,153.6002197265625
Our model,1,97.38653564453125
Our model,1,102.33780670166016
Our model,1,153.0735626220703
Our model,1,105.34371948242188
Our model,1,107.6310806274414
Our model,1,135.18075561523438
Our model,1,168.38685607910156
Our model,1,127.48960876464844
Our model,1,195.8212432861328
Our model,1,110.61992645263672
Our model,1,108.46561431884766
Our model,1,123.48954772949219
Our model,1,168.16127014160156
Our model,1,122.54838562011719
Our model,1,98.4075698852539
Our model,1,120.43197631835938
Our model,1,138.6419219970703
Our model,1,116.5627670288086
Our model,1,181.07034301757812
Our model,1,137.34878540039062
Our model,1,131.13136291503906
Our model,1,124.05772399902344
Our model,1,166.16778564453125
Our model,1,104.3753662109375
Our model,1,126.41109466552734
Our model,1,122.8083267211914
Our model,1,101.9290771484375
Our model,1,156.0964813232422
Our model,1,119.3587875366211
Our model,1,147.56698608398438
Our model,1,155.4539031982422
Our model,1,132.98565673828125
Our model,1,111.59109497070312
Our model,1,124.35667419433594
Our model,1,169.75509643554688
Our model,1,84.14175415039062
Our model,1,127.28923797607422
Our model,1,139.73016357421875
Our model,1,146.1542205810547
Our model,1,129.39254760742188
Our model,1,147.44349670410156
Our model,1,126.857177734375
Our model,1,115.18722534179688
Our model,1,153.57090759277344
Our model,1,122.11921691894531
Our model,1,116.66328430175781
Our model,1,121.96094512939453
Our model,1,131.48597717285156
Our model,1,135.1451873779297
Our model,1,129.5583038330078
Our model,1,110.86146545410156
Our model,1,126.8723373413086
Our model,1,138.540283203125
Our model,1,219.8172607421875
Our model,1,203.35630798339844
Our model,1,127.45975494384766
Our model,1,128.70201110839844
Our model,1,137.36053466796875
Our model,1,138.6308135986328
Our model,1,99.66336059570312
Our model,1,120.53263092041016
Our model,1,120.17002868652344
Our model,1,152.83270263671875
Our model,1,98.20719909667969
Our model,1,126.71383666992188
Our model,1,150.2755584716797
Our model,1,162.83262634277344
Our model,1,122.87174987792969
Our model,1,131.22047424316406
Our model,1,208.20558166503906
Our model,1,109.2313232421875
Our model,1,92.46045684814453
Our model,1,166.03150939941406
Our model,1,102.07835388183594
Our model,1,155.18397521972656
Our model,1,122.2916030883789
Our model,1,155.19326782226562
Our model,1,146.91981506347656
Our model,1,209.24188232421875
Our model,1,175.49526977539062
Our model,1,178.22824096679688
Our model,1,111.40009307861328
Our model,1,120.0505599975586
Our model,1,111.68131256103516
Our model,1,116.01910400390625
Our model,1,103.65966033935547
Our model,1,91.99104309082031
Our model,1,139.3125457763672
Our model,1,152.31353759765625
Our model,1,119.27100372314453
Our model,1,137.76243591308594
Our model,1,150.26808166503906
Our model,1,121.63239288330078
Our model,1,143.44952392578125
Our model,1,120.3985595703125
Our model,1,92.10672760009766
Our model,1,144.41534423828125
Our model,1,121.96150207519531
Our model,1,112.47151947021484
Our model,1,150.6861572265625
Our model,1,159.21871948242188
Our model,1,180.68565368652344
Our model,1,139.97509765625
Our model,1,127.91533660888672
Our model,1,115.34716033935547
Our model,1,130.63165283203125
Our model,1,171.18408203125
Our model,1,150.62063598632812
Our model,1,128.0250701904297
Our model,1,150.44798278808594
Our model,1,121.29753875732422
Our model,1,100.07823944091797
Our model,1,155.16256713867188
Our model,1,135.21563720703125
Our model,1,132.73304748535156
Our model,1,140.51593017578125
Our model,1,155.84031677246094
Our model,1,129.6865692138672
Our model,1,117.09391784667969
Our model,1,85.5685806274414
Our model,1,99.08889770507812
Our model,1,74.15382385253906
Our model,1,103.06290435791016
Our model,1,119.15666961669922
Our model,1,99.74494171142578
Our model,1,114.95204162597656
Our model,1,128.2135009765625
Our model,1,174.07321166992188
Our model,1,117.43598175048828
Our model,1,139.2941131591797
Our model,1,102.21249389648438
Our model,1,116.4923095703125
Our model,1,141.9744110107422
Our model,1,100.35861206054688
Our model,1,128.4068603515625
Our model,1,122.12633514404297
Our model,1,126.50708770751953
Our model,1,141.14260864257812
Our model,1,143.04788208007812
Our model,1,252.2799072265625
Our model,1,131.10609436035156
Our model,1,161.21063232421875
Our model,1,119.6743392944336
Our model,1,114.9394302368164
Our model,1,206.60850524902344
Our model,1,124.73793029785156
Our model,1,196.1295166015625
Our model,1,120.24610900878906
Our model,1,109.40863037109375
Our model,1,130.5706787109375
Our model,1,148.78604125976562
Our model,1,129.00067138671875
Our model,1,167.16981506347656
Our model,1,125.97114562988281
Our model,1,194.03805541992188
Our model,1,97.32200622558594
Our model,1,178.20626831054688
Our model,1,168.20103454589844
Our model,1,107.41497039794922
Our model,1,121.94806671142578
Our model,1,141.15847778320312
Our model,1,92.42210388183594
Our model,1,144.9844207763672
Our model,1,158.99549865722656
Our model,1,141.5607452392578
Our model,1,120.59066009521484
Our model,1,115.03992462158203
Our model,1,128.54930114746094
Our model,1,98.79354095458984
Our model,1,104.85770416259766
Our model,1,94.78471374511719
Our model,1,136.5957794189453
Our model,1,144.04183959960938
Our model,1,138.48483276367188
Our model,1,135.78758239746094
Our model,1,134.0159912109375
Our model,1,250.5987548828125
Our model,1,97.24723815917969
Our model,1,150.20651245117188
Our model,1,185.85838317871094
Our model,1,104.88679504394531
Our model,1,144.6820831298828
Our model,1,128.7879638671875
Our model,1,257.443359375
Our model,1,141.7931365966797
Our model,1,260.97705078125
Our model,1,195.27139282226562
Our model,1,127.96389770507812
Our model,1,142.9150848388672
Our model,1,125.96045684814453
Our model,1,107.82856750488281
Our model,1,105.52296447753906
Our model,1,94.76383209228516
Our model,1,126.67537689208984
Our model,1,114.52747344970703
Our model,1,123.36041259765625
Our model,1,132.79031372070312
Our model,1,107.71653747558594
Our model,1,123.42835235595703
Our model,1,118.7557373046875
Our model,1,112.19312286376953
Our model,1,121.33757019042969
Our model,1,377.1634216308594
Our model,1,121.56766510009766
Our model,1,386.7358093261719
Our model,1,142.75404357910156
Our model,1,115.79258728027344
Our model,1,209.42710876464844
Our model,1,129.51004028320312
Our model,1,150.60079956054688
Our model,1,121.66960906982422
Our model,1,143.92684936523438
Our model,1,108.9876480102539
Our model,1,235.9596710205078
Our model,1,124.71479034423828
Our model,1,240.29513549804688
Our model,1,280.73040771484375
Our model,1,104.24127960205078
Our model,1,135.55638122558594
Our model,1,117.21190643310547
Our model,1,112.59873962402344
Our model,1,141.1509552001953
Our model,1,110.3835220336914
Our model,1,138.7757568359375
Our model,1,134.00807189941406
Our model,1,100.68901824951172
Our model,1,113.6315689086914
Our model,1,82.59008026123047
Our model,1,131.27194213867188
Our model,1,138.73265075683594
Our model,1,161.49874877929688
Our model,1,116.91944885253906
Our model,1,155.71173095703125
Our model,1,138.17039489746094
Our model,1,111.55445098876953
Our model,1,120.46898651123047
Our model,1,141.57627868652344
Our model,1,142.5725860595703
Our model,1,96.50879669189453
Our model,1,139.22439575195312
Our model,1,154.17127990722656
Our model,1,158.77268981933594
Our model,1,142.09658813476562
Our model,1,120.70866394042969
Our model,1,106.53583526611328
Our model,1,118.68844604492188
Our model,1,140.1813201904297
Our model,1,114.06867218017578
Our model,1,112.75678253173828
Our model,1,91.6269302368164
Our model,1,114.78709411621094
Our model,1,134.21597290039062
Our model,1,155.96713256835938
Our model,1,151.7434844970703
Our model,1,134.2830047607422
Our model,1,146.5022430419922
Our model,1,143.55816650390625
Our model,1,146.06309509277344
Our model,1,152.25820922851562
Our model,1,93.2813720703125
Our model,1,154.24923706054688
Our model,1,122.30567932128906
Our model,1,121.49896240234375
Our model,1,129.01638793945312
Our model,1,132.70053100585938
Our model,1,192.9268341064453
Our model,1,87.07813262939453
Our model,1,165.40948486328125
Our model,1,170.9452362060547
Our model,1,140.12249755859375
Our model,1,173.43685913085938
Our model,1,128.74110412597656
Our model,1,120.21965789794922
Our model,1,100.56189727783203
Our model,1,104.92821502685547
Our model,1,129.3162078857422
Our model,1,134.75765991210938
Our model,1,186.59707641601562
Our model,1,141.48025512695312
Our model,1,130.42630004882812
Our model,1,136.72938537597656
Our model,1,133.59024047851562
Our model,1,117.6268081665039
Our model,1,108.34053039550781
Our model,1,86.27050018310547
Our model,1,100.31937408447266
Our model,1,133.46417236328125
Our model,1,127.17302703857422
Our model,1,128.9504852294922
Our model,1,131.64015197753906
Our model,1,179.6520538330078
Our model,1,128.87318420410156
Our model,1,128.20765686035156
Our model,1,131.7123565673828
Our model,1,142.32064819335938
Our model,1,139.93092346191406
Our model,1,132.74624633789062
Our model,1,98.25811004638672
Our model,1,103.36299896240234
Our model,1,143.08096313476562
Our model,1,130.9670867919922
Our model,1,135.49411010742188
Our model,1,146.84303283691406
Our model,1,143.76443481445312
Our model,1,130.48114013671875
Our model,1,127.9455795288086
Our model,1,151.4020538330078
Our model,1,92.41268920898438
Our model,1,130.8729248046875
Our model,1,130.2561492919922
Our model,1,121.10243225097656
Our model,1,155.36517333984375
Our model,1,148.88351440429688
Our model,1,116.71451568603516
Our model,1,190.1819610595703
Our model,1,124.82482147216797
Our model,1,147.5985565185547
Our model,1,140.10870361328125
Our model,1,103.16921997070312
Our model,1,149.34445190429688
Our model,1,163.68064880371094
Our model,1,136.9326934814453
Our model,1,111.14691162109375
Our model,1,120.8592758178711
Our model,1,134.1803741455078
Our model,1,275.15557861328125
Our model,1,125.67160034179688
Our model,1,304.5562744140625
Our model,1,222.369384765625
Our model,1,131.1102752685547
Our model,1,126.45804595947266
Our model,1,100.96302032470703
Our model,1,129.6185760498047
Our model,1,109.62603759765625
Our model,1,99.49507141113281
Our model,1,126.78108215332031
Our model,1,106.34507751464844
Our model,1,195.52467346191406
Our model,1,208.64735412597656
Our model,1,179.52719116210938
Our model,1,154.8033905029297
Our model,1,128.54550170898438
Our model,1,119.23847198486328
Our model,1,114.1341323852539
Our model,1,134.29684448242188
Our model,1,96.72215270996094
Our model,1,124.70204162597656
Our model,1,125.010009765625
Our model,1,135.85189819335938
Our model,1,109.65692138671875
Our model,1,132.2491455078125
Our model,1,165.37806701660156
Our model,1,135.14830017089844
Our model,1,129.57408142089844
Our model,1,114.71925354003906
Our model,1,90.05743408203125
Our model,1,156.53404235839844
Our model,1,138.7272491455078
Our model,1,110.53809356689453
Our model,1,116.36460876464844
Our model,1,126.83133697509766
Our model,1,150.5475311279297
Our model,1,124.57024383544922
Our model,1,154.3212890625
Our model,1,129.3975372314453
Our model,1,140.57958984375
Our model,1,125.14142608642578
Our model,1,91.92790985107422
Our model,1,123.2324447631836
Our model,1,88.13411712646484
Our model,1,129.1708984375
Our model,1,142.76824951171875
Our model,1,149.21707153320312
Our model,1,87.46040344238281
Our model,1,128.2209930419922
Our model,1,121.12077331542969
Our model,1,140.94911193847656
Our model,1,131.243896484375
Our model,1,135.26345825195312
Our model,1,157.74392700195312
Our model,1,145.56126403808594
Our model,1,220.656005859375
Our model,1,100.4648208618164
Our model,1,169.38233947753906
Our model,1,237.66812133789062
Our model,1,131.7119903564453
Our model,1,125.29358673095703
Our model,1,127.26383972167969
Our model,1,125.8471908569336
Our model,1,135.1092987060547
Our model,1,124.17536926269531
Our model,1,124.92688751220703
Our model,1,176.96389770507812
Our model,1,123.9302978515625
Our model,1,196.095703125
Our model,1,131.61849975585938
Our model,1,152.33238220214844
Our model,1,110.34254455566406
Our model,1,129.5479278564453
Our model,1,135.97348022460938
Our model,1,143.34951782226562
Our model,1,127.71267700195312
Our model,1,153.58544921875
Our model,1,122.90094757080078
Our model,1,115.24945068359375
Our model,1,124.65620422363281
Our model,1,88.27490234375
Our model,1,153.86463928222656
Our model,1,101.44344329833984
Our model,1,135.27671813964844
Our model,1,140.07815551757812
Our model,1,123.88096618652344
Our model,1,125.4972915649414
Our model,1,158.1016845703125
Our model,1,132.6157684326172
Our model,1,120.13555145263672
Our model,1,133.56185913085938
Our model,1,97.71641540527344
Our model,1,156.64825439453125
Our model,1,161.96694946289062
Our model,1,134.16702270507812
Our model,1,112.99310302734375
Our model,1,99.27821350097656
Our model,1,113.2704086303711
Our model,1,134.07614135742188
Our model,1,90.04945373535156
Our model,1,129.060546875
Our model,1,137.52871704101562
Our model,1,175.2527618408203
Our model,1,184.6495819091797
Our model,1,137.75161743164062
Our model,1,134.80699157714844
Our model,1,135.65975952148438
Our model,1,130.54458618164062
Our model,1,153.35040283203125
Our model,1,127.08362579345703
Our model,1,125.06689453125
Our model,1,293.7228698730469
Our model,1,113.73224639892578
Our model,1,116.97158813476562
Our model,1,239.7335205078125
Our model,1,116.29905700683594
Our model,1,235.7753143310547
Our model,1,123.87141418457031
Our model,1,172.35902404785156
Our model,1,143.48757934570312
Our model,1,132.3458709716797
Our model,1,130.71543884277344
Our model,1,129.25938415527344
Our model,1,398.911865234375
Our model,1,125.81434631347656
Our model,1,90.27086639404297
Our model,1,362.22271728515625
Our model,1,88.17870330810547
Our model,1,350.4480285644531
Our model,1,140.70498657226562
Our model,1,186.18804931640625
Our model,1,118.38750457763672
Our model,1,128.02334594726562
Our model,1,125.89994812011719
Our model,1,117.58357238769531
Our model,1,131.46693420410156
Our model,1,105.50589752197266
Our model,1,157.1759033203125
Our model,1,123.74166107177734
Our model,1,181.3212432861328
Our model,1,116.55091857910156
Our model,1,128.24679565429688
Our model,1,245.23159790039062
Our model,1,139.98654174804688
Our model,1,148.60333251953125
Our model,1,141.70184326171875
Our model,1,148.82815551757812
Our model,1,127.50127410888672
Our model,1,100.75687408447266
Our model,1,115.55455780029297
Our model,1,102.25165557861328
Our model,1,89.76808166503906
Our model,1,104.5745620727539
Our model,1,114.60067749023438
Our model,1,137.91285705566406
Our model,1,153.62979125976562
Our model,1,135.78489685058594
Our model,1,130.0833740234375
Our model,1,136.41433715820312
Our model,1,143.98504638671875
Our model,1,150.81260681152344
Our model,1,114.5760726928711
Our model,1,104.47187042236328
Our model,1,85.94261932373047
Our model,1,118.80975341796875
Our model,1,141.65367126464844
Our model,1,136.79574584960938
Our model,1,120.52137756347656
Our model,1,219.76962280273438
Our model,1,119.58826446533203
Our model,1,135.8857879638672
Our model,1,124.13494110107422
Our model,1,265.56060791015625
Our model,1,181.12770080566406
Our model,1,129.02178955078125
Our model,1,145.8821563720703
Our model,1,114.28409576416016
Our model,1,148.84115600585938
Our model,1,140.4268341064453
Our model,1,139.44708251953125
Our model,1,239.07508850097656
Our model,1,158.5778350830078
Our model,1,143.82199096679688
Our model,1,121.11517333984375
Our model,1,201.9482421875
Our model,1,231.8300018310547
Our model,1,161.9626007080078
Our model,1,94.00150299072266
Our model,1,123.8327407836914
Our model,1,133.07066345214844
Our model,1,124.05062103271484
Our model,1,243.61363220214844
Our model,1,248.66331481933594
Our model,1,167.24758911132812
Our model,1,122.38896179199219
Our model,1,125.6244888305664
Our model,1,115.38156127929688
Our model,1,138.4733428955078
Our model,1,129.5956573486328
Our model,1,96.34282684326172
Our model,1,116.58465576171875
Our model,1,128.69618225097656
Our model,1,129.510498046875
Our model,1,130.85841369628906
Our model,1,144.15550231933594
Our model,1,119.33456420898438
Our model,1,188.12559509277344
Our model,1,228.32089233398438
Our model,1,153.09228515625
Our model,1,75.36863708496094
Our model,1,189.53048706054688
Our model,1,97.58396911621094
Our model,1,233.73226928710938
Our model,1,121.99745178222656
Our model,1,132.0733642578125
Our model,1,131.3346710205078
Our model,1,120.52698516845703
Our model,1,143.78912353515625
Our model,1,126.23368835449219
Our model,1,149.2235870361328
Our model,1,116.2965316772461
Our model,1,111.469482421875
Our model,1,135.76699829101562
Our model,1,87.84027862548828
Our model,1,162.1033172607422
Our model,1,145.5297088623047
Our model,1,132.6841583251953
Our model,1,225.62454223632812
Our model,1,135.2628936767578
Our model,1,219.1829376220703
Our model,1,171.75576782226562
Our model,1,131.34132385253906
Our model,1,123.50176239013672
Our model,1,98.07017517089844
Our model,1,124.97001647949219
Our model,1,112.01719665527344
Our model,1,94.96446990966797
Our model,1,121.68244171142578
Our model,1,135.36859130859375
Our model,1,106.1038818359375
Our model,1,178.97528076171875
Our model,1,145.7716827392578
Our model,1,116.7263412475586
Our model,1,103.21658325195312
Our model,1,117.87744903564453
Our model,1,86.75421905517578
Our model,1,110.59085083007812
Our model,1,119.43580627441406
Our model,1,112.04383850097656
Our model,1,182.9515380859375
Our model,1,188.00608825683594
Our model,1,134.14031982421875
Our model,1,131.47515869140625
Our model,1,130.41404724121094
Our model,1,157.592529296875
Our model,1,177.66812133789062
Our model,1,130.5557098388672
Our model,1,97.82670593261719
Our model,1,110.09880828857422
Our model,1,112.44445037841797
Our model,1,138.04660034179688
Our model,1,123.18231964111328
Our model,1,137.53314208984375
Our model,1,194.08197021484375
Our model,1,138.24351501464844
Our model,1,112.52458953857422
Our model,1,133.07022094726562
Our model,1,130.93112182617188
Our model,1,125.68453216552734
Our model,1,110.6783218383789
Our model,1,103.05708312988281
Our model,1,155.28875732421875
Our model,1,116.81132507324219
Our model,1,126.96062469482422
Our model,1,120.34171295166016
Our model,1,142.9971466064453
Our model,1,135.32176208496094
Our model,1,145.62881469726562
Our model,1,151.05853271484375
Our model,1,92.07958984375
Our model,1,144.70616149902344
Our model,1,113.20064544677734
Our model,1,122.33008575439453
Our model,1,160.84628295898438
Our model,1,143.76658630371094
Our model,1,125.9515380859375
Our model,1,122.18209838867188
Our model,1,97.23120880126953
Our model,1,147.06167602539062
Our model,1,117.69568634033203
Our model,1,96.4979019165039
Our model,1,99.76646423339844
Our model,1,146.37472534179688
Our model,1,124.49488067626953
Our model,1,139.31024169921875
Our model,1,135.78955078125
Our model,1,115.02023315429688
Our model,1,141.3960723876953
Our model,1,118.32022857666016
Our model,1,194.00404357910156
Our model,1,125.33356475830078
Our model,1,149.68218994140625
Our model,1,144.5224151611328
Our model,1,184.55934143066406
Our model,1,146.80654907226562
Our model,1,124.30064392089844
Our model,1,170.97067260742188
Our model,1,139.09693908691406
Our model,1,108.21163177490234
Our model,1,111.08302307128906
Our model,1,85.42088317871094
Our model,1,128.95108032226562
Our model,1,174.82217407226562
Our model,1,97.30636596679688
Our model,1,84.13663482666016
Our model,1,125.05939483642578
Our model,1,132.50119018554688
Our model,1,141.51649475097656
Our model,1,158.12278747558594
Our model,1,111.29566955566406
Our model,1,94.98145294189453
Our model,1,180.32315063476562
Our model,1,136.71908569335938
Our model,1,103.10987854003906
Our model,1,99.22876739501953
Our model,1,158.2653045654297
Our model,1,129.8748016357422
Our model,1,184.26283264160156
Our model,1,154.25604248046875
Our model,1,146.24838256835938
Our model,1,111.30958557128906
Our model,1,130.6997833251953
Our model,1,161.24755859375
Our model,1,155.93667602539062
Our model,1,129.43756103515625
Our model,1,128.38113403320312
Our model,1,127.4959716796875
Our model,1,132.8360595703125
Our model,1,104.81018829345703
Our model,1,142.91561889648438
Our model,1,114.12305450439453
Our model,1,125.57229614257812
Our model,1,143.8359375
Our model,1,168.01004028320312
Our model,1,128.40286254882812
Our model,1,113.11699676513672
Our model,1,98.21470642089844
Our model,1,95.67765045166016
Our model,1,125.32917785644531
Our model,1,116.17062377929688
Our model,1,184.40025329589844
Our model,1,128.72695922851562
Our model,1,195.00033569335938
Our model,1,177.34352111816406
Our model,1,166.39508056640625
Our model,1,97.49053192138672
Our model,1,93.1438217163086
Our model,1,88.8198471069336
Our model,1,90.15679931640625
Our model,1,130.959228515625
Our model,1,118.5560073852539
Our model,1,134.01324462890625
Our model,1,164.46237182617188
Our model,1,162.7729949951172
Our model,1,140.54966735839844
Our model,1,164.84140014648438
Our model,1,133.25503540039062
Our model,1,132.2363739013672
Our model,1,104.9898910522461
Our model,1,161.25929260253906
Our model,1,119.44427490234375
Our model,1,86.73625946044922
Our model,1,111.80693054199219
Our model,1,127.89120483398438
Our model,1,113.0840072631836
Our model,1,287.0447082519531
Our model,1,129.81248474121094
Our model,1,133.9210662841797
Our model,1,135.50953674316406
Our model,1,235.650146484375
Our model,1,297.0179443359375
Our model,1,149.6587677001953
Our model,1,125.00357055664062
Our model,1,152.311767578125
Our model,1,121.46055603027344
Our model,1,107.2723617553711
Our model,1,98.47416687011719
Our model,1,123.56431579589844
Our model,1,142.372314453125
Our model,1,134.0009002685547
Our model,1,127.55339813232422
Our model,1,118.2846450805664
Our model,1,153.86114501953125
Our model,1,210.68429565429688
Our model,1,94.64625549316406
Our model,1,289.92547607421875
Our model,1,108.16879272460938
Our model,1,152.49111938476562
Our model,1,134.77622985839844
Our model,1,124.32171630859375
Our model,1,122.94750213623047
Our model,1,160.2416534423828
Our model,1,175.0436553955078
Our model,1,117.38562774658203
Our model,1,136.9123077392578
Our model,1,96.60151672363281
Our model,1,140.85560607910156
Our model,1,137.0152130126953
Our model,1,126.09912872314453
Our model,1,154.87738037109375
Our model,1,124.0121078491211
Our model,1,135.20413208007812
Our model,1,148.923828125
Our model,1,118.64106750488281
Our model,1,101.58992767333984
Our model,1,95.40585327148438
Our model,1,102.18421936035156
Our model,1,156.10533142089844
Our model,1,133.42710876464844
Our model,1,153.2412109375
Our model,1,126.41451263427734
Our model,1,134.06756591796875
Our model,1,265.0806579589844
Our model,1,135.13134765625
Our model,1,177.0360107421875
Our model,1,106.15991973876953
Our model,1,122.16004943847656
Our model,1,185.39486694335938
Our model,1,102.21769714355469
Our model,1,154.08412170410156
Our model,1,121.5419921875
Our model,1,134.05906677246094
Our model,1,111.19390106201172
Our model,1,125.48725891113281
Our model,1,130.07479858398438
Our model,1,127.7871322631836
Our model,1,129.7688751220703
Our model,1,109.65376281738281
Our model,1,177.17550659179688
Our model,1,140.69190979003906
Our model,1,245.98838806152344
Our model,1,200.26734924316406
Our model,1,139.5171356201172
Our model,1,192.05201721191406
Our model,1,143.18629455566406
Our model,1,154.2730255126953
Our model,1,141.79368591308594
Our model,1,150.9684600830078
Our model,1,175.57852172851562
Our model,1,125.64962005615234
Our model,1,101.33308410644531
Our model,1,84.70896911621094
Our model,1,128.63150024414062
Our model,1,124.8751449584961
Our model,1,129.42506408691406
Our model,1,136.04461669921875
Our model,1,125.8052749633789
Our model,1,158.31192016601562
Our model,1,197.12796020507812
Our model,1,150.62818908691406
Our model,1,91.9494857788086
Our model,1,136.59701538085938
Our model,1,118.06842803955078
Our model,1,85.7654800415039
Our model,1,145.49459838867188
Our model,1,113.79801177978516
Our model,1,159.1743927001953
Our model,1,197.06166076660156
Our model,1,156.74853515625
Our model,1,116.19042205810547
Our model,1,149.82627868652344
Our model,1,125.04851531982422
Our model,1,142.0513916015625
Our model,1,130.5314483642578
Our model,1,98.12447357177734
Our model,1,125.73992919921875
Our model,1,154.3223876953125
Our model,1,105.0282211303711
Our model,1,126.16586303710938
Our model,1,151.97232055664062
Our model,1,146.01963806152344
Our model,1,174.27984619140625
Our model,1,119.11727905273438
Our model,1,147.7926788330078
Our model,1,126.07218170166016
Our model,1,125.083984375
Our model,1,104.45008850097656
Our model,1,120.615478515625
Our model,1,143.20498657226562
Our model,1,138.08596801757812
Our model,1,128.9515380859375
Our model,1,242.96983337402344
Our model,1,129.1363067626953
Our model,1,170.5304412841797
Our model,1,136.4916229248047
Our model,1,152.2672576904297
Our model,1,154.6319122314453
Our model,1,131.816650390625
Our model,1,98.30595397949219
Our model,1,97.59739685058594
Our model,1,134.7577667236328
Our model,1,126.82929229736328
Our model,1,165.3741455078125
Our model,1,119.9344482421875
Our model,1,149.3440704345703
Our model,1,148.39862060546875
Our model,1,94.04070281982422
Our model,1,146.6667022705078
Our model,1,94.61119842529297
Our model,1,125.70863342285156
Our model,1,147.07420349121094
Our model,1,166.93527221679688
Our model,1,132.37124633789062
Our model,1,127.73296356201172
Our model,1,99.18299102783203
Our model,1,170.85171508789062
Our model,1,106.09527587890625
Our model,1,126.04906463623047
Our model,1,137.30291748046875
Our model,1,134.11367797851562
Our model,1,143.49899291992188
Our model,1,134.54901123046875
Our model,1,122.47551727294922
Our model,1,108.61604309082031
Our model,1,130.38742065429688
Our model,1,121.84264373779297
Our model,1,106.77722930908203
Our model,1,114.19169616699219
Our model,1,122.3246841430664
Our model,1,108.47245788574219
Our model,1,175.72372436523438
Our model,1,152.8925323486328
Our model,1,125.85955810546875
Our model,1,130.88583374023438
Our model,1,139.93365478515625
Our model,1,140.34307861328125
Our model,1,154.8253936767578
Our model,1,132.3751983642578
Our model,1,93.82440948486328
Our model,1,132.84022521972656
Our model,1,133.32955932617188
Our model,1,137.70416259765625
Our model,1,113.55435943603516
Our model,1,134.4383544921875
Our model,1,208.61114501953125
Our model,1,251.80575561523438
Our model,1,269.8265686035156
Our model,1,288.4835510253906
Our model,1,154.23036193847656
Our model,1,132.6279296875
Our model,1,102.06465148925781
Our model,1,121.84516143798828
Our model,1,95.3598861694336
Our model,1,151.74082946777344
Our model,1,125.16007995605469
Our model,1,153.02488708496094
Our model,1,117.73407745361328
Our model,1,125.16971588134766
Our model,1,186.11744689941406
Our model,1,134.75889587402344
Our model,1,154.82810974121094
Our model,1,116.807861328125
Our model,1,105.67800903320312
Our model,1,115.71094512939453
Our model,1,122.1935043334961
Our model,1,123.54246520996094
Our model,1,118.97484588623047
Our model,1,144.1959228515625
Our model,1,206.2142791748047
Our model,1,151.74916076660156
Our model,1,185.19906616210938
Our model,1,175.17330932617188
Our model,1,114.21954345703125
Our model,1,118.87553405761719
Our model,1,104.01306915283203
Our model,1,119.41381072998047
Our model,1,99.68672943115234
Our model,1,103.49111938476562
Our model,1,134.23458862304688
Our model,1,133.6612091064453
Our model,1,133.16265869140625
Our model,1,152.7299041748047
Our model,1,179.20037841796875
Our model,1,104.84278869628906
Our model,1,139.75299072265625
Our model,1,157.88587951660156
Our model,1,146.31944274902344
Our model,1,113.9110107421875
Our model,1,105.15636444091797
Our model,1,110.77428436279297
Our model,1,119.37928771972656
Our model,1,155.33709716796875
Our model,1,87.21782684326172
Our model,1,136.361083984375
Our model,1,131.6504669189453
Our model,1,138.17030334472656
Our model,1,118.68563079833984
Our model,1,118.21611022949219
Our model,1,107.91545104980469
Our model,1,149.83299255371094
Our model,1,208.45933532714844
Our model,1,135.85845947265625
Our model,1,258.0114440917969
Our model,1,305.62994384765625
Our model,1,102.10643005371094
Our model,1,133.05474853515625
Our model,1,121.5901870727539
Our model,1,113.58582305908203
Our model,1,113.95207214355469
Our model,1,107.61863708496094
Our model,1,108.1277084350586
Our model,1,132.14016723632812
Our model,1,124.74211883544922
Our model,1,125.70801544189453
Our model,1,97.218505859375
Our model,1,138.81643676757812
Our model,1,138.18417358398438
Our model,1,120.80709075927734
Our model,1,287.0569152832031
Our model,1,111.8912353515625
Our model,1,103.16850280761719
Our model,1,234.69540405273438
Our model,1,101.68782043457031
Our model,1,272.5007019042969
Our model,1,124.58977508544922
Our model,1,177.4261474609375
Our model,1,157.67527770996094
Our model,1,116.73933410644531
Our model,1,193.2311553955078
Our model,1,152.88406372070312
Our model,1,225.7466583251953
Our model,1,118.7476806640625
Our model,1,97.58171844482422
Our model,1,123.11018371582031
Our model,1,96.98059844970703
Our model,1,121.61625671386719
Our model,1,131.84854125976562
Our model,1,145.23504638671875
Our model,1,137.66415405273438
Our model,1,139.05166625976562
Our model,1,122.89161682128906
Our model,1,139.41912841796875
Our model,1,123.70314025878906
Our model,1,126.47245788574219
Our model,1,142.11322021484375
Our model,1,160.14088439941406
Our model,1,139.70103454589844
Our model,1,100.99909210205078
Our model,1,85.67546081542969
Our model,1,139.68325805664062
Our model,1,146.52523803710938
Our model,1,151.14227294921875
Our model,1,118.5167007446289
Our model,1,128.2776336669922
Our model,1,140.05690002441406
Our model,1,128.75274658203125
Our model,1,97.45619201660156
Our model,1,110.8808364868164
Our model,1,114.48907470703125
Our model,1,123.21614837646484
Our model,1,133.96249389648438
Our model,1,117.51615905761719
Our model,1,143.0446319580078
Our model,1,142.73394775390625
Our model,1,125.23371124267578
Our model,1,154.88650512695312
Our model,1,138.15347290039062
Our model,1,131.29661560058594
Our model,1,124.21417999267578
Our model,1,139.56829833984375
Our model,1,117.97533416748047
Our model,1,132.7567138671875
Our model,1,116.43739318847656
Our model,1,158.8515167236328
Our model,1,112.18119049072266
Our model,1,127.90079498291016
Our model,1,114.05296325683594
Our model,1,104.48726654052734
Our model,1,96.32758331298828
Our model,1,137.45843505859375
Our model,1,97.35762023925781
Our model,1,106.26912689208984
Our model,1,129.40321350097656
Our model,1,146.57537841796875
Our model,1,120.51860046386719
Our model,1,124.79678344726562
Our model,1,123.68699645996094
Our model,1,118.55916595458984
Our model,1,87.44132232666016
Our model,1,128.02784729003906
Our model,1,120.0873031616211
Our model,1,160.96897888183594
Our model,1,141.55435180664062
Our model,1,142.52456665039062
Our model,1,151.06101989746094
Our model,1,146.168212890625
Our model,1,147.35870361328125
Our model,1,135.20887756347656
Our model,1,122.95999908447266
Our model,1,128.83932495117188
Our model,1,104.6467514038086
Our model,1,134.60198974609375
Our model,1,110.68354797363281
Our model,1,109.21536254882812
Our model,1,123.63104248046875
Our model,1,152.8939971923828
Our model,1,155.16015625
Our model,1,127.96365356445312
Our model,1,146.43463134765625
Our model,1,140.5289306640625
Our model,1,167.12985229492188
Our model,1,143.78375244140625
Our model,1,105.46047973632812
Our model,1,162.11695861816406
Our model,1,204.99244689941406
Our model,1,142.79409790039062
Our model,1,191.5784912109375
Our model,1,143.58544921875
Our model,1,128.14390563964844
Our model,1,190.03176879882812
Our model,1,150.38604736328125
Our model,1,151.53855895996094
Our model,1,133.40753173828125
Our model,1,166.81446838378906
Our model,1,138.616943359375
Our model,1,159.29225158691406
Our model,1,117.50880432128906
Our model,1,101.56334686279297
Our model,1,129.6355743408203
Our model,1,138.8465576171875
Our model,1,363.2770690917969
Our model,1,242.49586486816406
Our model,1,350.23199462890625
Our model,1,392.06390380859375
Our model,1,145.79541015625
Our model,1,140.825439453125
Our model,1,132.0746612548828
Our model,1,143.45285034179688
Our model,1,100.25238800048828
Our model,1,106.92693328857422
Our model,1,151.27679443359375
Our model,1,142.28733825683594
Our model,1,118.9897232055664
Our model,1,128.23446655273438
Our model,1,88.11882019042969
Our model,1,142.16490173339844
Our model,1,173.13323974609375
Our model,1,139.07313537597656
Our model,1,103.43465423583984
Our model,1,109.76655578613281
Our model,1,91.02120208740234
Our model,1,211.64845275878906
Our model,1,116.6496353149414
Our model,1,276.42376708984375
Our model,1,131.278564453125
Our model,1,139.6644287109375
Our model,1,145.30824279785156
Our model,1,136.39866638183594
Our model,1,131.27755737304688
Our model,1,113.50345611572266
Our model,1,249.0308837890625
Our model,1,105.08612823486328
Our model,1,123.55156707763672
Our model,1,105.5445556640625
Our model,1,237.87734985351562
Our model,1,167.695068359375
Our model,1,151.8223419189453
Our model,1,156.79232788085938
Our model,1,148.7124786376953
Our model,1,158.7647247314453
Our model,1,152.68582153320312
Our model,1,135.433837890625
Our model,1,99.76094818115234
Our model,1,143.69395446777344
Our model,1,102.6628189086914
Our model,1,109.68220520019531
Our model,1,132.9417724609375
Our model,1,143.6405487060547
Our model,1,154.81741333007812
Our model,1,137.32521057128906
Our model,1,121.4979019165039
Our model,1,132.561279296875
Our model,1,96.88824462890625
Our model,1,130.27601623535156
Our model,1,107.63450622558594
Our model,1,111.50550842285156
Our model,1,128.26473999023438
Our model,1,154.26438903808594
Our model,1,208.64852905273438
Our model,1,119.86114501953125
Our model,1,266.32550048828125
Our model,1,203.50244140625
Our model,1,115.94737243652344
Our model,1,128.42489624023438
Our model,1,96.31253814697266
Our model,1,127.47478485107422
Our model,1,112.5279769897461
Our model,1,97.10391998291016
Our model,1,119.21046447753906
Our model,1,130.52049255371094
Our model,1,152.0271759033203
Our model,1,190.82579040527344
Our model,1,117.63481903076172
Our model,1,116.52564239501953
Our model,1,100.81060791015625
Our model,1,123.69248962402344
Our model,1,90.47865295410156
Our model,1,133.50106811523438
Our model,1,136.97491455078125
Our model,1,137.7186737060547
Our model,1,140.59205627441406
Our model,1,152.0997772216797
Our model,1,129.60595703125
Our model,1,120.5399398803711
Our model,1,129.77601623535156
Our model,1,130.2177734375
Our model,1,120.2956314086914
Our model,1,124.68576049804688
Our model,1,94.83966064453125
Our model,1,103.68051147460938
Our model,1,149.40945434570312
Our model,1,139.6425018310547
Our model,1,269.2865905761719
Our model,1,220.7471466064453
Our model,1,138.29539489746094
Our model,1,135.4879608154297
Our model,1,128.30694580078125
Our model,1,176.66323852539062
Our model,1,122.6532211303711
Our model,1,131.25650024414062
Our model,1,165.88404846191406
Our model,1,127.5266342163086
Our model,1,110.92848205566406
Our model,1,124.91787719726562
Our model,1,114.60604095458984
Our model,1,171.2728271484375
Our model,1,160.2736053466797
Our model,1,134.10682678222656
Our model,1,152.58985900878906
Our model,1,130.1742401123047
Our model,1,119.88784790039062
Our model,1,140.6800994873047
Our model,1,96.60446166992188
Our model,1,125.083984375
Our model,1,126.61048126220703
Our model,1,156.16029357910156
Our model,1,137.0620880126953
Our model,1,130.65914916992188
Our model,1,118.8139877319336
Our model,1,110.80044555664062
Our model,1,115.38911437988281
Our model,1,103.67622375488281
Our model,1,131.1819305419922
Our model,1,115.4225082397461
Our model,1,225.39329528808594
Our model,1,147.26136779785156
Our model,1,216.16354370117188
Our model,1,253.6776885986328
Our model,1,135.783935546875
Our model,1,175.76510620117188
Our model,1,147.90341186523438
Our model,1,155.3614044189453
Our model,1,126.7565689086914
Our model,1,115.18834686279297
Our model,1,108.43119812011719
Our model,1,109.9300537109375
Our model,1,95.60987091064453
Our model,1,98.46369934082031
Our model,1,133.13905334472656
Our model,1,137.08465576171875
Our model,1,127.58680725097656
Our model,1,159.24588012695312
Our model,1,129.60655212402344
Our model,1,139.66871643066406
Our model,1,144.7775421142578
Our model,1,151.33705139160156
Our model,1,103.37826538085938
Our model,1,162.70103454589844
Our model,1,141.9583740234375
Our model,1,171.56138610839844
Our model,1,131.8675994873047
Our model,1,111.48150634765625
Our model,1,199.61618041992188
Our model,1,123.77632141113281
Our model,1,119.77713012695312
Our model,1,115.92568969726562
Our model,1,139.74037170410156
Our model,1,163.61465454101562
Our model,1,154.8602294921875
Our model,1,128.63992309570312
Our model,1,102.21928405761719
Our model,1,101.4666976928711
Our model,1,115.67880249023438
Our model,1,139.99732971191406
Our model,1,155.30889892578125
Our model,1,145.06439208984375
Our model,1,116.5572509765625
Our model,1,131.8490753173828
Our model,1,133.443115234375
Our model,1,120.49304962158203
Our model,1,112.18043518066406
Our model,1,102.54385375976562
Our model,1,114.65879821777344
Our model,1,211.09071350097656
Our model,1,166.0548095703125
Our model,1,171.9849395751953
Our model,1,128.6743621826172
Our model,1,154.3916778564453
Our model,1,138.3041229248047
Our model,1,111.98567199707031
Our model,1,98.64509582519531
Our model,1,136.94322204589844
Our model,1,170.43809509277344
Our model,1,123.31326293945312
Our model,1,121.01707458496094
Our model,1,112.52983856201172
Our model,1,133.50253295898438
Our model,1,125.49989318847656
Our model,1,366.30487060546875
Our model,1,372.1069641113281
Our model,1,150.4361114501953
Our model,1,122.11829376220703
Our model,1,125.53799438476562
Our model,1,107.19867706298828
Our model,1,100.52129364013672
Our model,1,118.09880065917969
Our model,1,122.18449401855469
Our model,1,114.49893951416016
Our model,1,133.2296142578125
Our model,1,150.25772094726562
Our model,1,174.3295135498047
Our model,1,187.4303741455078
Our model,1,128.98622131347656
Our model,1,124.78800201416016
Our model,1,121.57687377929688
Our model,1,164.4287109375
Our model,1,144.45455932617188
Our model,1,146.156005859375
Our model,1,127.15455627441406
Our model,1,132.04261779785156
Our model,1,171.79469299316406
Our model,1,165.6295623779297
Our model,1,154.1712188720703
Our model,1,146.4343719482422
Our model,1,118.26151275634766
Our model,1,271.4005432128906
Our model,1,129.26608276367188
Our model,1,276.7156066894531
Our model,1,101.37539672851562
Our model,1,276.7532653808594
Our model,1,233.6023712158203
Our model,1,102.692138671875
Our model,1,142.44500732421875
Our model,1,114.44564056396484
Our model,1,274.0421142578125
Our model,1,253.36483764648438
Our model,1,126.64112854003906
Our model,1,144.91757202148438
Our model,1,140.83551025390625
Our model,1,112.76809692382812
Our model,1,131.41644287109375
Our model,1,118.34271240234375
Our model,1,106.51602172851562
Our model,1,101.06105041503906
Our model,1,139.37353515625
Our model,1,145.3280029296875
Our model,1,149.50540161132812
Our model,1,138.5879364013672
Our model,1,122.55925750732422
Our model,1,122.03807067871094
Our model,1,117.73765563964844
Our model,1,131.03152465820312
Our model,1,78.38607025146484
Our model,1,117.07671356201172
Our model,1,111.7603988647461
Our model,1,109.43267059326172
Our model,1,176.05596923828125
Our model,1,138.77542114257812
Our model,1,183.49588012695312
Our model,1,148.4479522705078
Our model,1,128.71693420410156
Our model,1,181.17984008789062
Our model,1,129.7840576171875
Our model,1,120.60374450683594
Our model,1,133.33689880371094
Our model,1,120.92064666748047
Our model,1,135.57298278808594
Our model,1,105.4007568359375
Our model,1,167.23995971679688
Our model,1,135.36160278320312
Our model,1,183.5838165283203
Our model,1,207.08474731445312
Our model,1,116.5943832397461
Our model,1,122.06040954589844
Our model,1,120.84628295898438
Our model,1,112.42032623291016
Our model,1,110.71289825439453
Our model,1,105.43285369873047
Our model,1,119.51155090332031
Our model,1,373.8798828125
Our model,1,154.8289031982422
Our model,1,324.4398193359375
Our model,1,139.0810089111328
Our model,1,115.34464263916016
Our model,1,125.01806640625
Our model,1,130.27664184570312
Our model,1,110.88707733154297
Our model,1,137.6355438232422
Our model,1,149.77804565429688
Our model,1,127.76264953613281
Our model,1,84.20803833007812
Our model,1,111.61932373046875
Our model,1,127.19124603271484
Our model,1,140.87954711914062
Our model,1,111.53581237792969
Our model,1,169.96315002441406
Our model,1,125.93134307861328
Our model,1,129.82591247558594
Our model,1,116.89380645751953
Our model,1,160.3917999267578
Our model,1,146.3095703125
Our model,1,110.72888946533203
Our model,1,95.10101318359375
Our model,1,111.93417358398438
Our model,1,178.7008056640625
Our model,1,146.49801635742188
Our model,1,130.12933349609375
Our model,1,127.6369857788086
Our model,1,122.96170043945312
Our model,1,146.37631225585938
Our model,1,177.91571044921875
Our model,1,129.76287841796875
Our model,1,91.04782104492188
Our model,1,135.8139190673828
Our model,1,89.75631713867188
Our model,1,161.25486755371094
Our model,1,121.80089569091797
Our model,1,143.0970458984375
Our model,1,134.88612365722656
Our model,1,128.5401611328125
Our model,1,126.85578918457031
Our model,1,141.2907257080078
Our model,1,122.44976043701172
Our model,1,147.2334747314453
Our model,1,89.17860412597656
Our model,1,147.19192504882812
Our model,1,148.17823791503906
Our model,1,92.47071075439453
Our model,1,218.93626403808594
Our model,1,197.60203552246094
Our model,1,124.51483917236328
Our model,1,143.64324951171875
Our model,1,116.7618408203125
Our model,1,168.82945251464844
Our model,1,137.34890747070312
Our model,1,164.40951538085938
Our model,1,123.0179214477539
Our model,1,169.65670776367188
Our model,1,147.4375457763672
Our model,1,141.0023651123047
Our model,1,145.4143524169922
Our model,1,153.5363311767578
Our model,1,135.41773986816406
Our model,1,134.2759552001953
Our model,1,131.5871124267578
Our model,1,114.26836395263672
Our model,1,153.98565673828125
Our model,1,120.48904418945312
Our model,1,121.93656158447266
Our model,1,134.5463104248047
Our model,1,89.29164123535156
Our model,1,148.23143005371094
Our model,1,122.9823226928711
Our model,1,129.00991821289062
Our model,1,124.44483947753906
Our model,1,176.0101776123047
Our model,1,120.09212493896484
Our model,1,119.0467529296875
Our model,1,126.95602416992188
Our model,1,142.72341918945312
Our model,1,147.26637268066406
Our model,1,119.7967758178711
Our model,1,99.07229614257812
Our model,1,93.77706146240234
Our model,1,109.53507232666016
Our model,1,130.0469970703125
Our model,1,145.46319580078125
Our model,1,143.21519470214844
Our model,1,144.10171508789062
Our model,1,179.88760375976562
Our model,1,132.7884063720703
Our model,1,132.85150146484375
Our model,1,104.12376403808594
Our model,1,161.28724670410156
Our model,1,166.89903259277344
Our model,1,102.38308715820312
Our model,1,173.0882110595703
Our model,1,176.60986328125
Our model,1,129.54736328125
Our model,1,86.08642578125
Our model,1,103.7906494140625
Our model,1,91.78498840332031
Our model,1,123.64024353027344
Our model,1,130.0662841796875
Our model,1,131.23800659179688
Our model,1,101.99192810058594
Our model,1,103.65805053710938
Our model,1,109.35845184326172
Our model,1,130.84739685058594
Our model,1,139.57701110839844
Our model,1,108.79236602783203
Our model,1,131.784912109375
Our model,1,130.52810668945312
Our model,1,100.01123809814453
Our model,1,121.2482681274414
Our model,1,126.20852661132812
Our model,1,143.06951904296875
Our model,1,136.47108459472656
Our model,1,100.05245971679688
Our model,1,116.22843933105469
Our model,1,121.63600158691406
Our model,1,158.3269500732422
Our model,1,163.46902465820312
Our model,1,147.03172302246094
Our model,1,154.48089599609375
Our model,1,132.1092529296875
Our model,1,121.39799499511719
Our model,1,145.2851104736328
Our model,1,118.73761749267578
Our model,1,123.53160858154297
Our model,1,122.91793823242188
Our model,1,126.34339141845703
Our model,1,131.83767700195312
Our model,1,109.14313507080078
Our model,1,139.47772216796875
Our model,1,144.38381958007812
Our model,1,124.99726867675781
Our model,1,130.26828002929688
Our model,1,134.55628967285156
Our model,1,125.83328247070312
Our model,1,111.07601928710938
Our model,1,111.29425811767578
Our model,1,92.2332534790039
Our model,1,107.95413208007812
Our model,1,118.45269012451172
Our model,1,124.21092987060547
Our model,1,142.7250213623047
Our model,1,142.4133758544922
Our model,1,114.4596176147461
Our model,1,131.09127807617188
Our model,1,157.64361572265625
Our model,1,134.74220275878906
Our model,1,117.97582244873047
Our model,1,146.31256103515625
Our model,1,104.58745574951172
Our model,1,139.73268127441406
Our model,1,139.4579315185547
Our model,1,122.40825653076172
Our model,1,159.40757751464844
Our model,1,130.3867645263672
Our model,1,131.36180114746094
Our model,1,148.8571319580078
Our model,1,141.9803924560547
Our model,1,133.63966369628906
Our model,1,129.15652465820312
Our model,1,130.7379608154297
Our model,1,98.62382507324219
Our model,1,102.8065414428711
Our model,1,123.2725601196289
Our model,1,130.02882385253906
Our model,1,134.98440551757812
Our model,1,121.72073364257812
Our model,1,158.59115600585938
Our model,1,123.94595336914062
Our model,1,215.1151885986328
Our model,1,127.66509246826172
Our model,1,92.78160095214844
Our model,1,126.24541473388672
Our model,1,119.85176849365234
Our model,1,105.49600219726562
Our model,1,148.6002960205078
Our model,1,137.12245178222656
Our model,1,209.88107299804688
Our model,1,223.81507873535156
Our model,1,261.0492248535156
Our model,1,209.2830047607422
Our model,1,153.93173217773438
Our model,1,94.25360870361328
Our model,1,109.12142181396484
Our model,1,133.70045471191406
Our model,1,85.15193176269531
Our model,1,93.56826782226562
Our model,1,108.07603454589844
Our model,1,122.30142974853516
Our model,1,142.52011108398438
Our model,1,120.55229949951172
Our model,1,126.27140045166016
Our model,1,149.41317749023438
Our model,1,133.29908752441406
Our model,1,192.9055938720703
Our model,1,166.22068786621094
Our model,1,203.5315704345703
Our model,1,103.26899719238281
Our model,1,258.6062316894531
Our model,1,112.57601928710938
Our model,1,116.77120971679688
Our model,1,145.12847900390625
Our model,1,94.1609878540039
Our model,1,150.11570739746094
Our model,1,125.78643035888672
Our model,1,138.59585571289062
Our model,1,123.0069580078125
Our model,1,105.69074249267578
Our model,1,132.08641052246094
Our model,1,132.18453979492188
Our model,1,144.13954162597656
Our model,1,99.58538818359375
Our model,1,147.9756622314453
Our model,1,115.33057403564453
Our model,1,100.89163970947266
Our model,1,140.4260711669922
Our model,1,121.32911682128906
Our model,1,146.0107421875
Our model,1,125.31835174560547
Our model,1,138.9883575439453
Our model,1,125.78666687011719
Our model,1,139.71804809570312
Our model,1,132.21145629882812
Our model,1,126.29664611816406
Our model,1,164.31204223632812
Our model,1,125.16690063476562
Our model,1,154.30491638183594
Our model,1,121.20198822021484
Our model,1,118.03569793701172
Our model,1,159.57339477539062
Our model,1,152.35214233398438
Our model,1,167.40451049804688
Our model,1,137.6846160888672
Our model,1,125.8161849975586
Our model,1,161.75173950195312
Our model,1,139.5872344970703
Our model,1,126.81620025634766
Our model,1,132.29824829101562
Our model,1,132.5642852783203
Our model,1,131.56419372558594
Our model,1,119.13207244873047
Our model,1,93.14542388916016
Our model,1,133.28147888183594
Our model,1,107.24954986572266
Our model,1,146.05564880371094
Our model,1,135.736572265625
Our model,1,134.5684356689453
Our model,1,150.29676818847656
Our model,1,140.72171020507812
Our model,1,122.17738342285156
Our model,1,137.3055877685547
Our model,1,99.3996353149414
Our model,1,97.20486450195312
Our model,1,121.6576156616211
Our model,1,126.0506591796875
Our model,1,173.69349670410156
Our model,1,141.1453399658203
Our model,1,149.52685546875
Our model,1,146.1785125732422
Our model,1,169.56051635742188
Our model,1,112.67732238769531
Our model,1,138.4847412109375
Our model,1,123.06645202636719
Our model,1,136.55841064453125
Our model,1,119.207763671875
Our model,1,106.57633972167969
Our model,1,142.5730438232422
Our model,1,145.22824096679688
Our model,1,144.82388305664062
Our model,1,140.14111328125
Our model,1,124.50912475585938
Our model,1,132.95852661132812
Our model,1,127.9365005493164
Our model,1,190.6213836669922
Our model,1,107.92254638671875
Our model,1,93.0792465209961
Our model,1,96.96923065185547
Our model,1,205.19577026367188
Our model,1,131.55662536621094
Our model,1,119.83165740966797
Our model,1,230.32125854492188
Our model,1,136.18382263183594
Our model,1,172.15785217285156
Our model,1,130.01498413085938
Our model,1,161.80767822265625
Our model,1,218.3818359375
Our model,1,163.0476837158203
Our model,1,132.61489868164062
Our model,1,107.47380828857422
Our model,1,120.24504089355469
Our model,1,138.8197021484375
Our model,1,153.8076171875
Our model,1,136.79812622070312
Our model,1,217.003662109375
Our model,1,134.47793579101562
Our model,1,176.1249237060547
Our model,1,138.44442749023438
Our model,1,111.49956512451172
Our model,1,189.3465118408203
Our model,1,100.871826171875
Our model,1,167.10906982421875
Our model,1,140.5494384765625
Our model,1,130.17198181152344
Our model,1,128.42259216308594
Our model,1,131.47195434570312
Our model,1,132.1486053466797
Our model,1,134.88232421875
Our model,1,134.42916870117188
Our model,1,135.8187255859375
Our model,1,140.8522186279297
Our model,1,156.38821411132812
Our model,1,137.8816680908203
Our model,1,101.08268737792969
Our model,1,156.9015350341797
Our model,1,161.37307739257812
Our model,1,127.74835968017578
Our model,1,169.30238342285156
Our model,1,144.8811798095703
Our model,1,145.45481872558594
Our model,1,127.25203704833984
Our model,1,141.96072387695312
Our model,1,148.84661865234375
Our model,1,188.21798706054688
Our model,1,161.7703094482422
Our model,1,86.17356872558594
Our model,1,136.67796325683594
Our model,1,134.29754638671875
Our model,1,135.54425048828125
Our model,1,171.87124633789062
Our model,1,126.01783752441406
Our model,1,138.06666564941406
Our model,1,131.38296508789062
Our model,1,119.0474853515625
Our model,1,159.93943786621094
Our model,1,120.62499237060547
Our model,1,107.17029571533203
Our model,1,89.76506805419922
Our model,1,148.4744415283203
Our model,1,146.78329467773438
Our model,1,127.33739471435547
Our model,1,153.37498474121094
Our model,1,135.66900634765625
Our model,1,122.88106536865234
Our model,1,134.37852478027344
Our model,1,123.45210266113281
Our model,1,99.12979888916016
Our model,1,117.1013412475586
Our model,1,108.97472381591797
Our model,1,124.22418212890625
Our model,1,158.04940795898438
Our model,1,134.98439025878906
Our model,1,159.32786560058594
Our model,1,154.44900512695312
Our model,1,137.729736328125
Our model,1,143.7904510498047
Our model,1,125.83029174804688
Our model,1,141.96475219726562
Our model,1,111.77930450439453
Our model,1,105.45647430419922
Our model,1,154.8315887451172
Our model,1,149.83132934570312
Our model,1,135.12457275390625
Our model,1,119.24809265136719
Our model,1,144.4505615234375
Our model,1,130.76504516601562
Our model,1,93.63416290283203
Our model,1,131.197265625
Our model,1,117.29655456542969
Our model,1,115.88150787353516
Our model,1,112.13700103759766
Our model,1,129.7677459716797
Our model,1,156.34751892089844
Our model,1,118.28050231933594
Our model,1,186.6388397216797
Our model,1,174.7471466064453
Our model,1,116.19778442382812
Our model,1,135.9294891357422
Our model,1,109.9701156616211
Our model,1,115.6761474609375
Our model,1,113.97821044921875
Our model,1,112.76990509033203
Our model,1,97.10621643066406
Our model,1,140.72764587402344
Our model,1,192.05377197265625
Our model,1,157.84326171875
Our model,1,122.56864166259766
Our model,1,95.93021392822266
Our model,1,157.42984008789062
Our model,1,108.03507232666016
Our model,1,182.60333251953125
Our model,1,124.91867065429688
Our model,1,122.46434783935547
Our model,1,122.10345458984375
Our model,1,100.74886322021484
Our model,1,100.82620239257812
Our model,1,129.91085815429688
Our model,1,153.5022430419922
Our model,1,152.21664428710938
Our model,1,194.05311584472656
Our model,1,193.22157287597656
Our model,1,160.53709411621094
Our model,1,121.14469146728516
Our model,1,109.62973022460938
Our model,1,105.10991668701172
Our model,1,114.74311828613281
Our model,1,95.58503723144531
Our model,1,141.7684783935547
Our model,1,136.4344024658203
Our model,1,145.90365600585938
Our model,1,123.83245849609375
Our model,1,186.98458862304688
Our model,1,119.01309204101562
Our model,1,145.55419921875
Our model,1,149.74732971191406
Our model,1,154.2854461669922
Our model,1,198.00851440429688
Our model,1,132.59573364257812
Our model,1,90.80089569091797
Our model,1,94.73796844482422
Our model,1,154.032958984375
Our model,1,127.86814880371094
Our model,1,121.99441528320312
Our model,1,110.04743194580078
Our model,1,168.5159149169922
Our model,1,122.85813903808594
Our model,1,177.74801635742188
Our model,1,122.54109191894531
Our model,1,95.19171142578125
Our model,1,150.12777709960938
Our model,1,90.8692855834961
Our model,1,118.44054412841797
Our model,1,135.05242919921875
Our model,1,141.30857849121094
Our model,1,167.20140075683594
Our model,1,183.1175079345703
Our model,1,159.463134765625
Our model,1,137.0540313720703
Our model,1,134.5455322265625
Our model,1,118.89678192138672
Our model,1,97.77101135253906
Our model,1,123.9853744506836
Our model,1,132.21957397460938
Our model,1,144.1121368408203
Our model,1,132.36373901367188
Our model,1,143.77317810058594
Our model,1,124.56867980957031
Our model,1,115.44203186035156
Our model,1,126.89693450927734
Our model,1,132.32791137695312
Our model,1,180.302978515625
Our model,1,121.57378387451172
Our model,1,146.9538116455078
Our model,1,163.44544982910156
Our model,1,110.9333724975586
Our model,1,155.61221313476562
Our model,1,123.77767181396484
Our model,1,133.01913452148438
Our model,1,159.93455505371094
Our model,1,124.11589050292969
Our model,1,153.7605438232422
Our model,1,112.8118896484375
Our model,1,188.691162109375
Our model,1,85.92843627929688
Our model,1,124.90837097167969
Our model,1,151.1387939453125
Our model,1,120.82272338867188
Our model,1,141.85968017578125
Our model,1,121.22801971435547
Our model,1,144.71847534179688
Our model,1,147.24020385742188
Our model,1,131.39784240722656
Our model,1,129.90032958984375
Our model,1,125.1169204711914
Our model,1,127.05738067626953
Our model,1,103.70027923583984
Our model,1,185.0927734375
Our model,1,137.6510467529297
Our model,1,120.95116424560547
Our model,1,131.9738311767578
Our model,1,205.07028198242188
Our model,1,144.584716796875
Our model,1,140.68182373046875
Our model,1,122.23687744140625
Our model,1,133.5719757080078
Our model,1,140.72674560546875
Our model,1,126.52104187011719
Our model,1,136.13040161132812
Our model,1,124.71090698242188
Our model,1,112.32345581054688
Our model,1,251.85842895507812
Our model,1,151.5348358154297
Our model,1,140.37625122070312
Our model,1,115.56871032714844
Our model,1,104.84552764892578
Our model,1,166.9859161376953
Our model,1,126.77137756347656
Our model,1,92.6363525390625
Our model,1,74.44164276123047
Our model,1,133.2473907470703
Our model,1,141.8338165283203
Our model,1,159.51625061035156
Our model,1,157.85325622558594
Our model,1,120.2715072631836
Our model,1,94.25570678710938
Our model,1,106.98851013183594
Our model,1,113.56134033203125
Our model,1,118.73028564453125
Our model,1,102.68474578857422
Our model,1,106.53942108154297
Our model,1,132.0435791015625
Our model,1,136.17376708984375
Our model,1,128.09706115722656
Our model,1,105.78809356689453
Our model,1,126.01256561279297
Our model,1,121.3655014038086
Our model,1,97.1583023071289
Our model,1,142.77586364746094
Our model,1,103.18778228759766
Our model,1,137.9937744140625
Our model,1,133.56178283691406
Our model,1,160.89503479003906
Our model,1,144.625732421875
Our model,1,97.66035461425781
Our model,1,135.33251953125
Our model,1,132.25433349609375
Our model,1,99.8547592163086
Our model,1,110.65788269042969
Our model,1,138.7010040283203
Our model,1,192.49758911132812
Our model,1,138.71466064453125
Our model,1,131.24693298339844
Our model,1,109.41799926757812
Our model,1,148.87571716308594
Our model,1,92.44164276123047
Our model,1,133.59957885742188
Our model,1,125.57803344726562
Our model,1,112.27200317382812
Our model,1,99.72105407714844
Our model,1,81.91364288330078
Our model,1,121.73727416992188
Our model,1,256.6549377441406
Our model,1,161.79373168945312
Our model,1,215.5465850830078
Our model,1,142.55746459960938
Our model,1,119.81237030029297
Our model,1,126.28973388671875
Our model,1,132.96673583984375
Our model,1,147.78384399414062
Our model,1,110.82266998291016
Our model,1,156.3390655517578
Our model,1,115.43500518798828
Our model,1,122.14654541015625
Our model,1,98.63717651367188
Our model,1,106.47997283935547
Our model,1,150.86143493652344
Our model,1,135.6488037109375
Our model,1,136.2100372314453
Our model,1,133.63235473632812
Our model,1,120.28684997558594
Our model,1,117.41027069091797
Our model,1,117.24601745605469
Our model,1,110.60637664794922
Our model,1,338.95623779296875
Our model,1,175.3122100830078
Our model,1,107.66963958740234
Our model,1,135.11004638671875
Our model,1,131.5128631591797
Our model,1,127.26007080078125
Our model,1,111.84239196777344
Our model,1,121.91796875
Our model,1,115.86731719970703
Our model,1,120.57070922851562
Our model,1,148.0864715576172
Our model,1,154.76785278320312
Our model,1,112.8482894897461
Our model,1,126.63028717041016
Our model,1,131.8561553955078
Our model,1,124.20535278320312
Our model,1,128.3671112060547
Our model,1,134.36781311035156
Our model,1,181.8703155517578
Our model,1,126.65851593017578
Our model,1,136.76385498046875
Our model,1,104.12943267822266
Our model,1,169.93263244628906
Our model,1,179.53370666503906
Our model,1,118.6205825805664
Our model,1,142.2857208251953
Our model,1,171.97940063476562
Our model,1,115.12218475341797
Our model,1,137.75083923339844
Our model,1,124.12483978271484
Our model,1,99.22863006591797
Our model,1,116.55663299560547
Our model,1,98.62646484375
Our model,1,130.07705688476562
Our model,1,132.2967987060547
Our model,1,140.5581512451172
Our model,1,127.94792175292969
Our model,1,125.43470001220703
Our model,1,114.75726318359375
Our model,1,115.85121154785156
Our model,1,129.9683074951172
Our model,1,111.46192169189453
Our model,1,115.67147827148438
Our model,1,137.6478729248047
Our model,1,121.65015411376953
Our model,1,177.6822052001953
Our model,1,126.38814544677734
Our model,1,273.2134094238281
Our model,1,170.20562744140625
Our model,1,138.66294860839844
Our model,1,170.47021484375
Our model,1,157.45338439941406
Our model,1,151.92848205566406
Our model,1,121.76200866699219
Our model,1,98.52362060546875
Our model,1,150.1070556640625
Our model,1,94.34870147705078
Our model,1,99.76819610595703
Our model,1,129.98158264160156
Our model,1,140.88221740722656
Our model,1,134.71218872070312
Our model,1,136.186767578125
Our model,1,304.12054443359375
Our model,1,139.54049682617188
Our model,1,242.58920288085938
Our model,1,117.48603057861328
Our model,1,97.1118392944336
Our model,1,131.0054168701172
Our model,1,99.11151123046875
Our model,1,142.29026794433594
Our model,1,131.232421875
Our model,1,120.03968048095703
Our model,1,154.9804229736328
Our model,1,126.6833267211914
Our model,1,135.97515869140625
Our model,1,133.16847229003906
Our model,1,145.66546630859375
Our model,1,118.39814758300781
Our model,1,91.42597198486328
Our model,1,105.74845886230469
Our model,1,90.22623443603516
Our model,1,111.89134979248047
Our model,1,135.51268005371094
Our model,1,131.85279846191406
Our model,1,106.02861022949219
Our model,1,150.81304931640625
Our model,1,126.73405456542969
Our model,1,149.19273376464844
Our model,1,147.56411743164062
Our model,1,83.53436279296875
Our model,1,174.92245483398438
Our model,1,160.68890380859375
Our model,1,138.1944122314453
Our model,1,108.591064453125
Our model,1,156.6862335205078
Our model,1,143.77239990234375
Our model,1,122.38748931884766
Our model,1,134.3701934814453
Our model,1,144.1984100341797
Our model,1,119.69352722167969
Our model,1,129.08575439453125
Our model,1,126.05394744873047
Our model,1,129.46728515625
Our model,1,125.56348419189453
Our model,1,145.08888244628906
Our model,1,153.73818969726562
Our model,1,183.59706115722656
Our model,1,192.88949584960938
Our model,1,156.07420349121094
Our model,1,116.02755737304688
Our model,1,228.57763671875
Our model,1,132.36068725585938
Our model,1,132.40231323242188
Our model,1,90.77995300292969
Our model,1,117.1478042602539
Our model,1,168.02633666992188
Our model,1,128.92919921875
Our model,1,109.59713745117188
Our model,1,106.19664001464844
Our model,1,124.98170471191406
Our model,1,186.42861938476562
Our model,1,138.07058715820312
Our model,1,201.02825927734375
Our model,1,193.7110595703125
Our model,1,139.9782257080078
Our model,1,129.98526000976562
Our model,1,114.74443054199219
Our model,1,127.8431167602539
Our model,1,105.42460632324219
Our model,1,109.38156127929688
Our model,1,120.10118865966797
Our model,1,135.34681701660156
Our model,1,123.37735748291016
Our model,1,175.9529571533203
Our model,1,130.67025756835938
Our model,1,130.74111938476562
Our model,1,126.73696899414062
Our model,1,178.04342651367188
Our model,1,166.28131103515625
Our model,1,117.08943176269531
Our model,1,113.72122192382812
Our model,1,103.1313705444336
Our model,1,200.88714599609375
Our model,1,140.82037353515625
Our model,1,150.98025512695312
Our model,1,136.95550537109375
Our model,1,136.57736206054688
Our model,1,140.73806762695312
Our model,1,122.93550109863281
Our model,1,125.23863220214844
Our model,1,114.66552734375
Our model,1,98.06242370605469
Our model,1,191.20335388183594
Our model,1,133.8154296875
Our model,1,235.2596893310547
Our model,1,198.9728240966797
Our model,1,143.0070343017578
Our model,1,141.43685913085938
Our model,1,149.56887817382812
Our model,1,131.0595703125
Our model,1,131.4821319580078
Our model,1,141.1493682861328
Our model,1,210.8916778564453
Our model,1,134.3721923828125
Our model,1,155.63470458984375
Our model,1,139.54786682128906
Our model,1,99.53073120117188
Our model,1,124.2548828125
Our model,1,136.29733276367188
Our model,1,144.0356903076172
Our model,1,148.49649047851562
Our model,1,98.86591339111328
Our model,1,129.53262329101562
Our model,1,122.95775604248047
Our model,1,137.85940551757812
Our model,1,124.7457275390625
Our model,1,114.53064727783203
Our model,1,120.48567199707031
Our model,1,138.58047485351562
Our model,1,134.0655975341797
Our model,1,162.2670135498047
Our model,1,152.80642700195312
Our model,1,160.66885375976562
Our model,1,164.30648803710938
Our model,1,127.72761535644531
Our model,1,141.8566436767578
Our model,1,100.59586334228516
Our model,1,174.24305725097656
Our model,1,124.27288818359375
Our model,1,81.710205078125
Our model,1,166.06825256347656
Our model,1,185.89219665527344
Our model,1,221.79953002929688
Our model,1,128.69541931152344
Our model,1,237.49374389648438
Our model,1,218.76968383789062
Our model,1,306.032470703125
Our model,1,121.28384399414062
Our model,1,92.16138458251953
Our model,1,110.15361785888672
Our model,1,89.25859832763672
Our model,1,92.58522033691406
Our model,1,122.03153228759766
Our model,1,112.19403839111328
Our model,1,132.0009002685547
Our model,1,140.7359161376953
Our model,1,133.18817138671875
Our model,1,121.34215545654297
Our model,1,140.52871704101562
Our model,1,133.580078125
Our model,1,119.8065414428711
Our model,1,123.0528564453125
Our model,1,101.11995697021484
Our model,1,138.3369598388672
Our model,1,134.10061645507812
Our model,1,170.2399444580078
Our model,1,134.39964294433594
Our model,1,201.93418884277344
Our model,1,120.31808471679688
Our model,1,129.79747009277344
Our model,1,130.9864044189453
Our model,1,172.9214630126953
Our model,1,91.1452865600586
Our model,1,119.89691925048828
Our model,1,118.21774291992188
Our model,1,145.6389617919922
Our model,1,169.47027587890625
Our model,1,156.44943237304688
Our model,1,114.32539367675781
Our model,1,127.25241088867188
Our model,1,129.03189086914062
Our model,1,119.29774475097656
Our model,1,126.70528411865234
Our model,1,95.58903503417969
Our model,1,110.46356201171875
Our model,1,124.13555145263672
Our model,1,133.09141540527344
Our model,1,122.00020599365234
Our model,1,123.42353057861328
Our model,1,202.98423767089844
Our model,1,134.16522216796875
Our model,1,142.2437286376953
Our model,1,147.7472381591797
Our model,1,132.53260803222656
Our model,1,205.64828491210938
Our model,1,136.60386657714844
Our model,1,103.47661590576172
Our model,1,96.68326568603516
Our model,1,96.89744567871094
Our model,1,177.61801147460938
Our model,1,168.44400024414062
Our model,1,166.49221801757812
Our model,1,243.71759033203125
Our model,1,233.08543395996094
Our model,1,143.6844482421875
Our model,1,188.731689453125
Our model,1,130.7734375
Our model,1,121.33631134033203
Our model,1,100.94705963134766
Our model,1,187.07614135742188
Our model,1,137.511474609375
Our model,1,106.49589538574219
Our model,1,136.74301147460938
Our model,1,130.53631591796875
Our model,1,130.2190704345703
Our model,1,126.2891616821289
Our model,1,123.30644989013672
Our model,1,183.86708068847656
Our model,1,128.44091796875
Our model,1,157.7860870361328
Our model,1,110.05418395996094
Our model,1,193.4644775390625
Our model,1,144.22706604003906
Our model,1,99.23578643798828
Our model,1,131.72911071777344
Our model,1,201.42901611328125
Our model,1,176.12803649902344
Our model,1,143.5270538330078
Our model,1,148.97288513183594
Our model,1,137.05006408691406
Our model,1,123.28781127929688
Our model,1,142.7212371826172
Our model,1,134.9465789794922
Our model,1,112.90718841552734
Our model,1,99.52388763427734
Our model,1,186.8050079345703
Our model,1,117.22846984863281
Our model,1,143.874755859375
Our model,1,140.340087890625
Our model,1,133.5703125
Our model,1,113.97047424316406
Our model,1,121.73339080810547
Our model,1,135.8748321533203
Our model,1,148.30490112304688
Our model,1,103.80510711669922
Our model,1,126.45381927490234
Our model,1,135.4166259765625
Our model,1,99.06157684326172
Our model,1,115.06075286865234
Our model,1,110.74235534667969
Our model,1,157.51834106445312
Our model,1,163.19598388671875
Our model,1,141.88389587402344
Our model,1,124.02055358886719
Our model,1,126.1750717163086
Our model,1,125.44446563720703
Our model,1,111.98456573486328
Our model,1,135.93533325195312
Our model,1,117.1184310913086
Our model,1,105.44755554199219
Our model,1,139.17127990722656
Our model,1,170.77862548828125
Our model,1,119.30284881591797
Our model,1,146.5090789794922
Our model,1,115.1728286743164
Our model,1,133.26583862304688
Our model,1,137.02713012695312
Our model,1,125.66389465332031
Our model,1,96.36751556396484
Our model,1,99.77752685546875
Our model,1,152.5441436767578
Our model,1,125.05657196044922
Our model,1,118.18099975585938
Our model,1,129.609130859375
Our model,1,126.55484008789062
Our model,1,277.403076171875
Our model,1,120.84774780273438
Our model,1,143.9566192626953
Our model,1,130.65501403808594
Our model,1,246.21128845214844
Our model,1,244.32261657714844
Our model,1,139.61009216308594
Our model,1,101.6856689453125
Our model,1,104.50758361816406
Our model,1,114.52800750732422
Our model,1,128.90264892578125
Our model,1,156.66690063476562
Our model,1,146.7371368408203
Our model,1,119.72026824951172
Our model,1,114.90745544433594
Our model,1,113.9443588256836
Our model,1,143.88809204101562
Our model,1,176.44583129882812
Our model,1,119.20275115966797
Our model,1,86.25626373291016
Our model,1,107.2762451171875
Our model,1,149.22271728515625
Our model,1,149.12802124023438
Our model,1,119.37910461425781
Our model,1,131.9709014892578
Our model,1,111.95056915283203
Our model,1,159.6397247314453
Our model,1,120.03178405761719
Our model,1,137.1866455078125
Our model,1,171.91085815429688
Our model,1,183.4386749267578
Our model,1,162.28781127929688
Our model,1,104.71348571777344
Our model,1,119.5808334350586
Our model,1,143.3526611328125
Our model,1,138.76678466796875
Our model,1,158.90342712402344
Our model,1,137.41786193847656
Our model,1,116.52838134765625
Our model,1,152.55050659179688
Our model,1,115.79462432861328
Our model,1,111.48696899414062
Our model,1,151.64825439453125
Our model,1,104.21896362304688
Our model,1,133.7339324951172
Our model,1,109.36912536621094
Our model,1,171.82156372070312
Our model,1,151.75973510742188
Our model,1,115.296875
Our model,1,181.90353393554688
Our model,1,128.35400390625
Our model,1,212.42401123046875
Our model,1,130.5426025390625
Our model,1,97.6470718383789
Our model,1,116.06423950195312
Our model,1,110.90380859375
Our model,1,126.7543716430664
Our model,1,129.47640991210938
Our model,1,145.89593505859375
Our model,1,124.29915618896484
Our model,1,124.16759490966797
Our model,1,138.10134887695312
Our model,1,127.78661346435547
Our model,1,144.6027374267578
Our model,1,168.4440460205078
Our model,1,145.58006286621094
Our model,1,149.0693359375
Our model,1,98.9244384765625
Our model,1,139.94381713867188
Our model,1,214.35018920898438
Our model,1,128.52589416503906
Our model,1,121.49470520019531
Our model,1,118.6764144897461
Our model,1,140.88381958007812
Our model,1,157.71327209472656
Our model,1,152.63433837890625
Our model,1,177.82090759277344
Our model,1,98.12481689453125
Our model,1,162.1621856689453
Our model,1,183.8434295654297
Our model,1,135.23451232910156
Our model,1,131.36827087402344
Our model,1,150.61489868164062
Our model,1,116.45316314697266
Our model,1,139.41709899902344
Our model,1,111.98393249511719
Our model,1,146.94268798828125
Our model,1,132.5586700439453
Our model,1,132.4693145751953
Our model,1,120.84671783447266
Our model,1,149.55337524414062
Our model,1,134.74447631835938
Our model,1,127.94888305664062
Our model,1,117.85221099853516
Our model,1,134.02203369140625
Our model,1,170.88661193847656
Our model,1,181.99057006835938
Our model,1,143.19960021972656
Our model,1,169.295166015625
Our model,1,123.9619140625
Our model,1,134.15965270996094
Our model,1,106.56283569335938
Our model,1,146.33770751953125
Our model,1,115.53103637695312
Our model,1,117.51771545410156
Our model,1,112.9424819946289
Our model,1,88.55712890625
Our model,1,114.5882568359375
Our model,1,129.58770751953125
Our model,1,123.48348236083984
Our model,1,131.57652282714844
Our model,1,131.6622314453125
Our model,1,106.14639282226562
Our model,1,129.15408325195312
Our model,1,139.57879638671875
Our model,1,228.03445434570312
Our model,1,100.98616790771484
Our model,1,215.98069763183594
Our model,1,267.5201721191406
Our model,1,194.23951721191406
Our model,1,237.95843505859375
Our model,1,130.090087890625
Our model,1,114.05176544189453
Our model,1,114.80974578857422
Our model,1,172.95779418945312
Our model,1,178.29783630371094
Our model,1,128.5472412109375
Our model,1,97.07550048828125
Our model,1,112.2630386352539
Our model,1,133.72784423828125
Our model,1,134.0640869140625
Our model,1,154.8700408935547
Our model,1,109.4637680053711
Our model,1,131.55780029296875
Our model,1,123.58460998535156
Our model,1,153.76065063476562
Our model,1,161.8290557861328
Our model,1,109.47557067871094
Our model,1,124.77291107177734
Our model,1,114.74412536621094
Our model,1,124.4843521118164
Our model,1,161.97718811035156
Our model,1,152.73190307617188
Our model,1,164.1248321533203
Our model,1,144.95025634765625
Our model,1,114.39521026611328
Our model,1,125.23341369628906
Our model,1,142.9983367919922
Our model,1,142.22833251953125
Our model,1,95.73977661132812
Our model,1,127.70301055908203
Our model,1,98.33567810058594
Our model,1,118.98330688476562
Our model,1,150.39378356933594
Our model,1,141.8298797607422
Our model,1,144.3404998779297
Our model,1,97.85128784179688
Our model,1,159.3039093017578
Our model,1,88.55132293701172
Our model,1,144.06353759765625
Our model,1,179.41265869140625
Our model,1,109.61764526367188
Our model,1,143.70838928222656
Our model,1,106.07971954345703
Our model,1,145.5399932861328
Our model,1,152.2713165283203
Our model,1,135.72714233398438
Our model,1,119.88495635986328
Our model,1,130.95423889160156
Our model,1,129.82118225097656
Our model,1,125.55033111572266
Our model,1,94.91133117675781
Our model,1,139.7032470703125
Our model,1,133.4517059326172
Our model,1,188.77452087402344
Our model,1,157.38134765625
Our model,1,120.16547393798828
Our model,1,152.67630004882812
Our model,1,113.7530746459961
Our model,1,202.55674743652344
Our model,1,104.43567657470703
Our model,1,169.37562561035156
Our model,1,167.082763671875
Our model,1,147.48458862304688
Our model,1,143.8260955810547
Our model,1,92.58697509765625
Our model,1,157.68914794921875
Our model,1,134.94589233398438
Our model,1,117.6031723022461
Our model,1,123.17256927490234
Our model,1,128.908935546875
Our model,1,135.76840209960938
Our model,1,117.17009735107422
Our model,1,125.19801330566406
Our model,1,126.0799560546875
Our model,1,134.00302124023438
Our model,1,136.30029296875
Our model,1,120.91381072998047
Our model,1,105.54857635498047
Our model,1,127.41422271728516
Our model,1,185.673095703125
Our model,1,91.22212982177734
Our model,1,168.16055297851562
Our model,1,116.36029052734375
Our model,1,142.05841064453125
Our model,1,141.9573516845703
Our model,1,117.40839385986328
Our model,1,96.0857162475586
Our model,1,145.57810974121094
Our model,1,118.62886810302734
Our model,1,136.9774169921875
Our model,1,136.4219207763672
Our model,1,163.33636474609375
Our model,1,292.1541442871094
Our model,1,300.2088928222656
Our model,1,142.4073028564453
Our model,1,110.28451538085938
Our model,1,157.65345764160156
Our model,1,166.9520263671875
Our model,1,171.29547119140625
Our model,1,130.873779296875
Our model,1,100.98051452636719
Our model,1,98.22239685058594
Our model,1,146.4301300048828
Our model,1,126.3814926147461
Our model,1,113.34490966796875
Our model,1,140.07888793945312
Our model,1,145.80804443359375
Our model,1,193.0999298095703
Our model,1,140.24839782714844
Our model,1,197.10743713378906
Our model,1,110.14479064941406
Our model,1,199.49398803710938
Our model,1,156.623291015625
Our model,1,116.50727844238281
Our model,1,146.12310791015625
Our model,1,147.39247131347656
Our model,1,192.49566650390625
Our model,1,131.8063507080078
Our model,1,140.7886505126953
Our model,1,165.33079528808594
Our model,1,149.5777587890625
Our model,1,115.15483093261719
Our model,1,103.06230926513672
Our model,1,93.00364685058594
Our model,1,123.89618682861328
Our model,1,137.37689208984375
Our model,1,156.41934204101562
Our model,1,130.11705017089844
Our model,1,138.33810424804688
Our model,1,157.32774353027344
Our model,1,103.60165405273438
Our model,1,158.41429138183594
Our model,1,126.13038635253906
Our model,1,120.36868286132812
Our model,1,108.30415344238281
Our model,1,129.9143829345703
Our model,1,128.4083251953125
Our model,1,115.7848892211914
Our model,1,149.9334259033203
Our model,1,122.42414093017578
Our model,1,96.80875396728516
Our model,1,135.9207305908203
Our model,1,111.88408660888672
Our model,1,135.5935516357422
Our model,1,156.197509765625
Our model,1,109.90914916992188
Our model,1,130.20303344726562
Our model,1,158.4958038330078
Our model,1,140.11453247070312
Our model,1,111.72584533691406
Our model,1,123.44454956054688
Our model,1,143.96627807617188
Our model,1,192.0088348388672
Our model,1,175.07847595214844
Our model,1,267.51947021484375
Our model,1,214.97100830078125
Our model,1,135.48822021484375
Our model,1,117.4427719116211
Our model,1,103.66197967529297
Our model,1,113.02324676513672
Our model,1,97.74067687988281
Our model,1,128.5937957763672
Our model,1,106.27848815917969
Our model,1,187.58937072753906
Our model,1,116.13800048828125
Our model,1,153.26087951660156
Our model,1,154.72994995117188
Our model,1,140.2847900390625
Our model,1,138.43991088867188
Our model,1,108.40363311767578
Our model,1,98.34005737304688
Our model,1,169.1548614501953
Our model,1,121.60771179199219
Our model,1,123.68290710449219
Our model,1,97.33418273925781
Our model,1,159.927978515625
Our model,1,130.44021606445312
Our model,1,138.81256103515625
Our model,1,188.8497314453125
Our model,1,155.64495849609375
Our model,1,207.8191375732422
Our model,1,109.11913299560547
Our model,1,90.5345687866211
Our model,1,95.59117889404297
Our model,1,97.5616455078125
Our model,1,107.01663208007812
Our model,1,117.79462432861328
Our model,1,135.42776489257812
Our model,1,202.68563842773438
Our model,1,160.02517700195312
Our model,1,206.08714294433594
Our model,1,154.1588134765625
Our model,1,142.32769775390625
Our model,1,149.78021240234375
Our model,1,102.88941955566406
Our model,1,166.24215698242188
Our model,1,137.5267333984375
Our model,1,116.43205261230469
Our model,1,110.45112609863281
Our model,1,138.79953002929688
Our model,1,215.1707763671875
Our model,1,145.6710968017578
Our model,1,217.4208221435547
Our model,1,166.12661743164062
Our model,1,267.33502197265625
Our model,1,143.55874633789062
Our model,1,115.8725814819336
Our model,1,146.29827880859375
Our model,1,120.91881561279297
Our model,1,99.30033874511719
Our model,1,131.8756866455078
Our model,1,134.5195770263672
Our model,1,134.95606994628906
Our model,1,166.4671173095703
Our model,1,131.5633087158203
Our model,1,123.1535873413086
Our model,1,141.81781005859375
Our model,1,122.2286148071289
Our model,1,107.7586669921875
Our model,1,100.63783264160156
Our model,1,120.68229675292969
Our model,1,96.53364562988281
Our model,1,150.27804565429688
Our model,1,121.08573913574219
Our model,1,138.6260528564453
Our model,1,120.19026184082031
Our model,1,176.10084533691406
Our model,1,131.08135986328125
Our model,1,123.79816436767578
Our model,1,120.85499572753906
Our model,1,112.7037124633789
Our model,1,161.29391479492188
Our model,1,112.16927337646484
Our model,1,111.97501373291016
Our model,1,99.99598693847656
Our model,1,130.5048370361328
Our model,1,168.39056396484375
Our model,1,103.5290298461914
Our model,1,140.70156860351562
Our model,1,140.9574737548828
Our model,1,140.19918823242188
Our model,1,134.3585968017578
Our model,1,105.68635559082031
Our model,1,121.68450164794922
Our model,1,99.18437957763672
Our model,1,120.97718811035156
Our model,1,120.96163177490234
Our model,1,153.58755493164062
Our model,1,117.16127014160156
Our model,1,131.2686767578125
Our model,1,134.15707397460938
Our model,1,105.46609497070312
Our model,1,162.22274780273438
Our model,1,110.69825744628906
Our model,1,106.92850494384766
Our model,1,132.37081909179688
Our model,1,123.970458984375
Our model,1,103.84956359863281
Our model,1,151.61199951171875
Our model,1,135.71099853515625
Our model,1,153.1241455078125
Our model,1,135.3032989501953
Our model,1,302.6365051269531
Our model,1,118.201904296875
Our model,1,308.401611328125
Our model,1,128.7562713623047
Our model,1,111.06990051269531
Our model,1,168.12051391601562
Our model,1,106.06422424316406
Our model,1,151.4441680908203
Our model,1,112.433349609375
Our model,1,123.32808685302734
Our model,1,179.9495391845703
Our model,1,198.68728637695312
Our model,1,196.92840576171875
Our model,1,101.78842163085938
Our model,1,108.34516143798828
Our model,1,122.18608093261719
Our model,1,117.38550567626953
Our model,1,132.175048828125
Our model,1,95.33297729492188
Our model,1,97.50882720947266
Our model,1,136.6896514892578
Our model,1,163.90509033203125
Our model,1,160.83636474609375
Our model,1,135.07852172851562
Our model,1,126.03594207763672
Our model,1,123.65117645263672
Our model,1,151.54212951660156
Our model,1,114.37491607666016
Our model,1,88.49980163574219
Our model,1,125.1097640991211
Our model,1,88.10372924804688
Our model,1,160.8323974609375
Our model,1,118.44581604003906
Our model,1,208.0926513671875
Our model,1,111.15851593017578
Our model,1,150.7012481689453
Our model,1,105.6009750366211
Our model,1,112.5968017578125
Our model,1,126.62525177001953
Our model,1,127.09556579589844
Our model,1,121.50008392333984
Our model,1,86.68097686767578
Our model,1,126.3152084350586
Our model,1,133.26095581054688
Our model,1,164.2203369140625
Our model,1,118.47412109375
Our model,1,140.83677673339844
Our model,1,136.4884796142578
Our model,1,109.92335510253906
Our model,1,122.89429473876953
Our model,1,123.10189819335938
Our model,1,149.1857452392578
Our model,1,120.10957336425781
Our model,1,100.24348449707031
Our model,1,175.9236297607422
Our model,1,90.6049575805664
Our model,1,260.6252746582031
Our model,1,195.17919921875
Our model,1,119.99931335449219
Our model,1,119.78230285644531
Our model,1,132.03179931640625
Our model,1,107.94667053222656
Our model,1,138.9267120361328
Our model,1,131.59939575195312
Our model,1,103.3848648071289
Our model,1,146.36341857910156
Our model,1,133.42953491210938
Our model,1,149.9226531982422
Our model,1,127.6697769165039
Our model,1,165.92738342285156
Our model,1,205.6129150390625
Our model,1,216.6951446533203
Our model,1,129.31320190429688
Our model,1,116.60242462158203
Our model,1,120.64190673828125
Our model,1,151.96298217773438
Our model,1,122.9249267578125
Our model,1,121.6954574584961
Our model,1,113.40984344482422
Our model,1,160.89129638671875
Our model,1,167.5508270263672
Our model,1,179.4456024169922
Our model,1,138.42819213867188
Our model,1,177.00611877441406
Our model,1,132.81797790527344
Our model,1,153.6687469482422
Our model,1,174.3253936767578
Our model,1,133.5523223876953
Our model,1,103.87732696533203
Our model,1,123.15157318115234
Our model,1,109.27723693847656
Our model,1,149.24700927734375
Our model,1,153.88340759277344
Our model,1,135.64849853515625
Our model,1,152.07705688476562
Our model,1,133.7654571533203
Our model,1,176.448486328125
Our model,1,110.6129150390625
Our model,1,178.39785766601562
Our model,1,140.86160278320312
Our model,1,109.25150299072266
Our model,1,97.50668334960938
Our model,1,131.11563110351562
Our model,1,136.00796508789062
Our model,1,130.46400451660156
Our model,1,131.0825958251953
Our model,1,145.5116424560547
Our model,1,149.65045166015625
Our model,1,123.70156860351562
Our model,1,149.1405792236328
Our model,1,115.02721405029297
Our model,1,117.67010498046875
Our model,1,112.79718780517578
Our model,1,129.54135131835938
Our model,1,146.20843505859375
Our model,1,120.65849304199219
Our model,1,136.77108764648438
Our model,1,135.45965576171875
Our model,1,128.63619995117188
Our model,1,119.82428741455078
Our model,1,136.40087890625
Our model,1,122.74024963378906
Our model,1,103.20589447021484
Our model,1,159.3139190673828
Our model,1,77.778076171875
Our model,1,259.7222595214844
Our model,1,120.49054718017578
Our model,1,167.49691772460938
Our model,1,132.81101989746094
Our model,1,133.69967651367188
Our model,1,225.24310302734375
Our model,1,110.73283386230469
Our model,1,190.494384765625
Our model,1,126.62918090820312
Our model,1,156.04212951660156
Our model,1,134.361572265625
Our model,1,104.38240051269531
Our model,1,134.63133239746094
Our model,1,188.96365356445312
Our model,1,141.02584838867188
Our model,1,125.09407043457031
Our model,1,155.8962860107422
Our model,1,130.999755859375
Our model,1,127.50867462158203
Our model,1,127.86235046386719
Our model,1,116.74990844726562
Our model,1,121.70145416259766
Our model,1,128.62147521972656
Our model,1,105.11528015136719
Our model,1,98.11614990234375
Our model,1,156.56976318359375
Our model,1,125.80630493164062
Our model,1,286.60638427734375
Our model,1,182.6667938232422
Our model,1,135.67660522460938
Our model,1,124.1463394165039
Our model,1,167.32846069335938
Our model,1,253.5558319091797
Our model,1,251.70767211914062
Our model,1,125.4088134765625
Our model,1,110.00575256347656
Our model,1,96.79777526855469
Our model,1,126.74082946777344
Our model,1,125.93389129638672
Our model,1,127.65325164794922
Our model,1,135.18763732910156
Our model,1,136.45346069335938
Our model,1,114.25599670410156
Our model,1,146.4984588623047
Our model,1,125.2047348022461
Our model,1,112.66690826416016
Our model,1,116.98334503173828
Our model,1,93.89918518066406
Our model,1,151.23301696777344
Our model,1,129.36773681640625
Our model,1,156.949462890625
Our model,1,101.14578247070312
Our model,1,124.5857925415039
Our model,1,95.7987289428711
Our model,1,125.38189697265625
Our model,1,144.48023986816406
Our model,1,116.57865142822266
Our model,1,110.29058074951172
Our model,1,110.82225799560547
Our model,1,118.68687438964844
Our model,1,126.04935455322266
Our model,1,145.76979064941406
Our model,1,149.32296752929688
Our model,1,134.6654510498047
Our model,1,145.78614807128906
Our model,1,121.3491439819336
Our model,1,129.70797729492188
Our model,1,112.14073181152344
Our model,1,128.7772979736328
Our model,1,105.99907684326172
Our model,1,96.28816986083984
Our model,1,140.0877227783203
Our model,1,134.11111450195312
Our model,1,156.20179748535156
Our model,1,152.65785217285156
Our model,1,226.79763793945312
Our model,1,138.32369995117188
Our model,1,183.64389038085938
Our model,1,170.83511352539062
Our model,1,101.65455627441406
Our model,1,131.461181640625
Our model,1,97.53821563720703
Our model,1,130.32911682128906
Our model,1,139.81280517578125
Our model,1,117.25983428955078
Our model,1,120.44558715820312
Our model,1,153.96224975585938
Our model,1,93.19896697998047
Our model,1,174.57325744628906
Our model,1,116.75816345214844
Our model,1,157.58297729492188
Our model,1,106.91974639892578
Our model,1,182.1014862060547
Our model,1,139.13641357421875
Our model,1,193.7657928466797
Our model,1,116.54969787597656
Our model,1,138.46388244628906
Our model,1,121.88224029541016
Our model,1,170.63031005859375
Our model,1,98.03107452392578
Our model,1,122.58540344238281
Our model,1,122.85896301269531
Our model,1,138.98568725585938
Our model,1,158.568603515625
Our model,1,125.10345458984375
Our model,1,101.99458312988281
Our model,1,156.13987731933594
Our model,1,129.34071350097656
Our model,1,204.8806610107422
Our model,1,173.48052978515625
Our model,1,196.453857421875
Our model,1,205.7012939453125
Our model,1,149.20230102539062
Our model,1,271.5705871582031
Our model,1,117.41831970214844
Our model,1,95.7459487915039
Our model,1,123.74949645996094
Our model,1,97.08343505859375
Our model,1,107.88491821289062
Our model,1,128.60372924804688
Our model,1,145.29779052734375
Our model,1,210.3952178955078
Our model,1,199.8966064453125
Our model,1,143.5551300048828
Our model,1,116.44226837158203
Our model,1,161.5830535888672
Our model,1,106.89556884765625
Our model,1,108.51354217529297
Our model,1,134.78878784179688
Our model,1,110.56057739257812
Our model,1,110.15322875976562
Our model,1,132.37844848632812
Our model,1,145.18698120117188
Our model,1,166.6428985595703
Our model,1,176.70486450195312
Our model,1,137.51390075683594
Our model,1,121.2356948852539
Our model,1,138.66893005371094
Our model,1,192.28610229492188
Our model,1,191.16836547851562
Our model,1,125.29281616210938
Our model,1,107.78287506103516
Our model,1,90.23419189453125
Our model,1,140.6560516357422
Our model,1,165.09121704101562
Our model,1,166.42727661132812
Our model,1,122.51168823242188
Our model,1,160.03375244140625
Our model,1,144.1841278076172
Our model,1,171.18331909179688
Our model,1,137.03089904785156
Our model,1,145.32843017578125
Our model,1,154.53453063964844
Our model,1,111.66171264648438
Our model,1,113.34644317626953
Our model,1,179.54953002929688
Our model,1,142.80126953125
Our model,1,109.77136993408203
Our model,1,125.87665557861328
Our model,1,138.8029327392578
Our model,1,137.52606201171875
Our model,1,129.22128295898438
Our model,1,133.3439483642578
Our model,1,119.21736145019531
Our model,1,141.97044372558594
Our model,1,124.74215698242188
Our model,1,121.85103607177734
Our model,1,174.2869110107422
Our model,1,144.84239196777344
Our model,1,195.71116638183594
Our model,1,120.46117401123047
Our model,1,166.55136108398438
Our model,1,148.35394287109375
Our model,1,112.89836883544922
Our model,1,132.97085571289062
Our model,1,113.93917083740234
Our model,1,137.1638946533203
Our model,1,144.72598266601562
Our model,1,108.68144226074219
Our model,1,125.49462127685547
Our model,1,122.6276626586914
Our model,1,146.22030639648438
Our model,1,217.11915588378906
Our model,1,142.8782958984375
Our model,1,150.2808380126953
Our model,1,120.5953598022461
Our model,1,162.07733154296875
Our model,1,161.5294647216797
Our model,1,166.0514373779297
Our model,1,120.53410339355469
Our model,1,95.2879867553711
Our model,1,116.26205444335938
Our model,1,126.98444366455078
Our model,1,134.95054626464844
Our model,1,148.60020446777344
Our model,1,132.9112091064453
Our model,1,124.41121673583984
Our model,1,142.04966735839844
Our model,1,132.9188995361328
Our model,1,124.53118133544922
Our model,1,115.86276245117188
Our model,1,84.34642791748047
Our model,1,191.0901336669922
Our model,1,118.96025085449219
Our model,1,199.5028533935547
Our model,1,191.75782775878906
Our model,1,182.6516876220703
Our model,1,123.65995025634766
Our model,1,152.26324462890625
Our model,1,179.48861694335938
Our model,1,131.15943908691406
Our model,1,84.30968475341797
Our model,1,121.13076782226562
Our model,1,111.90850067138672
Our model,1,149.12966918945312
Our model,1,131.12220764160156
Our model,1,127.28923034667969
Our model,1,172.2713623046875
Our model,1,149.1129608154297
Our model,1,214.159423828125
Our model,1,194.37570190429688
Our model,1,118.54144287109375
Our model,1,128.4388885498047
Our model,1,99.21998596191406
Our model,1,143.6663818359375
Our model,1,99.29657745361328
Our model,1,102.00877380371094
Our model,1,117.91082763671875
Our model,1,141.8797149658203
Our model,1,136.58062744140625
Our model,1,147.69322204589844
Our model,1,153.71302795410156
Our model,1,116.75859069824219
Our model,1,146.9551544189453
Our model,1,117.68830108642578
Our model,1,100.25291442871094
Our model,1,130.40785217285156
Our model,1,87.73388671875
Our model,1,99.36285400390625
Our model,1,112.45936584472656
Our model,1,134.47215270996094
Our model,1,184.11973571777344
Our model,1,166.28518676757812
Our model,1,122.8808822631836
Our model,1,104.75973510742188
Our model,1,135.01303100585938
Our model,1,107.85888671875
Our model,1,111.16040802001953
Our model,1,129.50067138671875
Our model,1,109.291015625
Our model,1,97.42186737060547
Our model,1,151.7117156982422
Our model,1,154.25572204589844
Our model,1,120.0978775024414
Our model,1,136.42868041992188
Our model,1,134.12643432617188
Our model,1,111.20365905761719
Our model,1,118.12773132324219
Our model,1,98.7078857421875
Our model,1,81.7142105102539
Our model,1,113.01201629638672
Our model,1,132.55496215820312
Our model,1,121.13611602783203
Our model,1,174.21041870117188
Our model,1,129.56130981445312
Our model,1,135.6060333251953
Our model,1,113.24999237060547
Our model,1,143.19699096679688
Our model,1,159.68209838867188
Our model,1,175.2313995361328
Our model,1,147.83511352539062
Our model,1,97.99932861328125
Our model,1,124.47602081298828
Our model,1,140.60409545898438
Our model,1,133.3966064453125
Our model,1,102.61849975585938
Our model,1,132.19415283203125
Our model,1,121.13896942138672
Our model,1,113.46311950683594
Our model,1,129.323974609375
Our model,1,114.82848358154297
Our model,1,102.65365600585938
Our model,1,103.20030975341797
Our model,1,103.16717529296875
Our model,1,162.1191864013672
Our model,1,140.75180053710938
Our model,1,131.3917236328125
Our model,1,130.17152404785156
Our model,1,140.62228393554688
Our model,1,97.88555908203125
Our model,1,144.47488403320312
Our model,1,128.93885803222656
Our model,1,144.5562286376953
Our model,1,101.29293823242188
Our model,1,123.40493774414062
Our model,1,134.62730407714844
Our model,1,173.9740753173828
Our model,1,127.22712707519531
Our model,1,128.0238494873047
Our model,1,125.83734893798828
Our model,1,163.90365600585938
Our model,1,211.26446533203125
Our model,1,145.646728515625
Our model,1,72.06192016601562
Our model,1,114.89531707763672
Our model,1,121.47755432128906
Our model,1,110.80362701416016
Our model,1,128.32766723632812
Our model,1,114.65103912353516
Our model,1,124.30130004882812
Our model,1,220.34661865234375
Our model,1,132.2662811279297
Our model,1,142.12705993652344
Our model,1,132.14300537109375
Our model,1,172.7748565673828
Our model,1,167.02474975585938
Our model,1,132.76040649414062
Our model,1,77.96475219726562
Our model,1,97.26437377929688
Our model,1,209.82180786132812
Our model,1,115.14285278320312
Our model,1,147.1061248779297
Our model,1,131.0391082763672
Our model,1,151.90350341796875
Our model,1,108.29938507080078
Our model,1,108.40827941894531
Our model,1,124.26734161376953
Our model,1,172.19239807128906
Our model,1,199.131591796875
Our model,1,245.63336181640625
Our model,1,208.0469970703125
Our model,1,130.51980590820312
Our model,1,165.52584838867188
Our model,1,111.77611541748047
Our model,1,153.03143310546875
Our model,1,167.00906372070312
Our model,1,136.19387817382812
Our model,1,145.78631591796875
Our model,1,128.04641723632812
Our model,1,104.1275863647461
Our model,1,131.6134033203125
Our model,1,125.6370620727539
Our model,1,134.0690460205078
Our model,1,123.04032135009766
Our model,1,142.42816162109375
Our model,1,124.2699966430664
Our model,1,116.64952850341797
Our model,1,131.00953674316406
Our model,1,109.30583190917969
Our model,1,133.78395080566406
Our model,1,119.32279968261719
Our model,1,124.9576416015625
Our model,1,104.89287567138672
Our model,1,114.74198913574219
Our model,1,169.93203735351562
Our model,1,108.40701293945312
Our model,1,150.21142578125
Our model,1,174.07086181640625
Our model,1,128.56187438964844
Our model,1,160.95323181152344
Our model,1,137.52487182617188
Our model,1,140.58888244628906
Our model,1,109.59683227539062
Our model,1,91.58467102050781
Our model,1,120.29620361328125
Our model,1,130.37608337402344
Our model,1,142.31185913085938
Our model,1,173.859130859375
Our model,1,119.00994873046875
Our model,1,138.92391967773438
Our model,1,129.47865295410156
Our model,1,105.00041961669922
Our model,1,123.80892944335938
Our model,1,127.43001556396484
Our model,1,121.71834564208984
Our model,1,122.20475006103516
Our model,1,116.09446716308594
Our model,1,129.4536895751953
Our model,1,177.95947265625
Our model,1,145.32424926757812
Our model,1,168.8779296875
Our model,1,148.77711486816406
Our model,1,120.31629943847656
Our model,1,165.99473571777344
Our model,1,97.16632843017578
Our model,1,110.2022476196289
Our model,1,117.4039077758789
Our model,1,103.5840835571289
Our model,1,159.92794799804688
Our model,1,89.4117431640625
Our model,1,142.57240295410156
Our model,1,160.58351135253906
Our model,1,142.0183868408203
Our model,1,191.79200744628906
Our model,1,157.43710327148438
Our model,1,131.8191375732422
Our model,1,125.17733764648438
Our model,1,122.18927001953125
Our model,1,101.96954345703125
Our model,1,116.58869171142578
Our model,1,101.08238220214844
Our model,1,154.9189910888672
Our model,1,142.19309997558594
Our model,1,137.8634033203125
Our model,1,136.2907257080078
Our model,1,131.0885467529297
Our model,1,119.6697998046875
Our model,1,168.50973510742188
Our model,1,133.37522888183594
Our model,1,130.35643005371094
Our model,1,140.1173858642578
Our model,1,147.51751708984375
Our model,1,146.48410034179688
Our model,1,155.957763671875
Our model,1,171.0856170654297
Our model,1,163.8319549560547
Our model,1,140.44479370117188
Our model,1,131.18582153320312
Our model,1,98.46202850341797
Our model,1,104.54739379882812
Our model,1,127.88042449951172
Our model,1,104.19824981689453
Our model,1,105.45645141601562
Our model,1,134.0218048095703
Our model,1,134.78750610351562
Our model,1,171.7665252685547
Our model,1,145.0288848876953
Our model,1,145.38230895996094
Our model,1,159.2130889892578
Our model,1,186.06005859375
Our model,1,109.8305435180664
Our model,1,110.55055236816406
Our model,1,101.29545593261719
Our model,1,101.55757904052734
Our model,1,109.1124496459961
Our model,1,140.2919464111328
Our model,1,112.96630096435547
Our model,1,150.544921875
Our model,1,139.50804138183594
Our model,1,130.71414184570312
Our model,1,106.6238021850586
Our model,1,133.22811889648438
Our model,1,129.9580841064453
Our model,1,98.91899871826172
Our model,1,131.1379852294922
Our model,1,109.50848388671875
Our model,1,155.650146484375
Our model,1,121.39788055419922
Our model,1,114.68844604492188
Our model,1,155.7755889892578
Our model,1,126.1292953491211
Our model,1,234.969970703125
Our model,1,145.48410034179688
Our model,1,284.467529296875
Our model,1,122.08302307128906
Our model,1,106.3871841430664
Our model,1,141.54774475097656
Our model,1,101.42588806152344
Our model,1,228.58230590820312
Our model,1,147.63809204101562
Our model,1,192.64735412597656
Our model,1,114.43392181396484
Our model,1,121.25045013427734
Our model,1,144.6580810546875
Our model,1,118.1917953491211
Our model,1,110.74072265625
Our model,1,206.74041748046875
Our model,1,74.6219482421875
Our model,1,192.67996215820312
Our model,1,117.32440185546875
Our model,1,118.72615051269531
Our model,1,163.3114013671875
Our model,1,158.29852294921875
Our model,1,126.3534927368164
Our model,1,191.77566528320312
Our model,1,131.90219116210938
Our model,1,135.2950897216797
Our model,1,147.62460327148438
Our model,1,140.1044464111328
Our model,1,93.89249420166016
Our model,1,106.02644348144531
Our model,1,100.55503845214844
Our model,1,137.11648559570312
Our model,1,180.98590087890625
Our model,1,205.58079528808594
Our model,1,139.19046020507812
Our model,1,118.93865203857422
Our model,1,118.19255828857422
Our model,1,112.59886932373047
Our model,1,95.59014892578125
Our model,1,116.2280502319336
Our model,1,82.98059844970703
Our model,1,147.95680236816406
Our model,1,130.7305908203125
Our model,1,148.72280883789062
Our model,1,137.91441345214844
Our model,1,132.60577392578125
Our model,1,150.59576416015625
Our model,1,156.837158203125
Our model,1,121.64501190185547
Our model,1,145.7026824951172
Our model,1,93.55778503417969
Our model,1,146.49021911621094
Our model,1,123.15065002441406
Our model,1,86.20494079589844
Our model,1,151.57801818847656
Our model,1,127.1790771484375
Our model,1,188.43789672851562
Our model,1,122.02970123291016
Our model,1,129.92831420898438
Our model,1,175.9741973876953
Our model,1,147.36019897460938
Our model,1,189.05819702148438
Our model,1,87.74580383300781
Our model,1,146.2406005859375
Our model,1,138.8944549560547
Our model,1,118.7779769897461
Our model,1,124.86048126220703
Our model,1,97.03252410888672
Our model,1,136.75595092773438
Our model,1,152.38735961914062
Our model,1,119.91355895996094
Our model,1,119.40980529785156
Our model,1,134.30380249023438
Our model,1,121.0457763671875
Our model,1,140.92630004882812
Our model,1,118.12671661376953
Our model,1,97.59746551513672
Our model,1,94.02348327636719
Our model,1,136.31097412109375
Our model,1,141.81678771972656
Our model,1,113.41206359863281
Our model,1,138.54217529296875
Our model,1,91.61498260498047
Our model,1,154.89747619628906
Our model,1,211.83815002441406
Our model,1,118.5377426147461
Our model,1,117.47418975830078
Our model,1,194.07379150390625
Our model,1,88.9375
Our model,1,208.56271362304688
Our model,1,142.12596130371094
Our model,1,207.5694580078125
Our model,1,139.21018981933594
Our model,1,123.8690414428711
Our model,1,127.49140930175781
Our model,1,125.68461608886719
Our model,1,127.69718933105469
Our model,1,118.67678833007812
Our model,1,83.13368225097656
Our model,1,109.94343566894531
Our model,1,103.21035766601562
Our model,1,114.24943542480469
Our model,1,144.26727294921875
Our model,1,132.84803771972656
Our model,1,173.25918579101562
Our model,1,141.13119506835938
Our model,1,162.9657440185547
Our model,1,172.57958984375
Our model,1,198.22836303710938
Our model,1,132.00347900390625
Our model,1,114.57345581054688
Our model,1,126.43316650390625
Our model,1,103.2244873046875
Our model,1,113.29521942138672
Our model,1,181.47653198242188
Our model,1,121.15597534179688
Our model,1,122.44510650634766
Our model,1,146.58836364746094
Our model,1,124.76802825927734
Our model,1,125.20842742919922
Our model,1,164.1676483154297
Our model,1,114.12893676757812
Our model,1,114.2799072265625
Our model,1,164.21560668945312
Our model,1,107.7378921508789
Our model,1,153.97576904296875
Our model,1,122.15685272216797
Our model,1,108.1596908569336
Our model,1,131.86488342285156
Our model,1,220.45751953125
Our model,1,167.87619018554688
Our model,1,125.61128234863281
Our model,1,144.7126007080078
Our model,1,184.13528442382812
Our model,1,237.54141235351562
Our model,1,117.0033187866211
Our model,1,124.70520782470703
Our model,1,96.86983489990234
Our model,1,138.4635467529297
Our model,1,145.2634735107422
Our model,1,170.41741943359375
Our model,1,147.35498046875
Our model,1,427.01812744140625
Our model,1,155.5928955078125
Our model,1,458.93585205078125
Our model,1,141.0936279296875
Our model,1,126.14364624023438
Our model,1,125.71136474609375
Our model,1,107.58055114746094
Our model,1,128.01463317871094
Our model,1,124.63988494873047
Our model,1,140.83140563964844
Our model,1,119.57025909423828
Our model,1,134.00767517089844
Our model,1,142.0525665283203
Our model,1,152.2831268310547
Our model,1,191.16119384765625
Our model,1,129.70375061035156
Our model,1,115.61442565917969
Our model,1,128.74246215820312
Our model,1,97.1387710571289
Our model,1,148.79855346679688
Our model,1,143.10047912597656
Our model,1,143.92721557617188
Our model,1,165.4481964111328
Our model,1,149.4131622314453
Our model,1,100.53884887695312
Our model,1,150.75234985351562
Our model,1,151.17929077148438
Our model,1,112.20292663574219
Our model,1,103.31459045410156
Our model,1,126.75325775146484
Our model,1,92.60370635986328
Our model,1,141.8283233642578
Our model,1,117.06193542480469
Our model,1,148.69424438476562
Our model,1,96.19647216796875
Our model,1,147.9495086669922
Our model,1,135.47427368164062
Our model,1,137.36239624023438
Our model,1,118.38213348388672
Our model,1,143.98838806152344
Our model,1,106.21854400634766
Our model,1,132.2305450439453
Our model,1,151.9103546142578
Our model,1,134.23426818847656
Our model,1,130.61622619628906
Our model,1,140.03866577148438
Our model,1,138.52023315429688
Our model,1,137.19021606445312
Our model,1,125.526611328125
Our model,1,107.78771209716797
Our model,1,157.91754150390625
Our model,1,153.1377410888672
Our model,1,382.5001525878906
Our model,1,156.6053924560547
Our model,1,310.92376708984375
Our model,1,145.3634796142578
Our model,1,134.60614013671875
Our model,1,118.7287368774414
Our model,1,149.91709899902344
Our model,1,169.80294799804688
Our model,1,144.10858154296875
Our model,1,108.254638671875
Our model,1,123.61278533935547
Our model,1,108.13655853271484
Our model,1,87.96551513671875
Our model,1,99.82660675048828
Our model,1,124.14488220214844
Our model,1,130.5209503173828
Our model,1,135.21327209472656
Our model,1,131.15126037597656
Our model,1,119.95161437988281
Our model,1,131.181884765625
Our model,1,111.6393814086914
Our model,1,100.02909088134766
Our model,1,140.8734130859375
Our model,1,103.72505187988281
Our model,1,159.0571746826172
Our model,1,122.20032501220703
Our model,1,125.02664184570312
Our model,1,150.13510131835938
Our model,1,186.80325317382812
Our model,1,386.2570495605469
Our model,1,123.8681411743164
Our model,1,333.1504211425781
Our model,1,131.401611328125
Our model,1,147.4972686767578
Our model,1,167.09901428222656
Our model,1,87.1148910522461
Our model,1,225.43284606933594
Our model,1,133.13143920898438
Our model,1,136.84274291992188
Our model,1,184.38986206054688
Our model,1,195.2810821533203
Our model,1,168.19886779785156
Our model,1,124.0799331665039
Our model,1,107.7564468383789
Our model,1,134.654296875
Our model,1,99.57462310791016
Our model,1,129.44503784179688
Our model,1,100.28944396972656
Our model,1,96.91485595703125
Our model,1,125.95816040039062
Our model,1,120.03192138671875
Our model,1,153.20486450195312
Our model,1,142.21002197265625
Our model,1,93.65992736816406
Our model,1,178.6982421875
Our model,1,137.01539611816406
Our model,1,178.4300994873047
Our model,1,108.14002227783203
Our model,1,148.61741638183594
Our model,1,154.93833923339844
Our model,1,141.7601318359375
Our model,1,122.52311706542969
Our model,1,119.77742004394531
Our model,1,105.91373443603516
Our model,1,211.83287048339844
Our model,1,144.4783935546875
Our model,1,89.92707061767578
Our model,1,138.08187866210938
Our model,1,197.71307373046875
Our model,1,370.8873596191406
Our model,1,121.33596801757812
Our model,1,158.8865966796875
Our model,1,137.3440704345703
Our model,1,525.3824462890625
Our model,1,123.61341094970703
Our model,1,162.6558074951172
Our model,1,173.43235778808594
Our model,1,130.99476623535156
Our model,1,119.04816436767578
Our model,1,119.50640869140625
Our model,1,141.58013916015625
Our model,1,138.5349578857422
Our model,1,126.35955047607422
Our model,1,95.44847106933594
Our model,1,99.9388198852539
Our model,1,175.3791961669922
Our model,1,132.5804901123047
Our model,1,90.84490966796875
Our model,1,157.90457153320312
Our model,1,173.59986877441406
Our model,1,165.25454711914062
Our model,1,136.3592071533203
Our model,1,195.42413330078125
Our model,1,112.30103302001953
Our model,1,139.2760467529297
Our model,1,132.66903686523438
Our model,1,101.01268768310547
Our model,1,174.27279663085938
Our model,1,112.7601547241211
Our model,1,136.66213989257812
Our model,1,129.69212341308594
Our model,1,129.5549774169922
Our model,1,128.50015258789062
Our model,1,132.11550903320312
Our model,1,122.05256652832031
Our model,1,112.5595932006836
Our model,1,124.96369934082031
Our model,1,121.96131896972656
Our model,1,137.94215393066406
Our model,1,151.450927734375
Our model,1,115.20870971679688
Our model,1,155.43130493164062
Our model,1,129.555908203125
Our model,1,120.43099212646484
Our model,1,107.33403015136719
Our model,1,117.60468292236328
Our model,1,117.80471801757812
Our model,1,150.0055389404297
Our model,1,109.48694610595703
Our model,1,120.345458984375
Our model,1,136.91896057128906
Our model,1,150.1317596435547
Our model,1,140.09033203125
Our model,1,118.48169708251953
Our model,1,144.02850341796875
Our model,1,105.64070892333984
Our model,1,120.6419677734375
Our model,1,140.62754821777344
Our model,1,104.44804382324219
Our model,1,198.9541473388672
Our model,1,173.40403747558594
Our model,1,143.6848907470703
Our model,1,151.4420623779297
Our model,1,130.56019592285156
Our model,1,133.4333038330078
Our model,1,129.6649627685547
Our model,1,127.09623718261719
Our model,1,101.78484344482422
Our model,1,122.89474487304688
Our model,1,113.38907623291016
Our model,1,106.79170989990234
Our model,1,121.60812377929688
Our model,1,127.38172149658203
Our model,1,174.14984130859375
Our model,1,135.44541931152344
Our model,1,180.4570770263672
Our model,1,152.68893432617188
Our model,1,107.00330352783203
Our model,1,133.1302032470703
Our model,1,107.60333251953125
Our model,1,121.36499786376953
Our model,1,87.21119689941406
Our model,1,99.22125244140625
Our model,1,129.10284423828125
Our model,1,121.9781723022461
Our model,1,123.55059051513672
Our model,1,160.99134826660156
Our model,1,189.7466278076172
Our model,1,125.38912200927734
Our model,1,99.01924133300781
Our model,1,146.99368286132812
Our model,1,170.01768493652344
Our model,1,151.81983947753906
Our model,1,149.7841339111328
Our model,1,118.86820220947266
Our model,1,128.39071655273438
Our model,1,179.24107360839844
Our model,1,129.31277465820312
Our model,1,159.7025909423828
Our model,1,124.67898559570312
Our model,1,121.61257934570312
Our model,1,122.32227325439453
Our model,1,136.96426391601562
Our model,1,111.41651153564453
Our model,1,124.22379302978516
Our model,1,101.63200378417969
Our model,1,94.37603759765625
Our model,1,146.00674438476562
Our model,1,175.63209533691406
Our model,1,153.54452514648438
Our model,1,122.23448944091797
Our model,1,181.2650146484375
Our model,1,148.68556213378906
Our model,1,213.10023498535156
Our model,1,129.54766845703125
Our model,1,98.83667755126953
Our model,1,137.0952606201172
Our model,1,109.44417572021484
Our model,1,109.4111557006836
Our model,1,146.02798461914062
Our model,1,161.50582885742188
Our model,1,119.4031753540039
Our model,1,125.3625717163086
Our model,1,117.91231536865234
Our model,1,130.59912109375
Our model,1,121.3866195678711
Our model,1,119.81678009033203
Our model,1,107.29950714111328
Our model,1,142.79653930664062
Our model,1,261.2346496582031
Our model,1,132.3607940673828
Our model,1,283.77911376953125
Our model,1,260.79864501953125
Our model,1,208.68618774414062
Our model,1,170.99188232421875
Our model,1,127.1037826538086
Our model,1,131.6736602783203
Our model,1,140.04103088378906
Our model,1,141.9740753173828
Our model,1,142.37442016601562
Our model,1,129.21981811523438
Our model,1,117.59554290771484
Our model,1,123.98577117919922
Our model,1,110.16793823242188
Our model,1,144.7489776611328
Our model,1,141.01638793945312
Our model,1,89.5858383178711
Our model,1,149.572509765625
Our model,1,124.12802124023438
Our model,1,105.5816879272461
Our model,1,123.62547302246094
Our model,1,88.07027435302734
Our model,1,166.8457794189453
Our model,1,126.91088104248047
Our model,1,133.60243225097656
Our model,1,140.2327423095703
Our model,1,156.00010681152344
Our model,1,178.38201904296875
Our model,1,127.70901489257812
Our model,1,132.22866821289062
Our model,1,109.35816192626953
Our model,1,96.5654525756836
Our model,1,152.42752075195312
Our model,1,108.79119873046875
Our model,1,141.2531280517578
Our model,1,132.24331665039062
Our model,1,97.17346954345703
Our model,1,122.524169921875
Our model,1,134.9271240234375
Our model,1,136.68380737304688
Our model,1,116.43698120117188
Our model,1,144.90203857421875
Our model,1,131.2497100830078
Our model,1,152.37986755371094
Our model,1,118.19659423828125
Our model,1,173.5413818359375
Our model,1,131.22964477539062
Our model,1,167.8922119140625
Our model,1,110.47207641601562
Our model,1,126.2777328491211
Our model,1,131.46665954589844
Our model,1,145.41366577148438
Our model,1,134.57208251953125
Our model,1,147.0912628173828
Our model,1,143.4069366455078
Our model,1,248.4691162109375
Our model,1,144.0854034423828
Our model,1,113.40902709960938
Our model,1,246.29739379882812
Our model,1,125.69236755371094
Our model,1,297.67315673828125
Our model,1,155.62384033203125
Our model,1,149.07257080078125
Our model,1,135.11846923828125
Our model,1,125.05311584472656
Our model,1,122.65354919433594
Our model,1,112.06708526611328
Our model,1,134.8621063232422
Our model,1,127.3034896850586
Our model,1,84.83325958251953
Our model,1,116.73554992675781
Our model,1,114.24644470214844
Our model,1,164.23423767089844
Our model,1,116.1053466796875
Our model,1,112.97894287109375
Our model,1,117.26437377929688
Our model,1,124.82948303222656
Our model,1,115.4394302368164
Our model,1,109.65925598144531
Our model,1,124.23123931884766
Our model,1,87.21297454833984
Our model,1,133.6721954345703
Our model,1,114.72135162353516
Our model,1,267.2579040527344
Our model,1,104.3791275024414
Our model,1,224.64508056640625
Our model,1,320.2671813964844
Our model,1,131.43116760253906
Our model,1,168.42315673828125
Our model,1,188.74722290039062
Our model,1,156.74765014648438
Our model,1,136.48878479003906
Our model,1,113.73565673828125
Our model,1,126.96508026123047
Our model,1,123.14542388916016
Our model,1,93.7635498046875
Our model,1,101.36580657958984
Our model,1,143.11207580566406
Our model,1,134.46966552734375
Our model,1,159.72357177734375
Our model,1,142.76333618164062
Our model,1,204.28353881835938
Our model,1,145.26007080078125
Our model,1,131.6659393310547
Our model,1,151.27723693847656
Our model,1,124.38919067382812
Our model,1,137.2620086669922
Our model,1,108.62298583984375
Our model,1,105.76079559326172
Our model,1,132.3475341796875
Our model,1,137.885009765625
Our model,1,125.58971405029297
Our model,1,163.52989196777344
Our model,1,182.3119354248047
Our model,1,157.33187866210938
Our model,1,129.02322387695312
Our model,1,144.56658935546875
Our model,1,115.5386962890625
Our model,1,130.05889892578125
Our model,1,96.87141418457031
Our model,1,106.01932525634766
Our model,1,99.17349243164062
Our model,1,133.94712829589844
Our model,1,118.43022918701172
Our model,1,134.60267639160156
Our model,1,188.653076171875
Our model,1,154.66285705566406
Our model,1,123.22520446777344
Our model,1,126.51876831054688
Our model,1,91.521240234375
Our model,1,117.59307861328125
Our model,1,102.85240173339844
Our model,1,189.97279357910156
Our model,1,125.76943969726562
Our model,1,172.33872985839844
Our model,1,120.9054183959961
Our model,1,119.95101165771484
Our model,1,128.3675079345703
Our model,1,86.24129486083984
Our model,1,89.16122436523438
Our model,1,140.11302185058594
Our model,1,118.48796844482422
Our model,1,145.70896911621094
Our model,1,118.3183364868164
Our model,1,148.19403076171875
Our model,1,162.5857391357422
Our model,1,143.5258026123047
Our model,1,151.24996948242188
Our model,1,141.51573181152344
Our model,1,143.6767120361328
Our model,1,138.69969177246094
Our model,1,98.92447662353516
Our model,1,138.37608337402344
Our model,1,128.89219665527344
Our model,1,153.685546875
Our model,1,160.66415405273438
Our model,1,211.85272216796875
Our model,1,157.45863342285156
Our model,1,112.64278411865234
Our model,1,179.93209838867188
Our model,1,132.82891845703125
Our model,1,126.94033813476562
Our model,1,146.65921020507812
Our model,1,739.5885009765625
Our model,1,127.09757232666016
Our model,1,165.52999877929688
Our model,1,110.66177368164062
Our model,1,681.1908569335938
Our model,1,222.89932250976562
Our model,1,126.61688232421875
Our model,1,144.4114227294922
Our model,1,258.7896423339844
Our model,1,123.33265686035156
Our model,1,161.77491760253906
Our model,1,115.45528411865234
Our model,1,126.58015441894531
Our model,1,165.20883178710938
Our model,1,147.0347137451172
Our model,1,110.92182159423828
Our model,1,170.42202758789062
Our model,1,148.18630981445312
Our model,1,134.81398010253906
Our model,1,137.9849395751953
Our model,1,116.66462707519531
Our model,1,126.09152221679688
Our model,1,125.1174087524414
Our model,1,108.45451354980469
Our model,1,114.90568542480469
Our model,1,117.60987854003906
Our model,1,107.03703308105469
Our model,1,102.17051696777344
Our model,1,129.283447265625
Our model,1,158.52120971679688
Our model,1,196.2539825439453
Our model,1,206.94871520996094
Our model,1,138.30450439453125
Our model,1,118.46408081054688
Our model,1,113.9803237915039
Our model,1,112.91077423095703
Our model,1,114.13212585449219
Our model,1,125.81315612792969
Our model,1,91.20720672607422
Our model,1,103.17462158203125
Our model,1,109.92862701416016
Our model,1,137.41647338867188
Our model,1,146.514892578125
Our model,1,119.09980773925781
Our model,1,129.7650146484375
Our model,1,150.08714294433594
Our model,1,125.68441009521484
Our model,1,159.62539672851562
Our model,1,97.23632049560547
Our model,1,113.75848388671875
Our model,1,160.54254150390625
Our model,1,184.74346923828125
Our model,1,132.142578125
Our model,1,128.32933044433594
Our model,1,123.79429626464844
Our model,1,120.72624969482422
Our model,1,83.9753646850586
Our model,1,124.30949401855469
Our model,1,150.23374938964844
Our model,1,162.32289123535156
Our model,1,167.1883087158203
Our model,1,124.53899383544922
Our model,1,132.5921630859375
Our model,1,118.50411987304688
Our model,1,129.13401794433594
Our model,1,129.31610107421875
Our model,1,134.82273864746094
Our model,1,131.65655517578125
Our model,1,160.4823760986328
Our model,1,142.80477905273438
Our model,1,123.57997131347656
Our model,1,99.53919982910156
Our model,1,187.94839477539062
Our model,1,193.6396484375
Our model,1,130.8868865966797
Our model,1,143.21385192871094
Our model,1,121.04960632324219
Our model,1,137.54933166503906
Our model,1,125.9181137084961
Our model,1,102.07027435302734
Our model,1,138.13970947265625
Our model,1,205.51014709472656
Our model,1,102.31383514404297
Our model,1,240.273193359375
Our model,1,134.89588928222656
Our model,1,190.1243896484375
Our model,1,125.09999084472656
Our model,1,131.76910400390625
Our model,1,129.06558227539062
Our model,1,129.07925415039062
Our model,1,116.42786407470703
Our model,1,130.47718811035156
Our model,1,165.59805297851562
Our model,1,127.75591278076172
Our model,1,147.9403839111328
Our model,1,214.1848602294922
Our model,1,182.14500427246094
Our model,1,154.94374084472656
Our model,1,140.53646850585938
Our model,1,128.3010711669922
Our model,1,119.45938110351562
Our model,1,108.72378540039062
Our model,1,117.02371978759766
Our model,1,123.6414794921875
Our model,1,100.66824340820312
Our model,1,129.62501525878906
Our model,1,157.01304626464844
Our model,1,116.5703353881836
Our model,1,127.62700653076172
Our model,1,145.5726318359375
Our model,1,105.78731536865234
Our model,1,114.55791473388672
Our model,1,115.77937316894531
Our model,1,138.8303680419922
Our model,1,106.99130249023438
Our model,1,107.5189208984375
Our model,1,135.1418914794922
Our model,1,104.85359191894531
Our model,1,184.822998046875
Our model,1,157.93209838867188
Our model,1,147.1398162841797
Our model,1,150.79640197753906
Our model,1,125.78826141357422
Our model,1,101.54643249511719
Our model,1,118.0524673461914
Our model,1,120.62081909179688
Our model,1,96.3240966796875
Our model,1,124.2749252319336
Our model,1,154.55972290039062
Our model,1,117.1463851928711
Our model,1,210.60118103027344
Our model,1,168.0768585205078
Our model,1,268.06243896484375
Our model,1,109.9585189819336
Our model,1,91.1473388671875
Our model,1,121.84603118896484
Our model,1,88.32141876220703
Our model,1,168.30801391601562
Our model,1,125.74226379394531
Our model,1,170.98406982421875
Our model,1,128.25714111328125
Our model,1,117.23971557617188
Our model,1,143.66567993164062
Our model,1,109.7077865600586
Our model,1,168.3377227783203
Our model,1,99.39049530029297
Our model,1,126.18093872070312
Our model,1,142.00125122070312
Our model,1,101.83885192871094
Our model,1,114.12638854980469
Our model,1,171.46873474121094
Our model,1,149.53675842285156
Our model,1,165.44375610351562
Our model,1,136.05001831054688
Our model,1,127.6423568725586
Our model,1,157.28143310546875
Our model,1,156.903076171875
Our model,1,135.7162322998047
Our model,1,162.9054718017578
Our model,1,123.57836151123047
Our model,1,98.42562103271484
Our model,1,134.58804321289062
Our model,1,127.06401824951172
Our model,1,147.04510498046875
Our model,1,148.47433471679688
Our model,1,110.33441162109375
Our model,1,155.4928741455078
Our model,1,159.44076538085938
Our model,1,141.37100219726562
Our model,1,131.97451782226562
Our model,1,109.62091064453125
Our model,1,149.08523559570312
Our model,1,150.9675750732422
Our model,1,123.1596908569336
Our model,1,140.50949096679688
Our model,1,126.8301010131836
Our model,1,127.43995666503906
Our model,1,124.88279724121094
Our model,1,139.25302124023438
Our model,1,172.4141387939453
Our model,1,123.14108276367188
Our model,1,160.33831787109375
Our model,1,193.26217651367188
Our model,1,139.41835021972656
Our model,1,125.57195281982422
Our model,1,122.90927124023438
Our model,1,221.7405548095703
Our model,1,144.7683868408203
Our model,1,396.7207336425781
Our model,1,144.7771759033203
Our model,1,287.8633728027344
Our model,1,312.4303283691406
Our model,1,127.17667388916016
Our model,1,165.0707244873047
Our model,1,106.03495788574219
Our model,1,150.86294555664062
Our model,1,158.3209686279297
Our model,1,130.85105895996094
Our model,1,131.0637969970703
Our model,1,125.84210968017578
Our model,1,212.99969482421875
Our model,1,184.62408447265625
Our model,1,137.77220153808594
Our model,1,111.61341094970703
Our model,1,137.69082641601562
Our model,1,113.6451187133789
Our model,1,111.40682983398438
Our model,1,117.09268951416016
Our model,1,84.0915298461914
Our model,1,88.43199920654297
Our model,1,96.65180206298828
Our model,1,140.42788696289062
Our model,1,134.95956420898438
Our model,1,135.546142578125
Our model,1,142.3671875
Our model,1,108.68352508544922
Our model,1,113.8843765258789
Our model,1,125.28182983398438
Our model,1,93.4686508178711
Our model,1,88.13163757324219
Our model,1,130.8208465576172
Our model,1,115.82667541503906
Our model,1,136.20651245117188
Our model,1,137.3697052001953
Our model,1,135.25714111328125
Our model,1,146.5146484375
Our model,1,124.44364929199219
Our model,1,144.9272918701172
Our model,1,115.77971649169922
Our model,1,104.03665924072266
Our model,1,104.08685302734375
Our model,1,129.6733856201172
Our model,1,145.7877960205078
Our model,1,138.8832550048828
Our model,1,130.60435485839844
Our model,1,143.5841522216797
Our model,1,121.83116912841797
Our model,1,113.01541137695312
Our model,1,117.7786865234375
Our model,1,154.52615356445312
Our model,1,211.197021484375
Our model,1,132.61363220214844
Our model,1,267.2254943847656
Our model,1,106.78422546386719
Our model,1,271.46466064453125
Our model,1,302.9838562011719
Our model,1,128.42608642578125
Our model,1,128.40127563476562
Our model,1,139.22018432617188
Our model,1,114.16143035888672
Our model,1,130.7356719970703
Our model,1,131.50440979003906
Our model,1,180.86732482910156
Our model,1,117.99881744384766
Our model,1,95.268798828125
Our model,1,93.7042465209961
Our model,1,219.06008911132812
Our model,1,129.2241668701172
Our model,1,128.50408935546875
Our model,1,131.8943328857422
Our model,1,125.4472885131836
Our model,1,149.00537109375
Our model,1,149.02911376953125
Our model,1,149.44757080078125
Our model,1,103.28682708740234
Our model,1,135.344970703125
Our model,1,112.70694732666016
Our model,1,138.76365661621094
Our model,1,130.48899841308594
Our model,1,146.04747009277344
Our model,1,151.2875518798828
Our model,1,175.2589569091797
Our model,1,116.81929779052734
Our model,1,116.06392669677734
Our model,1,124.91812133789062
Our model,1,100.23209381103516
Our model,1,96.55033111572266
Our model,1,135.23680114746094
Our model,1,152.57618713378906
Our model,1,103.74243927001953
Our model,1,160.24624633789062
Our model,1,189.5579833984375
Our model,1,130.7163848876953
Our model,1,132.46963500976562
Our model,1,131.34881591796875
Our model,1,113.25151062011719
Our model,1,129.44830322265625
Our model,1,121.24639129638672
Our model,1,185.86904907226562
Our model,1,119.82962799072266
Our model,1,126.58197784423828
Our model,1,150.84129333496094
Our model,1,169.47232055664062
Our model,1,192.3648223876953
Our model,1,149.50790405273438
Our model,1,136.3095703125
Our model,1,173.35934448242188
Our model,1,112.75852966308594
Our model,1,97.79618835449219
Our model,1,159.00341796875
Our model,1,117.43379211425781
Our model,1,136.87908935546875
Our model,1,120.32772827148438
Our model,1,107.5483627319336
Our model,1,161.0264129638672
Our model,1,119.673095703125
Our model,1,117.55648040771484
Our model,1,130.4290008544922
Our model,1,130.1204071044922
Our model,1,113.23245239257812
Our model,1,156.72679138183594
Our model,1,124.65113830566406
Our model,1,96.26615142822266
Our model,1,139.38333129882812
Our model,1,101.62871551513672
Our model,1,166.55177307128906
Our model,1,126.09048461914062
Our model,1,137.36895751953125
Our model,1,120.78884887695312
Our model,1,142.53668212890625
Our model,1,166.63973999023438
Our model,1,122.36966705322266
Our model,1,129.6671905517578
Our model,1,102.88672637939453
Our model,1,118.30244445800781
Our model,1,113.73745727539062
Our model,1,106.47865295410156
Our model,1,140.6503143310547
Our model,1,122.88662719726562
Our model,1,122.13960266113281
Our model,1,131.32847595214844
Our model,1,132.3919677734375
Our model,1,113.05953979492188
Our model,1,121.47764587402344
Our model,1,142.06393432617188
Our model,1,123.58839416503906
Our model,1,79.68521881103516
Our model,1,121.5933837890625
Our model,1,99.02700805664062
Our model,1,130.56832885742188
Our model,1,137.33111572265625
Our model,1,147.00921630859375
Our model,1,126.63615417480469
Our model,1,147.64906311035156
Our model,1,130.83172607421875
Our model,1,181.7921905517578
Our model,1,124.18485260009766
Our model,1,180.43702697753906
Our model,1,138.91525268554688
Our model,1,158.18345642089844
Our model,1,168.40374755859375
Our model,1,124.45061492919922
Our model,1,168.8861083984375
Our model,1,193.3998565673828
Our model,1,210.2575225830078
Our model,1,221.12559509277344
Our model,1,130.82357788085938
Our model,1,105.2833023071289
Our model,1,97.74071502685547
Our model,1,132.32211303710938
Our model,1,185.58103942871094
Our model,1,115.60480499267578
Our model,1,126.1473159790039
Our model,1,121.63285064697266
Our model,1,128.4887237548828
Our model,1,138.8129425048828
Our model,1,176.93544006347656
Our model,1,137.3214111328125
Our model,1,155.86993408203125
Our model,1,122.41043090820312
Our model,1,130.8828582763672
Our model,1,118.59622955322266
Our model,1,107.73397827148438
Our model,1,133.55197143554688
Our model,1,108.04686737060547
Our model,1,131.5830535888672
Our model,1,106.85807037353516
Our model,1,133.79734802246094
Our model,1,174.7236785888672
Our model,1,163.74072265625
Our model,1,161.3190460205078
Our model,1,117.0570297241211
Our model,1,150.2552032470703
Our model,1,122.23358917236328
Our model,1,138.45350646972656
Our model,1,133.51043701171875
Our model,1,112.9991683959961
Our model,1,112.31051635742188
Our model,1,120.65059661865234
Our model,1,149.8715362548828
Our model,1,106.89263916015625
Our model,1,133.26051330566406
Our model,1,123.71126556396484
Our model,1,149.87164306640625
Our model,1,124.38075256347656
Our model,1,140.90245056152344
Our model,1,127.30106353759766
Our model,1,158.16123962402344
Our model,1,128.02378845214844
Our model,1,94.14958953857422
Our model,1,150.6215057373047
Our model,1,166.31930541992188
Our model,1,127.33209991455078
Our model,1,131.4324188232422
Our model,1,99.92230224609375
Our model,1,125.09818267822266
Our model,1,125.4991455078125
Our model,1,125.91532897949219
Our model,1,119.2940902709961
Our model,1,106.0985336303711
Our model,1,117.29698181152344
Our model,1,89.37676239013672
Our model,1,171.58775329589844
Our model,1,143.32237243652344
Our model,1,129.26771545410156
Our model,1,145.2470703125
Our model,1,166.91622924804688
Our model,1,108.57933807373047
Our model,1,148.37562561035156
Our model,1,125.82361602783203
Our model,1,106.04448699951172
Our model,1,155.68019104003906
Our model,1,90.10516357421875
Our model,1,137.1787567138672
Our model,1,134.34193420410156
Our model,1,129.84886169433594
Our model,1,129.53077697753906
Our model,1,118.07965850830078
Our model,1,162.326416015625
Our model,1,128.3469696044922
Our model,1,135.38241577148438
Our model,1,104.5364990234375
Our model,1,108.51535034179688
Our model,1,118.16397094726562
Our model,1,173.58297729492188
Our model,1,113.8609848022461
Our model,1,159.07406616210938
Our model,1,210.60427856445312
Our model,1,125.8577651977539
Our model,1,156.64466857910156
Our model,1,126.8200454711914
Our model,1,167.4841766357422
Our model,1,134.35182189941406
Our model,1,148.5399169921875
Our model,1,97.34138488769531
Our model,1,168.1197967529297
Our model,1,125.47547149658203
Our model,1,112.13780975341797
Our model,1,102.4371566772461
Our model,1,140.5105438232422
Our model,1,145.1275634765625
Our model,1,128.29669189453125
Our model,1,134.17205810546875
Our model,1,137.77032470703125
Our model,1,192.51315307617188
Our model,1,156.1024169921875
Our model,1,89.2913589477539
Our model,1,123.36662292480469
Our model,1,111.009521484375
Our model,1,138.23756408691406
Our model,1,134.40025329589844
Our model,1,132.10467529296875
Our model,1,125.2773666381836
Our model,1,128.40269470214844
Our model,1,153.5459747314453
Our model,1,128.54937744140625
Our model,1,107.36102294921875
Our model,1,152.92852783203125
Our model,1,143.00799560546875
Our model,1,121.49777221679688
Our model,1,120.09786224365234
Our model,1,123.68123626708984
Our model,1,133.2454071044922
Our model,1,145.39918518066406
Our model,1,129.90858459472656
Our model,1,154.66024780273438
Our model,1,112.61260223388672
Our model,1,126.32189178466797
Our model,1,99.04602813720703
Our model,1,153.81495666503906
Our model,1,141.4752960205078
Our model,1,129.0336151123047
Our model,1,130.40786743164062
Our model,1,148.35765075683594
Our model,1,110.3969955444336
Our model,1,211.29513549804688
Our model,1,153.72116088867188
Our model,1,101.59416198730469
Our model,1,135.5945281982422
Our model,1,204.79104614257812
Our model,1,222.06961059570312
Our model,1,122.86461639404297
Our model,1,152.35684204101562
Our model,1,98.39405059814453
Our model,1,117.3289566040039
Our model,1,172.21054077148438
Our model,1,138.15028381347656
Our model,1,129.18365478515625
Our model,1,104.49890899658203
Our model,1,156.13389587402344
Our model,1,145.30020141601562
Our model,1,152.69520568847656
Our model,1,117.38513946533203
Our model,1,136.99745178222656
Our model,1,115.98483276367188
Our model,1,126.79170989990234
Our model,1,149.36270141601562
Our model,1,120.62339782714844
Our model,1,128.4934539794922
Our model,1,116.24406433105469
Our model,1,143.47372436523438
Our model,1,157.8960723876953
Our model,1,121.2354965209961
Our model,1,140.75840759277344
Our model,1,118.33722686767578
Our model,1,139.91419982910156
Our model,1,131.97021484375
Our model,1,101.70555114746094
Our model,1,212.0105743408203
Our model,1,179.36618041992188
Our model,1,177.04693603515625
Our model,1,142.9634246826172
Our model,1,164.6818084716797
Our model,1,157.40281677246094
Our model,1,149.18978881835938
Our model,1,127.54667663574219
Our model,1,94.6029052734375
Our model,1,139.58351135253906
Our model,1,114.17433166503906
Our model,1,88.35089111328125
Our model,1,116.66576385498047
Our model,1,106.14864349365234
Our model,1,205.34669494628906
Our model,1,140.1593475341797
Our model,1,196.96981811523438
Our model,1,206.72962951660156
Our model,1,111.45449829101562
Our model,1,154.9322052001953
Our model,1,97.26344299316406
Our model,1,139.01400756835938
Our model,1,142.58541870117188
Our model,1,104.06436157226562
Our model,1,114.3298568725586
Our model,1,101.87852478027344
Our model,1,191.6035614013672
Our model,1,139.06271362304688
Our model,1,129.80081176757812
Our model,1,164.23440551757812
Our model,1,149.4327392578125
Our model,1,133.6457061767578
Our model,1,141.27894592285156
Our model,1,132.85289001464844
Our model,1,119.22886657714844
Our model,1,93.19110870361328
Our model,1,150.7542724609375
Our model,1,158.20570373535156
Our model,1,280.5113220214844
Our model,1,244.21620178222656
Our model,1,122.43012237548828
Our model,1,95.2768325805664
Our model,1,102.95823669433594
Our model,1,154.578369140625
Our model,1,222.70938110351562
Our model,1,116.03849792480469
Our model,1,122.28792572021484
Our model,1,112.42850494384766
Our model,1,137.60870361328125
Our model,1,139.5978546142578
Our model,1,139.10110473632812
Our model,1,131.20982360839844
Our model,1,128.0207061767578
Our model,1,112.54308319091797
Our model,1,127.83634185791016
Our model,1,115.09981536865234
Our model,1,87.33504486083984
Our model,1,123.5613784790039
Our model,1,123.00032043457031
Our model,1,122.45027923583984
Our model,1,168.7538299560547
Our model,1,129.43023681640625
Our model,1,124.99427032470703
Our model,1,229.42601013183594
Our model,1,134.3522491455078
Our model,1,137.06993103027344
Our model,1,118.1566162109375
Our model,1,200.56460571289062
Our model,1,224.35572814941406
Our model,1,144.96051025390625
Our model,1,111.05793762207031
Our model,1,112.44119262695312
Our model,1,360.62689208984375
Our model,1,135.5299530029297
Our model,1,398.3431396484375
Our model,1,513.1444091796875
Our model,1,182.89077758789062
Our model,1,175.17918395996094
Our model,1,103.25928497314453
Our model,1,114.54669189453125
Our model,1,100.86638641357422
Our model,1,144.4686279296875
Our model,1,104.55103302001953
Our model,1,119.1495590209961
Our model,1,120.94634246826172
Our model,1,145.4146270751953
Our model,1,195.59954833984375
Our model,1,386.59637451171875
Our model,1,137.93617248535156
Our model,1,131.7090606689453
Our model,1,138.69688415527344
Our model,1,399.30364990234375
Our model,1,404.94561767578125
Our model,1,121.13911437988281
Our model,1,97.45582580566406
Our model,1,101.9828109741211
Our model,1,100.71977996826172
Our model,1,137.50010681152344
Our model,1,182.1990509033203
Our model,1,153.8129425048828
Our model,1,245.49009704589844
Our model,1,215.76190185546875
Our model,1,163.80935668945312
Our model,1,124.52317810058594
Our model,1,105.6523666381836
Our model,1,119.87387084960938
Our model,1,105.28746032714844
Our model,1,100.33283233642578
Our model,1,133.55775451660156
Our model,1,127.6725845336914
Our model,1,121.82585144042969
Our model,1,116.40778350830078
Our model,1,150.33750915527344
Our model,1,126.42282104492188
Our model,1,106.3558120727539
Our model,1,147.62051391601562
Our model,1,140.27386474609375
Our model,1,112.73287200927734
Our model,1,104.03797149658203
Our model,1,106.78411102294922
Our model,1,116.13147735595703
Our model,1,130.08139038085938
Our model,1,151.6946563720703
Our model,1,168.899658203125
Our model,1,132.68551635742188
Our model,1,145.31143188476562
Our model,1,141.57257080078125
Our model,1,164.73814392089844
Our model,1,96.77066802978516
Our model,1,135.9949188232422
Our model,1,106.83840942382812
Our model,1,115.20079803466797
Our model,1,119.06429290771484
Our model,1,129.1911163330078
Our model,1,144.55079650878906
Our model,1,161.63345336914062
Our model,1,134.22286987304688
Our model,1,113.34475708007812
Our model,1,132.06256103515625
Our model,1,126.57662200927734
Our model,1,166.0148468017578
Our model,1,125.01245880126953
Our model,1,121.71268463134766
Our model,1,146.8948516845703
Our model,1,134.59088134765625
Our model,1,123.15325164794922
Our model,1,177.22659301757812
Our model,1,218.7415313720703
Our model,1,133.0511932373047
Our model,1,115.13249206542969
Our model,1,129.05035400390625
Our model,1,119.94935607910156
Our model,1,131.2620391845703
Our model,1,119.14679718017578
Our model,1,111.93106842041016
Our model,1,141.31129455566406
Our model,1,144.47215270996094
Our model,1,210.50071716308594
Our model,1,122.19780731201172
Our model,1,151.7215118408203
Our model,1,157.86045837402344
Our model,1,125.75870513916016
Our model,1,124.91768646240234
Our model,1,124.84306335449219
Our model,1,110.59224700927734
Our model,1,115.32367706298828
Our model,1,122.38050842285156
Our model,1,146.00120544433594
Our model,1,130.3429718017578
Our model,1,138.94705200195312
Our model,1,166.9159698486328
Our model,1,116.98348236083984
Our model,1,158.72882080078125
Our model,1,141.6736297607422
Our model,1,114.72381591796875
Our model,1,126.53633880615234
Our model,1,184.41781616210938
Our model,1,120.66722106933594
Our model,1,169.43081665039062
Our model,1,197.6049346923828
Our model,1,113.521728515625
Our model,1,109.58036041259766
Our model,1,123.22298431396484
Our model,1,199.41477966308594
Our model,1,224.4896240234375
Our model,1,118.00740051269531
Our model,1,101.3954086303711
Our model,1,120.41481018066406
Our model,1,137.30043029785156
Our model,1,147.9315643310547
Our model,1,148.54078674316406
Our model,1,157.5430145263672
Our model,1,154.3738250732422
Our model,1,126.95672607421875
Our model,1,131.12689208984375
Our model,1,103.00788879394531
Our model,1,154.45681762695312
Our model,1,123.70247650146484
Our model,1,101.10541534423828
Our model,1,89.5841293334961
Our model,1,168.49298095703125
Our model,1,139.7259979248047
Our model,1,124.52650451660156
Our model,1,129.3500518798828
Our model,1,136.62255859375
Our model,1,122.1999282836914
Our model,1,135.14498901367188
Our model,1,131.32591247558594
Our model,1,96.8893814086914
Our model,1,228.7279815673828
Our model,1,146.71986389160156
Our model,1,193.7874755859375
Our model,1,179.81381225585938
Our model,1,132.78599548339844
Our model,1,166.38671875
Our model,1,114.30322265625
Our model,1,105.85924530029297
Our model,1,460.1048889160156
Our model,1,102.81790161132812
Our model,1,324.50115966796875
Our model,1,124.33845520019531
Our model,1,271.7192077636719
Our model,1,130.26475524902344
Our model,1,130.29527282714844
Our model,1,134.58949279785156
Our model,1,128.76622009277344
Our model,1,127.0148696899414
Our model,1,124.79698944091797
Our model,1,117.15862274169922
Our model,1,121.60804748535156
Our model,1,101.42361450195312
Our model,1,91.41007232666016
Our model,1,131.01669311523438
Our model,1,157.65359497070312
Our model,1,124.82425689697266
Our model,1,149.9964141845703
Our model,1,111.45834350585938
Our model,1,108.81697845458984
Our model,1,113.38069152832031
Our model,1,149.3661651611328
Our model,1,148.25975036621094
Our model,1,97.51765441894531
Our model,1,144.3005828857422
Our model,1,174.90084838867188
Our model,1,107.59032440185547
Our model,1,133.446044921875
Our model,1,110.75537109375
Our model,1,136.00616455078125
Our model,1,128.29864501953125
Our model,1,135.95590209960938
Our model,1,127.25048828125
Our model,1,110.17713165283203
Our model,1,178.23585510253906
Our model,1,147.15647888183594
Our model,1,107.52401733398438
Our model,1,120.53907012939453
Our model,1,205.18325805664062
Our model,1,217.47564697265625
Our model,1,129.05039978027344
Our model,1,136.51455688476562
Our model,1,152.1581268310547
Our model,1,141.20950317382812
Our model,1,129.485595703125
Our model,1,115.07377624511719
Our model,1,96.73069763183594
Our model,1,139.32652282714844
Our model,1,103.77374267578125
Our model,1,117.86212158203125
Our model,1,110.04135131835938
Our model,1,140.91465759277344
Our model,1,113.34319305419922
Our model,1,154.36534118652344
Our model,1,135.4916229248047
Our model,1,117.18995666503906
Our model,1,119.0451889038086
Our model,1,142.70114135742188
Our model,1,136.47860717773438
Our model,1,124.22755432128906
Our model,1,111.47999572753906
Our model,1,111.31398010253906
Our model,1,151.883544921875
Our model,1,130.8732452392578
Our model,1,170.01486206054688
Our model,1,147.1333770751953
Our model,1,131.158203125
Our model,1,140.5124969482422
Our model,1,141.1623992919922
Our model,1,118.93885803222656
Our model,1,119.53498840332031
Our model,1,129.11968994140625
Our model,1,94.24208068847656
Our model,1,100.67794799804688
Our model,1,94.48082733154297
Our model,1,132.9799041748047
Our model,1,130.12379455566406
Our model,1,144.35397338867188
Our model,1,124.10957336425781
Our model,1,136.2604522705078
Our model,1,132.60931396484375
Our model,1,120.89662170410156
Our model,1,181.56253051757812
Our model,1,106.75456237792969
Our model,1,127.32991027832031
Our model,1,138.1666717529297
Our model,1,192.4395751953125
Our model,1,128.5116729736328
Our model,1,178.0267333984375
Our model,1,138.48687744140625
Our model,1,121.1374282836914
Our model,1,120.61843872070312
Our model,1,151.73248291015625
Our model,1,132.63876342773438
Our model,1,110.69135284423828
Our model,1,84.1134262084961
Our model,1,101.0125961303711
Our model,1,154.67466735839844
Our model,1,101.98497009277344
Our model,1,147.79698181152344
Our model,1,130.02793884277344
Our model,1,136.4044952392578
Our model,1,138.3602294921875
Our model,1,112.3878402709961
Our model,1,142.8242645263672
Our model,1,121.26957702636719
Our model,1,135.1312255859375
Our model,1,111.38477325439453
Our model,1,127.40133666992188
Our model,1,101.8592758178711
Our model,1,172.2433624267578
Our model,1,112.44815826416016
Our model,1,150.2528076171875
Our model,1,144.70773315429688
Our model,1,125.9067611694336
Our model,1,129.6812286376953
Our model,1,122.04007720947266
Our model,1,127.00392150878906
Our model,1,103.33887481689453
Our model,1,117.43900299072266
Our model,1,113.14649200439453
Our model,1,127.19564056396484
Our model,1,142.7898712158203
Our model,1,118.75460052490234
Our model,1,232.96142578125
Our model,1,163.86305236816406
Our model,1,195.11587524414062
Our model,1,152.958740234375
Our model,1,145.9229278564453
Our model,1,137.84693908691406
Our model,1,134.64511108398438
Our model,1,167.75082397460938
Our model,1,99.5715560913086
Our model,1,105.20016479492188
Our model,1,131.27273559570312
Our model,1,137.6975555419922
Our model,1,123.90161895751953
Our model,1,143.1693572998047
Our model,1,130.84695434570312
Our model,1,134.4551239013672
Our model,1,200.76565551757812
Our model,1,127.81916809082031
Our model,1,120.23690795898438
Our model,1,126.6880874633789
Our model,1,102.39136505126953
Our model,1,107.94420623779297
Our model,1,135.22036743164062
Our model,1,154.55984497070312
Our model,1,129.97572326660156
Our model,1,153.2657012939453
Our model,1,158.5279541015625
Our model,1,122.55792236328125
Our model,1,110.82170867919922
Our model,1,113.37860870361328
Our model,1,114.70415496826172
Our model,1,139.1744842529297
Our model,1,215.13531494140625
Our model,1,148.842041015625
Our model,1,201.58956909179688
Our model,1,123.49860382080078
Our model,1,116.7493667602539
Our model,1,161.30267333984375
Our model,1,136.1304473876953
Our model,1,115.80943298339844
Our model,1,120.29075622558594
Our model,1,165.02745056152344
Our model,1,82.33695983886719
Our model,1,125.42405700683594
Our model,1,187.99789428710938
Our model,1,128.5430908203125
Our model,1,155.36550903320312
Our model,1,163.68399047851562
Our model,1,123.82666778564453
Our model,1,175.05946350097656
Our model,1,123.58689880371094
Our model,1,123.17142486572266
Our model,1,121.56605529785156
Our model,1,128.00439453125
Our model,1,114.34947967529297
Our model,1,118.34722900390625
Our model,1,275.2120666503906
Our model,1,251.5623321533203
Our model,1,302.38153076171875
Our model,1,235.3368377685547
Our model,1,130.75396728515625
Our model,1,140.68841552734375
Our model,1,157.5707550048828
Our model,1,178.04006958007812
Our model,1,137.6894073486328
Our model,1,132.37998962402344
Our model,1,119.4697036743164
Our model,1,107.01638793945312
Our model,1,101.34444427490234
Our model,1,262.209228515625
Our model,1,133.50265502929688
Our model,1,249.35975646972656
Our model,1,186.98611450195312
Our model,1,232.5819854736328
Our model,1,280.0361022949219
Our model,1,217.5460968017578
Our model,1,134.38473510742188
Our model,1,99.28785705566406
Our model,1,107.19656372070312
Our model,1,142.8938446044922
Our model,1,91.43061828613281
Our model,1,99.39302825927734
Our model,1,111.17312622070312
Our model,1,133.69529724121094
Our model,1,131.25442504882812
Our model,1,156.6810302734375
Our model,1,135.15505981445312
Our model,1,134.16343688964844
Our model,1,127.28714752197266
Our model,1,161.92779541015625
Our model,1,137.7364044189453
Our model,1,120.71929931640625
Our model,1,93.24107360839844
Our model,1,98.2026596069336
Our model,1,177.17913818359375
Our model,1,137.87252807617188
Our model,1,146.7069854736328
Our model,1,173.7332000732422
Our model,1,119.44534301757812
Our model,1,120.33468627929688
Our model,1,125.98442840576172
Our model,1,147.93814086914062
Our model,1,154.15924072265625
Our model,1,111.93367767333984
Our model,1,90.60456848144531
Our model,1,109.13737487792969
Our model,1,112.11607360839844
Our model,1,152.14248657226562
Our model,1,161.79595947265625
Our model,1,146.91786193847656
Our model,1,171.4351348876953
Our model,1,169.34283447265625
Our model,1,105.78418731689453
Our model,1,142.21124267578125
Our model,1,120.46150207519531
Our model,1,137.7336883544922
Our model,1,98.33930969238281
Our model,1,93.5549545288086
Our model,1,122.19589233398438
Our model,1,145.2589874267578
Our model,1,117.54682922363281
Our model,1,131.01356506347656
Our model,1,111.48120880126953
Our model,1,119.1993637084961
Our model,1,132.66513061523438
Our model,1,131.2393035888672
Our model,1,125.6456069946289
Our model,1,107.55438995361328
Our model,1,137.57725524902344
Our model,1,140.7977294921875
Our model,1,126.03010559082031
Our model,1,137.80438232421875
Our model,1,143.36183166503906
Our model,1,138.03237915039062
Our model,1,134.1721649169922
Our model,1,124.16413879394531
Our model,1,128.63876342773438
Our model,1,126.81205749511719
Our model,1,128.3881072998047
Our model,1,117.84941101074219
Our model,1,108.318359375
Our model,1,111.03148651123047
Our model,1,113.47992706298828
Our model,1,131.78314208984375
Our model,1,156.61550903320312
Our model,1,106.3847885131836
Our model,1,364.19268798828125
Our model,1,116.9544448852539
Our model,1,361.2484436035156
Our model,1,129.77432250976562
Our model,1,115.29692077636719
Our model,1,112.4261703491211
Our model,1,103.95124816894531
Our model,1,135.81959533691406
Our model,1,137.31646728515625
Our model,1,133.54397583007812
Our model,1,116.07205963134766
Our model,1,135.70999145507812
Our model,1,130.9562530517578
Our model,1,111.802734375
Our model,1,107.00287628173828
Our model,1,110.5992431640625
Our model,1,118.80996704101562
Our model,1,101.7126693725586
Our model,1,138.7548828125
Our model,1,124.51470184326172
Our model,1,140.69529724121094
Our model,1,140.39234924316406
Our model,1,116.6837387084961
Our model,1,128.78164672851562
Our model,1,105.60816192626953
Our model,1,117.60420989990234
Our model,1,85.4559326171875
Our model,1,130.08106994628906
Our model,1,155.4892120361328
Our model,1,135.5142364501953
Our model,1,145.51248168945312
Our model,1,137.4932861328125
Our model,1,137.86956787109375
Our model,1,126.63440704345703
Our model,1,166.0524444580078
Our model,1,115.80671691894531
Our model,1,110.28225708007812
Our model,1,158.27352905273438
Our model,1,94.83097839355469
Our model,1,148.49314880371094
Our model,1,128.3462677001953
Our model,1,152.638671875
Our model,1,122.20735931396484
Our model,1,171.9304656982422
Our model,1,122.10452270507812
Our model,1,119.74097442626953
Our model,1,119.01837158203125
Our model,1,140.47996520996094
Our model,1,168.54542541503906
Our model,1,134.17318725585938
Our model,1,156.44178771972656
Our model,1,139.6121368408203
Our model,1,121.40737915039062
Our model,1,141.85714721679688
Our model,1,128.24855041503906
Our model,1,132.03053283691406
Our model,1,124.13085174560547
Our model,1,160.6695098876953
Our model,1,140.87045288085938
Our model,1,165.01304626464844
Our model,1,100.56847381591797
Our model,1,178.0699005126953
Our model,1,186.85574340820312
Our model,1,123.42159271240234
Our model,1,198.90133666992188
Our model,1,116.3750228881836
Our model,1,124.16188049316406
Our model,1,147.01712036132812
Our model,1,149.9281463623047
Our model,1,132.31768798828125
Our model,1,132.3728790283203
Our model,1,123.55228424072266
Our model,1,113.74908447265625
Our model,1,105.58023071289062
Our model,1,145.1465301513672
Our model,1,153.18716430664062
Our model,1,130.7235870361328
Our model,1,227.06268310546875
Our model,1,138.13372802734375
Our model,1,147.26956176757812
Our model,1,102.96459197998047
Our model,1,190.49984741210938
Our model,1,220.6490478515625
Our model,1,116.87698364257812
Our model,1,130.56776428222656
Our model,1,112.63435363769531
Our model,1,136.44000244140625
Our model,1,122.79759979248047
Our model,1,130.66323852539062
Our model,1,169.45370483398438
Our model,1,147.2834930419922
Our model,1,118.44819641113281
Our model,1,122.01780700683594
Our model,1,116.62266540527344
Our model,1,112.56643676757812
Our model,1,118.02352905273438
Our model,1,127.93318939208984
Our model,1,99.41028594970703
Our model,1,171.8972930908203
Our model,1,153.67921447753906
Our model,1,130.71090698242188
Our model,1,147.3842010498047
Our model,1,122.04313659667969
Our model,1,200.69973754882812
Our model,1,153.55233764648438
Our model,1,169.24490356445312
Our model,1,108.02325439453125
Our model,1,145.63604736328125
Our model,1,215.83929443359375
Our model,1,109.8712387084961
Our model,1,161.96849060058594
Our model,1,187.6865997314453
Our model,1,109.30301666259766
Our model,1,177.45631408691406
Our model,1,116.31387329101562
Our model,1,123.58090209960938
Our model,1,146.88430786132812
Our model,1,183.9741973876953
Our model,1,97.65289306640625
Our model,1,138.5266876220703
Our model,1,93.76602172851562
Our model,1,118.73380279541016
Our model,1,124.24156188964844
Our model,1,123.2983627319336
Our model,1,138.00888061523438
Our model,1,122.8519515991211
Our model,1,130.84661865234375
Our model,1,162.8872833251953
Our model,1,137.9297637939453
Our model,1,143.21275329589844
Our model,1,98.66145324707031
Our model,1,193.6865997314453
Our model,1,153.5174102783203
Our model,1,123.2621841430664
Our model,1,98.33467102050781
Our model,1,150.44082641601562
Our model,1,145.24066162109375
Our model,1,131.54307556152344
Our model,1,135.61013793945312
Our model,1,169.87657165527344
Our model,1,126.28433990478516
Our model,1,155.33978271484375
Our model,1,103.13816833496094
Our model,1,171.43991088867188
Our model,1,130.89990234375
Our model,1,111.9324951171875
Our model,1,141.39207458496094
Our model,1,142.34738159179688
Our model,1,134.0799102783203
Our model,1,143.43812561035156
Our model,1,124.27069091796875
Our model,1,128.22659301757812
Our model,1,256.2759094238281
Our model,1,118.72808837890625
Our model,1,101.44070434570312
Our model,1,221.2451629638672
Our model,1,132.6002655029297
Our model,1,224.17391967773438
Our model,1,130.49636840820312
Our model,1,165.4520721435547
Our model,1,259.8917541503906
Our model,1,239.49525451660156
Our model,1,143.36207580566406
Our model,1,108.97023010253906
Our model,1,144.56939697265625
Our model,1,114.5445327758789
Our model,1,124.34183502197266
Our model,1,139.4374542236328
Our model,1,88.65433502197266
Our model,1,93.4454345703125
Our model,1,130.51988220214844
Our model,1,140.42564392089844
Our model,1,131.9608154296875
Our model,1,140.14404296875
Our model,1,383.22967529296875
Our model,1,161.4219970703125
Our model,1,362.51116943359375
Our model,1,114.68428802490234
Our model,1,115.00723266601562
Our model,1,182.6344757080078
Our model,1,92.10211944580078
Our model,1,175.90802001953125
Our model,1,130.5451202392578
Our model,1,112.26688385009766
Our model,1,217.9032745361328
Our model,1,209.07925415039062
Our model,1,117.7782974243164
Our model,1,139.18104553222656
Our model,1,133.5766143798828
Our model,1,128.2789306640625
Our model,1,124.40774536132812
Our model,1,128.4757843017578
Our model,1,126.87208557128906
Our model,1,131.1632537841797
Our model,1,98.97557067871094
Our model,1,133.3651885986328
Our model,1,141.0530548095703
Our model,1,161.54757690429688
Our model,1,141.33956909179688
Our model,1,157.71548461914062
Our model,1,139.88070678710938
Our model,1,139.43072509765625
Our model,1,127.0338363647461
Our model,1,175.35791015625
Our model,1,130.92315673828125
Our model,1,77.44963073730469
Our model,1,119.85427856445312
Our model,1,122.87092590332031
Our model,1,123.51549530029297
Our model,1,163.2783203125
Our model,1,133.59271240234375
Our model,1,136.7467498779297
Our model,1,161.27093505859375
Our model,1,165.87094116210938
Our model,1,131.77197265625
Our model,1,120.10983276367188
Our model,1,131.5207977294922
Our model,1,91.28166198730469
Our model,1,143.3941650390625
Our model,1,96.10518646240234
Our model,1,126.52496337890625
Our model,1,124.20169067382812
Our model,1,105.53558349609375
Our model,1,96.96630096435547
Our model,1,178.44793701171875
Our model,1,138.33511352539062
Our model,1,102.32372283935547
Our model,1,158.02615356445312
Our model,1,118.39146423339844
Our model,1,194.661865234375
Our model,1,140.56878662109375
Our model,1,143.4921417236328
Our model,1,110.47731018066406
Our model,1,131.0870361328125
Our model,1,139.9158935546875
Our model,1,119.7240982055664
Our model,1,138.73159790039062
Our model,1,116.1883316040039
Our model,1,116.14604949951172
Our model,1,103.19233703613281
Our model,1,143.30491638183594
Our model,1,114.36280822753906
Our model,1,116.52301025390625
Our model,1,135.0662078857422
Our model,1,136.10789489746094
Our model,1,147.34616088867188
Our model,1,128.88165283203125
Our model,1,107.87020111083984
Our model,1,136.12527465820312
Our model,1,138.29742431640625
Our model,1,116.95508575439453
Our model,1,160.39962768554688
Our model,1,165.10556030273438
Our model,1,104.65304565429688
Our model,1,118.63732147216797
Our model,1,150.55934143066406
Our model,1,119.76432037353516
Our model,1,145.8472900390625
Our model,1,110.72856903076172
Our model,1,141.23138427734375
Our model,1,191.75755310058594
Our model,1,147.8188934326172
Our model,1,111.54833221435547
Our model,1,163.85476684570312
Our model,1,120.52190399169922
Our model,1,112.78297424316406
Our model,1,122.81940460205078
Our model,1,109.78952026367188
Our model,1,145.25845336914062
Our model,1,141.15478515625
Our model,1,127.32788848876953
Our model,1,140.15196228027344
Our model,1,133.25611877441406
Our model,1,120.45369720458984
Our model,1,117.55139923095703
Our model,1,125.06047058105469
Our model,1,93.89502716064453
Our model,1,133.23338317871094
Our model,1,149.87277221679688
Our model,1,151.19281005859375
Our model,1,126.54045104980469
Our model,1,207.8076934814453
Our model,1,118.02334594726562
Our model,1,176.65347290039062
Our model,1,117.3619613647461
Our model,1,150.38772583007812
Our model,1,141.60031127929688
Our model,1,177.72802734375
Our model,1,145.68783569335938
Our model,1,141.53970336914062
Our model,1,104.62958526611328
Our model,1,138.39187622070312
Our model,1,164.62246704101562
Our model,1,687.9698486328125
Our model,1,126.40492248535156
Our model,1,103.706298828125
Our model,1,101.99211120605469
Our model,1,757.9859619140625
Our model,1,778.6332397460938
Our model,1,130.6851043701172
Our model,1,109.20154571533203
Our model,1,114.09231567382812
Our model,1,149.58724975585938
Our model,1,128.03733825683594
Our model,1,139.69139099121094
Our model,1,112.72147369384766
Our model,1,117.67501068115234
Our model,1,111.64362335205078
Our model,1,93.2757797241211
Our model,1,125.37995147705078
Our model,1,107.17877197265625
Our model,1,115.54328918457031
Our model,1,117.4595947265625
Our model,1,109.76653289794922
Our model,1,118.56735229492188
Our model,1,112.84054565429688
Our model,1,139.0466766357422
Our model,1,130.4932861328125
Our model,1,134.0595703125
Our model,1,131.20640563964844
Our model,1,117.46444702148438
Our model,1,127.91324615478516
Our model,1,139.1891632080078
Our model,1,130.93438720703125
Our model,1,111.10816955566406
Our model,1,125.90079498291016
Our model,1,154.4581756591797
Our model,1,132.5147247314453
Our model,1,126.3306655883789
Our model,1,131.6966552734375
Our model,1,119.71990966796875
Our model,1,129.93954467773438
Our model,1,123.6209945678711
Our model,1,131.3019256591797
Our model,1,140.03475952148438
Our model,1,134.80116271972656
Our model,1,182.44284057617188
Our model,1,162.94212341308594
Our model,1,135.72702026367188
Our model,1,182.52304077148438
Our model,1,130.7416229248047
Our model,1,161.87966918945312
Our model,1,123.31652069091797
Our model,1,120.89253997802734
Our model,1,132.8024139404297
Our model,1,139.69189453125
Our model,1,102.35709381103516
Our model,1,148.0695343017578
Our model,1,137.35284423828125
Our model,1,108.61750793457031
Our model,1,166.2641143798828
Our model,1,160.36407470703125
Our model,1,161.23809814453125
Our model,1,162.94088745117188
Our model,1,135.55372619628906
Our model,1,152.1934814453125
Our model,1,150.28366088867188
Our model,1,182.8084716796875
Our model,1,205.30682373046875
Our model,1,129.5004425048828
Our model,1,89.19175720214844
Our model,1,92.44825744628906
Our model,1,121.21488952636719
Our model,1,122.94229888916016
Our model,1,164.64413452148438
Our model,1,149.159423828125
Our model,1,121.20629119873047
Our model,1,111.03121948242188
Our model,1,142.08682250976562
Our model,1,113.1336898803711
Our model,1,122.67686462402344
Our model,1,127.24800872802734
Our model,1,110.35433959960938
Our model,1,144.2694091796875
Our model,1,133.50796508789062
Our model,1,135.12884521484375
Our model,1,124.97232055664062
Our model,1,135.3293914794922
Our model,1,126.80429077148438
Our model,1,112.36405944824219
Our model,1,165.05465698242188
Our model,1,119.32968139648438
Our model,1,102.86636352539062
Our model,1,148.97994995117188
Our model,1,91.34306335449219
Our model,1,168.26583862304688
Our model,1,128.61305236816406
Our model,1,133.0192413330078
Our model,1,192.1897430419922
Our model,1,235.0327606201172
Our model,1,119.08802795410156
Our model,1,123.3700180053711
Our model,1,113.95582580566406
Our model,1,123.9892349243164
Our model,1,105.5258560180664
Our model,1,97.54371643066406
Our model,1,117.57054138183594
Our model,1,132.9156036376953
Our model,1,132.1260528564453
Our model,1,112.28791809082031
Our model,1,131.2278289794922
Our model,1,116.44111633300781
Our model,1,138.58364868164062
Our model,1,171.36859130859375
Our model,1,123.15080261230469
Our model,1,153.75889587402344
Our model,1,100.27708435058594
Our model,1,172.6320037841797
Our model,1,152.96995544433594
Our model,1,133.89845275878906
Our model,1,109.62397003173828
Our model,1,126.53472900390625
Our model,1,124.54582214355469
Our model,1,136.18710327148438
Our model,1,120.58241271972656
Our model,1,129.1518096923828
Our model,1,197.215087890625
Our model,1,138.06370544433594
Our model,1,371.4470520019531
Our model,1,107.0210189819336
Our model,1,336.34783935546875
Our model,1,437.23052978515625
Our model,1,130.45263671875
Our model,1,128.51895141601562
Our model,1,139.23355102539062
Our model,1,136.85398864746094
Our model,1,125.00279235839844
Our model,1,101.09999084472656
Our model,1,105.52772521972656
Our model,1,119.74359130859375
Our model,1,114.33968353271484
Our model,1,92.77630615234375
Our model,1,109.85909271240234
Our model,1,169.9205322265625
Our model,1,155.48297119140625
Our model,1,112.51454162597656
Our model,1,144.31683349609375
Our model,1,152.29127502441406
Our model,1,139.4210662841797
Our model,1,151.9395751953125
Our model,1,99.59779357910156
Our model,1,135.2158966064453
Our model,1,129.24246215820312
Our model,1,123.06509399414062
Our model,1,147.86634826660156
Our model,1,141.2636260986328
Our model,1,174.44705200195312
Our model,1,196.0039825439453
Our model,1,127.82183837890625
Our model,1,139.18063354492188
Our model,1,125.16838073730469
Our model,1,191.41656494140625
Our model,1,225.23147583007812
Our model,1,107.97994995117188
Our model,1,138.34654235839844
Our model,1,165.44979858398438
Our model,1,135.56805419921875
Our model,1,139.61370849609375
Our model,1,109.0306625366211
Our model,1,131.373046875
Our model,1,125.97197723388672
Our model,1,167.1006317138672
Our model,1,185.2255401611328
Our model,1,137.20379638671875
Our model,1,194.4738311767578
Our model,1,121.8880386352539
Our model,1,105.87853240966797
Our model,1,100.94908142089844
Our model,1,172.91961669921875
Our model,1,157.476318359375
Our model,1,139.7187957763672
Our model,1,122.93461608886719
Our model,1,123.92459869384766
Our model,1,128.76492309570312
Our model,1,149.8326873779297
Our model,1,123.07701873779297
Our model,1,97.87947845458984
Our model,1,134.54367065429688
Our model,1,121.21125030517578
Our model,1,120.5724868774414
Our model,1,107.66851043701172
Our model,1,165.36932373046875
Our model,1,120.8516845703125
Our model,1,147.8672637939453
Our model,1,162.15560913085938
Our model,1,138.60353088378906
Our model,1,157.48159790039062
Our model,1,105.9547348022461
Our model,1,110.13297271728516
Our model,1,112.07550811767578
Our model,1,154.18484497070312
Our model,1,175.7498779296875
Our model,1,205.78176879882812
Our model,1,172.27236938476562
Our model,1,140.78414916992188
Our model,1,130.21485900878906
Our model,1,122.2166519165039
Our model,1,120.05354309082031
Our model,1,126.78528594970703
Our model,1,148.5622100830078
Our model,1,96.97676849365234
Our model,1,126.4145278930664
Our model,1,164.72471618652344
Our model,1,148.09059143066406
Our model,1,128.2242889404297
Our model,1,146.83091735839844
Our model,1,151.7283172607422
Our model,1,224.22247314453125
Our model,1,267.6225891113281
Our model,1,189.0582275390625
Our model,1,97.62400817871094
Our model,1,167.72938537597656
Our model,1,141.51611328125
Our model,1,172.40023803710938
Our model,1,126.3424301147461
Our model,1,113.9632797241211
Our model,1,238.5048828125
Our model,1,209.60801696777344
Our model,1,120.98148345947266
Our model,1,143.31858825683594
Our model,1,138.7480926513672
Our model,1,143.37435913085938
Our model,1,182.34912109375
Our model,1,118.65646362304688
Our model,1,138.30780029296875
Our model,1,108.85662078857422
Our model,1,118.91371154785156
Our model,1,150.0142822265625
Our model,1,133.73194885253906
Our model,1,136.85195922851562
Our model,1,117.4979019165039
Our model,1,119.17585754394531
Our model,1,148.14752197265625
Our model,1,105.17040252685547
Our model,1,500.76947021484375
Our model,1,136.5186004638672
Our model,1,117.6893539428711
Our model,1,97.4166259765625
Our model,1,445.03082275390625
Our model,1,161.92210388183594
Our model,1,133.2889404296875
Our model,1,140.34840393066406
Our model,1,140.5491180419922
Our model,1,126.95541381835938
Our model,1,178.46905517578125
Our model,1,129.8856964111328
Our model,1,122.56463623046875
Our model,1,141.9108428955078
Our model,1,91.15813446044922
Our model,1,131.86314392089844
Our model,1,120.10254669189453
Our model,1,132.61317443847656
Our model,1,142.3071746826172
Our model,1,127.6049575805664
Our model,1,192.08460998535156
Our model,1,141.54888916015625
Our model,1,164.4530792236328
Our model,1,129.7129364013672
Our model,1,167.380126953125
Our model,1,156.83248901367188
Our model,1,157.02101135253906
Our model,1,118.77433776855469
Our model,1,141.59312438964844
Our model,1,131.4590301513672
Our model,1,125.98506927490234
Our model,1,159.08192443847656
Our model,1,133.52157592773438
Our model,1,132.47015380859375
Our model,1,124.56475067138672
Our model,1,131.4977264404297
Our model,1,113.95137786865234
Our model,1,117.54313659667969
Our model,1,101.46492004394531
Our model,1,99.81590270996094
Our model,1,159.38006591796875
Our model,1,124.88034057617188
Our model,1,128.55245971679688
Our model,1,135.97119140625
Our model,1,116.27971649169922
Our model,1,139.796142578125
Our model,1,108.32485961914062
Our model,1,152.1072998046875
Our model,1,104.83744049072266
Our model,1,109.23625183105469
Our model,1,105.93913269042969
Our model,1,96.005859375
Our model,1,120.05486297607422
Our model,1,98.80741119384766
Our model,1,159.60964965820312
Our model,1,140.91065979003906
Our model,1,237.5159912109375
Our model,1,150.4590606689453
Our model,1,145.01551818847656
Our model,1,117.17945861816406
Our model,1,91.96622467041016
Our model,1,99.7490005493164
Our model,1,129.96633911132812
Our model,1,133.94610595703125
Our model,1,122.24340057373047
Our model,1,145.35667419433594
Our model,1,130.1484832763672
Our model,1,135.4546356201172
Our model,1,158.48475646972656
Our model,1,120.54856872558594
Our model,1,143.42623901367188
Our model,1,143.02879333496094
Our model,1,113.00868225097656
Our model,1,101.65601348876953
Our model,1,184.246826171875
Our model,1,119.29985809326172
Our model,1,134.85121154785156
Our model,1,124.52664184570312
Our model,1,134.9688720703125
Our model,1,134.280517578125
Our model,1,229.08775329589844
Our model,1,121.32168579101562
Our model,1,91.50316619873047
Our model,1,178.96133422851562
Our model,1,112.75147247314453
Our model,1,260.1443176269531
Our model,1,135.38365173339844
Our model,1,180.4582061767578
Our model,1,131.2970733642578
Our model,1,118.70050811767578
Our model,1,118.32032012939453
Our model,1,148.84664916992188
Our model,1,142.55718994140625
Our model,1,145.20230102539062
Our model,1,106.3187026977539
Our model,1,102.15708923339844
Our model,1,132.62193298339844
Our model,1,179.01023864746094
Our model,1,125.42804718017578
Our model,1,126.82542419433594
Our model,1,178.35406494140625
Our model,1,162.09410095214844
Our model,1,117.08307647705078
Our model,1,116.49606323242188
Our model,1,123.47592163085938
Our model,1,160.68231201171875
Our model,1,114.67256927490234
Our model,1,109.93144989013672
Our model,1,107.8494644165039
Our model,1,146.45443725585938
Our model,1,199.12904357910156
Our model,1,226.02606201171875
Our model,1,132.5562286376953
Our model,1,139.3551483154297
Our model,1,114.11510467529297
Our model,1,122.22553253173828
Our model,1,96.148193359375
Our model,1,119.35043334960938
Our model,1,116.31841278076172
Our model,1,101.23367309570312
Our model,1,129.82040405273438
Our model,1,141.09420776367188
Our model,1,98.14913940429688
Our model,1,147.86679077148438
Our model,1,127.5150375366211
Our model,1,143.69839477539062
Our model,1,140.1037139892578
Our model,1,124.69766998291016
Our model,1,113.0485610961914
Our model,1,171.65570068359375
Our model,1,128.4811248779297
Our model,1,118.48932647705078
Our model,1,89.78289794921875
Our model,1,160.6895294189453
Our model,1,122.41327667236328
Our model,1,157.7974090576172
Our model,1,124.7437973022461
Our model,1,122.42340850830078
Our model,1,136.4407958984375
Our model,1,145.51499938964844
Our model,1,176.92340087890625
Our model,1,120.13406372070312
Our model,1,124.93582916259766
Our model,1,131.51327514648438
Our model,1,158.14730834960938
Our model,1,115.12630462646484
Our model,1,124.60093688964844
Our model,1,110.60009765625
Our model,1,108.75919342041016
Our model,1,93.65573120117188
Our model,1,132.94854736328125
Our model,1,115.37701416015625
Our model,1,108.19388580322266
Our model,1,122.12191009521484
Our model,1,108.97354888916016
Our model,1,139.5635986328125
Our model,1,108.47663116455078
Our model,1,142.1961212158203
Our model,1,130.54400634765625
Our model,1,139.0223388671875
Our model,1,125.42052459716797
Our model,1,130.4293975830078
Our model,1,128.1288299560547
Our model,1,121.4271240234375
Our model,1,127.89958190917969
Our model,1,138.3110809326172
Our model,1,159.5269317626953
Our model,1,84.19857788085938
Our model,1,162.49337768554688
Our model,1,208.76156616210938
Our model,1,123.44640350341797
Our model,1,132.2859344482422
Our model,1,139.8105926513672
Our model,1,121.66526794433594
Our model,1,148.89382934570312
Our model,1,145.65318298339844
Our model,1,117.78777313232422
Our model,1,120.20127868652344
Our model,1,115.68002319335938
Our model,1,95.61148071289062
Our model,1,152.96351623535156
Our model,1,147.6438751220703
Our model,1,126.2879638671875
Our model,1,156.13673400878906
Our model,1,146.79150390625
Our model,1,123.22148895263672
Our model,1,130.05950927734375
Our model,1,122.7441635131836
Our model,1,121.52438354492188
Our model,1,121.31517028808594
Our model,1,125.56558990478516
Our model,1,123.56116485595703
Our model,1,115.86322784423828
Our model,1,130.98248291015625
Our model,1,118.20674896240234
Our model,1,108.33869171142578
Our model,1,189.21424865722656
Our model,1,144.3363037109375
Our model,1,118.89359283447266
Our model,1,88.24720001220703
Our model,1,130.8681640625
Our model,1,166.6631622314453
Our model,1,159.2630157470703
Our model,1,95.44053649902344
Our model,1,127.1945571899414
Our model,1,132.1577606201172
Our model,1,116.74026489257812
Our model,1,137.84974670410156
Our model,1,130.5172576904297
Our model,1,144.5505828857422
Our model,1,126.66312408447266
Our model,1,117.54449462890625
Our model,1,96.60000610351562
Our model,1,151.81739807128906
Our model,1,202.92271423339844
Our model,1,149.16111755371094
Our model,1,211.3805694580078
Our model,1,200.82286071777344
Our model,1,154.43373107910156
Our model,1,117.59358215332031
Our model,1,155.75448608398438
Our model,1,154.1532745361328
Our model,1,135.4481201171875
Our model,1,134.3584747314453
Our model,1,160.11973571777344
Our model,1,141.37232971191406
Our model,1,101.25495910644531
Our model,1,102.04086303710938
Our model,1,141.46151733398438
Our model,1,152.92962646484375
Our model,1,338.5825500488281
Our model,1,370.9738464355469
Our model,1,161.0172882080078
Our model,1,140.30564880371094
Our model,1,126.32608032226562
Our model,1,110.89835357666016
Our model,1,101.94798278808594
Our model,1,126.01622772216797
Our model,1,92.81021881103516
Our model,1,97.59768676757812
Our model,1,123.8045425415039
Our model,1,128.98973083496094
Our model,1,160.44715881347656
Our model,1,177.92352294921875
Our model,1,118.52742004394531
Our model,1,120.21250915527344
Our model,1,144.2126007080078
Our model,1,119.84832763671875
Our model,1,106.91385650634766
Our model,1,106.46155548095703
Our model,1,103.4773941040039
Our model,1,105.79794311523438
Our model,1,96.737060546875
Our model,1,167.07737731933594
Our model,1,129.3428955078125
Our model,1,150.8027801513672
Our model,1,134.12933349609375
Our model,1,115.40348052978516
Our model,1,157.12269592285156
Our model,1,138.64329528808594
Our model,1,91.2662582397461
Our model,1,133.1947021484375
Our model,1,141.127685546875
Our model,1,200.94869995117188
Our model,1,132.397705078125
Our model,1,148.82005310058594
Our model,1,168.12762451171875
Our model,1,129.92556762695312
Our model,1,119.61332702636719
Our model,1,123.20051574707031
Our model,1,126.1401596069336
Our model,1,130.9915771484375
Our model,1,133.56732177734375
Our model,1,127.51415252685547
Our model,1,103.34220123291016
Our model,1,115.5106430053711
Our model,1,129.9966583251953
Our model,1,146.8568878173828
Our model,1,165.64845275878906
Our model,1,147.36444091796875
Our model,1,131.1385955810547
Our model,1,125.06141662597656
Our model,1,169.045166015625
Our model,1,149.0677490234375
Our model,1,215.0074005126953
Our model,1,120.86062622070312
Our model,1,157.49923706054688
Our model,1,132.6234130859375
Our model,1,102.62596130371094
Our model,1,130.47909545898438
Our model,1,151.74000549316406
Our model,1,151.19851684570312
Our model,1,132.84976196289062
Our model,1,89.93617248535156
Our model,1,126.79669189453125
Our model,1,187.70684814453125
Our model,1,242.62619018554688
Our model,1,148.2443084716797
Our model,1,139.08380126953125
Our model,1,112.3616714477539
Our model,1,112.67923736572266
Our model,1,137.0509033203125
Our model,1,114.63249969482422
Our model,1,128.24916076660156
Our model,1,137.49351501464844
Our model,1,146.15719604492188
Our model,1,155.4910125732422
Our model,1,139.9818572998047
Our model,1,124.08783721923828
Our model,1,153.2753143310547
Our model,1,105.53164672851562
Our model,1,108.20995330810547
Our model,1,142.94105529785156
Our model,1,155.2642822265625
Our model,1,132.76095581054688
Our model,1,148.2006072998047
Our model,1,162.1074676513672
Our model,1,131.9213104248047
Our model,1,131.53366088867188
Our model,1,201.9405059814453
Our model,1,105.36408996582031
Our model,1,143.14712524414062
Our model,1,108.42613220214844
Our model,1,97.9446029663086
Our model,1,124.34842681884766
Our model,1,117.81584930419922
Our model,1,98.16448211669922
Our model,1,144.0813446044922
Our model,1,119.91238403320312
Our model,1,117.78670501708984
Our model,1,133.55638122558594
Our model,1,137.8623504638672
Our model,1,164.83694458007812
Our model,1,124.12081909179688
Our model,1,102.5531997680664
Our model,1,108.26593017578125
Our model,1,212.13790893554688
Our model,1,134.2720947265625
Our model,1,118.5189437866211
Our model,1,189.6713104248047
Our model,1,149.43032836914062
Our model,1,119.1950454711914
Our model,1,127.4866943359375
Our model,1,147.6013641357422
Our model,1,165.5284881591797
Our model,1,151.71859741210938
Our model,1,92.9097900390625
Our model,1,105.43367767333984
Our model,1,170.48912048339844
Our model,1,175.42262268066406
Our model,1,124.3614730834961
Our model,1,140.6909637451172
Our model,1,136.5069580078125
Our model,1,118.3692626953125
Our model,1,139.82504272460938
Our model,1,119.2216796875
Our model,1,184.2047119140625
Our model,1,122.02520751953125
Our model,1,87.53022766113281
Our model,1,90.55003356933594
Our model,1,196.98951721191406
Our model,1,151.59214782714844
Our model,1,108.3877944946289
Our model,1,133.91897583007812
Our model,1,143.33074951171875
Our model,1,108.3546142578125
Our model,1,105.26510620117188
Our model,1,82.76220703125
Our model,1,96.55704498291016
Our model,1,98.48198699951172
Our model,1,147.3119659423828
Our model,1,76.70687103271484
Our model,1,112.5589828491211
Our model,1,120.76830291748047
Our model,1,112.0879898071289
Our model,1,124.06526947021484
Our model,1,147.20443725585938
Our model,1,145.9398956298828
Our model,1,102.91533660888672
Our model,1,110.10511016845703
Our model,1,86.5899887084961
Our model,1,101.09295654296875
Our model,1,129.80606079101562
Our model,1,106.15980529785156
Our model,1,130.64715576171875
Our model,1,131.51625061035156
Our model,1,93.0063705444336
Our model,1,121.00067901611328
Our model,1,112.30130004882812
Our model,1,106.68154907226562
Our model,1,90.26565551757812
Our model,1,108.96018981933594
Our model,1,121.2227554321289
Our model,1,154.98121643066406
Our model,1,149.65618896484375
Our model,1,123.53466033935547
Our model,1,149.0941162109375
Our model,1,129.80926513671875
Our model,1,124.88920593261719
Our model,1,159.840087890625
Our model,1,136.40078735351562
Our model,1,99.21792602539062
Our model,1,99.23480987548828
Our model,1,107.67607116699219
Our model,1,117.35563659667969
Our model,1,113.13565063476562
Our model,1,102.75797271728516
Our model,1,147.7748565673828
Our model,1,120.54376983642578
Our model,1,127.6764907836914
Our model,1,174.6557159423828
Our model,1,146.02845764160156
Our model,1,124.35710906982422
Our model,1,150.16343688964844
Our model,1,115.24687957763672
Our model,1,110.27438354492188
Our model,1,213.3167266845703
Our model,1,131.82093811035156
Our model,1,156.19522094726562
Our model,1,148.37249755859375
Our model,1,126.74419403076172
Our model,1,114.2978744506836
Our model,1,115.69561767578125
Our model,1,166.54013061523438
Our model,1,169.8129425048828
Our model,1,132.6063690185547
Our model,1,100.8962631225586
Our model,1,97.43675994873047
Our model,1,127.4755859375
Our model,1,134.92587280273438
Our model,1,120.69222259521484
Our model,1,129.3780517578125
Our model,1,120.38700866699219
Our model,1,155.24493408203125
Our model,1,137.89512634277344
Our model,1,145.6192169189453
Our model,1,120.65631866455078
Our model,1,126.30088806152344
Our model,1,195.29464721679688
Our model,1,132.17213439941406
Our model,1,192.6754913330078
Our model,1,263.1103820800781
Our model,1,168.70492553710938
Our model,1,204.9492645263672
Our model,1,121.225830078125
Our model,1,100.92882537841797
Our model,1,108.27068328857422
Our model,1,205.3978729248047
Our model,1,153.29429626464844
Our model,1,113.40914916992188
Our model,1,122.33983612060547
Our model,1,130.57533264160156
Our model,1,155.78033447265625
Our model,1,137.57765197753906
Our model,1,106.74752807617188
Our model,1,139.86900329589844
Our model,1,118.64533233642578
Our model,1,129.09165954589844
Our model,1,121.79373168945312
Our model,1,111.14464569091797
Our model,1,288.4410705566406
Our model,1,136.9002685546875
Our model,1,167.69105529785156
Our model,1,133.69366455078125
Our model,1,248.48313903808594
Our model,1,282.0965270996094
Our model,1,143.0465087890625
Our model,1,156.14231872558594
Our model,1,108.50460815429688
Our model,1,122.95433044433594
Our model,1,130.9506072998047
Our model,1,243.181640625
Our model,1,105.79471588134766
Our model,1,215.5209503173828
Our model,1,226.1660919189453
Our model,1,154.20587158203125
Our model,1,120.85558319091797
Our model,1,107.64935302734375
Our model,1,126.92799377441406
Our model,1,86.06669616699219
Our model,1,95.24889373779297
Our model,1,126.30095672607422
Our model,1,141.59495544433594
Our model,1,96.9603271484375
Our model,1,157.83377075195312
Our model,1,137.50770568847656
Our model,1,120.62928009033203
Our model,1,110.633056640625
Our model,1,117.96961212158203
Our model,1,99.50567626953125
Our model,1,110.42957305908203
Our model,1,121.38044738769531
Our model,1,139.5027313232422
Our model,1,158.57135009765625
Our model,1,146.84242248535156
Our model,1,156.67169189453125
Our model,1,151.12026977539062
Our model,1,113.50270080566406
Our model,1,132.96876525878906
Our model,1,107.50897216796875
Our model,1,139.90878295898438
Our model,1,126.22077178955078
Our model,1,178.547607421875
Our model,1,183.83456420898438
Our model,1,174.49139404296875
Our model,1,145.098876953125
Our model,1,126.00869750976562
Our model,1,218.72215270996094
Our model,1,128.36424255371094
Our model,1,122.4771499633789
Our model,1,122.40238952636719
Our model,1,95.03911590576172
Our model,1,99.8504409790039
Our model,1,114.84475708007812
Our model,1,125.73009490966797
Our model,1,144.2664031982422
Our model,1,163.70814514160156
Our model,1,178.6776885986328
Our model,1,149.8773651123047
Our model,1,125.31990814208984
Our model,1,134.238525390625
Our model,1,100.86540222167969
Our model,1,166.28684997558594
Our model,1,115.43817901611328
Our model,1,138.47161865234375
Our model,1,118.75973510742188
Our model,1,144.32644653320312
Our model,1,119.28048706054688
Our model,1,192.3536834716797
Our model,1,153.71900939941406
Our model,1,121.0567398071289
Our model,1,103.01171112060547
Our model,1,105.86773681640625
Our model,1,103.19882202148438
Our model,1,113.30492401123047
Our model,1,121.90653228759766
Our model,1,129.86502075195312
Our model,1,117.33332824707031
Our model,1,155.8726806640625
Our model,1,128.1645050048828
Our model,1,111.04956817626953
Our model,1,122.42633819580078
Our model,1,108.55742645263672
Our model,1,334.5997009277344
Our model,1,114.87232971191406
Our model,1,115.64342498779297
Our model,1,111.06475830078125
Our model,1,380.0159606933594
Our model,1,160.56349182128906
Our model,1,116.64073944091797
Our model,1,208.63900756835938
Our model,1,127.65679168701172
Our model,1,140.91229248046875
Our model,1,135.92295837402344
Our model,1,123.7746353149414
Our model,1,320.58489990234375
Our model,1,113.27854919433594
Our model,1,109.05561065673828
Our model,1,97.43153381347656
Our model,1,378.56103515625
Our model,1,136.670654296875
Our model,1,141.4922637939453
Our model,1,184.9934844970703
Our model,1,136.0673065185547
Our model,1,128.22950744628906
Our model,1,139.5969696044922
Our model,1,128.8663787841797
Our model,1,140.66131591796875
Our model,1,127.99464416503906
Our model,1,98.84040832519531
Our model,1,91.8134765625
Our model,1,174.15713500976562
Our model,1,155.55967712402344
Our model,1,186.1571807861328
Our model,1,109.4834213256836
Our model,1,169.89356994628906
Our model,1,158.95199584960938
Our model,1,145.26490783691406
Our model,1,130.8190460205078
Our model,1,108.5768051147461
Our model,1,128.83102416992188
Our model,1,87.24552917480469
Our model,1,107.49270629882812
Our model,1,135.32293701171875
Our model,1,136.46206665039062
Our model,1,125.98921203613281
Our model,1,129.2665557861328
Our model,1,164.09780883789062
Our model,1,133.1601104736328
Our model,1,138.9991455078125
Our model,1,126.97435760498047
Our model,1,114.17326354980469
Our model,1,135.24659729003906
Our model,1,102.9911880493164
Our model,1,141.24331665039062
Our model,1,126.19413757324219
Our model,1,134.48471069335938
Our model,1,136.5303192138672
Our model,1,136.43214416503906
Our model,1,444.6051940917969
Our model,1,149.95053100585938
Our model,1,331.5093078613281
Our model,1,120.5069351196289
Our model,1,109.31199645996094
Our model,1,246.8343963623047
Our model,1,95.65473937988281
Our model,1,121.34919738769531
Our model,1,200.60955810546875
Our model,1,186.58035278320312
Our model,1,126.34669494628906
Our model,1,112.49424743652344
Our model,1,137.27073669433594
Our model,1,101.19107818603516
Our model,1,101.57254028320312
Our model,1,139.21241760253906
Our model,1,105.48098754882812
Our model,1,103.65864562988281
Our model,1,125.49131774902344
Our model,1,125.42285919189453
Our model,1,127.48552703857422
Our model,1,215.9984588623047
Our model,1,123.7472915649414
Our model,1,134.0949249267578
Our model,1,139.9467010498047
Our model,1,181.02650451660156
Our model,1,229.50344848632812
Our model,1,122.91775512695312
Our model,1,120.8154067993164
Our model,1,149.845703125
Our model,1,127.0325927734375
Our model,1,125.45706176757812
Our model,1,87.27220916748047
Our model,1,166.15530395507812
Our model,1,164.6143035888672
Our model,1,158.35134887695312
Our model,1,135.10520935058594
Our model,1,109.00352478027344
Our model,1,131.07395935058594
Our model,1,158.90106201171875
Our model,1,138.06112670898438
Our model,1,96.70771789550781
Our model,1,147.9474334716797
Our model,1,172.08396911621094
Our model,1,100.80250549316406
Our model,1,165.75494384765625
Our model,1,122.66264343261719
Our model,1,143.4804229736328
Our model,1,144.99850463867188
Our model,1,176.3109588623047
Our model,1,183.4107208251953
Our model,1,127.66181945800781
Our model,1,105.66868591308594
Our model,1,121.83018493652344
Our model,1,148.50047302246094
Our model,1,155.90419006347656
Our model,1,135.95681762695312
Our model,1,195.89151000976562
Our model,1,117.19915008544922
Our model,1,124.17620849609375
Our model,1,147.48243713378906
Our model,1,96.1351318359375
Our model,1,147.07122802734375
Our model,1,133.17860412597656
Our model,1,110.98648834228516
Our model,1,142.44277954101562
Our model,1,234.82615661621094
Our model,1,143.2886199951172
Our model,1,174.56285095214844
Our model,1,175.58688354492188
Our model,1,162.66102600097656
Our model,1,86.19377899169922
Our model,1,178.1489715576172
Our model,1,96.10916900634766
Our model,1,156.36532592773438
Our model,1,187.76573181152344
Our model,1,121.62369537353516
Our model,1,129.45858764648438
Our model,1,153.06472778320312
Our model,1,116.81269073486328
Our model,1,142.33880615234375
Our model,1,130.28311157226562
Our model,1,142.73037719726562
Our model,1,120.85952758789062
Our model,1,119.39241027832031
Our model,1,111.28218841552734
Our model,1,95.6961669921875
Our model,1,151.28054809570312
Our model,1,112.22602081298828
Our model,1,161.2176513671875
Our model,1,144.99366760253906
Our model,1,153.62356567382812
Our model,1,231.27890014648438
Our model,1,194.21920776367188
Our model,1,122.03797149658203
Our model,1,96.2982406616211
Our model,1,158.6143798828125
Our model,1,90.48834991455078
Our model,1,113.92219543457031
Our model,1,117.40784454345703
Our model,1,130.350830078125
Our model,1,185.26414489746094
Our model,1,174.6613311767578
Our model,1,137.1158905029297
Our model,1,110.70744323730469
Our model,1,93.52397918701172
Our model,1,178.6913604736328
Our model,1,208.5466766357422
Our model,1,141.97158813476562
Our model,1,100.91429901123047
Our model,1,120.3486557006836
Our model,1,137.22445678710938
Our model,1,112.88156127929688
Our model,1,178.2908935546875
Our model,1,137.21543884277344
Our model,1,177.2188720703125
Our model,1,149.67587280273438
Our model,1,173.14288330078125
Our model,1,109.0233383178711
Our model,1,96.01881408691406
Our model,1,103.64810180664062
Our model,1,98.37995147705078
Our model,1,146.9075164794922
Our model,1,102.55254364013672
Our model,1,137.8252410888672
Our model,1,219.39251708984375
Our model,1,110.46526336669922
Our model,1,153.84521484375
Our model,1,167.18319702148438
Our model,1,127.58203887939453
Our model,1,134.74691772460938
Our model,1,149.4621124267578
Our model,1,130.3645782470703
Our model,1,128.34713745117188
Our model,1,109.09159088134766
Our model,1,134.918701171875
Our model,1,140.81494140625
Our model,1,208.57986450195312
Our model,1,191.28439331054688
Our model,1,126.58800506591797
Our model,1,162.05030822753906
Our model,1,134.9257354736328
Our model,1,150.46502685546875
Our model,1,104.49593353271484
Our model,1,182.3864288330078
Our model,1,121.81871032714844
Our model,1,93.34562683105469
Our model,1,136.28732299804688
Our model,1,178.60316467285156
Our model,1,112.63143157958984
Our model,1,150.28988647460938
Our model,1,105.3904037475586
Our model,1,143.95516967773438
Our model,1,167.9869384765625
Our model,1,149.71444702148438
Our model,1,105.7677993774414
Our model,1,161.40533447265625
Our model,1,140.43692016601562
Our model,1,111.38352966308594
Our model,1,170.0301513671875
Our model,1,152.1255340576172
Our model,1,236.4776611328125
Our model,1,144.81072998046875
Our model,1,133.24427795410156
Our model,1,156.93931579589844
Our model,1,132.9768524169922
Our model,1,125.34880065917969
Our model,1,102.16873168945312
Our model,1,149.495849609375
Our model,1,94.45419311523438
Our model,1,177.10316467285156
Our model,1,149.35232543945312
Our model,1,159.08480834960938
Our model,1,120.48859405517578
Our model,1,107.6145248413086
Our model,1,100.58155059814453
Our model,1,138.44619750976562
Our model,1,138.36207580566406
Our model,1,154.88653564453125
Our model,1,160.30511474609375
Our model,1,105.97023010253906
Our model,1,153.37046813964844
Our model,1,156.4089813232422
Our model,1,131.17213439941406
Our model,1,133.4483642578125
Our model,1,150.081298828125
Our model,1,135.26785278320312
Our model,1,167.19052124023438
Our model,1,152.3184051513672
Our model,1,140.81369018554688
Our model,1,135.5227508544922
Our model,1,139.93104553222656
Our model,1,162.49014282226562
Our model,1,112.1356430053711
Our model,1,189.615478515625
Our model,1,236.50241088867188
Our model,1,215.30931091308594
Our model,1,272.6980285644531
Our model,1,112.15878295898438
Our model,1,94.34239959716797
Our model,1,125.11903381347656
Our model,1,89.74559783935547
Our model,1,118.35016632080078
Our model,1,117.59310913085938
Our model,1,135.15185546875
Our model,1,98.6237564086914
Our model,1,146.64390563964844
Our model,1,177.20526123046875
Our model,1,167.49806213378906
Our model,1,135.931396484375
Our model,1,121.71742248535156
Our model,1,114.4179916381836
Our model,1,113.77545166015625
Our model,1,105.15829467773438
Our model,1,159.04429626464844
Our model,1,129.10812377929688
Our model,1,139.87408447265625
Our model,1,125.5344009399414
Our model,1,134.68113708496094
Our model,1,132.96034240722656
Our model,1,111.99669647216797
Our model,1,117.47711181640625
Our model,1,135.23143005371094
Our model,1,140.3315887451172
Our model,1,125.07254028320312
Our model,1,123.62896728515625
Our model,1,92.23632049560547
Our model,1,139.68252563476562
Our model,1,150.10572814941406
Our model,1,129.42344665527344
Our model,1,174.8234405517578
Our model,1,131.4923553466797
Our model,1,120.75259399414062
Our model,1,130.7977752685547
Our model,1,106.31086730957031
Our model,1,103.61824798583984
Our model,1,115.631103515625
Our model,1,100.32662200927734
Our model,1,104.44644927978516
Our model,1,135.017333984375
Our model,1,128.23973083496094
Our model,1,207.72999572753906
Our model,1,120.32785034179688
Our model,1,120.09676361083984
Our model,1,132.57310485839844
Our model,1,178.5866241455078
Our model,1,133.7368621826172
Our model,1,191.05364990234375
Our model,1,129.86280822753906
Our model,1,109.2463150024414
Our model,1,125.02275085449219
Our model,1,148.6888885498047
Our model,1,169.3136444091797
Our model,1,128.63893127441406
Our model,1,126.11579132080078
Our model,1,143.58253479003906
Our model,1,123.23938751220703
Our model,1,118.32917785644531
Our model,1,128.8935546875
Our model,1,145.26870727539062
Our model,1,118.33119201660156
Our model,1,134.03646850585938
Our model,1,126.2591781616211
Our model,1,128.74026489257812
Our model,1,154.7949981689453
Our model,1,123.79441833496094
Our model,1,126.20055389404297
Our model,1,120.19097900390625
Our model,1,121.38387298583984
Our model,1,134.14785766601562
Our model,1,119.24786376953125
Our model,1,192.2918243408203
Our model,1,112.60011291503906
Our model,1,104.56072235107422
Our model,1,177.1038360595703
Our model,1,176.7822265625
Our model,1,178.70916748046875
Our model,1,174.1505889892578
Our model,1,127.69677734375
Our model,1,118.14022827148438
Our model,1,128.83078002929688
Our model,1,122.21321105957031
Our model,1,184.75375366210938
Our model,1,160.91905212402344
Our model,1,114.97225952148438
Our model,1,96.70484924316406
Our model,1,112.86038970947266
Our model,1,132.27561950683594
Our model,1,120.14217376708984
Our model,1,125.45231628417969
Our model,1,185.46444702148438
Our model,1,129.1654815673828
Our model,1,133.99832153320312
Our model,1,125.64928436279297
Our model,1,154.11952209472656
Our model,1,219.10394287109375
Our model,1,121.75716400146484
Our model,1,96.44686889648438
Our model,1,105.05427551269531
Our model,1,302.1880798339844
Our model,1,130.92857360839844
Our model,1,185.7274932861328
Our model,1,144.22178649902344
Our model,1,123.13917541503906
Our model,1,150.9672393798828
Our model,1,121.6341323852539
Our model,1,125.19949340820312
Our model,1,101.5815658569336
Our model,1,142.5675506591797
Our model,1,95.40373992919922
Our model,1,130.91258239746094
Our model,1,133.46176147460938
Our model,1,141.59190368652344
Our model,1,754.5880737304688
Our model,1,656.1941528320312
Our model,1,129.38812255859375
Our model,1,151.31231689453125
Our model,1,137.59994506835938
Our model,1,207.2912139892578
Our model,1,214.158447265625
Our model,1,120.53654479980469
Our model,1,112.39797973632812
Our model,1,97.58866882324219
Our model,1,116.82610321044922
Our model,1,126.20232391357422
Our model,1,140.5299530029297
Our model,1,144.63983154296875
Our model,1,145.51821899414062
Our model,1,178.75485229492188
Our model,1,143.62437438964844
Our model,1,159.10926818847656
Our model,1,80.82015228271484
Our model,1,160.80267333984375
Our model,1,142.09413146972656
Our model,1,105.70226287841797
Our model,1,116.13529205322266
Our model,1,130.12815856933594
Our model,1,184.22157287597656
Our model,1,199.86314392089844
Our model,1,128.24818420410156
Our model,1,125.74898529052734
Our model,1,119.66639709472656
Our model,1,160.68353271484375
Our model,1,113.81890869140625
Our model,1,154.6156463623047
Our model,1,95.97499084472656
Our model,1,161.83872985839844
Our model,1,127.00605010986328
Our model,1,130.64012145996094
Our model,1,314.672119140625
Our model,1,127.97513580322266
Our model,1,206.9856719970703
Our model,1,111.70063018798828
Our model,1,111.84868621826172
Our model,1,133.68972778320312
Our model,1,104.58744049072266
Our model,1,133.10543823242188
Our model,1,139.48878479003906
Our model,1,116.99040985107422
Our model,1,188.20751953125
Our model,1,150.86270141601562
Our model,1,249.96505737304688
Our model,1,229.0235595703125
Our model,1,123.82740783691406
Our model,1,174.97039794921875
Our model,1,114.33992004394531
Our model,1,134.78240966796875
Our model,1,147.39439392089844
Our model,1,108.04461669921875
Our model,1,107.28788757324219
Our model,1,133.7605743408203
Our model,1,113.27552795410156
Our model,1,127.8027572631836
Our model,1,130.8203125
Our model,1,103.59135437011719
Our model,1,128.1581268310547
Our model,1,119.69929504394531
Our model,1,100.49052429199219
Our model,1,135.58078002929688
Our model,1,132.6199951171875
Our model,1,786.5590209960938
Our model,1,153.50498962402344
Our model,1,699.9579467773438
Our model,1,108.26905059814453
Our model,1,131.3491668701172
Our model,1,150.31744384765625
Our model,1,142.7108917236328
Our model,1,133.2725067138672
Our model,1,139.7766571044922
Our model,1,98.14122772216797
Our model,1,148.91140747070312
Our model,1,111.18267822265625
Our model,1,113.83267211914062
Our model,1,101.66130065917969
Our model,1,139.14857482910156
Our model,1,173.76461791992188
Our model,1,153.6040496826172
Our model,1,111.35405731201172
Our model,1,129.71417236328125
Our model,1,147.07020568847656
Our model,1,110.47517395019531
Our model,1,98.15757751464844
Our model,1,119.60395812988281
Our model,1,106.8526382446289
Our model,1,106.44307708740234
Our model,1,156.50448608398438
Our model,1,143.0753631591797
Our model,1,98.78156280517578
Our model,1,118.89374542236328
Our model,1,162.30300903320312
Our model,1,143.9613494873047
Our model,1,132.94003295898438
Our model,1,118.71099090576172
Our model,1,132.14451599121094
Our model,1,151.65658569335938
Our model,1,134.17042541503906
Our model,1,117.84541320800781
Our model,1,157.26173400878906
Our model,1,160.86166381835938
Our model,1,142.544677734375
Our model,1,129.885009765625
Our model,1,162.49867248535156
Our model,1,165.14852905273438
Our model,1,126.23114776611328
Our model,1,136.704345703125
Our model,1,124.72750854492188
Our model,1,121.38088989257812
Our model,1,112.3644790649414
Our model,1,92.34782409667969
Our model,1,129.2428436279297
Our model,1,174.76119995117188
Our model,1,204.10960388183594
Our model,1,128.4285125732422
Our model,1,186.99107360839844
Our model,1,192.278564453125
Our model,1,144.17160034179688
Our model,1,120.31616973876953
Our model,1,90.27400207519531
Our model,1,118.17906188964844
Our model,1,92.68771362304688
Our model,1,99.77132415771484
Our model,1,124.4866943359375
Our model,1,140.0163116455078
Our model,1,143.4032440185547
Our model,1,121.3736801147461
Our model,1,125.03965759277344
Our model,1,128.33541870117188
Our model,1,107.72821044921875
Our model,1,118.4063720703125
Our model,1,95.25736236572266
Our model,1,97.08797454833984
Our model,1,126.32275390625
Our model,1,168.20687866210938
Our model,1,167.5498046875
Our model,1,129.76272583007812
Our model,1,146.04331970214844
Our model,1,135.0511474609375
Our model,1,129.09669494628906
Our model,1,132.75143432617188
Our model,1,116.64998626708984
Our model,1,121.60344696044922
Our model,1,142.3893280029297
Our model,1,84.21395874023438
Our model,1,167.013427734375
Our model,1,161.8268280029297
Our model,1,188.2559814453125
Our model,1,200.3506622314453
Our model,1,119.57870483398438
Our model,1,108.1108627319336
Our model,1,112.25782012939453
Our model,1,211.13241577148438
Our model,1,235.8213348388672
Our model,1,118.93153381347656
Our model,1,113.87553405761719
Our model,1,96.40341186523438
Our model,1,138.6962432861328
Our model,1,148.499755859375
Our model,1,95.3049087524414
Our model,1,134.60508728027344
Our model,1,139.64637756347656
Our model,1,131.74423217773438
Our model,1,131.6566925048828
Our model,1,110.50091552734375
Our model,1,137.86624145507812
Our model,1,145.67852783203125
Our model,1,109.81103515625
Our model,1,104.52496337890625
Our model,1,171.02133178710938
Our model,1,164.6514129638672
Our model,1,126.97816467285156
Our model,1,141.67840576171875
Our model,1,150.43568420410156
Our model,1,120.56116485595703
Our model,1,135.6944122314453
Our model,1,119.51836395263672
Our model,1,114.32066345214844
Our model,1,116.36054229736328
Our model,1,107.37464141845703
Our model,1,114.43241882324219
Our model,1,123.5163345336914
Our model,1,135.04718017578125
Our model,1,148.91897583007812
Our model,1,149.4731903076172
Our model,1,159.3077850341797
Our model,1,120.42645263671875
Our model,1,177.33084106445312
Our model,1,103.79329681396484
Our model,1,114.0352783203125
Our model,1,128.6988983154297
Our model,1,97.68077850341797
Our model,1,133.69813537597656
Our model,1,123.09937286376953
Our model,1,138.54319763183594
Our model,1,119.97579956054688
Our model,1,162.22988891601562
Our model,1,111.97264099121094
Our model,1,127.52734375
Our model,1,115.07020568847656
Our model,1,112.651123046875
Our model,1,95.90414428710938
Our model,1,141.4376983642578
Our model,1,120.66226196289062
Our model,1,143.0622100830078
Our model,1,120.78721618652344
Our model,1,129.4939727783203
Our model,1,137.71624755859375
Our model,1,130.45753479003906
Our model,1,148.552734375
Our model,1,112.16539001464844
Our model,1,256.0979919433594
Our model,1,117.49934387207031
Our model,1,134.7689208984375
Our model,1,102.2353744506836
Our model,1,223.9110870361328
Our model,1,152.490478515625
Our model,1,124.94984436035156
Our model,1,134.23622131347656
Our model,1,99.85367584228516
Our model,1,122.35856628417969
Our model,1,151.29766845703125
Our model,1,116.01036834716797
Our model,1,125.86441040039062
Our model,1,147.7156982421875
Our model,1,90.03714752197266
Our model,1,142.35667419433594
Our model,1,134.86878967285156
Our model,1,176.1314697265625
Our model,1,114.77693176269531
Our model,1,150.99118041992188
Our model,1,189.4759063720703
Our model,1,110.4483871459961
Our model,1,174.50534057617188
Our model,1,121.7872085571289
Our model,1,103.63955688476562
Our model,1,122.67424774169922
Our model,1,113.98078918457031
Our model,1,170.59127807617188
Our model,1,127.06693267822266
Our model,1,135.92355346679688
Our model,1,141.6213836669922
Our model,1,134.8919677734375
Our model,1,131.34324645996094
Our model,1,121.26331329345703
Our model,1,172.96585083007812
Our model,1,130.6151123046875
Our model,1,78.65725708007812
Our model,1,136.49331665039062
Our model,1,89.97095489501953
Our model,1,334.58856201171875
Our model,1,131.65057373046875
Our model,1,371.65185546875
Our model,1,192.1121063232422
Our model,1,168.56375122070312
Our model,1,126.8014907836914
Our model,1,137.04397583007812
Our model,1,141.8614044189453
Our model,1,131.15113830566406
Our model,1,144.14869689941406
Our model,1,115.91693115234375
Our model,1,94.35157775878906
Our model,1,117.88026428222656
Our model,1,119.52314758300781
Our model,1,121.66236114501953
Our model,1,204.04776000976562
Our model,1,138.7740020751953
Our model,1,165.057861328125
Our model,1,129.36329650878906
Our model,1,133.13143920898438
Our model,1,186.7147674560547
Our model,1,167.29891967773438
Our model,1,123.64945220947266
Our model,1,148.177490234375
Our model,1,137.30519104003906
Our model,1,169.5004425048828
Our model,1,150.87965393066406
Our model,1,169.66598510742188
Our model,1,130.11746215820312
Our model,1,121.61502838134766
Our model,1,127.35240173339844
Our model,1,154.10328674316406
Our model,1,116.69107818603516
Our model,1,127.5687484741211
Our model,1,126.1154556274414
Our model,1,116.6377182006836
Our model,1,130.49185180664062
Our model,1,191.72174072265625
Our model,1,132.4156036376953
Our model,1,131.67581176757812
Our model,1,135.9623565673828
Our model,1,111.52207946777344
Our model,1,156.99891662597656
Our model,1,114.03028106689453
Our model,1,110.3487777709961
Our model,1,134.23976135253906
Our model,1,120.46522521972656
Our model,1,129.24282836914062
Our model,1,148.24368286132812
Our model,1,129.6283721923828
Our model,1,209.50961303710938
Our model,1,104.9026870727539
Our model,1,195.62228393554688
Our model,1,156.89517211914062
Our model,1,239.26979064941406
Our model,1,226.87017822265625
Our model,1,123.83480834960938
Our model,1,134.09463500976562
Our model,1,142.1444091796875
Our model,1,128.8144073486328
Our model,1,130.62928771972656
Our model,1,174.91905212402344
Our model,1,125.8001708984375
Our model,1,211.2762908935547
Our model,1,136.73406982421875
Our model,1,100.13734436035156
Our model,1,194.97242736816406
Our model,1,89.28539276123047
Our model,1,167.4322052001953
Our model,1,156.25677490234375
Our model,1,125.77802276611328
Our model,1,133.55589294433594
Our model,1,134.12014770507812
Our model,1,130.6747589111328
Our model,1,131.54856872558594
Our model,1,170.29086303710938
Our model,1,137.9805450439453
Our model,1,132.21401977539062
Our model,1,104.24640655517578
Our model,1,178.65611267089844
Our model,1,132.91651916503906
Our model,1,235.77828979492188
Our model,1,166.08505249023438
Our model,1,243.75668334960938
Our model,1,149.3516082763672
Our model,1,134.22616577148438
Our model,1,142.08506774902344
Our model,1,133.19371032714844
Our model,1,135.66416931152344
Our model,1,104.57286834716797
Our model,1,146.75418090820312
Our model,1,112.01195526123047
Our model,1,123.52423858642578
Our model,1,160.06112670898438
Our model,1,156.43724060058594
Our model,1,156.83511352539062
Our model,1,131.61456298828125
Our model,1,124.05868530273438
Our model,1,167.7028350830078
Our model,1,149.7505645751953
Our model,1,116.03302001953125
Our model,1,97.0471420288086
Our model,1,104.49845123291016
Our model,1,126.34969329833984
Our model,1,112.80651092529297
Our model,1,131.09178161621094
Our model,1,151.76681518554688
Our model,1,132.1706085205078
Our model,1,119.29176330566406
Our model,1,154.26791381835938
Our model,1,123.7669448852539
Our model,1,100.42565155029297
Our model,1,155.20928955078125
Our model,1,129.0928497314453
Our model,1,104.77883911132812
Our model,1,88.93522644042969
Our model,1,127.7080078125
Our model,1,136.9649658203125
Our model,1,133.01243591308594
Our model,1,138.81285095214844
Our model,1,145.37078857421875
Our model,1,156.0757293701172
Our model,1,140.30084228515625
Our model,1,91.01819610595703
Our model,1,186.585693359375
Our model,1,107.04337310791016
Our model,1,133.76429748535156
Our model,1,125.24943542480469
Our model,1,183.42747497558594
Our model,1,143.21099853515625
Our model,1,193.1429901123047
Our model,1,138.61903381347656
Our model,1,151.54248046875
Our model,1,129.51541137695312
Our model,1,114.10302734375
Our model,1,111.89741516113281
Our model,1,130.98983764648438
Our model,1,104.5513687133789
Our model,1,143.72532653808594
Our model,1,149.48977661132812
Our model,1,166.3520965576172
Our model,1,109.43693542480469
Our model,1,134.7991943359375
Our model,1,117.22183990478516
Our model,1,129.989013671875
Our model,1,126.53416442871094
Our model,1,132.3301239013672
Our model,1,126.27853393554688
Our model,1,120.35676574707031
Our model,1,142.2504425048828
Our model,1,121.75552368164062
Our model,1,159.0364227294922
Our model,1,162.55984497070312
Our model,1,167.03309631347656
Our model,1,141.98394775390625
Our model,1,166.36138916015625
Our model,1,146.1476287841797
Our model,1,184.09695434570312
Our model,1,117.9775390625
Our model,1,124.73717498779297
Our model,1,163.29586791992188
Our model,1,102.60716247558594
Our model,1,139.1085968017578
Our model,1,131.4791717529297
Our model,1,115.00149536132812
Our model,1,112.15325164794922
Our model,1,161.67074584960938
Our model,1,121.44551086425781
Our model,1,102.99305725097656
Our model,1,113.26695251464844
Our model,1,135.88209533691406
Our model,1,120.17193603515625
Our model,1,123.80184173583984
Our model,1,89.06696319580078
Our model,1,112.57484436035156
Our model,1,108.76997375488281
Our model,1,143.7813262939453
Our model,1,162.7182159423828
Our model,1,130.46804809570312
Our model,1,165.8435821533203
Our model,1,152.68162536621094
Our model,1,113.47624206542969
Our model,1,136.91586303710938
Our model,1,97.06792449951172
Our model,1,131.03436279296875
Our model,1,93.71622467041016
Our model,1,87.77297973632812
Our model,1,130.48049926757812
Our model,1,124.32489776611328
Our model,1,118.84957122802734
Our model,1,131.75753784179688
Our model,1,143.64735412597656
Our model,1,114.52498626708984
Our model,1,356.5600280761719
Our model,1,125.81065368652344
Our model,1,108.76470947265625
Our model,1,384.0782470703125
Our model,1,120.3669204711914
Our model,1,401.1387939453125
Our model,1,120.8760757446289
Our model,1,143.3529510498047
Our model,1,164.55006408691406
Our model,1,134.0543975830078
Our model,1,121.8888168334961
Our model,1,135.71315002441406
Our model,1,131.35556030273438
Our model,1,130.7722930908203
Our model,1,140.05935668945312
Our model,1,130.05099487304688
Our model,1,142.1086883544922
Our model,1,98.34603118896484
Our model,1,93.15711212158203
Our model,1,146.0499725341797
Our model,1,137.95721435546875
Our model,1,177.78053283691406
Our model,1,136.11680603027344
Our model,1,131.44996643066406
Our model,1,211.5435028076172
Our model,1,117.36592102050781
Our model,1,122.17198944091797
Our model,1,197.64407348632812
Our model,1,119.15766906738281
Our model,1,228.24354553222656
Our model,1,125.98761749267578
Our model,1,137.2982177734375
Our model,1,130.4997100830078
Our model,1,133.23715209960938
Our model,1,181.29112243652344
Our model,1,122.7831039428711
Our model,1,141.61398315429688
Our model,1,123.01915740966797
Our model,1,105.3851318359375
Our model,1,154.72833251953125
Our model,1,101.09339141845703
Our model,1,99.93596649169922
Our model,1,143.51553344726562
Our model,1,199.76307678222656
Our model,1,123.4078598022461
Our model,1,146.105712890625
Our model,1,128.21168518066406
Our model,1,164.48057556152344
Our model,1,135.93441772460938
Our model,1,156.16915893554688
Our model,1,234.22145080566406
Our model,1,160.94252014160156
Our model,1,151.21914672851562
Our model,1,136.6810302734375
Our model,1,155.3590545654297
Our model,1,123.37896728515625
Our model,1,192.19566345214844
Our model,1,159.5182342529297
Our model,1,131.7333526611328
Our model,1,138.12738037109375
Our model,1,154.05499267578125
Our model,1,129.6898956298828
Our model,1,101.20940399169922
Our model,1,125.19216918945312
Our model,1,116.90174102783203
Our model,1,202.28851318359375
Our model,1,104.3233413696289
Our model,1,161.13882446289062
Our model,1,155.74693298339844
Our model,1,131.7736358642578
Our model,1,140.50244140625
Our model,1,104.23722839355469
Our model,1,78.66129302978516
Our model,1,120.30756378173828
Our model,1,125.3957748413086
Our model,1,128.702880859375
Our model,1,150.65122985839844
Our model,1,138.36019897460938
Our model,1,145.2233428955078
Our model,1,139.81236267089844
Our model,1,135.8126220703125
Our model,1,136.62203979492188
Our model,1,129.6434783935547
Our model,1,119.8559341430664
Our model,1,129.9617156982422
Our model,1,152.430419921875
Our model,1,132.5125274658203
Our model,1,108.43578338623047
Our model,1,125.4148178100586
Our model,1,124.42756652832031
Our model,1,163.14141845703125
Our model,1,142.60426330566406
Our model,1,155.2863311767578
Our model,1,112.81574249267578
Our model,1,141.12135314941406
Our model,1,137.5419158935547
Our model,1,157.37384033203125
Our model,1,125.0282974243164
Our model,1,131.09690856933594
Our model,1,127.389404296875
Our model,1,135.59283447265625
Our model,1,135.61602783203125
Our model,1,150.79429626464844
Our model,1,105.52359008789062
Our model,1,131.60980224609375
Our model,1,103.07565307617188
Our model,1,104.94050598144531
Our model,1,141.19412231445312
Our model,1,139.4104766845703
Our model,1,108.80284881591797
Our model,1,138.6300506591797
Our model,1,126.324462890625
Our model,1,121.53787231445312
Our model,1,141.32208251953125
Our model,1,88.53996276855469
Our model,1,114.85011291503906
Our model,1,128.973388671875
Our model,1,145.988525390625
Our model,1,140.8985137939453
Our model,1,106.84616088867188
Our model,1,147.7190399169922
Our model,1,97.5223159790039
Our model,1,195.81454467773438
Our model,1,178.11399841308594
Our model,1,124.50619506835938
Our model,1,159.84730529785156
Our model,1,131.2202606201172
Our model,1,120.0989761352539
Our model,1,145.8360137939453
Our model,1,162.54190063476562
Our model,1,171.70999145507812
Our model,1,129.42678833007812
Our model,1,98.21788787841797
Our model,1,119.61177062988281
Our model,1,100.86398315429688
Our model,1,145.174072265625
Our model,1,130.81532287597656
Our model,1,172.34228515625
Our model,1,137.5725555419922
Our model,1,118.73246765136719
Our model,1,110.29496765136719
Our model,1,137.90139770507812
Our model,1,99.01589965820312
Our model,1,128.5486297607422
Our model,1,103.20022583007812
Our model,1,108.02860260009766
Our model,1,125.33645629882812
Our model,1,167.40794372558594
Our model,1,100.86397552490234
Our model,1,138.31292724609375
Our model,1,166.9678192138672
Our model,1,145.73968505859375
Our model,1,148.0750274658203
Our model,1,83.9439468383789
Our model,1,113.84819030761719
Our model,1,134.333984375
Our model,1,97.77285766601562
Our model,1,101.138671875
Our model,1,90.64028930664062
Our model,1,108.5473403930664
Our model,1,127.5904541015625
Our model,1,156.7687530517578
Our model,1,138.5784454345703
Our model,1,147.52272033691406
Our model,1,136.41746520996094
Our model,1,191.15184020996094
Our model,1,186.6045684814453
Our model,1,180.53683471679688
Our model,1,152.9465789794922
Our model,1,113.87677001953125
Our model,1,117.66818237304688
Our model,1,153.63644409179688
Our model,1,130.20138549804688
Our model,1,141.66802978515625
Our model,1,136.62554931640625
Our model,1,141.9339599609375
Our model,1,141.08547973632812
Our model,1,112.44036102294922
Our model,1,114.73933410644531
Our model,1,126.3341293334961
Our model,1,100.57231140136719
Our model,1,128.88232421875
Our model,1,129.9348907470703
Our model,1,140.3112030029297
Our model,1,149.38633728027344
Our model,1,129.9672393798828
Our model,1,123.26909637451172
Our model,1,81.90384674072266
Our model,1,92.77688598632812
Our model,1,119.63020324707031
Our model,1,131.55178833007812
Our model,1,115.05905151367188
Our model,1,112.08848571777344
Our model,1,126.86942291259766
Our model,1,117.89612579345703
Our model,1,147.4544219970703
Our model,1,261.49774169921875
Our model,1,222.8784942626953
Our model,1,112.73756408691406
Our model,1,121.76233673095703
Our model,1,119.86072540283203
Our model,1,244.78848266601562
Our model,1,265.4659118652344
Our model,1,106.931396484375
Our model,1,91.24097442626953
Our model,1,96.7562255859375
Our model,1,119.63275909423828
Our model,1,119.90280151367188
Our model,1,112.53179168701172
Our model,1,140.17491149902344
Our model,1,132.6502685546875
Our model,1,133.78050231933594
Our model,1,115.9953842163086
Our model,1,150.40090942382812
Our model,1,115.89090728759766
Our model,1,108.20372772216797
Our model,1,131.11524963378906
Our model,1,139.447265625
Our model,1,176.7224578857422
Our model,1,159.00389099121094
Our model,1,132.6895294189453
Our model,1,144.701904296875
Our model,1,154.17434692382812
Our model,1,128.65895080566406
Our model,1,110.6604232788086
Our model,1,132.1268310546875
Our model,1,118.66613006591797
Our model,1,103.29226684570312
Our model,1,137.9366912841797
Our model,1,132.82591247558594
Our model,1,139.50831604003906
Our model,1,172.18771362304688
Our model,1,106.79512786865234
Our model,1,129.43905639648438
Our model,1,178.61058044433594
Our model,1,131.72811889648438
Our model,1,155.91685485839844
Our model,1,141.71849060058594
Our model,1,108.79277038574219
Our model,1,243.603515625
Our model,1,139.0925750732422
Our model,1,235.06472778320312
Our model,1,251.58148193359375
Our model,1,268.174072265625
Our model,1,157.47645568847656
Our model,1,201.48385620117188
Our model,1,136.29002380371094
Our model,1,110.04142761230469
Our model,1,138.1583251953125
Our model,1,160.4938507080078
Our model,1,109.37081909179688
Our model,1,132.9433135986328
Our model,1,148.65797424316406
Our model,1,139.0972900390625
Our model,1,115.67249298095703
Our model,1,132.80889892578125
Our model,1,126.16871643066406
Our model,1,127.77769470214844
Our model,1,125.5836410522461
Our model,1,122.47439575195312
Our model,1,88.33308410644531
Our model,1,131.57545471191406
Our model,1,120.27890014648438
Our model,1,231.9468536376953
Our model,1,152.9302215576172
Our model,1,160.039794921875
Our model,1,128.14642333984375
Our model,1,212.28712463378906
Our model,1,147.64393615722656
Our model,1,134.74041748046875
Our model,1,124.73707580566406
Our model,1,140.730712890625
Our model,1,145.56033325195312
Our model,1,129.1986541748047
Our model,1,129.35549926757812
Our model,1,99.37028503417969
Our model,1,125.18083953857422
Our model,1,163.10325622558594
Our model,1,119.76262664794922
Our model,1,144.33982849121094
Our model,1,125.1668930053711
Our model,1,127.4430923461914
Our model,1,128.52447509765625
Our model,1,130.3973846435547
Our model,1,120.264404296875
Our model,1,103.98841094970703
Our model,1,153.59796142578125
Our model,1,141.0734100341797
Our model,1,110.56336212158203
Our model,1,154.5832061767578
Our model,1,134.83261108398438
Our model,1,139.7387237548828
Our model,1,139.26434326171875
Our model,1,129.01077270507812
Our model,1,119.8210678100586
Our model,1,142.19866943359375
Our model,1,116.48294830322266
Our model,1,190.2743377685547
Our model,1,143.07850646972656
Our model,1,134.21775817871094
Our model,1,131.44512939453125
Our model,1,135.38539123535156
Our model,1,131.3097686767578
Our model,1,129.93756103515625
Our model,1,159.6571502685547
Our model,1,130.9488983154297
Our model,1,111.94837951660156
Our model,1,99.86576080322266
Our model,1,134.4355926513672
Our model,1,129.64825439453125
Our model,1,154.2725067138672
Our model,1,136.34063720703125
Our model,1,134.37831115722656
Our model,1,141.4886016845703
Our model,1,134.908935546875
Our model,1,116.6552734375
Our model,1,99.63200378417969
Our model,1,146.8031463623047
Our model,1,115.34423065185547
Our model,1,175.65211486816406
Our model,1,151.93252563476562
Our model,1,166.82479858398438
Our model,1,127.65914916992188
Our model,1,133.63461303710938
Our model,1,138.7596435546875
Our model,1,125.93931579589844
Our model,1,132.6890106201172
Our model,1,125.99349212646484
Our model,1,134.67100524902344
Our model,1,122.202880859375
Our model,1,155.7348175048828
Our model,1,105.24502563476562
Our model,1,136.48765563964844
Our model,1,147.09323120117188
Our model,1,115.60490417480469
Our model,1,153.9511260986328
Our model,1,111.59977722167969
Our model,1,119.39784240722656
Our model,1,118.50298309326172
Our model,1,128.19717407226562
Our model,1,114.81277465820312
Our model,1,111.03791809082031
Our model,1,144.59129333496094
Our model,1,121.21326446533203
Our model,1,192.63551330566406
Our model,1,154.7285919189453
Our model,1,130.28970336914062
Our model,1,145.44757080078125
Our model,1,130.85882568359375
Our model,1,122.70794677734375
Our model,1,153.0211944580078
Our model,1,123.22627258300781
Our model,1,101.73885345458984
Our model,1,97.90052795410156
Our model,1,110.08343505859375
Our model,1,95.36933898925781
Our model,1,133.0910186767578
Our model,1,127.98682403564453
Our model,1,162.61251831054688
Our model,1,160.1168212890625
Our model,1,172.63949584960938
Our model,1,133.2171630859375
Our model,1,98.69575500488281
Our model,1,112.74618530273438
Our model,1,104.25729370117188
Our model,1,117.21826934814453
Our model,1,108.65979766845703
Our model,1,100.5843505859375
Our model,1,137.85589599609375
Our model,1,138.95973205566406
Our model,1,158.0666046142578
Our model,1,138.73202514648438
Our model,1,129.4073944091797
Our model,1,161.0550537109375
Our model,1,113.41741180419922
Our model,1,150.73291015625
Our model,1,118.8114013671875
Our model,1,167.74221801757812
Our model,1,123.45459747314453
Our model,1,128.6860809326172
Our model,1,135.33059692382812
Our model,1,109.62706756591797
Our model,1,121.03898620605469
Our model,1,136.84835815429688
Our model,1,113.14729309082031
Our model,1,133.84710693359375
Our model,1,127.24461364746094
Our model,1,137.23680114746094
Our model,1,154.56643676757812
Our model,1,133.50030517578125
Our model,1,142.70594787597656
Our model,1,128.02899169921875
Our model,1,134.07427978515625
Our model,1,145.5076446533203
Our model,1,129.94491577148438
Our model,1,117.17671966552734
Our model,1,166.8918914794922
Our model,1,129.95065307617188
Our model,1,181.15740966796875
Our model,1,121.98643493652344
Our model,1,97.52850341796875
Our model,1,153.57659912109375
Our model,1,134.32470703125
Our model,1,172.56077575683594
Our model,1,130.9752197265625
Our model,1,149.7847442626953
Our model,1,127.68012237548828
Our model,1,123.64260864257812
Our model,1,163.58876037597656
Our model,1,128.1567840576172
Our model,1,137.6739501953125
Our model,1,143.5688018798828
Our model,1,103.46925354003906
Our model,1,125.2620849609375
Our model,1,120.76228332519531
Our model,1,76.21066284179688
Our model,1,169.97813415527344
Our model,1,116.75807189941406
Our model,1,150.62344360351562
Our model,1,120.43448638916016
Our model,1,156.47642517089844
Our model,1,131.11492919921875
Our model,1,163.12496948242188
Our model,1,132.3966827392578
Our model,1,176.52981567382812
Our model,1,115.70189666748047
Our model,1,128.8018035888672
Our model,1,126.8922348022461
Our model,1,171.35940551757812
Our model,1,180.02174377441406
Our model,1,141.25636291503906
Our model,1,131.7679443359375
Our model,1,130.07058715820312
Our model,1,145.79954528808594
Our model,1,255.1354522705078
Our model,1,115.7670669555664
Our model,1,104.93975830078125
Our model,1,304.32177734375
Our model,1,95.02979278564453
Our model,1,236.5420684814453
Our model,1,131.08152770996094
Our model,1,269.85888671875
Our model,1,107.07192993164062
Our model,1,138.72157287597656
Our model,1,136.2054901123047
Our model,1,118.39492797851562
Our model,1,134.48681640625
Our model,1,117.36327362060547
Our model,1,122.12120056152344
Our model,1,117.91847229003906
Our model,1,97.32572174072266
Our model,1,106.70462036132812
Our model,1,104.07426452636719
Our model,1,110.89434051513672
Our model,1,118.86067962646484
Our model,1,142.7942657470703
Our model,1,160.9610137939453
Our model,1,135.1546173095703
Our model,1,138.4067840576172
Our model,1,135.17929077148438
Our model,1,126.42294311523438
Our model,1,134.8916015625
Our model,1,111.26249694824219
Our model,1,109.1203384399414
Our model,1,146.98825073242188
Our model,1,163.97743225097656
Our model,1,145.7804718017578
Our model,1,136.17404174804688
Our model,1,118.69481658935547
Our model,1,150.5230712890625
Our model,1,139.368408203125
Our model,1,179.8341522216797
Our model,1,87.03511047363281
Our model,1,133.25074768066406
Our model,1,133.11712646484375
Our model,1,111.58280944824219
Our model,1,136.22323608398438
Our model,1,114.29304504394531
Our model,1,93.55970001220703
Our model,1,135.44129943847656
Our model,1,135.38525390625
Our model,1,143.9491424560547
Our model,1,116.15187072753906
Our model,1,136.76376342773438
Our model,1,98.7392807006836
Our model,1,175.95452880859375
Our model,1,111.2765121459961
Our model,1,95.25660705566406
Our model,1,135.6118927001953
Our model,1,159.74720764160156
Our model,1,137.71026611328125
Our model,1,166.12240600585938
Our model,1,163.4462432861328
Our model,1,123.12591552734375
Our model,1,156.45428466796875
Our model,1,142.60302734375
Our model,1,94.90271759033203
Our model,1,135.30978393554688
Our model,1,100.52523803710938
Our model,1,101.27884674072266
Our model,1,137.0599822998047
Our model,1,141.24102783203125
Our model,1,193.69801330566406
Our model,1,264.0184326171875
Our model,1,135.7935333251953
Our model,1,127.48368072509766
Our model,1,130.802490234375
Our model,1,274.729736328125
Our model,1,240.31088256835938
Our model,1,123.76305389404297
Our model,1,95.67806243896484
Our model,1,136.0089874267578
Our model,1,181.36045837402344
Our model,1,144.00408935546875
Our model,1,345.31622314453125
Our model,1,243.06369018554688
Our model,1,129.0940704345703
Our model,1,131.42494201660156
Our model,1,133.46485900878906
Our model,1,169.41265869140625
Our model,1,146.06167602539062
Our model,1,112.74642181396484
Our model,1,84.56427001953125
Our model,1,102.84290313720703
Our model,1,99.37272644042969
Our model,1,132.78611755371094
Our model,1,122.08283233642578
Our model,1,145.6729736328125
Our model,1,122.97372436523438
Our model,1,142.77796936035156
Our model,1,133.85264587402344
Our model,1,120.17451477050781
Our model,1,143.27593994140625
Our model,1,190.66494750976562
Our model,1,119.53831481933594
Our model,1,102.60663604736328
Our model,1,146.3524627685547
Our model,1,239.07911682128906
Our model,1,146.83599853515625
Our model,1,135.47409057617188
Our model,1,164.83485412597656
Our model,1,140.6904296875
Our model,1,190.19166564941406
Our model,1,143.08010864257812
Our model,1,97.16509246826172
Our model,1,145.36111450195312
Our model,1,115.87373352050781
Our model,1,130.945556640625
Our model,1,125.35160064697266
Our model,1,135.94505310058594
Our model,1,126.51351928710938
Our model,1,131.98687744140625
Our model,1,119.88085174560547
Our model,1,119.21916198730469
Our model,1,126.41826629638672
Our model,1,108.36300659179688
Our model,1,119.86677551269531
Our model,1,140.32737731933594
Our model,1,104.88072967529297
Our model,1,106.58808135986328
Our model,1,126.68284606933594
Our model,1,149.10780334472656
Our model,1,120.66858673095703
Our model,1,120.51260375976562
Our model,1,143.36810302734375
Our model,1,132.6595916748047
Our model,1,152.00619506835938
Our model,1,109.42074584960938
Our model,1,152.2254638671875
Our model,1,120.62106323242188
Our model,1,181.55154418945312
Our model,1,99.32112121582031
Our model,1,152.6783447265625
Our model,1,219.12005615234375
Our model,1,132.3594207763672
Our model,1,121.79008483886719
Our model,1,150.44981384277344
Our model,1,110.2622299194336
Our model,1,139.58035278320312
Our model,1,125.6030044555664
Our model,1,113.66051483154297
Our model,1,133.97312927246094
Our model,1,96.47747802734375
Our model,1,154.88186645507812
Our model,1,141.299560546875
Our model,1,150.4530792236328
Our model,1,120.85218811035156
Our model,1,149.48301696777344
Our model,1,154.98875427246094
Our model,1,126.36503601074219
Our model,1,137.6315155029297
Our model,1,125.65404510498047
Our model,1,107.72098541259766
Our model,1,135.33555603027344
Our model,1,92.66104888916016
Our model,1,106.23303985595703
Our model,1,113.07855987548828
Our model,1,109.4230728149414
Our model,1,165.51051330566406
Our model,1,159.80072021484375
Our model,1,176.70504760742188
Our model,1,105.89257049560547
Our model,1,253.42515563964844
Our model,1,114.33280181884766
Our model,1,100.5483169555664
Our model,1,127.61428833007812
Our model,1,94.50045776367188
Our model,1,121.49781799316406
Our model,1,123.9167709350586
Our model,1,139.69956970214844
Our model,1,115.55938720703125
Our model,1,123.25894165039062
Our model,1,147.8763885498047
Our model,1,128.4736785888672
Our model,1,134.6429443359375
Our model,1,149.92718505859375
Our model,1,113.24238586425781
Our model,1,149.0151824951172
Our model,1,127.72557067871094
Our model,1,141.3749542236328
Our model,1,143.4232635498047
Our model,1,145.67910766601562
Our model,1,234.16659545898438
Our model,1,118.16398620605469
Our model,1,268.82281494140625
Our model,1,128.2392120361328
Our model,1,116.77366638183594
Our model,1,125.1649398803711
Our model,1,95.1539535522461
Our model,1,229.02272033691406
Our model,1,106.20413208007812
Our model,1,171.9253387451172
Our model,1,126.46085357666016
Our model,1,129.4995574951172
Our model,1,129.442138671875
Our model,1,121.93883514404297
Our model,1,166.9678955078125
Our model,1,161.6068572998047
Our model,1,119.73328399658203
Our model,1,140.47637939453125
Our model,1,132.6780242919922
Our model,1,110.20693969726562
Our model,1,164.1557159423828
Our model,1,190.5121612548828
Our model,1,115.00354766845703
Our model,1,126.43578338623047
Our model,1,186.30252075195312
Our model,1,155.11166381835938
Our model,1,134.8013458251953
Our model,1,136.8684539794922
Our model,1,118.59748077392578
Our model,1,119.37035369873047
Our model,1,94.77143859863281
Our model,1,101.05511474609375
Our model,1,113.91548156738281
Our model,1,134.8910369873047
Our model,1,137.65933227539062
Our model,1,129.45201110839844
Our model,1,138.62979125976562
Our model,1,117.24549865722656
Our model,1,168.9271697998047
Our model,1,134.09597778320312
Our model,1,108.9551773071289
Our model,1,151.4903564453125
Our model,1,149.50949096679688
Our model,1,180.7613525390625
Our model,1,135.74803161621094
Our model,1,202.02626037597656
Our model,1,129.6042022705078
Our model,1,145.8026885986328
Our model,1,122.0057144165039
Our model,1,113.32538604736328
Our model,1,97.2452163696289
Our model,1,158.2407989501953
Our model,1,132.47633361816406
Our model,1,139.31100463867188
Our model,1,137.15049743652344
Our model,1,157.65577697753906
Our model,1,123.60753631591797
Our model,1,126.90571594238281
Our model,1,152.11871337890625
Our model,1,163.8479766845703
Our model,1,154.98448181152344
Our model,1,127.64046478271484
Our model,1,126.08683776855469
Our model,1,127.69701385498047
Our model,1,102.28621673583984
Our model,1,98.51421356201172
Our model,1,117.52074432373047
Our model,1,134.82034301757812
Our model,1,131.08746337890625
Our model,1,159.70863342285156
Our model,1,133.31358337402344
Our model,1,167.95875549316406
Our model,1,118.35550689697266
Our model,1,166.24554443359375
Our model,1,127.49313354492188
Our model,1,176.04141235351562
Our model,1,109.98456573486328
Our model,1,101.13358306884766
Our model,1,145.86203002929688
Our model,1,127.42224884033203
Our model,1,131.27880859375
Our model,1,123.95287322998047
Our model,1,139.4428253173828
Our model,1,117.83002471923828
Our model,1,129.72476196289062
Our model,1,130.1083221435547
Our model,1,267.3503723144531
Our model,1,132.8278045654297
Our model,1,175.46347045898438
Our model,1,127.9798355102539
Our model,1,232.17845153808594
Our model,1,219.67333984375
Our model,1,144.2405548095703
Our model,1,140.27642822265625
Our model,1,149.06634521484375
Our model,1,142.7607879638672
Our model,1,179.52919006347656
Our model,1,142.62533569335938
Our model,1,146.20193481445312
Our model,1,135.640869140625
Our model,1,100.81192016601562
Our model,1,119.63267517089844
Our model,1,132.8820343017578
Our model,1,156.0150146484375
Our model,1,157.88302612304688
Our model,1,140.48062133789062
Our model,1,176.29818725585938
Our model,1,115.3875503540039
Our model,1,158.92198181152344
Our model,1,141.09375
Our model,1,111.68276977539062
Our model,1,138.78993225097656
Our model,1,102.87289428710938
Our model,1,187.1798858642578
Our model,1,139.01669311523438
Our model,1,142.1451873779297
Our model,1,240.7831268310547
Our model,1,167.17059326171875
Our model,1,134.02223205566406
Our model,1,100.99298858642578
Our model,1,125.52184295654297
Our model,1,190.61788940429688
Our model,1,136.9640655517578
Our model,1,109.99982452392578
Our model,1,106.85977935791016
Our model,1,167.4981231689453
Our model,1,146.70559692382812
Our model,1,134.72605895996094
Our model,1,147.15203857421875
Our model,1,180.6207733154297
Our model,1,143.6641082763672
Our model,1,152.1150360107422
Our model,1,127.77397918701172
Our model,1,109.82828521728516
Our model,1,104.81964874267578
Our model,1,97.7021255493164
Our model,1,117.14055633544922
Our model,1,92.82240295410156
Our model,1,118.49620819091797
Our model,1,141.1216583251953
Our model,1,127.1244125366211
Our model,1,125.98091888427734
Our model,1,130.0059356689453
Our model,1,118.61502075195312
Our model,1,202.0027618408203
Our model,1,135.54815673828125
Our model,1,168.43572998046875
Our model,1,124.07351684570312
Our model,1,187.2163848876953
Our model,1,167.3892822265625
Our model,1,144.6267547607422
Our model,1,137.29908752441406
Our model,1,161.99356079101562
Our model,1,120.11389923095703
Our model,1,169.62808227539062
Our model,1,114.8302993774414
Our model,1,87.11116790771484
Our model,1,92.87527465820312
Our model,1,108.36587524414062
Our model,1,137.1787872314453
Our model,1,135.3219451904297
Our model,1,109.1488037109375
Our model,1,143.3911895751953
Our model,1,115.87574005126953
Our model,1,122.66280364990234
Our model,1,144.18006896972656
Our model,1,131.7948760986328
Our model,1,169.2415008544922
Our model,1,153.6987762451172
Our model,1,138.76100158691406
Our model,1,141.44711303710938
Our model,1,216.68418884277344
Our model,1,113.06880187988281
Our model,1,130.3661346435547
Our model,1,146.7984161376953
Our model,1,157.55152893066406
Our model,1,169.92575073242188
Our model,1,132.90196228027344
Our model,1,116.25997924804688
Our model,1,215.80343627929688
Our model,1,109.37801361083984
Our model,1,164.07691955566406
Our model,1,115.04578399658203
Our model,1,121.60253143310547
Our model,1,125.65748596191406
Our model,1,110.16983795166016
Our model,1,148.80950927734375
Our model,1,164.18287658691406
Our model,1,120.44213104248047
Our model,1,191.2188720703125
Our model,1,169.677978515625
Our model,1,93.07782745361328
Our model,1,109.29525756835938
Our model,1,136.60696411132812
Our model,1,119.2706298828125
Our model,1,144.84219360351562
Our model,1,140.14920043945312
Our model,1,127.4284439086914
Our model,1,142.68638610839844
Our model,1,153.21197509765625
Our model,1,114.48670959472656
Our model,1,110.52090454101562
Our model,1,114.05520629882812
Our model,1,118.6045150756836
Our model,1,120.72493743896484
Our model,1,139.41854858398438
Our model,1,129.51068115234375
Our model,1,132.44119262695312
Our model,1,141.67657470703125
Our model,1,122.84515380859375
Our model,1,120.91954803466797
Our model,1,150.62680053710938
Our model,1,118.18412780761719
Our model,1,107.7080307006836
Our model,1,150.9536590576172
Our model,1,142.92955017089844
Our model,1,137.22935485839844
Our model,1,154.70440673828125
Our model,1,126.40180206298828
Our model,1,125.00996398925781
Our model,1,141.06968688964844
Our model,1,141.76870727539062
Our model,1,175.4578094482422
Our model,1,183.9096221923828
Our model,1,391.70611572265625
Our model,1,158.82586669921875
Our model,1,366.9313049316406
Our model,1,362.919189453125
Our model,1,139.10711669921875
Our model,1,134.9698028564453
Our model,1,142.0218963623047
Our model,1,138.91709899902344
Our model,1,146.0057373046875
Our model,1,121.34015655517578
Our model,1,100.42671203613281
Our model,1,127.63640594482422
Our model,1,86.5051498413086
Our model,1,125.66085052490234
Our model,1,116.70247650146484
Our model,1,111.3086166381836
Our model,1,123.25445556640625
Our model,1,143.63340759277344
Our model,1,125.12847137451172
Our model,1,137.6215057373047
Our model,1,152.5281219482422
Our model,1,120.56966400146484
Our model,1,173.7642364501953
Our model,1,121.47371673583984
Our model,1,155.83460998535156
Our model,1,206.74380493164062
Our model,1,144.60623168945312
Our model,1,129.5834197998047
Our model,1,156.99774169921875
Our model,1,127.18328857421875
Our model,1,143.6148223876953
Our model,1,158.71986389160156
Our model,1,140.02182006835938
Our model,1,172.5213623046875
Our model,1,150.2571563720703
Our model,1,172.4588623046875
Our model,1,217.89170837402344
Our model,1,136.56109619140625
Our model,1,149.55776977539062
Our model,1,140.7732391357422
Our model,1,118.95932006835938
Our model,1,148.81588745117188
Our model,1,103.47405242919922
Our model,1,132.1488494873047
Our model,1,191.65760803222656
Our model,1,125.06694030761719
Our model,1,165.48826599121094
Our model,1,127.67933654785156
Our model,1,199.10035705566406
Our model,1,152.83387756347656
Our model,1,113.57412719726562
Our model,1,120.87633514404297
Our model,1,135.71951293945312
Our model,1,130.11264038085938
Our model,1,152.64263916015625
Our model,1,165.703125
Our model,1,124.16384887695312
Our model,1,147.4349365234375
Our model,1,100.48541259765625
Our model,1,151.13766479492188
Our model,1,131.6728515625
Our model,1,121.45147705078125
Our model,1,127.86539459228516
Our model,1,139.91648864746094
Our model,1,85.08968353271484
Our model,1,153.45504760742188
Our model,1,122.7916259765625
Our model,1,91.06083679199219
Our model,1,122.58264923095703
Our model,1,152.5220184326172
Our model,1,140.32164001464844
Our model,1,138.20079040527344
Our model,1,144.73800659179688
Our model,1,102.20113372802734
Our model,1,135.01272583007812
Our model,1,112.56230163574219
Our model,1,146.45054626464844
Our model,1,121.76625061035156
Our model,1,110.32669067382812
Our model,1,174.8282470703125
Our model,1,153.96983337402344
Our model,1,161.48789978027344
Our model,1,126.97240447998047
Our model,1,119.52351379394531
Our model,1,185.03176879882812
Our model,1,133.59832763671875
Our model,1,111.09234619140625
Our model,1,207.7023468017578
Our model,1,103.7718276977539
Our model,1,209.85841369628906
Our model,1,264.725830078125
Our model,1,107.57330322265625
Our model,1,132.84219360351562
Our model,1,141.48074340820312
Our model,1,124.77925109863281
Our model,1,133.35238647460938
Our model,1,118.25467681884766
Our model,1,124.95085906982422
Our model,1,140.66604614257812
Our model,1,132.5802459716797
Our model,1,128.7613525390625
Our model,1,107.9670181274414
Our model,1,116.1106185913086
Our model,1,139.43931579589844
Our model,1,145.20947265625
Our model,1,288.006591796875
Our model,1,128.37770080566406
Our model,1,148.21324157714844
Our model,1,141.71543884277344
Our model,1,254.26333618164062
Our model,1,262.005615234375
Our model,1,118.77299499511719
Our model,1,96.61878967285156
Our model,1,88.95117950439453
Our model,1,139.10919189453125
Our model,1,128.181640625
Our model,1,130.47499084472656
Our model,1,132.98033142089844
Our model,1,134.5599365234375
Our model,1,128.85362243652344
Our model,1,119.15940856933594
Our model,1,124.12042999267578
Our model,1,229.39256286621094
Our model,1,147.10092163085938
Our model,1,93.47067260742188
Our model,1,110.98419952392578
Our model,1,239.4752655029297
Our model,1,130.9920654296875
Our model,1,124.3762435913086
Our model,1,150.6036376953125
Our model,1,157.80078125
Our model,1,123.94148254394531
Our model,1,130.85321044921875
Our model,1,85.93074798583984
Our model,1,96.73666381835938
Our model,1,140.23611450195312
Our model,1,99.20072937011719
Our model,1,105.4847412109375
Our model,1,98.4150161743164
Our model,1,116.14685821533203
Our model,1,109.8481674194336
Our model,1,137.50184631347656
Our model,1,136.85479736328125
Our model,1,122.57706451416016
Our model,1,137.5237274169922
Our model,1,118.22785186767578
Our model,1,126.54598999023438
Our model,1,126.19694519042969
Our model,1,132.24122619628906
Our model,1,110.61914825439453
Our model,1,150.43495178222656
Our model,1,186.0760040283203
Our model,1,104.4325180053711
Our model,1,119.95127868652344
Our model,1,148.03489685058594
Our model,1,126.9765625
Our model,1,85.27095031738281
Our model,1,116.7802505493164
Our model,1,99.4603271484375
Our model,1,133.80291748046875
Our model,1,142.02565002441406
Our model,1,143.509765625
Our model,1,132.35548400878906
Our model,1,138.40867614746094
Our model,1,182.80482482910156
Our model,1,113.78846740722656
Our model,1,114.71820831298828
Our model,1,104.22615051269531
Our model,1,184.3267822265625
Our model,1,172.50440979003906
Our model,1,152.4633026123047
Our model,1,244.10145568847656
Our model,1,215.3674774169922
Our model,1,121.17546081542969
Our model,1,204.6315460205078
Our model,1,235.6792755126953
Our model,1,131.1858673095703
Our model,1,139.4298095703125
Our model,1,116.34983825683594
Our model,1,162.8061065673828
Our model,1,110.6612319946289
Our model,1,106.24517822265625
Our model,1,134.74417114257812
Our model,1,142.48072814941406
Our model,1,201.512451171875
Our model,1,150.3004913330078
Our model,1,142.44520568847656
Our model,1,136.46890258789062
Our model,1,110.07293701171875
Our model,1,148.62490844726562
Our model,1,111.63243865966797
Our model,1,112.24664306640625
Our model,1,111.20755004882812
Our model,1,148.50596618652344
Our model,1,133.0493621826172
Our model,1,112.94063568115234
Our model,1,167.9134979248047
Our model,1,129.168701171875
Our model,1,153.25038146972656
Our model,1,119.55406188964844
Our model,1,113.87279510498047
Our model,1,132.73341369628906
Our model,1,138.05335998535156
Our model,1,94.69322204589844
Our model,1,146.50924682617188
Our model,1,137.6494140625
Our model,1,121.40406799316406
Our model,1,134.52371215820312
Our model,1,145.96202087402344
Our model,1,130.61587524414062
Our model,1,147.08984375
Our model,1,117.61544036865234
Our model,1,119.50777435302734
Our model,1,146.0089111328125
Our model,1,96.17183685302734
Our model,1,154.83729553222656
Our model,1,118.88392639160156
Our model,1,101.09020233154297
Our model,1,126.70761108398438
Our model,1,138.08218383789062
Our model,1,126.93563842773438
Our model,1,128.8643035888672
Our model,1,149.84266662597656
Our model,1,119.80825805664062
Our model,1,125.95380401611328
Our model,1,140.5641326904297
Our model,1,109.65834045410156
Our model,1,178.06472778320312
Our model,1,155.36398315429688
Our model,1,205.28309631347656
Our model,1,123.43648529052734
Our model,1,163.756591796875
Our model,1,145.83653259277344
Our model,1,136.31163024902344
Our model,1,121.77996063232422
Our model,1,146.90301513671875
Our model,1,121.17788696289062
Our model,1,113.52104949951172
Our model,1,100.99700927734375
Our model,1,97.0123291015625
Our model,1,140.44677734375
Our model,1,122.16287231445312
Our model,1,141.40843200683594
Our model,1,169.19454956054688
Our model,1,130.4736785888672
Our model,1,124.54666137695312
Our model,1,145.37118530273438
Our model,1,139.360595703125
Our model,1,144.40431213378906
Our model,1,131.34756469726562
Our model,1,116.96039581298828
Our model,1,259.78369140625
Our model,1,148.59971618652344
Our model,1,211.06680297851562
Our model,1,148.10922241210938
Our model,1,128.9962158203125
Our model,1,247.12335205078125
Our model,1,155.39309692382812
Our model,1,164.64828491210938
Our model,1,116.53897857666016
Our model,1,106.6763916015625
Our model,1,138.20372009277344
Our model,1,80.98703002929688
Our model,1,106.18580627441406
Our model,1,138.93724060058594
Our model,1,139.0867919921875
Our model,1,138.26251220703125
Our model,1,134.21507263183594
Our model,1,121.9056396484375
Our model,1,130.93785095214844
Our model,1,157.48599243164062
Our model,1,112.72959899902344
Our model,1,158.81280517578125
Our model,1,111.39786529541016
Our model,1,116.66584014892578
Our model,1,110.92572021484375
Our model,1,225.1446075439453
Our model,1,132.45367431640625
Our model,1,109.98702239990234
Our model,1,113.4241714477539
Our model,1,147.63909912109375
Our model,1,128.17530822753906
Our model,1,235.20675659179688
Our model,1,114.63169860839844
Our model,1,102.14842224121094
Our model,1,139.56051635742188
Our model,1,209.93484497070312
Our model,1,133.62753295898438
Our model,1,117.95616149902344
Our model,1,133.95712280273438
Our model,1,129.3519287109375
Our model,1,117.1637191772461
Our model,1,122.55906677246094
Our model,1,122.00205993652344
Our model,1,107.33186340332031
Our model,1,107.0702133178711
Our model,1,379.56170654296875
Our model,1,138.67745971679688
Our model,1,391.845703125
Our model,1,349.52154541015625
Our model,1,113.9731216430664
Our model,1,148.61563110351562
Our model,1,83.50191497802734
Our model,1,144.32301330566406
Our model,1,132.32565307617188
Our model,1,118.732177734375
Our model,1,102.54769134521484
Our model,1,118.8637924194336
Our model,1,108.03504943847656
Our model,1,129.41021728515625
Our model,1,114.5433120727539
Our model,1,112.54613494873047
Our model,1,136.08572387695312
Our model,1,132.58816528320312
Our model,1,179.1938018798828
Our model,1,115.21383666992188
Our model,1,206.12203979492188
Our model,1,129.52569580078125
Our model,1,149.53726196289062
Our model,1,140.93966674804688
Our model,1,213.20932006835938
Our model,1,251.0234375
Our model,1,227.9062957763672
Our model,1,237.18557739257812
Our model,1,136.7606964111328
Our model,1,151.8057098388672
Our model,1,166.19219970703125
Our model,1,158.74635314941406
Our model,1,128.2061767578125
Our model,1,123.28986358642578
Our model,1,115.71501922607422
Our model,1,115.30452728271484
Our model,1,123.411376953125
Our model,1,132.79867553710938
Our model,1,122.59343719482422
Our model,1,147.8542022705078
Our model,1,124.90985107421875
Our model,1,224.84158325195312
Our model,1,132.37277221679688
Our model,1,121.94737243652344
Our model,1,124.65074920654297
Our model,1,191.86798095703125
Our model,1,722.6383056640625
Our model,1,120.17879486083984
Our model,1,114.27674102783203
Our model,1,107.5755386352539
Our model,1,747.0076293945312
Our model,1,120.47695922851562
Our model,1,131.9190673828125
Our model,1,156.3834991455078
Our model,1,128.54185485839844
Our model,1,123.57947540283203
Our model,1,115.75743865966797
Our model,1,130.83755493164062
Our model,1,247.3866424560547
Our model,1,146.670166015625
Our model,1,219.5675506591797
Our model,1,253.09490966796875
Our model,1,111.01446533203125
Our model,1,123.49913024902344
Our model,1,128.7992401123047
Our model,1,134.9768524169922
Our model,1,127.66624450683594
Our model,1,118.38455200195312
Our model,1,114.54257202148438
Our model,1,131.04302978515625
Our model,1,123.42906188964844
Our model,1,93.42024230957031
Our model,1,134.28646850585938
Our model,1,183.48716735839844
Our model,1,130.65760803222656
Our model,1,112.4884262084961
Our model,1,111.15593719482422
Our model,1,127.743896484375
Our model,1,141.74972534179688
Our model,1,119.59722137451172
Our model,1,108.27495574951172
Our model,1,136.89817810058594
Our model,1,92.88081359863281
Our model,1,154.75054931640625
Our model,1,160.9247589111328
Our model,1,144.8921661376953
Our model,1,147.10952758789062
Our model,1,135.07363891601562
Our model,1,142.46298217773438
Our model,1,132.7474365234375
Our model,1,169.25843811035156
Our model,1,141.23948669433594
Our model,1,99.37805938720703
Our model,1,123.43605041503906
Our model,1,101.15459442138672
Our model,1,90.85527038574219
Our model,1,133.55633544921875
Our model,1,105.58467864990234
Our model,1,117.35828399658203
Our model,1,134.8252410888672
Our model,1,111.44036865234375
Our model,1,119.88078308105469
Our model,1,160.133056640625
Our model,1,119.05192565917969
Our model,1,107.04121398925781
Our model,1,137.63751220703125
Our model,1,101.74955749511719
Our model,1,717.364501953125
Our model,1,124.87992095947266
Our model,1,756.3901977539062
Our model,1,116.21214294433594
Our model,1,133.34039306640625
Our model,1,123.87770080566406
Our model,1,82.09981536865234
Our model,1,129.59727478027344
Our model,1,136.87533569335938
Our model,1,140.09547424316406
Our model,1,135.42835998535156
Our model,1,133.77972412109375
Our model,1,107.7604751586914
Our model,1,124.58866119384766
Our model,1,175.17684936523438
Our model,1,164.42413330078125
Our model,1,155.40931701660156
Our model,1,117.26543426513672
Our model,1,138.19297790527344
Our model,1,153.2761993408203
Our model,1,128.11697387695312
Our model,1,125.27731323242188
Our model,1,128.06851196289062
Our model,1,160.4726104736328
Our model,1,141.7196044921875
Our model,1,110.87767028808594
Our model,1,101.62969207763672
Our model,1,148.4828338623047
Our model,1,112.37035369873047
Our model,1,111.44811248779297
Our model,1,122.0104751586914
Our model,1,162.3800811767578
Our model,1,255.87619018554688
Our model,1,141.0458221435547
Our model,1,166.9047088623047
Our model,1,256.8755187988281
Our model,1,187.96267700195312
Our model,1,125.2599105834961
Our model,1,106.8232421875
Our model,1,133.66006469726562
Our model,1,129.74844360351562
Our model,1,125.27430725097656
Our model,1,131.2251434326172
Our model,1,137.2268524169922
Our model,1,109.66380310058594
Our model,1,191.00448608398438
Our model,1,139.4452667236328
Our model,1,134.97683715820312
Our model,1,151.53939819335938
Our model,1,172.32618713378906
Our model,1,167.91720581054688
Our model,1,144.81051635742188
Our model,1,113.9830551147461
Our model,1,94.50444030761719
Our model,1,172.0308380126953
Our model,1,126.49022674560547
Our model,1,133.16990661621094
Our model,1,137.56466674804688
Our model,1,251.29428100585938
Our model,1,138.25498962402344
Our model,1,146.8645782470703
Our model,1,114.24923706054688
Our model,1,124.00875091552734
Our model,1,165.80648803710938
Our model,1,91.39952850341797
Our model,1,158.96533203125
Our model,1,129.14810180664062
Our model,1,149.57882690429688
Our model,1,113.27053833007812
Our model,1,128.24842834472656
Our model,1,129.7447509765625
Our model,1,162.89903259277344
Our model,1,148.46194458007812
Our model,1,146.92332458496094
Our model,1,97.23197174072266
Our model,1,173.76602172851562
Our model,1,129.6496124267578
Our model,1,117.15830993652344
Our model,1,121.56964111328125
Our model,1,151.27891540527344
Our model,1,130.77706909179688
Our model,1,136.53407287597656
Our model,1,112.85681915283203
Our model,1,115.95886993408203
Our model,1,90.38554382324219
Our model,1,166.95814514160156
Our model,1,109.36691284179688
Our model,1,136.4713897705078
Our model,1,134.93173217773438
Our model,1,136.89552307128906
Our model,1,148.69354248046875
Our model,1,132.88121032714844
Our model,1,127.2137451171875
Our model,1,145.89984130859375
Our model,1,144.2701416015625
Our model,1,145.04969787597656
Our model,1,133.0756072998047
Our model,1,124.55071258544922
Our model,1,104.59014892578125
Our model,1,107.75919342041016
Our model,1,89.39408111572266
Our model,1,116.11823272705078
Our model,1,130.2445831298828
Our model,1,127.2419662475586
Our model,1,99.59275817871094
Our model,1,191.87876892089844
Our model,1,169.85906982421875
Our model,1,140.41851806640625
Our model,1,90.70541381835938
Our model,1,124.92047119140625
Our model,1,115.74011993408203
Our model,1,96.87521362304688
Our model,1,126.68405151367188
Our model,1,119.7743911743164
Our model,1,125.45809173583984
Our model,1,140.94911193847656
Our model,1,147.6908416748047
Our model,1,145.33323669433594
Our model,1,105.19280242919922
Our model,1,96.30221557617188
Our model,1,82.51242065429688
Our model,1,126.02091217041016
Our model,1,103.5992431640625
Our model,1,75.50749206542969
Our model,1,148.52760314941406
Our model,1,173.5228729248047
Our model,1,194.8995361328125
Our model,1,129.19686889648438
Our model,1,144.22998046875
Our model,1,153.3372344970703
Our model,1,131.4853973388672
Our model,1,143.2156982421875
Our model,1,107.66468048095703
Our model,1,111.15312957763672
Our model,1,90.25513458251953
Our model,1,138.4937286376953
Our model,1,103.65878295898438
Our model,1,114.80215454101562
Our model,1,141.63385009765625
Our model,1,144.48667907714844
Our model,1,193.96530151367188
Our model,1,124.53675842285156
Our model,1,147.73753356933594
Our model,1,129.3966827392578
Our model,1,106.84214782714844
Our model,1,133.64646911621094
Our model,1,91.04328155517578
Our model,1,139.50155639648438
Our model,1,132.9233856201172
Our model,1,99.23467254638672
Our model,1,128.5602264404297
Our model,1,130.55258178710938
Our model,1,125.07844543457031
Our model,1,101.15129852294922
Our model,1,113.22852325439453
Our model,1,113.70275115966797
Our model,1,95.07246398925781
Our model,1,121.1417465209961
Our model,1,116.70770263671875
Our model,1,128.51080322265625
Our model,1,127.86774444580078
Our model,1,150.94528198242188
Our model,1,126.9828872680664
Our model,1,127.36071014404297
Our model,1,128.84109497070312
Our model,1,116.9670639038086
Our model,1,167.738037109375
Our model,1,124.65526580810547
Our model,1,209.20416259765625
Our model,1,119.86027526855469
Our model,1,112.90387725830078
Our model,1,84.37531280517578
Our model,1,170.93289184570312
Our model,1,146.75807189941406
Our model,1,122.1874771118164
Our model,1,122.4500961303711
Our model,1,121.27375793457031
Our model,1,116.1255111694336
Our model,1,156.10195922851562
Our model,1,117.18753051757812
Our model,1,264.8182373046875
Our model,1,124.27848815917969
Our model,1,121.16879272460938
Our model,1,101.324951171875
Our model,1,236.25265502929688
Our model,1,182.87303161621094
Our model,1,132.49415588378906
Our model,1,122.2829360961914
Our model,1,140.74276733398438
Our model,1,166.82275390625
Our model,1,136.16444396972656
Our model,1,167.71914672851562
Our model,1,116.25552368164062
Our model,1,160.60360717773438
Our model,1,187.26177978515625
Our model,1,115.59308624267578
Our model,1,212.7135467529297
Our model,1,220.56280517578125
Our model,1,148.18235778808594
Our model,1,163.0119171142578
Our model,1,174.95660400390625
Our model,1,144.2367706298828
Our model,1,165.7150421142578
Our model,1,122.26872253417969
Our model,1,130.51112365722656
Our model,1,145.9446563720703
Our model,1,107.5539321899414
Our model,1,125.2881088256836
Our model,1,145.52911376953125
Our model,1,146.59017944335938
Our model,1,109.21392822265625
Our model,1,132.14317321777344
Our model,1,94.46194458007812
Our model,1,118.44148254394531
Our model,1,127.29173278808594
Our model,1,124.62174987792969
Our model,1,112.65845489501953
Our model,1,84.39458465576172
Our model,1,144.95765686035156
Our model,1,138.57733154296875
Our model,1,172.21559143066406
Our model,1,111.09728240966797
Our model,1,137.66168212890625
Our model,1,114.81523132324219
Our model,1,141.91639709472656
Our model,1,113.18983459472656
Our model,1,184.28038024902344
Our model,1,162.20501708984375
Our model,1,94.14697265625
Our model,1,140.5359344482422
Our model,1,185.91714477539062
Our model,1,134.74874877929688
Our model,1,114.6093521118164
Our model,1,132.6508331298828
Our model,1,156.19534301757812
Our model,1,131.1796112060547
Our model,1,134.10931396484375
Our model,1,110.22615814208984
Our model,1,185.2509307861328
Our model,1,119.53804016113281
Our model,1,120.86958312988281
Our model,1,107.36686706542969
Our model,1,238.8094024658203
Our model,1,159.86766052246094
Our model,1,161.60804748535156
Our model,1,127.93412017822266
Our model,1,151.8526153564453
Our model,1,141.90940856933594
Our model,1,124.22441864013672
Our model,1,124.69625091552734
Our model,1,104.63761901855469
Our model,1,120.78543853759766
Our model,1,103.48189544677734
Our model,1,100.20330047607422
Our model,1,126.67349243164062
Our model,1,125.7825927734375
Our model,1,115.05717468261719
Our model,1,137.4889373779297
Our model,1,134.12625122070312
Our model,1,143.5618896484375
Our model,1,271.36248779296875
Our model,1,121.467529296875
Our model,1,97.09386444091797
Our model,1,278.824462890625
Our model,1,113.05558013916016
Our model,1,289.509033203125
Our model,1,148.25607299804688
Our model,1,136.06527709960938
Our model,1,95.32313537597656
Our model,1,135.56971740722656
Our model,1,119.6939468383789
Our model,1,86.36566925048828
Our model,1,104.6229248046875
Our model,1,145.05384826660156
Our model,1,127.6022720336914
Our model,1,114.46979522705078
Our model,1,87.16403198242188
Our model,1,118.69998168945312
Our model,1,133.39907836914062
Our model,1,137.07064819335938
Our model,1,119.36373138427734
Our model,1,118.81856536865234
Our model,1,194.6483154296875
Our model,1,118.62572479248047
Our model,1,91.05416107177734
Our model,1,168.51766967773438
Our model,1,82.7652816772461
Our model,1,192.51284790039062
Our model,1,125.83013916015625
Our model,1,239.95657348632812
Our model,1,107.97441864013672
Our model,1,128.90000915527344
Our model,1,194.40260314941406
Our model,1,136.36651611328125
Our model,1,203.236572265625
Our model,1,110.9212417602539
Our model,1,97.16667938232422
Our model,1,107.83922576904297
Our model,1,105.10062408447266
Our model,1,121.8988037109375
Our model,1,127.46487426757812
Our model,1,114.01978302001953
Our model,1,136.20748901367188
Our model,1,156.0980987548828
Our model,1,128.3435821533203
Our model,1,128.138671875
Our model,1,141.0474395751953
Our model,1,129.19906616210938
Our model,1,121.25467681884766
Our model,1,109.46482849121094
Our model,1,97.46582794189453
Our model,1,107.23338317871094
Our model,1,169.739501953125
Our model,1,134.0905303955078
Our model,1,127.35978698730469
Our model,1,136.74847412109375
Our model,1,123.32860565185547
Our model,1,157.5254364013672
Our model,1,123.66728973388672
Our model,1,99.85184478759766
Our model,1,111.9554672241211
Our model,1,118.59941864013672
Our model,1,90.64190673828125
Our model,1,97.53231811523438
Our model,1,137.30613708496094
Our model,1,144.7095489501953
Our model,1,115.28064727783203
Our model,1,127.63919830322266
Our model,1,108.83299255371094
Our model,1,120.3527603149414
Our model,1,148.35174560546875
Our model,1,144.07022094726562
Our model,1,91.891845703125
Our model,1,126.28829956054688
Our model,1,293.3251037597656
Our model,1,183.65614318847656
Our model,1,329.2025451660156
Our model,1,261.0013732910156
Our model,1,121.93840026855469
Our model,1,119.39469146728516
Our model,1,134.70176696777344
Our model,1,120.15106201171875
Our model,1,142.33944702148438
Our model,1,123.22276306152344
Our model,1,121.81073760986328
Our model,1,136.36746215820312
Our model,1,144.51390075683594
Our model,1,116.77075958251953
Our model,1,177.01124572753906
Our model,1,193.19439697265625
Our model,1,135.7716064453125
Our model,1,153.42318725585938
Our model,1,124.89175415039062
Our model,1,148.9872283935547
Our model,1,126.42623138427734
Our model,1,133.40625
Our model,1,103.65789031982422
Our model,1,168.67091369628906
Our model,1,113.34114074707031
Our model,1,111.99781036376953
Our model,1,133.27053833007812
Our model,1,129.20469665527344
Our model,1,209.79177856445312
Our model,1,215.23757934570312
Our model,1,127.83514404296875
Our model,1,142.24752807617188
Our model,1,140.68719482421875
Our model,1,112.43788146972656
Our model,1,113.20429229736328
Our model,1,120.09690856933594
Our model,1,105.78616333007812
Our model,1,94.63976287841797
Our model,1,129.090087890625
Our model,1,134.1653594970703
Our model,1,137.21018981933594
Our model,1,154.27923583984375
Our model,1,115.65506744384766
Our model,1,138.96710205078125
Our model,1,166.57571411132812
Our model,1,114.9808349609375
Our model,1,118.51022338867188
Our model,1,130.86895751953125
Our model,1,125.28655242919922
Our model,1,171.99789428710938
Our model,1,109.58915710449219
Our model,1,155.08741760253906
Our model,1,138.7386932373047
Our model,1,125.22002410888672
Our model,1,155.49830627441406
Our model,1,144.4221649169922
Our model,1,150.22352600097656
Our model,1,176.54086303710938
Our model,1,101.27325439453125
Our model,1,148.5513916015625
Our model,1,114.38558197021484
Our model,1,115.09837341308594
Our model,1,206.4126434326172
Our model,1,148.0558624267578
Our model,1,122.79096221923828
Our model,1,137.2995147705078
Our model,1,159.23646545410156
Our model,1,129.4208984375
Our model,1,133.76834106445312
Our model,1,115.92294311523438
Our model,1,98.22634887695312
Our model,1,142.8127899169922
Our model,1,102.59526062011719
Our model,1,189.10159301757812
Our model,1,118.56037139892578
Our model,1,145.1029052734375
Our model,1,127.34757232666016
Our model,1,148.63206481933594
Our model,1,129.79214477539062
Our model,1,167.40208435058594
Our model,1,163.1741943359375
Our model,1,152.9144287109375
Our model,1,99.8454360961914
Our model,1,137.2945556640625
Our model,1,137.2363739013672
Our model,1,168.704833984375
Our model,1,144.69219970703125
Our model,1,133.23377990722656
Our model,1,149.58843994140625
Our model,1,135.51239013671875
Our model,1,113.30357360839844
Our model,1,120.47761535644531
Our model,1,125.87576293945312
Our model,1,127.0762710571289
Our model,1,95.64690399169922
Our model,1,103.85324096679688
Our model,1,127.61409759521484
Our model,1,139.99407958984375
Our model,1,134.16709899902344
Our model,1,134.04527282714844
Our model,1,135.20223999023438
Our model,1,160.1108856201172
Our model,1,140.00791931152344
Our model,1,106.08177947998047
Our model,1,150.6707305908203
Our model,1,173.76071166992188
Our model,1,115.30916595458984
Our model,1,207.8173065185547
Our model,1,119.93331146240234
Our model,1,113.15625
Our model,1,246.1773681640625
Our model,1,154.69285583496094
Our model,1,244.52099609375
Our model,1,172.77117919921875
Our model,1,239.1894989013672
Our model,1,118.2872085571289
Our model,1,108.12056732177734
Our model,1,123.5431137084961
Our model,1,113.62113189697266
Our model,1,121.82856750488281
Our model,1,127.72045135498047
Our model,1,137.3809356689453
Our model,1,152.84732055664062
Our model,1,165.87368774414062
Our model,1,129.75274658203125
Our model,1,126.53535461425781
Our model,1,123.22510528564453
Our model,1,118.4625244140625
Our model,1,98.66436004638672
Our model,1,104.30403137207031
Our model,1,149.70596313476562
Our model,1,122.74868774414062
Our model,1,152.5315399169922
Our model,1,177.4217529296875
Our model,1,143.8123016357422
Our model,1,128.36000061035156
Our model,1,144.99313354492188
Our model,1,142.45901489257812
Our model,1,132.9334716796875
Our model,1,124.33447265625
Our model,1,94.7176742553711
Our model,1,100.92425537109375
Our model,1,123.33248901367188
Our model,1,132.7766571044922
Our model,1,140.43321228027344
Our model,1,148.08364868164062
Our model,1,137.550048828125
Our model,1,124.5449447631836
Our model,1,135.66078186035156
Our model,1,134.77725219726562
Our model,1,190.23492431640625
Our model,1,138.5079345703125
Our model,1,123.36590576171875
Our model,1,141.7920684814453
Our model,1,171.70408630371094
Our model,1,135.8131561279297
Our model,1,121.2684555053711
Our model,1,139.4326629638672
Our model,1,105.59197998046875
Our model,1,150.52264404296875
Our model,1,132.73773193359375
Our model,1,144.44354248046875
Our model,1,198.79220581054688
Our model,1,113.80036163330078
Our model,1,112.73577117919922
Our model,1,129.1115264892578
Our model,1,153.80975341796875
Our model,1,136.96499633789062
Our model,1,118.1543960571289
Our model,1,175.60601806640625
Our model,1,136.6226043701172
Our model,1,124.82007598876953
Our model,1,132.743408203125
Our model,1,170.34153747558594
Our model,1,111.15814208984375
Our model,1,108.5489501953125
Our model,1,101.02799224853516
Our model,1,140.54615783691406
Our model,1,126.14601135253906
Our model,1,122.78658294677734
Our model,1,121.76943969726562
Our model,1,120.51509857177734
Our model,1,700.1171264648438
Our model,1,153.2130126953125
Our model,1,768.515869140625
Our model,1,104.25540924072266
Our model,1,111.65138244628906
Our model,1,128.81036376953125
Our model,1,98.88448333740234
Our model,1,149.83267211914062
Our model,1,108.48381042480469
Our model,1,166.659912109375
Our model,1,160.25729370117188
Our model,1,148.83322143554688
Our model,1,149.95091247558594
Our model,1,119.8773193359375
Our model,1,171.3207550048828
Our model,1,120.5078353881836
Our model,1,109.70032501220703
Our model,1,111.82756042480469
Our model,1,117.39916229248047
Our model,1,132.5679168701172
Our model,1,131.9624481201172
Our model,1,131.40814208984375
Our model,1,144.7308349609375
Our model,1,183.4673309326172
Our model,1,121.42218017578125
Our model,1,89.9213638305664
Our model,1,81.76525115966797
Our model,1,167.99234008789062
Our model,1,199.30130004882812
Our model,1,126.88471221923828
Our model,1,133.1051788330078
Our model,1,94.16474151611328
Our model,1,129.85203552246094
Our model,1,158.51036071777344
Our model,1,119.75830841064453
Our model,1,170.93161010742188
Our model,1,137.21841430664062
Our model,1,129.04698181152344
Our model,1,134.39752197265625
Our model,1,133.26625061035156
Our model,1,158.51214599609375
Our model,1,147.68081665039062
Our model,1,98.88683319091797
Our model,1,108.6294174194336
Our model,1,118.56672668457031
Our model,1,127.55912780761719
Our model,1,130.2695770263672
Our model,1,139.08306884765625
Our model,1,124.22555541992188
Our model,1,156.427978515625
Our model,1,145.43405151367188
Our model,1,151.96804809570312
Our model,1,97.65237426757812
Our model,1,102.36946105957031
Our model,1,105.46228790283203
Our model,1,116.50260162353516
Our model,1,115.44059753417969
Our model,1,93.16407775878906
Our model,1,113.4384765625
Our model,1,154.7353057861328
Our model,1,148.50018310546875
Our model,1,128.43873596191406
Our model,1,141.42750549316406
Our model,1,138.23699951171875
Our model,1,97.33255004882812
Our model,1,116.14173889160156
Our model,1,148.4506072998047
Our model,1,143.426025390625
Our model,1,207.4325714111328
Our model,1,102.16964721679688
Our model,1,149.19200134277344
Our model,1,140.8356170654297
Our model,1,135.25804138183594
Our model,1,113.48789978027344
Our model,1,173.23574829101562
Our model,1,132.00709533691406
Our model,1,112.432861328125
Our model,1,79.78992462158203
Our model,1,94.70054626464844
Our model,1,109.26858520507812
Our model,1,140.81065368652344
Our model,1,102.57244873046875
Our model,1,141.216064453125
Our model,1,136.44573974609375
Our model,1,148.88507080078125
Our model,1,141.65028381347656
Our model,1,194.20420837402344
Our model,1,113.72891998291016
Our model,1,102.08773040771484
Our model,1,108.24661254882812
Our model,1,100.17930603027344
Our model,1,135.2108612060547
Our model,1,121.33395385742188
Our model,1,162.72000122070312
Our model,1,198.450927734375
Our model,1,105.52689361572266
Our model,1,134.53353881835938
Our model,1,127.01081848144531
Our model,1,133.79042053222656
Our model,1,178.14352416992188
Our model,1,97.0159683227539
Our model,1,155.8656005859375
Our model,1,148.72601318359375
Our model,1,103.4344711303711
Our model,1,136.9606170654297
Our model,1,140.60499572753906
Our model,1,96.92534637451172
Our model,1,367.3825378417969
Our model,1,127.56185150146484
Our model,1,143.19268798828125
Our model,1,113.12380981445312
Our model,1,344.967041015625
Our model,1,412.15374755859375
Our model,1,161.58946228027344
Our model,1,138.78872680664062
Our model,1,96.0990982055664
Our model,1,127.68093872070312
Our model,1,130.68711853027344
Our model,1,127.48713684082031
Our model,1,119.80561065673828
Our model,1,120.06605529785156
Our model,1,132.08668518066406
Our model,1,125.18213653564453
Our model,1,119.71532440185547
Our model,1,120.70099639892578
Our model,1,153.84437561035156
Our model,1,129.5945587158203
Our model,1,115.17648315429688
Our model,1,126.43586730957031
Our model,1,182.99041748046875
Our model,1,130.02040100097656
Our model,1,121.53180694580078
Our model,1,150.45346069335938
Our model,1,134.47607421875
Our model,1,146.8357696533203
Our model,1,107.96827697753906
Our model,1,146.11277770996094
Our model,1,133.04954528808594
Our model,1,149.1021270751953
Our model,1,136.2886962890625
Our model,1,106.4815673828125
Our model,1,131.03353881835938
Our model,1,171.5751953125
Our model,1,129.95751953125
Our model,1,129.0079345703125
Our model,1,127.86345672607422
Our model,1,161.8648223876953
Our model,1,122.0159912109375
Our model,1,167.1979522705078
Our model,1,118.95280456542969
Our model,1,153.04238891601562
Our model,1,243.68045043945312
Our model,1,138.21690368652344
Our model,1,236.46847534179688
Our model,1,200.8817596435547
Our model,1,192.56777954101562
Our model,1,217.2035675048828
Our model,1,168.32188415527344
Our model,1,146.34886169433594
Our model,1,152.0675048828125
Our model,1,130.75482177734375
Our model,1,133.04002380371094
Our model,1,97.61237335205078
Our model,1,98.24455261230469
Our model,1,198.6712646484375
Our model,1,140.49305725097656
Our model,1,125.09477233886719
Our model,1,117.32775115966797
Our model,1,259.7207336425781
Our model,1,123.75871276855469
Our model,1,230.24639892578125
Our model,1,142.2525177001953
Our model,1,119.76134490966797
Our model,1,176.6351318359375
Our model,1,99.11792755126953
Our model,1,175.7432098388672
Our model,1,145.9238739013672
Our model,1,139.41119384765625
Our model,1,117.7191162109375
Our model,1,125.0562973022461
Our model,1,117.62467956542969
Our model,1,136.0360107421875
Our model,1,122.88297271728516
Our model,1,134.43646240234375
Our model,1,180.13490295410156
Our model,1,145.94386291503906
Our model,1,167.74794006347656
Our model,1,120.6246566772461
Our model,1,165.44729614257812
Our model,1,209.46897888183594
Our model,1,123.52789306640625
Our model,1,143.58767700195312
Our model,1,131.8715057373047
Our model,1,137.2631378173828
Our model,1,293.5706481933594
Our model,1,126.7369613647461
Our model,1,103.05709075927734
Our model,1,252.1033172607422
Our model,1,121.27967834472656
Our model,1,247.8537139892578
Our model,1,173.7556915283203
Our model,1,198.39932250976562
Our model,1,118.70668029785156
Our model,1,132.5159149169922
Our model,1,138.8800811767578
Our model,1,121.86487579345703
Our model,1,130.88687133789062
Our model,1,112.00724029541016
Our model,1,107.30210876464844
Our model,1,164.09274291992188
Our model,1,169.11866760253906
Our model,1,231.5026397705078
Our model,1,202.58697509765625
Our model,1,207.4083709716797
Our model,1,151.9378662109375
Our model,1,128.95645141601562
Our model,1,147.09642028808594
Our model,1,144.5667266845703
Our model,1,122.07505798339844
Our model,1,169.70384216308594
Our model,1,121.65164947509766
Our model,1,129.696533203125
Our model,1,121.7056655883789
Our model,1,116.9463882446289
Our model,1,186.0249481201172
Our model,1,138.07302856445312
Our model,1,158.49632263183594
Our model,1,150.1698455810547
Our model,1,138.22718811035156
Our model,1,153.3902587890625
Our model,1,97.04086303710938
Our model,1,126.40234375
Our model,1,115.73155975341797
Our model,1,100.86518096923828
Our model,1,128.4229736328125
Our model,1,110.98847961425781
Our model,1,104.39126586914062
Our model,1,155.53993225097656
Our model,1,153.18661499023438
Our model,1,131.13853454589844
Our model,1,297.3552551269531
Our model,1,110.39215087890625
Our model,1,103.34558868408203
Our model,1,260.7851257324219
Our model,1,106.53975677490234
Our model,1,253.2174072265625
Our model,1,119.96814727783203
Our model,1,141.5498046875
Our model,1,133.40420532226562
Our model,1,136.91151428222656
Our model,1,142.5063934326172
Our model,1,146.51181030273438
Our model,1,124.72979736328125
Our model,1,114.45993041992188
Our model,1,114.53812408447266
Our model,1,125.69852447509766
Our model,1,129.048828125
Our model,1,82.40238189697266
Our model,1,122.30007934570312
Our model,1,150.58546447753906
Our model,1,125.2520523071289
Our model,1,227.00091552734375
Our model,1,130.62921142578125
Our model,1,109.80911254882812
Our model,1,131.7869110107422
Our model,1,213.54916381835938
Our model,1,218.97283935546875
Our model,1,115.70826721191406
Our model,1,125.39764404296875
Our model,1,122.1622314453125
Our model,1,250.2313995361328
Our model,1,129.74855041503906
Our model,1,195.09335327148438
Our model,1,183.99583435058594
Our model,1,143.1835479736328
Our model,1,111.8729248046875
Our model,1,135.01837158203125
Our model,1,128.0338592529297
Our model,1,140.6412353515625
Our model,1,130.9473419189453
Our model,1,94.27191925048828
Our model,1,87.20769500732422
Our model,1,128.83560180664062
Our model,1,136.31253051757812
Our model,1,128.23802185058594
Our model,1,150.21920776367188
Our model,1,138.68905639648438
Our model,1,129.35633850097656
Our model,1,145.85943603515625
Our model,1,138.60797119140625
Our model,1,131.83319091796875
Our model,1,151.11587524414062
Our model,1,132.95864868164062
Our model,1,98.41295623779297
Our model,1,135.43272399902344
Our model,1,149.92262268066406
Our model,1,133.7887725830078
Our model,1,154.21688842773438
Our model,1,112.41820526123047
Our model,1,129.0854034423828
Our model,1,120.40934753417969
Our model,1,140.1230926513672
Our model,1,150.07774353027344
Our model,1,137.360107421875
Our model,1,187.49363708496094
Our model,1,122.33863067626953
Our model,1,130.26116943359375
Our model,1,138.9665985107422
Our model,1,115.80367279052734
Our model,1,125.78523254394531
Our model,1,126.53511810302734
Our model,1,131.2012176513672
Our model,1,136.45643615722656
Our model,1,144.2428436279297
Our model,1,118.7229232788086
Our model,1,98.57305145263672
Our model,1,122.96954345703125
Our model,1,121.04674530029297
Our model,1,131.52879333496094
Our model,1,143.4796142578125
Our model,1,129.49652099609375
Our model,1,130.30264282226562
Our model,1,151.82833862304688
Our model,1,114.31351470947266
Our model,1,123.81941223144531
Our model,1,132.9579620361328
Our model,1,95.88595581054688
Our model,1,159.05548095703125
Our model,1,137.2458953857422
Our model,1,125.58586120605469
Our model,1,119.3926773071289
Our model,1,168.7953338623047
Our model,1,128.42337036132812
Our model,1,131.1362762451172
Our model,1,132.91709899902344
Our model,1,161.4003143310547
Our model,1,165.93272399902344
Our model,1,121.28456115722656
Our model,1,123.03607940673828
Our model,1,132.29275512695312
Our model,1,205.98196411132812
Our model,1,143.2945098876953
Our model,1,181.49122619628906
Our model,1,176.50466918945312
Our model,1,236.99375915527344
Our model,1,236.8730926513672
Our model,1,109.91886138916016
Our model,1,126.05315399169922
Our model,1,95.20687103271484
Our model,1,130.5936737060547
Our model,1,104.79768371582031
Our model,1,112.75955200195312
Our model,1,141.4915313720703
Our model,1,140.30953979492188
Our model,1,135.8417205810547
Our model,1,149.05239868164062
Our model,1,133.03192138671875
Our model,1,106.83649444580078
Our model,1,135.00411987304688
Our model,1,141.73497009277344
Our model,1,103.54290008544922
Our model,1,128.21267700195312
Our model,1,113.36946868896484
Our model,1,116.05845642089844
Our model,1,135.73825073242188
Our model,1,143.9130401611328
Our model,1,118.33557891845703
Our model,1,137.93435668945312
Our model,1,96.97517395019531
Our model,1,121.89077758789062
Our model,1,168.6370391845703
Our model,1,111.85419464111328
Our model,1,116.6493148803711
Our model,1,145.6199951171875
Our model,1,101.44010925292969
Our model,1,244.25860595703125
Our model,1,129.5749053955078
Our model,1,236.57730102539062
Our model,1,139.86557006835938
Our model,1,155.65438842773438
Our model,1,206.31552124023438
Our model,1,146.14599609375
Our model,1,128.417724609375
Our model,1,136.28372192382812
Our model,1,122.82791900634766
Our model,1,181.49380493164062
Our model,1,134.44810485839844
Our model,1,97.73217010498047
Our model,1,129.50506591796875
Our model,1,203.2544708251953
Our model,1,121.6400375366211
Our model,1,126.4199447631836
Our model,1,177.0706024169922
Our model,1,124.43672180175781
Our model,1,143.48846435546875
Our model,1,135.96022033691406
Our model,1,105.68072509765625
Our model,1,119.69844818115234
Our model,1,94.57469940185547
Our model,1,127.77422332763672
Our model,1,136.0968017578125
Our model,1,114.01701354980469
Our model,1,137.2436981201172
Our model,1,140.07675170898438
Our model,1,140.31182861328125
Our model,1,164.8804931640625
Our model,1,159.90838623046875
Our model,1,125.82542419433594
Our model,1,138.59439086914062
Our model,1,103.21664428710938
Our model,1,112.9863510131836
Our model,1,155.60560607910156
Our model,1,149.157958984375
Our model,1,154.85708618164062
Our model,1,130.10882568359375
Our model,1,189.5896453857422
Our model,1,130.3896942138672
Our model,1,128.93548583984375
Our model,1,134.17837524414062
Our model,1,162.65863037109375
Our model,1,145.61647033691406
Our model,1,117.02609252929688
Our model,1,199.2637176513672
Our model,1,135.39561462402344
Our model,1,183.58050537109375
Our model,1,192.28761291503906
Our model,1,138.50027465820312
Our model,1,113.85332489013672
Our model,1,142.1739959716797
Our model,1,203.9399871826172
Our model,1,228.2472686767578
Our model,1,112.45089721679688
Our model,1,103.83658599853516
Our model,1,98.35424041748047
Our model,1,117.1253890991211
Our model,1,135.04530334472656
Our model,1,127.69217681884766
Our model,1,116.22294616699219
Our model,1,128.81163024902344
Our model,1,114.85160064697266
Our model,1,130.4196319580078
Our model,1,111.33321380615234
Our model,1,111.99166107177734
Our model,1,186.57249450683594
Our model,1,131.49960327148438
Our model,1,217.83619689941406
Our model,1,182.4842071533203
Our model,1,175.80686950683594
Our model,1,182.34353637695312
Our model,1,157.86672973632812
Our model,1,144.46951293945312
Our model,1,130.92398071289062
Our model,1,197.93519592285156
Our model,1,130.3016815185547
Our model,1,114.8763198852539
Our model,1,101.16104125976562
Our model,1,115.01329040527344
Our model,1,140.73297119140625
Our model,1,168.9791717529297
Our model,1,166.44647216796875
Our model,1,124.31529235839844
Our model,1,94.96920013427734
Our model,1,86.07321166992188
Our model,1,157.86260986328125
Our model,1,167.03732299804688
Our model,1,133.4973907470703
Our model,1,99.23080444335938
Our model,1,137.30442810058594
Our model,1,121.36328125
Our model,1,135.61753845214844
Our model,1,195.8080291748047
Our model,1,115.66277313232422
Our model,1,135.34979248046875
Our model,1,173.3386688232422
Our model,1,139.05474853515625
Our model,1,139.72567749023438
Our model,1,109.29838562011719
Our model,1,128.2054443359375
Our model,1,96.83953857421875
Our model,1,100.31278991699219
Our model,1,132.95091247558594
Our model,1,137.09014892578125
Our model,1,106.65337371826172
Our model,1,154.34278869628906
Our model,1,120.57512664794922
Our model,1,126.92597198486328
Our model,1,84.83222198486328
Our model,1,111.78826904296875
Our model,1,121.0074691772461
Our model,1,172.00608825683594
Our model,1,122.08812713623047
Our model,1,125.77156829833984
Our model,1,149.4387664794922
Our model,1,156.75381469726562
Our model,1,121.42190551757812
Our model,1,136.09713745117188
Our model,1,163.06568908691406
Our model,1,120.9273910522461
Our model,1,101.08263397216797
Our model,1,159.81361389160156
Our model,1,88.1167984008789
Our model,1,108.9843978881836
Our model,1,119.25181579589844
Our model,1,197.0107421875
Our model,1,84.29641723632812
Our model,1,130.73887634277344
Our model,1,144.2325439453125
Our model,1,137.06797790527344
Our model,1,133.9134521484375
Our model,1,106.6314926147461
Our model,1,107.07841491699219
Our model,1,136.614501953125
Our model,1,112.72294616699219
Our model,1,99.88978576660156
Our model,1,134.128662109375
Our model,1,167.33245849609375
Our model,1,152.05921936035156
Our model,1,158.87010192871094
Our model,1,122.36998748779297
Our model,1,133.24757385253906
Our model,1,114.68890380859375
Our model,1,133.2351837158203
Our model,1,123.7658462524414
Our model,1,150.91896057128906
Our model,1,154.8055877685547
Our model,1,134.446533203125
Our model,1,153.12120056152344
Our model,1,141.3767547607422
Our model,1,131.987548828125
Our model,1,131.96018981933594
Our model,1,132.5270538330078
Our model,1,151.70510864257812
Our model,1,152.6012420654297
Our model,1,152.59083557128906
Our model,1,183.2632598876953
Our model,1,130.4498748779297
Our model,1,138.6283721923828
Our model,1,144.4881134033203
Our model,1,119.83153533935547
Our model,1,145.21905517578125
Our model,1,142.0505828857422
Our model,1,163.08949279785156
Our model,1,134.11703491210938
Our model,1,160.99789428710938
Our model,1,167.20814514160156
Our model,1,120.70216369628906
Our model,1,153.969482421875
Our model,1,137.62791442871094
Our model,1,115.10250091552734
Our model,1,161.8156280517578
Our model,1,155.17855834960938
Our model,1,157.03114318847656
Our model,1,126.96730041503906
Our model,1,134.36514282226562
Our model,1,107.66842651367188
Our model,1,135.85003662109375
Our model,1,129.50469970703125
Our model,1,127.29108428955078
Our model,1,103.53395080566406
Our model,1,110.98596954345703
Our model,1,249.6607208251953
Our model,1,287.1916809082031
Our model,1,150.86573791503906
Our model,1,152.34957885742188
Our model,1,124.41856384277344
Our model,1,135.7572479248047
Our model,1,170.00392150878906
Our model,1,133.8795623779297
Our model,1,124.1955337524414
Our model,1,124.2321548461914
Our model,1,127.53790283203125
Our model,1,109.8758773803711
Our model,1,216.4915313720703
Our model,1,144.20516967773438
Our model,1,136.644775390625
Our model,1,116.97125244140625
Our model,1,144.32896423339844
Our model,1,151.60206604003906
Our model,1,207.50384521484375
Our model,1,137.02806091308594
Our model,1,130.0473175048828
Our model,1,147.46014404296875
Our model,1,95.10359191894531
Our model,1,123.48463439941406
Our model,1,133.09722900390625
Our model,1,141.84808349609375
Our model,1,139.44786071777344
Our model,1,181.3023223876953
Our model,1,166.5623779296875
Our model,1,151.06517028808594
Our model,1,117.70484161376953
Our model,1,120.94312286376953
Our model,1,122.66027069091797
Our model,1,123.981689453125
Our model,1,128.4579315185547
Our model,1,119.73686981201172
Our model,1,120.01950073242188
Our model,1,137.17552185058594
Our model,1,141.50978088378906
Our model,1,122.91659545898438
Our model,1,128.19712829589844
Our model,1,139.7250518798828
Our model,1,127.37600708007812
Our model,1,136.75938415527344
Our model,1,122.480224609375
Our model,1,129.66510009765625
Our model,1,147.6020050048828
Our model,1,116.93301391601562
Our model,1,95.3580093383789
Our model,1,118.77338409423828
Our model,1,101.83467102050781
Our model,1,125.7248306274414
Our model,1,130.76686096191406
Our model,1,126.37004089355469
Our model,1,134.86326599121094
Our model,1,92.24740600585938
Our model,1,154.19134521484375
Our model,1,180.40521240234375
Our model,1,103.29052734375
Our model,1,250.22105407714844
Our model,1,186.99945068359375
Our model,1,137.7821044921875
Our model,1,143.0811309814453
Our model,1,140.9217071533203
Our model,1,130.70054626464844
Our model,1,156.882568359375
Our model,1,167.11009216308594
Our model,1,154.1398468017578
Our model,1,93.70401763916016
Our model,1,117.2262954711914
Our model,1,100.3094711303711
Our model,1,156.01893615722656
Our model,1,138.12368774414062
Our model,1,246.63796997070312
Our model,1,123.58434295654297
Our model,1,111.86011505126953
Our model,1,132.86898803710938
Our model,1,170.22756958007812
Our model,1,195.21800231933594
Our model,1,133.09176635742188
Our model,1,111.22627258300781
Our model,1,113.54537963867188
Our model,1,227.61058044433594
Our model,1,148.9427032470703
Our model,1,142.68138122558594
Our model,1,193.75730895996094
Our model,1,122.14742279052734
Our model,1,116.25611114501953
Our model,1,119.6023178100586
Our model,1,143.4095001220703
Our model,1,98.5975570678711
Our model,1,129.66465759277344
Our model,1,167.07180786132812
Our model,1,219.8689422607422
Our model,1,134.0371856689453
Our model,1,183.02371215820312
Our model,1,121.40898132324219
Our model,1,145.0114288330078
Our model,1,132.12734985351562
Our model,1,110.70669555664062
Our model,1,128.73951721191406
Our model,1,125.45243072509766
Our model,1,220.9368133544922
Our model,1,135.77459716796875
Our model,1,106.23526000976562
Our model,1,121.32246398925781
Our model,1,260.626708984375
Our model,1,167.7191925048828
Our model,1,149.1788787841797
Our model,1,163.9542999267578
Our model,1,148.4667510986328
Our model,1,148.6863250732422
Our model,1,135.8008270263672
Our model,1,118.53634643554688
Our model,1,93.86943817138672
Our model,1,127.38388061523438
Our model,1,88.80496215820312
Our model,1,109.54509735107422
Our model,1,128.58999633789062
Our model,1,123.02853393554688
Our model,1,131.1557159423828
Our model,1,167.14483642578125
Our model,1,141.18075561523438
Our model,1,125.09484100341797
Our model,1,163.34625244140625
Our model,1,136.99359130859375
Our model,1,112.82854461669922
Our model,1,140.845703125
Our model,1,97.16812133789062
Our model,1,135.83547973632812
Our model,1,127.55802154541016
Our model,1,158.67237854003906
Our model,1,166.5609893798828
Our model,1,132.92138671875
Our model,1,127.86676788330078
Our model,1,92.7983169555664
Our model,1,136.1840362548828
Our model,1,105.707275390625
Our model,1,125.6439208984375
Our model,1,159.94300842285156
Our model,1,109.13917541503906
Our model,1,133.1696014404297
Our model,1,128.462158203125
Our model,1,127.9210433959961
Our model,1,143.576904296875
Our model,1,134.3428497314453
Our model,1,143.36044311523438
Our model,1,135.9929962158203
Our model,1,143.2499237060547
Our model,1,114.01850128173828
Our model,1,103.3367919921875
Our model,1,104.2038803100586
Our model,1,83.40184783935547
Our model,1,97.14815521240234
Our model,1,125.07001495361328
Our model,1,132.2002716064453
Our model,1,666.27490234375
Our model,1,764.931884765625
Our model,1,255.65151977539062
Our model,1,159.9673614501953
Our model,1,130.0751953125
Our model,1,121.77955627441406
Our model,1,83.8449935913086
Our model,1,146.31065368652344
Our model,1,101.72486877441406
Our model,1,111.79021453857422
Our model,1,127.9432144165039
Our model,1,130.78103637695312
Our model,1,140.87625122070312
Our model,1,135.98715209960938
Our model,1,198.5062713623047
Our model,1,128.48411560058594
Our model,1,161.86282348632812
Our model,1,121.12012481689453
Our model,1,121.53821563720703
Our model,1,119.49612426757812
Our model,1,113.90028381347656
Our model,1,122.92118072509766
Our model,1,171.17913818359375
Our model,1,131.9176025390625
Our model,1,156.84556579589844
Our model,1,127.919189453125
Our model,1,129.1412811279297
Our model,1,150.97506713867188
Our model,1,114.1160659790039
Our model,1,130.8535614013672
Our model,1,91.46345520019531
Our model,1,135.68197631835938
Our model,1,89.1085433959961
Our model,1,108.19476318359375
Our model,1,127.45343017578125
Our model,1,155.26199340820312
Our model,1,131.2866973876953
Our model,1,138.42225646972656
Our model,1,125.8874740600586
Our model,1,144.9192352294922
Our model,1,143.65457153320312
Our model,1,150.91436767578125
Our model,1,144.53628540039062
Our model,1,151.76370239257812
Our model,1,143.9552764892578
Our model,1,155.2895965576172
Our model,1,125.99336242675781
Our model,1,156.01898193359375
Our model,1,127.07398986816406
Our model,1,192.16104125976562
Our model,1,136.71141052246094
Our model,1,128.27285766601562
Our model,1,123.8741455078125
Our model,1,157.54278564453125
Our model,1,192.34446716308594
Our model,1,126.43411254882812
Our model,1,86.73001861572266
Our model,1,94.87158966064453
Our model,1,205.30267333984375
Our model,1,132.4037322998047
Our model,1,125.62738800048828
Our model,1,161.48291015625
Our model,1,141.83010864257812
Our model,1,169.26400756835938
Our model,1,185.58096313476562
Our model,1,152.2176513671875
Our model,1,112.67084503173828
Our model,1,175.55661010742188
Our model,1,136.56607055664062
Our model,1,163.72789001464844
Our model,1,142.14451599121094
Our model,1,133.45626831054688
Our model,1,129.0348358154297
Our model,1,162.98471069335938
Our model,1,125.57865142822266
Our model,1,152.8162841796875
Our model,1,159.5357666015625
Our model,1,149.59388732910156
Our model,1,123.16331481933594
Our model,1,128.69464111328125
Our model,1,119.33870697021484
Our model,1,112.12408447265625
Our model,1,122.25743103027344
Our model,1,142.45556640625
Our model,1,164.57513427734375
Our model,1,134.71017456054688
Our model,1,120.1572265625
Our model,1,140.3928680419922
Our model,1,106.73576354980469
Our model,1,169.7625274658203
Our model,1,233.36691284179688
Our model,1,168.421630859375
Our model,1,194.87887573242188
Our model,1,103.10301971435547
Our model,1,140.2060546875
Our model,1,119.17387390136719
Our model,1,115.24327087402344
Our model,1,144.40182495117188
Our model,1,120.5134506225586
Our model,1,123.43077850341797
Our model,1,167.67739868164062
Our model,1,106.5008773803711
Our model,1,338.4757995605469
Our model,1,156.65721130371094
Our model,1,92.21214294433594
Our model,1,109.28275299072266
Our model,1,385.7184753417969
Our model,1,169.75961303710938
Our model,1,137.21505737304688
Our model,1,136.66928100585938
Our model,1,120.63628387451172
Our model,1,185.66519165039062
Our model,1,279.3309020996094
Our model,1,130.889404296875
Our model,1,110.00856018066406
Our model,1,285.7241516113281
Our model,1,117.2625961303711
Our model,1,313.86871337890625
Our model,1,136.92457580566406
Our model,1,472.7042236328125
Our model,1,105.7603759765625
Our model,1,134.14198303222656
Our model,1,129.39068603515625
Our model,1,117.97168731689453
Our model,1,124.96815490722656
Our model,1,132.9583282470703
Our model,1,125.17851257324219
Our model,1,125.08399200439453
Our model,1,107.7513427734375
Our model,1,112.73001861572266
Our model,1,138.17982482910156
Our model,1,133.89669799804688
Our model,1,206.2820587158203
Our model,1,196.78549194335938
Our model,1,135.4524688720703
Our model,1,127.54667663574219
Our model,1,135.38568115234375
Our model,1,173.67503356933594
Our model,1,189.87550354003906
Our model,1,123.06230163574219
Our model,1,135.94903564453125
Our model,1,126.20189666748047
Our model,1,170.21446228027344
Our model,1,128.88583374023438
Our model,1,205.36386108398438
Our model,1,191.44895935058594
Our model,1,143.57887268066406
Our model,1,131.842041015625
Our model,1,126.0852279663086
Our model,1,242.62939453125
Our model,1,225.334228515625
Our model,1,126.38318634033203
Our model,1,125.29344177246094
Our model,1,97.32848358154297
Our model,1,117.41510772705078
Our model,1,148.29745483398438
Our model,1,246.69566345214844
Our model,1,143.48500061035156
Our model,1,208.87481689453125
Our model,1,198.2413330078125
Our model,1,129.52838134765625
Our model,1,116.81949615478516
Our model,1,103.25659942626953
Our model,1,123.40080261230469
Our model,1,107.14167785644531
Our model,1,93.71790313720703
Our model,1,116.76180267333984
Our model,1,107.42530059814453
Our model,1,130.25518798828125
Our model,1,126.66802978515625
Our model,1,129.4518280029297
Our model,1,139.92120361328125
Our model,1,150.4627227783203
Our model,1,147.88381958007812
Our model,1,90.55316925048828
Our model,1,134.4288330078125
Our model,1,184.7764892578125
Our model,1,152.9242706298828
Our model,1,162.57139587402344
Our model,1,312.329345703125
Our model,1,122.76754760742188
Our model,1,128.9608154296875
Our model,1,130.4396209716797
Our model,1,132.53517150878906
Our model,1,137.68450927734375
Our model,1,110.87113189697266
Our model,1,115.43939971923828
Our model,1,127.9869613647461
Our model,1,93.3656997680664
Our model,1,114.91521453857422
Our model,1,130.8307647705078
Our model,1,133.05612182617188
Our model,1,128.29783630371094
Our model,1,137.13839721679688
Our model,1,129.7130584716797
Our model,1,110.24834442138672
Our model,1,147.83465576171875
Our model,1,132.2389373779297
Our model,1,120.7568359375
Our model,1,136.7666473388672
Our model,1,147.18878173828125
Our model,1,94.98186492919922
Our model,1,135.3460693359375
Our model,1,197.97523498535156
Our model,1,192.9315948486328
Our model,1,159.9678955078125
Our model,1,146.1893768310547
Our model,1,97.97429656982422
Our model,1,99.66399383544922
Our model,1,226.57186889648438
Our model,1,265.5878601074219
Our model,1,126.00696563720703
Our model,1,115.2285385131836
Our model,1,114.64091491699219
Our model,1,123.62098693847656
Our model,1,146.03515625
Our model,1,133.71119689941406
Our model,1,392.38653564453125
Our model,1,121.2270736694336
Our model,1,157.08673095703125
Our model,1,167.52035522460938
Our model,1,376.6669921875
Our model,1,345.3822937011719
Our model,1,118.49085235595703
Our model,1,100.52922821044922
Our model,1,93.50886535644531
Our model,1,156.9189910888672
Our model,1,148.93577575683594
Our model,1,91.67655181884766
Our model,1,131.5688018798828
Our model,1,121.41918182373047
Our model,1,131.28688049316406
Our model,1,127.66914367675781
Our model,1,96.91984558105469
Our model,1,171.630859375
Our model,1,168.15689086914062
Our model,1,137.46116638183594
Our model,1,104.49642944335938
Our model,1,178.25311279296875
Our model,1,163.08404541015625
Our model,1,208.7999267578125
Our model,1,175.0371551513672
Our model,1,126.26770782470703
Our model,1,110.64335632324219
Our model,1,132.30845642089844
Our model,1,170.71437072753906
Our model,1,175.53245544433594
Our model,1,99.94535827636719
Our model,1,89.38697814941406
Our model,1,96.73877716064453
Our model,1,128.9898223876953
Our model,1,118.424560546875
Our model,1,191.52378845214844
Our model,1,114.91366577148438
Our model,1,159.94078063964844
Our model,1,167.91661071777344
Our model,1,166.7327117919922
Our model,1,147.32261657714844
Our model,1,113.239013671875
Our model,1,134.07911682128906
Our model,1,104.25662231445312
Our model,1,133.9886016845703
Our model,1,108.08258819580078
Our model,1,147.4889678955078
Our model,1,117.22252655029297
Our model,1,112.53501892089844
Our model,1,105.26488494873047
Our model,1,149.01083374023438
Our model,1,144.92860412597656
Our model,1,119.80538177490234
Our model,1,128.53419494628906
Our model,1,108.00651550292969
Our model,1,110.55106353759766
Our model,1,174.156005859375
Our model,1,125.56172943115234
Our model,1,149.83631896972656
Our model,1,148.17213439941406
Our model,1,184.0485076904297
Our model,1,189.18971252441406
Our model,1,141.3795166015625
Our model,1,120.45660400390625
Our model,1,120.85004425048828
Our model,1,101.70182037353516
Our model,1,125.75856018066406
Our model,1,144.1604461669922
Our model,1,142.69239807128906
Our model,1,134.85800170898438
Our model,1,157.00477600097656
Our model,1,135.43214416503906
Our model,1,139.58349609375
Our model,1,132.06199645996094
Our model,1,129.1460723876953
Our model,1,95.84764099121094
Our model,1,135.0636444091797
Our model,1,164.49659729003906
Our model,1,192.46768188476562
Our model,1,156.6243896484375
Our model,1,132.1165008544922
Our model,1,127.65235137939453
Our model,1,227.82127380371094
Our model,1,129.21009826660156
Our model,1,117.51286315917969
Our model,1,143.5736083984375
Our model,1,200.35186767578125
Our model,1,227.29803466796875
Our model,1,124.35486602783203
Our model,1,154.48477172851562
Our model,1,85.61347961425781
Our model,1,155.28465270996094
Our model,1,115.31941986083984
Our model,1,128.35678100585938
Our model,1,130.13803100585938
Our model,1,134.98744201660156
Our model,1,166.6711883544922
Our model,1,141.00946044921875
Our model,1,170.3592987060547
Our model,1,127.35547637939453
Our model,1,165.5768280029297
Our model,1,189.8086700439453
Our model,1,133.665771484375
Our model,1,113.99066925048828
Our model,1,180.77862548828125
Our model,1,127.36766815185547
Our model,1,139.3461456298828
Our model,1,158.7032012939453
Our model,1,134.69967651367188
Our model,1,137.23214721679688
Our model,1,131.80410766601562
Our model,1,125.71126556396484
Our model,1,136.52166748046875
Our model,1,116.9061279296875
Our model,1,109.78150939941406
Our model,1,151.3234405517578
Our model,1,126.33440399169922
Our model,1,148.75767517089844
Our model,1,121.87840270996094
Our model,1,123.69669342041016
Our model,1,139.44970703125
Our model,1,284.6207580566406
Our model,1,118.0250473022461
Our model,1,97.59622955322266
Our model,1,227.5849151611328
Our model,1,103.89616394042969
Our model,1,225.59014892578125
Our model,1,116.46289825439453
Our model,1,245.5723114013672
Our model,2,168.98573303222656
Our model,2,150.94705200195312
Our model,2,142.0462188720703
Our model,2,163.26458740234375
Our model,2,172.07347106933594
Our model,2,211.13232421875
Our model,2,167.2526092529297
Our model,2,444.7445068359375
Our model,2,140.12655639648438
Our model,2,189.11834716796875
Our model,2,127.42617797851562
Our model,2,421.9438781738281
Our model,2,213.10987854003906
Our model,2,428.51190185546875
Our model,2,145.53521728515625
Our model,2,176.74465942382812
Our model,2,144.91697692871094
Our model,2,154.5449981689453
Our model,2,168.86436462402344
Our model,2,144.9274139404297
Our model,2,185.66064453125
Our model,2,171.91151428222656
Our model,2,177.897705078125
Our model,2,106.30072784423828
Our model,2,126.72664642333984
Our model,2,239.92152404785156
Our model,2,134.74542236328125
Our model,2,176.6511688232422
Our model,2,150.8662567138672
Our model,2,138.77915954589844
Our model,2,412.5336608886719
Our model,2,155.71583557128906
Our model,2,182.0093536376953
Our model,2,136.42355346679688
Our model,2,137.93692016601562
Our model,2,138.67330932617188
Our model,2,148.09445190429688
Our model,2,150.61744689941406
Our model,2,381.25701904296875
Our model,2,139.40309143066406
Our model,2,181.99081420898438
Our model,2,431.9854736328125
Our model,2,223.45474243164062
Our model,2,174.81546020507812
Our model,2,164.90724182128906
Our model,2,153.27154541015625
Our model,2,157.8134765625
Our model,2,141.0452423095703
Our model,2,180.58981323242188
Our model,2,220.05453491210938
Our model,2,126.85804748535156
Our model,2,154.48355102539062
Our model,2,158.39682006835938
Our model,2,165.3860321044922
Our model,2,147.38172912597656
Our model,2,151.5987548828125
Our model,2,160.93809509277344
Our model,2,153.8558807373047
Our model,2,154.19435119628906
Our model,2,171.33897399902344
Our model,2,184.9545135498047
Our model,2,145.43096923828125
Our model,2,142.17483520507812
Our model,2,164.9967803955078
Our model,2,165.2576446533203
Our model,2,176.5099639892578
Our model,2,134.03375244140625
Our model,2,142.2581329345703
Our model,2,184.6036376953125
Our model,2,163.55606079101562
Our model,2,197.4196014404297
Our model,2,162.23690795898438
Our model,2,190.53594970703125
Our model,2,175.38107299804688
Our model,2,184.08554077148438
Our model,2,186.6747589111328
Our model,2,172.77450561523438
Our model,2,183.62136840820312
Our model,2,167.5442352294922
Our model,2,140.2577667236328
Our model,2,153.3039093017578
Our model,2,199.9984893798828
Our model,2,195.51800537109375
Our model,2,171.30087280273438
Our model,2,147.15646362304688
Our model,2,165.97723388671875
Our model,2,170.34780883789062
Our model,2,148.13523864746094
Our model,2,183.99554443359375
Our model,2,132.040283203125
Our model,2,183.91786193847656
Our model,2,210.26504516601562
Our model,2,159.17071533203125
Our model,2,134.29991149902344
Our model,2,124.19171142578125
Our model,2,181.21495056152344
Our model,2,147.07810974121094
Our model,2,151.7908477783203
Our model,2,485.4635009765625
Our model,2,517.3798828125
Our model,2,527.8917846679688
Our model,2,315.2347106933594
Our model,2,339.1465759277344
Our model,2,298.3277587890625
Our model,2,134.44248962402344
Our model,2,118.8182373046875
Our model,2,166.67776489257812
Our model,2,142.84422302246094
Our model,2,131.50469970703125
Our model,2,113.1999740600586
Our model,2,159.65060424804688
Our model,2,138.9845428466797
Our model,2,191.94703674316406
Our model,2,155.8656005859375
Our model,2,154.6225128173828
Our model,2,157.47885131835938
Our model,2,189.1584930419922
Our model,2,200.2933807373047
Our model,2,150.39076232910156
Our model,2,214.664306640625
Our model,2,162.7477264404297
Our model,2,193.3826446533203
Our model,2,124.40428161621094
Our model,2,165.8170623779297
Our model,2,178.25735473632812
Our model,2,186.091064453125
Our model,2,149.41055297851562
Our model,2,177.967041015625
Our model,2,210.7536163330078
Our model,2,198.70127868652344
Our model,2,183.54478454589844
Our model,2,147.21176147460938
Our model,2,190.4102020263672
Our model,2,177.82009887695312
Our model,2,161.71041870117188
Our model,2,164.0811767578125
Our model,2,172.2969512939453
Our model,2,176.9048309326172
Our model,2,134.19384765625
Our model,2,183.71791076660156
Our model,2,192.03964233398438
Our model,2,151.8145751953125
Our model,2,149.30438232421875
Our model,2,148.13375854492188
Our model,2,144.4770050048828
Our model,2,158.87997436523438
Our model,2,184.48255920410156
Our model,2,142.3892364501953
Our model,2,178.68081665039062
Our model,2,156.7360382080078
Our model,2,180.0573272705078
Our model,2,187.86767578125
Our model,2,209.84568786621094
Our model,2,177.5173797607422
Our model,2,224.59063720703125
Our model,2,174.4711456298828
Our model,2,165.68495178222656
Our model,2,160.9312744140625
Our model,2,145.3689727783203
Our model,2,138.7143096923828
Our model,2,238.62246704101562
Our model,2,250.05409240722656
Our model,2,139.04295349121094
Our model,2,141.71273803710938
Our model,2,140.26548767089844
Our model,2,247.4213409423828
Our model,2,116.98250579833984
Our model,2,275.7912902832031
Our model,2,163.61233520507812
Our model,2,169.2136688232422
Our model,2,167.93975830078125
Our model,2,172.98193359375
Our model,2,144.51882934570312
Our model,2,150.09165954589844
Our model,2,195.99789428710938
Our model,2,202.0352325439453
Our model,2,133.78179931640625
Our model,2,146.88717651367188
Our model,2,127.23394775390625
Our model,2,137.31356811523438
Our model,2,110.73099517822266
Our model,2,170.77664184570312
Our model,2,191.4837188720703
Our model,2,139.9220733642578
Our model,2,165.90304565429688
Our model,2,210.71839904785156
Our model,2,203.4368133544922
Our model,2,178.903076171875
Our model,2,146.2522735595703
Our model,2,162.94784545898438
Our model,2,204.1409912109375
Our model,2,181.53172302246094
Our model,2,107.59496307373047
Our model,2,127.77377319335938
Our model,2,136.69764709472656
Our model,2,132.70755004882812
Our model,2,593.9613037109375
Our model,2,538.94677734375
Our model,2,520.3660888671875
Our model,2,399.92822265625
Our model,2,415.84686279296875
Our model,2,387.662109375
Our model,2,161.4910430908203
Our model,2,146.3494873046875
Our model,2,161.41476440429688
Our model,2,123.27200317382812
Our model,2,115.22718811035156
Our model,2,135.25601196289062
Our model,2,163.18141174316406
Our model,2,172.31814575195312
Our model,2,148.69252014160156
Our model,2,112.1990966796875
Our model,2,136.1343994140625
Our model,2,153.79188537597656
Our model,2,161.4068145751953
Our model,2,180.15121459960938
Our model,2,142.4252471923828
Our model,2,153.5499267578125
Our model,2,137.73252868652344
Our model,2,158.7460479736328
Our model,2,121.91749572753906
Our model,2,116.96007537841797
Our model,2,153.12644958496094
Our model,2,131.06771850585938
Our model,2,189.15188598632812
Our model,2,180.86602783203125
Our model,2,207.0399627685547
Our model,2,137.01527404785156
Our model,2,186.4116973876953
Our model,2,146.15615844726562
Our model,2,183.25650024414062
Our model,2,151.00515747070312
Our model,2,166.06619262695312
Our model,2,115.76520538330078
Our model,2,141.3601531982422
Our model,2,183.3576202392578
Our model,2,155.0245361328125
Our model,2,149.8597412109375
Our model,2,172.86898803710938
Our model,2,167.81764221191406
Our model,2,145.06756591796875
Our model,2,172.06643676757812
Our model,2,178.8192901611328
Our model,2,138.841796875
Our model,2,231.76634216308594
Our model,2,198.40574645996094
Our model,2,144.67552185058594
Our model,2,148.7259979248047
Our model,2,170.50570678710938
Our model,2,163.22996520996094
Our model,2,130.8179931640625
Our model,2,295.2289733886719
Our model,2,268.087890625
Our model,2,194.0305633544922
Our model,2,143.46917724609375
Our model,2,137.29811096191406
Our model,2,138.21237182617188
Our model,2,308.52618408203125
Our model,2,288.60906982421875
Our model,2,242.6168975830078
Our model,2,128.67388916015625
Our model,2,174.10675048828125
Our model,2,269.24505615234375
Our model,2,149.463623046875
Our model,2,154.2522735595703
Our model,2,158.13978576660156
Our model,2,200.08969116210938
Our model,2,173.67202758789062
Our model,2,172.85472106933594
Our model,2,144.7734375
Our model,2,172.88377380371094
Our model,2,200.69155883789062
Our model,2,174.1917724609375
Our model,2,150.7499542236328
Our model,2,133.3463592529297
Our model,2,185.35263061523438
Our model,2,147.02511596679688
Our model,2,179.8941192626953
Our model,2,164.37213134765625
Our model,2,165.3880615234375
Our model,2,188.983154296875
Our model,2,225.68338012695312
Our model,2,197.156982421875
Our model,2,190.4153289794922
Our model,2,167.1781005859375
Our model,2,134.36038208007812
Our model,2,132.51719665527344
Our model,2,139.39788818359375
Our model,2,173.47299194335938
Our model,2,128.8979949951172
Our model,2,155.27413940429688
Our model,2,168.61558532714844
Our model,2,143.18603515625
Our model,2,182.4327850341797
Our model,2,175.20603942871094
Our model,2,184.9192352294922
Our model,2,176.537109375
Our model,2,135.5296630859375
Our model,2,142.26904296875
Our model,2,198.8301544189453
Our model,2,187.3797149658203
Our model,2,170.00909423828125
Our model,2,117.28401184082031
Our model,2,139.0895233154297
Our model,2,208.14910888671875
Our model,2,232.1848602294922
Our model,2,179.8770751953125
Our model,2,176.2948760986328
Our model,2,166.4798126220703
Our model,2,170.76646423339844
Our model,2,144.70758056640625
Our model,2,169.1139373779297
Our model,2,201.94699096679688
Our model,2,228.09674072265625
Our model,2,133.84634399414062
Our model,2,128.19247436523438
Our model,2,118.07762145996094
Our model,2,165.5725555419922
Our model,2,151.8636016845703
Our model,2,164.37564086914062
Our model,2,187.82484436035156
Our model,2,158.583740234375
Our model,2,168.96121215820312
Our model,2,158.03692626953125
Our model,2,149.04759216308594
Our model,2,219.19903564453125
Our model,2,182.50357055664062
Our model,2,130.39308166503906
Our model,2,135.8077850341797
Our model,2,186.59732055664062
Our model,2,187.85125732421875
Our model,2,117.1854248046875
Our model,2,151.97320556640625
Our model,2,391.5569763183594
Our model,2,375.6474609375
Our model,2,439.5110778808594
Our model,2,143.3719024658203
Our model,2,143.70205688476562
Our model,2,128.6884307861328
Our model,2,135.02401733398438
Our model,2,156.7481689453125
Our model,2,149.34059143066406
Our model,2,130.65121459960938
Our model,2,166.09451293945312
Our model,2,149.78150939941406
Our model,2,141.19845581054688
Our model,2,148.70755004882812
Our model,2,167.66976928710938
Our model,2,154.4619903564453
Our model,2,220.34423828125
Our model,2,161.8025665283203
Our model,2,180.33912658691406
Our model,2,146.19749450683594
Our model,2,143.8842010498047
Our model,2,148.26133728027344
Our model,2,168.42054748535156
Our model,2,150.19313049316406
Our model,2,192.79156494140625
Our model,2,137.058349609375
Our model,2,176.3780059814453
Our model,2,189.7530517578125
Our model,2,170.22923278808594
Our model,2,147.6595916748047
Our model,2,160.06582641601562
Our model,2,168.66021728515625
Our model,2,155.11642456054688
Our model,2,138.33949279785156
Our model,2,164.3206787109375
Our model,2,182.2950897216797
Our model,2,135.7449951171875
Our model,2,146.2360382080078
Our model,2,137.62889099121094
Our model,2,136.02017211914062
Our model,2,118.0792465209961
Our model,2,173.0218505859375
Our model,2,173.24403381347656
Our model,2,156.531982421875
Our model,2,161.3306884765625
Our model,2,181.6566925048828
Our model,2,152.12417602539062
Our model,2,185.79188537597656
Our model,2,139.0285186767578
Our model,2,188.47434997558594
Our model,2,141.08067321777344
Our model,2,161.02479553222656
Our model,2,152.36019897460938
Our model,2,135.9757080078125
Our model,2,163.86468505859375
Our model,2,146.9947967529297
Our model,2,157.2705841064453
Our model,2,125.32310485839844
Our model,2,157.3242950439453
Our model,2,161.39398193359375
Our model,2,172.05667114257812
Our model,2,144.29470825195312
Our model,2,151.51869201660156
Our model,2,168.87252807617188
Our model,2,195.47412109375
Our model,2,169.4705352783203
Our model,2,111.96461486816406
Our model,2,151.2465362548828
Our model,2,144.64254760742188
Our model,2,157.27601623535156
Our model,2,206.65357971191406
Our model,2,155.26185607910156
Our model,2,143.1995391845703
Our model,2,137.09957885742188
Our model,2,123.22097778320312
Our model,2,132.28201293945312
Our model,2,193.14544677734375
Our model,2,197.6934051513672
Our model,2,130.3498992919922
Our model,2,139.72967529296875
Our model,2,166.6237030029297
Our model,2,195.4887237548828
Our model,2,133.5834503173828
Our model,2,173.9875946044922
Our model,2,191.7313995361328
Our model,2,121.6139907836914
Our model,2,139.1378631591797
Our model,2,172.9418487548828
Our model,2,168.7013397216797
Our model,2,155.60861206054688
Our model,2,151.49935913085938
Our model,2,228.41773986816406
Our model,2,151.48623657226562
Our model,2,144.34226989746094
Our model,2,134.17684936523438
Our model,2,175.44505310058594
Our model,2,152.13058471679688
Our model,2,177.8883514404297
Our model,2,137.1175079345703
Our model,2,144.58106994628906
Our model,2,192.09864807128906
Our model,2,135.4915313720703
Our model,2,162.15798950195312
Our model,2,145.5704803466797
Our model,2,181.05441284179688
Our model,2,160.7849578857422
Our model,2,135.78607177734375
Our model,2,104.32909393310547
Our model,2,174.7560577392578
Our model,2,186.0117645263672
Our model,2,139.46939086914062
Our model,2,157.9898681640625
Our model,2,259.08135986328125
Our model,2,142.640625
Our model,2,148.3943634033203
Our model,2,198.95925903320312
Our model,2,204.3455810546875
Our model,2,144.7626190185547
Our model,2,253.00360107421875
Our model,2,313.2196044921875
Our model,2,134.41883850097656
Our model,2,162.82940673828125
Our model,2,128.8347930908203
Our model,2,140.3970184326172
Our model,2,168.98870849609375
Our model,2,174.55751037597656
Our model,2,196.06832885742188
Our model,2,154.22091674804688
Our model,2,195.92587280273438
Our model,2,157.4860076904297
Our model,2,175.4259033203125
Our model,2,168.62078857421875
Our model,2,153.0904083251953
Our model,2,182.87606811523438
Our model,2,139.7263641357422
Our model,2,133.10044860839844
Our model,2,170.53836059570312
Our model,2,141.7061767578125
Our model,2,133.06016540527344
Our model,2,213.8065185546875
Our model,2,151.45811462402344
Our model,2,146.40640258789062
Our model,2,168.94622802734375
Our model,2,187.20108032226562
Our model,2,191.31187438964844
Our model,2,147.59048461914062
Our model,2,147.87722778320312
Our model,2,210.87265014648438
Our model,2,151.4182586669922
Our model,2,136.91798400878906
Our model,2,138.48428344726562
Our model,2,152.04556274414062
Our model,2,116.4920425415039
Our model,2,153.13821411132812
Our model,2,134.59535217285156
Our model,2,148.29832458496094
Our model,2,172.1078643798828
Our model,2,167.56069946289062
Our model,2,174.89434814453125
Our model,2,161.12091064453125
Our model,2,116.5499267578125
Our model,2,170.92550659179688
Our model,2,244.6757049560547
Our model,2,252.981689453125
Our model,2,138.73602294921875
Our model,2,156.8000030517578
Our model,2,174.83299255371094
Our model,2,154.64154052734375
Our model,2,181.16506958007812
Our model,2,194.15126037597656
Our model,2,484.32684326171875
Our model,2,294.35174560546875
Our model,2,174.80551147460938
Our model,2,157.0983123779297
Our model,2,125.55781555175781
Our model,2,155.4776611328125
Our model,2,313.174560546875
Our model,2,295.6910095214844
Our model,2,550.8912963867188
Our model,2,150.2558135986328
Our model,2,152.2336883544922
Our model,2,581.9992065429688
Our model,2,221.4533233642578
Our model,2,190.2316131591797
Our model,2,180.16954040527344
Our model,2,182.80624389648438
Our model,2,226.1688690185547
Our model,2,158.2152557373047
Our model,2,161.91476440429688
Our model,2,162.3394775390625
Our model,2,182.10256958007812
Our model,2,141.26841735839844
Our model,2,172.6141815185547
Our model,2,170.3128662109375
Our model,2,156.50836181640625
Our model,2,142.58241271972656
Our model,2,167.87411499023438
Our model,2,131.53758239746094
Our model,2,154.31036376953125
Our model,2,145.2382049560547
Our model,2,166.45921325683594
Our model,2,142.3033447265625
Our model,2,161.19700622558594
Our model,2,177.5792694091797
Our model,2,174.6319122314453
Our model,2,115.01289367675781
Our model,2,127.52564239501953
Our model,2,144.2395782470703
Our model,2,163.77012634277344
Our model,2,198.15585327148438
Our model,2,147.60772705078125
Our model,2,161.74398803710938
Our model,2,167.1321258544922
Our model,2,172.06002807617188
Our model,2,189.2981719970703
Our model,2,176.5842742919922
Our model,2,166.42430114746094
Our model,2,150.5636749267578
Our model,2,149.867919921875
Our model,2,172.8466033935547
Our model,2,159.91567993164062
Our model,2,159.623046875
Our model,2,170.1785430908203
Our model,2,168.65771484375
Our model,2,169.39230346679688
Our model,2,165.17098999023438
Our model,2,155.05853271484375
Our model,2,185.18296813964844
Our model,2,201.3517303466797
Our model,2,215.37088012695312
Our model,2,152.38111877441406
Our model,2,230.08905029296875
Our model,2,148.6182098388672
Our model,2,193.7437744140625
Our model,2,149.7099151611328
Our model,2,238.1584930419922
Our model,2,209.35055541992188
Our model,2,215.02569580078125
Our model,2,199.2244873046875
Our model,2,149.43392944335938
Our model,2,181.85699462890625
Our model,2,160.2940216064453
Our model,2,159.20408630371094
Our model,2,179.0857391357422
Our model,2,216.22471618652344
Our model,2,173.15162658691406
Our model,2,204.90541076660156
Our model,2,135.68997192382812
Our model,2,128.38279724121094
Our model,2,157.76333618164062
Our model,2,158.57505798339844
Our model,2,161.47776794433594
Our model,2,172.0714874267578
Our model,2,165.48001098632812
Our model,2,140.21249389648438
Our model,2,135.15232849121094
Our model,2,144.78956604003906
Our model,2,188.70672607421875
Our model,2,170.9895477294922
Our model,2,117.4115219116211
Our model,2,139.08218383789062
Our model,2,142.38589477539062
Our model,2,158.46983337402344
Our model,2,134.71011352539062
Our model,2,121.76858520507812
Our model,2,122.87086486816406
Our model,2,149.6555938720703
Our model,2,148.1224365234375
Our model,2,133.77920532226562
Our model,2,99.12293243408203
Our model,2,153.40953063964844
Our model,2,178.6097412109375
Our model,2,160.69764709472656
Our model,2,133.87754821777344
Our model,2,162.17417907714844
Our model,2,176.10340881347656
Our model,2,166.4174041748047
Our model,2,153.43585205078125
Our model,2,143.72201538085938
Our model,2,128.8543701171875
Our model,2,157.5459442138672
Our model,2,176.17953491210938
Our model,2,142.46408081054688
Our model,2,131.66497802734375
Our model,2,160.84127807617188
Our model,2,159.53298950195312
Our model,2,151.8755340576172
Our model,2,111.49679565429688
Our model,2,132.06056213378906
Our model,2,159.01170349121094
Our model,2,143.55189514160156
Our model,2,268.37158203125
Our model,2,219.01821899414062
Our model,2,265.43487548828125
Our model,2,165.4305419921875
Our model,2,151.69290161132812
Our model,2,127.96757507324219
Our model,2,150.85507202148438
Our model,2,196.02684020996094
Our model,2,136.6305694580078
Our model,2,156.11441040039062
Our model,2,119.01006317138672
Our model,2,182.07138061523438
Our model,2,130.05943298339844
Our model,2,182.2176055908203
Our model,2,197.49574279785156
Our model,2,165.4962921142578
Our model,2,172.04168701171875
Our model,2,157.51803588867188
Our model,2,162.16952514648438
Our model,2,173.236572265625
Our model,2,138.3990936279297
Our model,2,176.35403442382812
Our model,2,142.4692840576172
Our model,2,182.60116577148438
Our model,2,157.4110565185547
Our model,2,145.5169677734375
Our model,2,185.41331481933594
Our model,2,156.56137084960938
Our model,2,170.2766876220703
Our model,2,153.6184844970703
Our model,2,167.38186645507812
Our model,2,129.5111541748047
Our model,2,152.66383361816406
Our model,2,121.80293273925781
Our model,2,184.7152862548828
Our model,2,213.26702880859375
Our model,2,245.62313842773438
Our model,2,159.04344177246094
Our model,2,141.38624572753906
Our model,2,167.19754028320312
Our model,2,138.15711975097656
Our model,2,141.83096313476562
Our model,2,167.81173706054688
Our model,2,162.45663452148438
Our model,2,150.1894073486328
Our model,2,158.93214416503906
Our model,2,289.20098876953125
Our model,2,142.4617919921875
Our model,2,153.1444854736328
Our model,2,120.58181762695312
Our model,2,212.47897338867188
Our model,2,131.02325439453125
Our model,2,235.6311798095703
Our model,2,188.00099182128906
Our model,2,155.0266571044922
Our model,2,149.8841552734375
Our model,2,178.11573791503906
Our model,2,192.0298614501953
Our model,2,289.6244201660156
Our model,2,173.46316528320312
Our model,2,166.84393310546875
Our model,2,191.2291717529297
Our model,2,284.246826171875
Our model,2,122.57170867919922
Our model,2,162.44076538085938
Our model,2,316.53680419921875
Our model,2,166.0269012451172
Our model,2,163.7640838623047
Our model,2,151.66859436035156
Our model,2,166.0421600341797
Our model,2,227.1226806640625
Our model,2,185.7593994140625
Our model,2,161.222412109375
Our model,2,141.263427734375
Our model,2,186.54647827148438
Our model,2,183.59747314453125
Our model,2,154.62232971191406
Our model,2,130.83131408691406
Our model,2,183.7022247314453
Our model,2,142.66612243652344
Our model,2,219.48953247070312
Our model,2,239.75315856933594
Our model,2,204.68455505371094
Our model,2,211.2871856689453
Our model,2,211.9792022705078
Our model,2,187.21774291992188
Our model,2,140.67356872558594
Our model,2,153.44784545898438
Our model,2,154.23902893066406
Our model,2,218.45040893554688
Our model,2,186.9886016845703
Our model,2,116.12545776367188
Our model,2,126.19861602783203
Our model,2,150.9534149169922
Our model,2,127.9482650756836
Our model,2,246.94198608398438
Our model,2,181.37158203125
Our model,2,175.5972442626953
Our model,2,173.9331817626953
Our model,2,168.88827514648438
Our model,2,150.44955444335938
Our model,2,158.5057373046875
Our model,2,218.6404571533203
Our model,2,145.70913696289062
Our model,2,135.45245361328125
Our model,2,122.5672378540039
Our model,2,138.3197021484375
Our model,2,132.05592346191406
Our model,2,154.52195739746094
Our model,2,166.61573791503906
Our model,2,171.6104736328125
Our model,2,142.6871795654297
Our model,2,161.5452880859375
Our model,2,208.32460021972656
Our model,2,223.99307250976562
Our model,2,143.40667724609375
Our model,2,176.53091430664062
Our model,2,193.08363342285156
Our model,2,215.3913116455078
Our model,2,161.24388122558594
Our model,2,171.2396240234375
Our model,2,268.3147277832031
Our model,2,140.39088439941406
Our model,2,164.24740600585938
Our model,2,243.96205139160156
Our model,2,162.3350067138672
Our model,2,164.66136169433594
Our model,2,260.0411376953125
Our model,2,156.5787811279297
Our model,2,268.8612976074219
Our model,2,200.62623596191406
Our model,2,256.8848876953125
Our model,2,157.89901733398438
Our model,2,258.99725341796875
Our model,2,263.01251220703125
Our model,2,266.9217834472656
Our model,2,151.1156463623047
Our model,2,150.7381134033203
Our model,2,149.42420959472656
Our model,2,173.08070373535156
Our model,2,181.69837951660156
Our model,2,198.5479278564453
Our model,2,143.0863800048828
Our model,2,128.93777465820312
Our model,2,132.74349975585938
Our model,2,184.93312072753906
Our model,2,137.30181884765625
Our model,2,139.1493682861328
Our model,2,99.249267578125
Our model,2,171.41998291015625
Our model,2,136.86109924316406
Our model,2,185.65194702148438
Our model,2,202.17286682128906
Our model,2,177.68145751953125
Our model,2,159.459716796875
Our model,2,186.30923461914062
Our model,2,150.06484985351562
Our model,2,210.417236328125
Our model,2,148.91552734375
Our model,2,148.85687255859375
Our model,2,113.83678436279297
Our model,2,212.40419006347656
Our model,2,217.3997802734375
Our model,2,162.1398162841797
Our model,2,177.99156188964844
Our model,2,181.40216064453125
Our model,2,141.50355529785156
Our model,2,148.6063232421875
Our model,2,165.2007293701172
Our model,2,207.73243713378906
Our model,2,158.05636596679688
Our model,2,148.60012817382812
Our model,2,166.93626403808594
Our model,2,150.2833709716797
Our model,2,141.78245544433594
Our model,2,123.73837280273438
Our model,2,134.6970977783203
Our model,2,162.08555603027344
Our model,2,143.8439483642578
Our model,2,162.05686950683594
Our model,2,140.81504821777344
Our model,2,134.7373046875
Our model,2,243.74282836914062
Our model,2,173.56919860839844
Our model,2,166.13685607910156
Our model,2,149.6656494140625
Our model,2,176.0515594482422
Our model,2,245.51622009277344
Our model,2,242.31246948242188
Our model,2,133.86663818359375
Our model,2,160.38302612304688
Our model,2,199.2338104248047
Our model,2,193.42868041992188
Our model,2,149.31253051757812
Our model,2,172.86981201171875
Our model,2,138.9027557373047
Our model,2,167.66787719726562
Our model,2,171.13973999023438
Our model,2,233.7984161376953
Our model,2,199.18869018554688
Our model,2,145.9206085205078
Our model,2,152.9811248779297
Our model,2,161.5890350341797
Our model,2,147.6879425048828
Our model,2,217.62799072265625
Our model,2,231.05740356445312
Our model,2,165.8838653564453
Our model,2,180.64759826660156
Our model,2,138.5308837890625
Our model,2,132.90438842773438
Our model,2,193.76797485351562
Our model,2,199.8736114501953
Our model,2,169.7372283935547
Our model,2,154.6165008544922
Our model,2,220.0102081298828
Our model,2,138.3022918701172
Our model,2,139.9301300048828
Our model,2,149.17921447753906
Our model,2,159.25473022460938
Our model,2,138.51068115234375
Our model,2,140.88674926757812
Our model,2,150.55307006835938
Our model,2,170.41427612304688
Our model,2,160.80967712402344
Our model,2,177.73878479003906
Our model,2,142.22509765625
Our model,2,178.70721435546875
Our model,2,175.72174072265625
Our model,2,174.2503662109375
Our model,2,144.51568603515625
Our model,2,173.5911102294922
Our model,2,184.60260009765625
Our model,2,202.2665557861328
Our model,2,155.2842254638672
Our model,2,210.5599822998047
Our model,2,144.9630584716797
Our model,2,129.94566345214844
Our model,2,135.5095977783203
Our model,2,193.33053588867188
Our model,2,222.93246459960938
Our model,2,173.10501098632812
Our model,2,128.81182861328125
Our model,2,172.72317504882812
Our model,2,197.65867614746094
Our model,2,172.81747436523438
Our model,2,117.9411392211914
Our model,2,165.64012145996094
Our model,2,153.3555145263672
Our model,2,185.1585235595703
Our model,2,159.84178161621094
Our model,2,159.80047607421875
Our model,2,139.02122497558594
Our model,2,179.5371551513672
Our model,2,191.02459716796875
Our model,2,164.16567993164062
Our model,2,173.89466857910156
Our model,2,154.52658081054688
Our model,2,161.40548706054688
Our model,2,150.5536346435547
Our model,2,152.69952392578125
Our model,2,135.78878784179688
Our model,2,151.40200805664062
Our model,2,152.78549194335938
Our model,2,162.07205200195312
Our model,2,155.99252319335938
Our model,2,747.9843139648438
Our model,2,160.19857788085938
Our model,2,201.2973175048828
Our model,2,149.299072265625
Our model,2,149.2102813720703
Our model,2,147.36720275878906
Our model,2,149.4895477294922
Our model,2,156.601318359375
Our model,2,742.2308959960938
Our model,2,134.2689208984375
Our model,2,165.76931762695312
Our model,2,790.855224609375
Our model,2,206.39295959472656
Our model,2,147.87921142578125
Our model,2,168.751220703125
Our model,2,162.3787841796875
Our model,2,155.9375
Our model,2,132.3660888671875
Our model,2,187.69529724121094
Our model,2,204.10255432128906
Our model,2,173.17555236816406
Our model,2,136.9707489013672
Our model,2,128.43472290039062
Our model,2,170.59600830078125
Our model,2,165.5664520263672
Our model,2,200.193603515625
Our model,2,190.68984985351562
Our model,2,175.19729614257812
Our model,2,157.63026428222656
Our model,2,137.9139862060547
Our model,2,147.40142822265625
Our model,2,151.01358032226562
Our model,2,143.8039093017578
Our model,2,147.6814422607422
Our model,2,137.38818359375
Our model,2,153.90243530273438
Our model,2,127.64771270751953
Our model,2,177.4351348876953
Our model,2,145.7793426513672
Our model,2,144.71185302734375
Our model,2,156.74005126953125
Our model,2,140.15968322753906
Our model,2,140.50315856933594
Our model,2,161.9996795654297
Our model,2,156.00384521484375
Our model,2,184.57415771484375
Our model,2,137.87648010253906
Our model,2,137.41075134277344
Our model,2,160.48831176757812
Our model,2,181.06719970703125
Our model,2,175.0413360595703
Our model,2,179.78314208984375
Our model,2,130.22608947753906
Our model,2,151.6938934326172
Our model,2,181.8748321533203
Our model,2,188.92010498046875
Our model,2,207.82577514648438
Our model,2,166.36477661132812
Our model,2,183.9019775390625
Our model,2,199.47076416015625
Our model,2,188.9466552734375
Our model,2,143.95277404785156
Our model,2,135.20899963378906
Our model,2,246.0712127685547
Our model,2,139.25900268554688
Our model,2,171.30706787109375
Our model,2,152.27386474609375
Our model,2,182.3678436279297
Our model,2,193.15794372558594
Our model,2,174.30247497558594
Our model,2,181.0032958984375
Our model,2,167.92491149902344
Our model,2,166.1417236328125
Our model,2,160.7346954345703
Our model,2,194.77879333496094
Our model,2,175.32069396972656
Our model,2,133.07212829589844
Our model,2,200.51153564453125
Our model,2,195.47579956054688
Our model,2,156.4632110595703
Our model,2,142.04505920410156
Our model,2,172.0260009765625
Our model,2,175.72650146484375
Our model,2,140.01438903808594
Our model,2,116.63561248779297
Our model,2,138.043701171875
Our model,2,143.9822540283203
Our model,2,140.88429260253906
Our model,2,153.11477661132812
Our model,2,142.2681884765625
Our model,2,105.71771240234375
Our model,2,149.76837158203125
Our model,2,389.98040771484375
Our model,2,410.1013488769531
Our model,2,392.96966552734375
Our model,2,200.9085235595703
Our model,2,135.98336791992188
Our model,2,139.92477416992188
Our model,2,135.66558837890625
Our model,2,217.07635498046875
Our model,2,155.81607055664062
Our model,2,194.8199462890625
Our model,2,144.98561096191406
Our model,2,183.66102600097656
Our model,2,177.83201599121094
Our model,2,182.49942016601562
Our model,2,147.0135955810547
Our model,2,178.55897521972656
Our model,2,275.61468505859375
Our model,2,162.53353881835938
Our model,2,130.07443237304688
Our model,2,154.92681884765625
Our model,2,197.33721923828125
Our model,2,155.0709228515625
Our model,2,270.4176025390625
Our model,2,148.60853576660156
Our model,2,131.45587158203125
Our model,2,179.32186889648438
Our model,2,179.36378479003906
Our model,2,179.0779266357422
Our model,2,160.7889862060547
Our model,2,158.9991455078125
Our model,2,152.95083618164062
Our model,2,141.14059448242188
Our model,2,146.1168975830078
Our model,2,185.70791625976562
Our model,2,152.46913146972656
Our model,2,172.57974243164062
Our model,2,129.39866638183594
Our model,2,164.7348175048828
Our model,2,168.67684936523438
Our model,2,184.4709014892578
Our model,2,188.92779541015625
Our model,2,196.55819702148438
Our model,2,138.36097717285156
Our model,2,112.27225494384766
Our model,2,138.485595703125
Our model,2,187.24415588378906
Our model,2,163.42323303222656
Our model,2,132.7022705078125
Our model,2,129.28736877441406
Our model,2,164.07156372070312
Our model,2,160.3009796142578
Our model,2,220.1989288330078
Our model,2,177.36520385742188
Our model,2,778.102294921875
Our model,2,209.28501892089844
Our model,2,168.32803344726562
Our model,2,157.19229125976562
Our model,2,150.7316131591797
Our model,2,143.0876007080078
Our model,2,195.79449462890625
Our model,2,213.21861267089844
Our model,2,754.8252563476562
Our model,2,139.4293212890625
Our model,2,165.9551544189453
Our model,2,795.448486328125
Our model,2,177.4326171875
Our model,2,158.53744506835938
Our model,2,196.55007934570312
Our model,2,188.75099182128906
Our model,2,170.9957275390625
Our model,2,168.78028869628906
Our model,2,146.5621795654297
Our model,2,160.76614379882812
Our model,2,162.38673400878906
Our model,2,170.4927978515625
Our model,2,146.35630798339844
Our model,2,137.34771728515625
Our model,2,174.85617065429688
Our model,2,191.2788543701172
Our model,2,154.97235107421875
Our model,2,186.65817260742188
Our model,2,157.91574096679688
Our model,2,149.80726623535156
Our model,2,275.6774597167969
Our model,2,130.59115600585938
Our model,2,111.07601928710938
Our model,2,198.60775756835938
Our model,2,302.0398864746094
Our model,2,131.5593719482422
Our model,2,210.41610717773438
Our model,2,221.73904418945312
Our model,2,293.3690185546875
Our model,2,148.8358154296875
Our model,2,179.4511260986328
Our model,2,166.70208740234375
Our model,2,227.4195556640625
Our model,2,171.99180603027344
Our model,2,190.32379150390625
Our model,2,147.8866424560547
Our model,2,151.86607360839844
Our model,2,152.90248107910156
Our model,2,163.8061981201172
Our model,2,128.9712677001953
Our model,2,168.41697692871094
Our model,2,129.42593383789062
Our model,2,141.28370666503906
Our model,2,166.95018005371094
Our model,2,163.05548095703125
Our model,2,135.84861755371094
Our model,2,203.68128967285156
Our model,2,203.67213439941406
Our model,2,181.0234832763672
Our model,2,150.5164337158203
Our model,2,132.81686401367188
Our model,2,150.43971252441406
Our model,2,203.73342895507812
Our model,2,149.81492614746094
Our model,2,170.3159637451172
Our model,2,138.7744598388672
Our model,2,163.76585388183594
Our model,2,185.23406982421875
Our model,2,156.61170959472656
Our model,2,140.06459045410156
Our model,2,146.8721923828125
Our model,2,175.2158660888672
Our model,2,185.61830139160156
Our model,2,169.0183563232422
Our model,2,166.42933654785156
Our model,2,161.37144470214844
Our model,2,173.59799194335938
Our model,2,153.1630859375
Our model,2,132.43882751464844
Our model,2,133.93983459472656
Our model,2,140.9987030029297
Our model,2,165.85145568847656
Our model,2,256.4649658203125
Our model,2,175.6878204345703
Our model,2,207.24830627441406
Our model,2,283.8891296386719
Our model,2,322.77093505859375
Our model,2,302.5442810058594
Our model,2,168.498046875
Our model,2,191.7049560546875
Our model,2,148.49185180664062
Our model,2,111.35025024414062
Our model,2,92.65440368652344
Our model,2,127.53889465332031
Our model,2,162.0457000732422
Our model,2,136.571044921875
Our model,2,145.7284698486328
Our model,2,164.98048400878906
Our model,2,208.71548461914062
Our model,2,164.0562286376953
Our model,2,162.43881225585938
Our model,2,161.91412353515625
Our model,2,189.40211486816406
Our model,2,180.95977783203125
Our model,2,155.63182067871094
Our model,2,178.76707458496094
Our model,2,199.06231689453125
Our model,2,213.39979553222656
Our model,2,184.64718627929688
Our model,2,152.51092529296875
Our model,2,137.57830810546875
Our model,2,148.1814422607422
Our model,2,182.00128173828125
Our model,2,160.0955047607422
Our model,2,147.17242431640625
Our model,2,140.35891723632812
Our model,2,123.06309509277344
Our model,2,133.6842803955078
Our model,2,170.6125030517578
Our model,2,152.7445068359375
Our model,2,147.61831665039062
Our model,2,129.02557373046875
Our model,2,160.9672393798828
Our model,2,139.90817260742188
Our model,2,161.667724609375
Our model,2,161.21250915527344
Our model,2,168.12315368652344
Our model,2,183.347900390625
Our model,2,130.694580078125
Our model,2,142.32376098632812
Our model,2,181.4440155029297
Our model,2,137.37841796875
Our model,2,152.70945739746094
Our model,2,124.37100982666016
Our model,2,165.48097229003906
Our model,2,129.13250732421875
Our model,2,146.48016357421875
Our model,2,187.73487854003906
Our model,2,172.41128540039062
Our model,2,161.21478271484375
Our model,2,195.29786682128906
Our model,2,133.14923095703125
Our model,2,454.3846740722656
Our model,2,148.73838806152344
Our model,2,163.54116821289062
Our model,2,142.22677612304688
Our model,2,469.2004089355469
Our model,2,187.09495544433594
Our model,2,512.15625
Our model,2,157.91165161132812
Our model,2,98.93871307373047
Our model,2,135.5680694580078
Our model,2,188.41017150878906
Our model,2,214.8470916748047
Our model,2,198.1359405517578
Our model,2,147.4557342529297
Our model,2,180.5062255859375
Our model,2,147.01681518554688
Our model,2,144.4784698486328
Our model,2,129.91934204101562
Our model,2,124.18087005615234
Our model,2,153.61158752441406
Our model,2,140.92263793945312
Our model,2,186.99964904785156
Our model,2,184.17190551757812
Our model,2,130.60047912597656
Our model,2,224.68359375
Our model,2,155.23648071289062
Our model,2,111.97095489501953
Our model,2,124.46592712402344
Our model,2,183.97433471679688
Our model,2,146.80783081054688
Our model,2,168.55555725097656
Our model,2,172.13937377929688
Our model,2,158.59982299804688
Our model,2,179.89572143554688
Our model,2,229.0760498046875
Our model,2,137.1219024658203
Our model,2,197.9805908203125
Our model,2,181.98216247558594
Our model,2,176.32176208496094
Our model,2,151.88539123535156
Our model,2,186.33746337890625
Our model,2,192.158935546875
Our model,2,196.31336975097656
Our model,2,200.37374877929688
Our model,2,187.356689453125
Our model,2,143.7046661376953
Our model,2,149.2059326171875
Our model,2,211.4363250732422
Our model,2,183.9880828857422
Our model,2,155.86599731445312
Our model,2,143.80722045898438
Our model,2,168.17236328125
Our model,2,172.94894409179688
Our model,2,169.1634521484375
Our model,2,122.2088394165039
Our model,2,136.11839294433594
Our model,2,137.72650146484375
Our model,2,132.9676055908203
Our model,2,136.8590545654297
Our model,2,166.59939575195312
Our model,2,240.3136444091797
Our model,2,158.13711547851562
Our model,2,162.57225036621094
Our model,2,211.14756774902344
Our model,2,146.17434692382812
Our model,2,142.5880126953125
Our model,2,145.52503967285156
Our model,2,144.4912109375
Our model,2,145.50152587890625
Our model,2,143.53756713867188
Our model,2,213.74037170410156
Our model,2,224.71385192871094
Our model,2,158.33189392089844
Our model,2,144.95303344726562
Our model,2,155.3752899169922
Our model,2,180.49169921875
Our model,2,211.1218719482422
Our model,2,141.89341735839844
Our model,2,132.47540283203125
Our model,2,167.9997100830078
Our model,2,202.0026397705078
Our model,2,141.48223876953125
Our model,2,129.34182739257812
Our model,2,134.85154724121094
Our model,2,193.99803161621094
Our model,2,151.05300903320312
Our model,2,163.80706787109375
Our model,2,127.24528503417969
Our model,2,160.94798278808594
Our model,2,135.7827911376953
Our model,2,200.76724243164062
Our model,2,144.2363739013672
Our model,2,158.4844207763672
Our model,2,153.012939453125
Our model,2,114.900146484375
Our model,2,108.55514526367188
Our model,2,161.4907989501953
Our model,2,140.65859985351562
Our model,2,152.33786010742188
Our model,2,135.7623748779297
Our model,2,227.02194213867188
Our model,2,176.1291961669922
Our model,2,151.2786407470703
Our model,2,174.03855895996094
Our model,2,130.03604125976562
Our model,2,202.60789489746094
Our model,2,162.87684631347656
Our model,2,104.43106842041016
Our model,2,197.3451385498047
Our model,2,131.3428955078125
Our model,2,177.884765625
Our model,2,157.5919647216797
Our model,2,139.35252380371094
Our model,2,204.83221435546875
Our model,2,197.7681121826172
Our model,2,184.95199584960938
Our model,2,168.1881561279297
Our model,2,149.98220825195312
Our model,2,151.8036651611328
Our model,2,188.29725646972656
Our model,2,128.26907348632812
Our model,2,182.18405151367188
Our model,2,143.0519561767578
Our model,2,137.33688354492188
Our model,2,200.6804962158203
Our model,2,184.17620849609375
Our model,2,174.51223754882812
Our model,2,152.61019897460938
Our model,2,202.1791534423828
Our model,2,167.591552734375
Our model,2,161.00820922851562
Our model,2,137.7206573486328
Our model,2,145.73704528808594
Our model,2,205.83349609375
Our model,2,146.5876007080078
Our model,2,146.17543029785156
Our model,2,150.39181518554688
Our model,2,190.90049743652344
Our model,2,134.75144958496094
Our model,2,149.28256225585938
Our model,2,127.97858428955078
Our model,2,154.07215881347656
Our model,2,132.9462890625
Our model,2,168.04483032226562
Our model,2,162.81484985351562
Our model,2,162.65029907226562
Our model,2,133.8539276123047
Our model,2,139.78115844726562
Our model,2,154.95851135253906
Our model,2,157.7246856689453
Our model,2,171.53939819335938
Our model,2,140.01934814453125
Our model,2,153.91026306152344
Our model,2,261.9971618652344
Our model,2,215.31521606445312
Our model,2,247.82460021972656
Our model,2,175.58502197265625
Our model,2,168.09689331054688
Our model,2,155.91676330566406
Our model,2,152.97564697265625
Our model,2,173.93284606933594
Our model,2,166.44073486328125
Our model,2,119.84412384033203
Our model,2,147.5171661376953
Our model,2,178.93069458007812
Our model,2,152.80654907226562
Our model,2,129.43829345703125
Our model,2,185.7239532470703
Our model,2,160.6443328857422
Our model,2,189.75160217285156
Our model,2,174.49281311035156
Our model,2,214.7022705078125
Our model,2,149.92881774902344
Our model,2,146.7154541015625
Our model,2,185.48194885253906
Our model,2,194.02696228027344
Our model,2,131.2559814453125
Our model,2,130.93209838867188
Our model,2,161.87738037109375
Our model,2,188.08738708496094
Our model,2,170.1587677001953
Our model,2,185.26817321777344
Our model,2,215.8562469482422
Our model,2,244.83615112304688
Our model,2,204.7415313720703
Our model,2,200.6378936767578
Our model,2,217.44325256347656
Our model,2,138.7862091064453
Our model,2,131.02230834960938
Our model,2,140.863037109375
Our model,2,160.1313018798828
Our model,2,138.65768432617188
Our model,2,131.2628936767578
Our model,2,155.72186279296875
Our model,2,169.70851135253906
Our model,2,167.8730010986328
Our model,2,153.6175994873047
Our model,2,147.23199462890625
Our model,2,165.0994873046875
Our model,2,173.04884338378906
Our model,2,150.56146240234375
Our model,2,181.37391662597656
Our model,2,141.60433959960938
Our model,2,152.7612762451172
Our model,2,158.7107696533203
Our model,2,121.43189239501953
Our model,2,159.24847412109375
Our model,2,166.27159118652344
Our model,2,157.678955078125
Our model,2,204.21803283691406
Our model,2,171.95858764648438
Our model,2,156.34954833984375
Our model,2,219.28831481933594
Our model,2,173.9241180419922
Our model,2,204.31793212890625
Our model,2,145.15318298339844
Our model,2,156.27008056640625
Our model,2,229.12954711914062
Our model,2,173.03823852539062
Our model,2,127.13530731201172
Our model,2,132.9022674560547
Our model,2,219.20376586914062
Our model,2,137.7005615234375
Our model,2,165.05580139160156
Our model,2,151.93350219726562
Our model,2,153.98143005371094
Our model,2,179.1307830810547
Our model,2,187.4109344482422
Our model,2,185.48507690429688
Our model,2,133.69041442871094
Our model,2,167.49130249023438
Our model,2,142.15394592285156
Our model,2,132.5247802734375
Our model,2,107.62906646728516
Our model,2,104.85598754882812
Our model,2,110.84292602539062
Our model,2,149.2786102294922
Our model,2,199.56393432617188
Our model,2,144.97671508789062
Our model,2,152.55165100097656
Our model,2,151.88851928710938
Our model,2,166.46409606933594
Our model,2,139.1820068359375
Our model,2,198.4598846435547
Our model,2,203.56597900390625
Our model,2,178.12301635742188
Our model,2,127.45378112792969
Our model,2,138.43637084960938
Our model,2,123.27049255371094
Our model,2,152.79409790039062
Our model,2,163.02186584472656
Our model,2,243.84706115722656
Our model,2,157.17367553710938
Our model,2,166.63893127441406
Our model,2,169.29541015625
Our model,2,238.73301696777344
Our model,2,165.52703857421875
Our model,2,249.15562438964844
Our model,2,201.77325439453125
Our model,2,213.8294677734375
Our model,2,146.0249481201172
Our model,2,142.0609588623047
Our model,2,156.8632049560547
Our model,2,194.37301635742188
Our model,2,125.71038818359375
Our model,2,154.3513641357422
Our model,2,192.6469268798828
Our model,2,173.8126983642578
Our model,2,200.4435272216797
Our model,2,169.6634063720703
Our model,2,193.42837524414062
Our model,2,202.175048828125
Our model,2,159.33642578125
Our model,2,188.0980987548828
Our model,2,132.14215087890625
Our model,2,211.5469970703125
Our model,2,153.91856384277344
Our model,2,196.79559326171875
Our model,2,156.42666625976562
Our model,2,193.99508666992188
Our model,2,166.18780517578125
Our model,2,194.60501098632812
Our model,2,155.71380615234375
Our model,2,170.98033142089844
Our model,2,148.20909118652344
Our model,2,142.66360473632812
Our model,2,150.1426544189453
Our model,2,132.93186950683594
Our model,2,128.9080810546875
Our model,2,144.3859100341797
Our model,2,140.8440399169922
Our model,2,134.078125
Our model,2,205.06851196289062
Our model,2,252.53689575195312
Our model,2,187.089599609375
Our model,2,194.0680694580078
Our model,2,166.29464721679688
Our model,2,159.20944213867188
Our model,2,201.97286987304688
Our model,2,128.4792022705078
Our model,2,264.8105773925781
Our model,2,165.39437866210938
Our model,2,160.4827117919922
Our model,2,197.53909301757812
Our model,2,158.2917938232422
Our model,2,170.09619140625
Our model,2,174.59671020507812
Our model,2,254.57888793945312
Our model,2,237.5299835205078
Our model,2,232.8902587890625
Our model,2,153.68955993652344
Our model,2,144.3981170654297
Our model,2,145.25428771972656
Our model,2,144.07669067382812
Our model,2,133.33383178710938
Our model,2,118.99049377441406
Our model,2,128.6839141845703
Our model,2,132.68875122070312
Our model,2,130.73312377929688
Our model,2,143.512451171875
Our model,2,163.5501708984375
Our model,2,153.6790008544922
Our model,2,406.3683166503906
Our model,2,132.9300994873047
Our model,2,142.82481384277344
Our model,2,139.81072998046875
Our model,2,410.93499755859375
Our model,2,124.12568664550781
Our model,2,402.1962585449219
Our model,2,188.71131896972656
Our model,2,143.55950927734375
Our model,2,171.65736389160156
Our model,2,175.09010314941406
Our model,2,174.177978515625
Our model,2,240.52914428710938
Our model,2,159.4095001220703
Our model,2,222.2528076171875
Our model,2,146.3936767578125
Our model,2,269.3922119140625
Our model,2,136.84490966796875
Our model,2,153.5083770751953
Our model,2,264.89862060546875
Our model,2,210.06065368652344
Our model,2,134.70172119140625
Our model,2,121.19551086425781
Our model,2,135.92933654785156
Our model,2,164.75698852539062
Our model,2,175.77713012695312
Our model,2,135.66021728515625
Our model,2,152.2541046142578
Our model,2,172.327392578125
Our model,2,164.30152893066406
Our model,2,154.28199768066406
Our model,2,96.5535888671875
Our model,2,156.10055541992188
Our model,2,147.53538513183594
Our model,2,143.23207092285156
Our model,2,168.47109985351562
Our model,2,168.87197875976562
Our model,2,181.0310821533203
Our model,2,193.15988159179688
Our model,2,166.05226135253906
Our model,2,170.3406982421875
Our model,2,182.18531799316406
Our model,2,146.99533081054688
Our model,2,164.14170837402344
Our model,2,179.84213256835938
Our model,2,136.0669403076172
Our model,2,131.71487426757812
Our model,2,171.9338836669922
Our model,2,139.2294921875
Our model,2,183.47622680664062
Our model,2,160.0950927734375
Our model,2,179.07957458496094
Our model,2,137.9122314453125
Our model,2,149.5138397216797
Our model,2,140.78677368164062
Our model,2,132.6822052001953
Our model,2,169.45314025878906
Our model,2,167.755126953125
Our model,2,171.93357849121094
Our model,2,130.41517639160156
Our model,2,155.64920043945312
Our model,2,140.35821533203125
Our model,2,187.2423858642578
Our model,2,171.0701141357422
Our model,2,171.28004455566406
Our model,2,150.28692626953125
Our model,2,179.08651733398438
Our model,2,198.66383361816406
Our model,2,152.6031036376953
Our model,2,163.9161376953125
Our model,2,150.06625366210938
Our model,2,180.5018768310547
Our model,2,142.25779724121094
Our model,2,151.29470825195312
Our model,2,171.4940948486328
Our model,2,123.88050079345703
Our model,2,162.3797607421875
Our model,2,176.218505859375
Our model,2,200.30601501464844
Our model,2,152.69032287597656
Our model,2,194.79026794433594
Our model,2,224.0598602294922
Our model,2,195.54527282714844
Our model,2,138.37571716308594
Our model,2,155.07044982910156
Our model,2,201.96044921875
Our model,2,192.60643005371094
Our model,2,139.49417114257812
Our model,2,135.10464477539062
Our model,2,145.94680786132812
Our model,2,150.9975128173828
Our model,2,186.6500244140625
Our model,2,173.81605529785156
Our model,2,177.6435089111328
Our model,2,181.4153289794922
Our model,2,148.99693298339844
Our model,2,164.9786376953125
Our model,2,130.04132080078125
Our model,2,187.5339813232422
Our model,2,128.00668334960938
Our model,2,131.934814453125
Our model,2,155.00439453125
Our model,2,146.43507385253906
Our model,2,121.07913970947266
Our model,2,145.75123596191406
Our model,2,166.14984130859375
Our model,2,145.14817810058594
Our model,2,206.46124267578125
Our model,2,189.18212890625
Our model,2,181.89239501953125
Our model,2,148.8724365234375
Our model,2,150.9782257080078
Our model,2,154.62181091308594
Our model,2,194.85885620117188
Our model,2,167.14788818359375
Our model,2,142.8665008544922
Our model,2,143.5587615966797
Our model,2,144.0945281982422
Our model,2,164.3126983642578
Our model,2,166.3362274169922
Our model,2,157.15994262695312
Our model,2,174.90548706054688
Our model,2,198.3834228515625
Our model,2,183.61676025390625
Our model,2,177.89024353027344
Our model,2,161.12686157226562
Our model,2,157.91400146484375
Our model,2,161.3163299560547
Our model,2,154.87612915039062
Our model,2,174.42738342285156
Our model,2,159.48867797851562
Our model,2,177.75006103515625
Our model,2,143.56468200683594
Our model,2,144.02548217773438
Our model,2,180.72792053222656
Our model,2,176.58143615722656
Our model,2,174.16455078125
Our model,2,160.2941436767578
Our model,2,139.33444213867188
Our model,2,176.26551818847656
Our model,2,156.84165954589844
Our model,2,176.78091430664062
Our model,2,162.79083251953125
Our model,2,145.72503662109375
Our model,2,178.30824279785156
Our model,2,134.97286987304688
Our model,2,152.1938934326172
Our model,2,168.966796875
Our model,2,156.18618774414062
Our model,2,155.9862060546875
Our model,2,284.8179016113281
Our model,2,296.7366638183594
Our model,2,273.6949768066406
Our model,2,165.43666076660156
Our model,2,151.27867126464844
Our model,2,141.94508361816406
Our model,2,140.96324157714844
Our model,2,137.37353515625
Our model,2,127.43618774414062
Our model,2,142.21063232421875
Our model,2,130.01358032226562
Our model,2,297.2817687988281
Our model,2,261.997802734375
Our model,2,270.7156677246094
Our model,2,123.74767303466797
Our model,2,207.89178466796875
Our model,2,155.9181671142578
Our model,2,157.7410888671875
Our model,2,157.47006225585938
Our model,2,172.69773864746094
Our model,2,123.46607208251953
Our model,2,137.57435607910156
Our model,2,141.99432373046875
Our model,2,160.520751953125
Our model,2,144.5016326904297
Our model,2,171.7176055908203
Our model,2,167.42864990234375
Our model,2,154.68521118164062
Our model,2,138.51251220703125
Our model,2,185.56631469726562
Our model,2,157.56690979003906
Our model,2,194.15890502929688
Our model,2,162.35960388183594
Our model,2,150.4146270751953
Our model,2,120.04773712158203
Our model,2,151.32872009277344
Our model,2,188.39749145507812
Our model,2,132.90243530273438
Our model,2,150.70135498046875
Our model,2,152.6885223388672
Our model,2,146.00498962402344
Our model,2,149.65745544433594
Our model,2,188.68487548828125
Our model,2,178.530517578125
Our model,2,155.24588012695312
Our model,2,144.00270080566406
Our model,2,192.68527221679688
Our model,2,154.35203552246094
Our model,2,148.22283935546875
Our model,2,141.14747619628906
Our model,2,147.365234375
Our model,2,129.88787841796875
Our model,2,204.4734344482422
Our model,2,137.25918579101562
Our model,2,159.88047790527344
Our model,2,195.70889282226562
Our model,2,137.22239685058594
Our model,2,152.34442138671875
Our model,2,198.743408203125
Our model,2,158.12753295898438
Our model,2,145.23312377929688
Our model,2,138.65399169921875
Our model,2,182.2261505126953
Our model,2,164.7977294921875
Our model,2,165.86984252929688
Our model,2,224.16107177734375
Our model,2,238.50791931152344
Our model,2,145.6631622314453
Our model,2,152.93765258789062
Our model,2,189.14022827148438
Our model,2,162.1377410888672
Our model,2,177.43060302734375
Our model,2,172.4929962158203
Our model,2,162.92996215820312
Our model,2,186.72003173828125
Our model,2,170.67681884765625
Our model,2,163.4145050048828
Our model,2,140.2947998046875
Our model,2,141.11392211914062
Our model,2,207.8531951904297
Our model,2,162.05059814453125
Our model,2,150.32293701171875
Our model,2,162.63511657714844
Our model,2,153.17881774902344
Our model,2,157.7116241455078
Our model,2,156.0227508544922
Our model,2,148.0553436279297
Our model,2,161.35211181640625
Our model,2,149.31016540527344
Our model,2,140.33636474609375
Our model,2,122.10010528564453
Our model,2,171.98812866210938
Our model,2,139.5032501220703
Our model,2,96.86174011230469
Our model,2,167.46058654785156
Our model,2,149.9267578125
Our model,2,140.4385986328125
Our model,2,191.73294067382812
Our model,2,193.89260864257812
Our model,2,175.5518035888672
Our model,2,150.91299438476562
Our model,2,119.91635131835938
Our model,2,172.99642944335938
Our model,2,179.288330078125
Our model,2,154.6145782470703
Our model,2,171.1982421875
Our model,2,140.54881286621094
Our model,2,149.7262420654297
Our model,2,146.26873779296875
Our model,2,135.16883850097656
Our model,2,161.12327575683594
Our model,2,135.80831909179688
Our model,2,99.31932067871094
Our model,2,113.08761596679688
Our model,2,164.4569549560547
Our model,2,171.5498504638672
Our model,2,173.97076416015625
Our model,2,138.7047576904297
Our model,2,165.2109375
Our model,2,186.19073486328125
Our model,2,222.31268310546875
Our model,2,166.86993408203125
Our model,2,155.43386840820312
Our model,2,145.194091796875
Our model,2,147.33392333984375
Our model,2,164.5570831298828
Our model,2,170.9962921142578
Our model,2,276.6806640625
Our model,2,145.27737426757812
Our model,2,153.83152770996094
Our model,2,197.346435546875
Our model,2,263.9869384765625
Our model,2,161.32545471191406
Our model,2,135.58274841308594
Our model,2,185.24990844726562
Our model,2,274.9320373535156
Our model,2,198.26458740234375
Our model,2,157.18133544921875
Our model,2,142.83306884765625
Our model,2,147.2598876953125
Our model,2,194.66018676757812
Our model,2,385.13031005859375
Our model,2,149.68942260742188
Our model,2,148.65921020507812
Our model,2,218.0474853515625
Our model,2,395.2767028808594
Our model,2,144.65859985351562
Our model,2,136.50448608398438
Our model,2,179.77685546875
Our model,2,383.8070373535156
Our model,2,180.5774688720703
Our model,2,154.54579162597656
Our model,2,140.92913818359375
Our model,2,191.25906372070312
Our model,2,154.27850341796875
Our model,2,175.4796142578125
Our model,2,203.90745544433594
Our model,2,147.94248962402344
Our model,2,171.9712677001953
Our model,2,154.39175415039062
Our model,2,168.44949340820312
Our model,2,189.331787109375
Our model,2,163.4486541748047
Our model,2,222.4312744140625
Our model,2,265.79095458984375
Our model,2,147.5726776123047
Our model,2,150.84181213378906
Our model,2,202.5019989013672
Our model,2,188.55368041992188
Our model,2,181.8142547607422
Our model,2,167.6811065673828
Our model,2,126.35612487792969
Our model,2,151.92007446289062
Our model,2,130.5115966796875
Our model,2,118.41822814941406
Our model,2,127.54296875
Our model,2,137.1337127685547
Our model,2,126.93025970458984
Our model,2,171.2765655517578
Our model,2,174.58853149414062
Our model,2,183.75912475585938
Our model,2,173.09841918945312
Our model,2,169.26417541503906
Our model,2,161.05508422851562
Our model,2,151.81625366210938
Our model,2,174.16468811035156
Our model,2,194.72206115722656
Our model,2,143.53311157226562
Our model,2,161.65908813476562
Our model,2,151.35928344726562
Our model,2,142.9452362060547
Our model,2,124.55032348632812
Our model,2,184.28167724609375
Our model,2,169.76852416992188
Our model,2,189.86373901367188
Our model,2,156.81130981445312
Our model,2,257.74285888671875
Our model,2,177.63922119140625
Our model,2,152.10421752929688
Our model,2,134.54269409179688
Our model,2,140.2797088623047
Our model,2,301.8753356933594
Our model,2,236.16197204589844
Our model,2,229.13914489746094
Our model,2,149.51002502441406
Our model,2,178.2300567626953
Our model,2,212.1518096923828
Our model,2,158.23318481445312
Our model,2,160.7358856201172
Our model,2,173.3646697998047
Our model,2,278.161376953125
Our model,2,182.18295288085938
Our model,2,158.270263671875
Our model,2,193.4331817626953
Our model,2,180.4048309326172
Our model,2,281.7848815917969
Our model,2,227.96156311035156
Our model,2,133.22378540039062
Our model,2,126.52901458740234
Our model,2,174.4495849609375
Our model,2,146.88841247558594
Our model,2,352.5953063964844
Our model,2,298.1604919433594
Our model,2,338.1782531738281
Our model,2,118.61070251464844
Our model,2,172.85888671875
Our model,2,148.3715057373047
Our model,2,149.97171020507812
Our model,2,158.7272491455078
Our model,2,170.93052673339844
Our model,2,135.5665283203125
Our model,2,142.3861083984375
Our model,2,136.54542541503906
Our model,2,154.7825164794922
Our model,2,145.61949157714844
Our model,2,155.65097045898438
Our model,2,194.36993408203125
Our model,2,163.101318359375
Our model,2,196.13502502441406
Our model,2,227.85414123535156
Our model,2,172.62904357910156
Our model,2,203.6356964111328
Our model,2,220.9898681640625
Our model,2,233.03021240234375
Our model,2,129.09783935546875
Our model,2,142.72254943847656
Our model,2,138.23777770996094
Our model,2,204.8788299560547
Our model,2,160.45693969726562
Our model,2,157.9573211669922
Our model,2,113.05000305175781
Our model,2,148.89186096191406
Our model,2,173.3258819580078
Our model,2,186.40452575683594
Our model,2,143.99234008789062
Our model,2,146.34078979492188
Our model,2,172.16566467285156
Our model,2,155.03028869628906
Our model,2,133.66366577148438
Our model,2,134.9557647705078
Our model,2,139.49037170410156
Our model,2,153.83363342285156
Our model,2,172.10252380371094
Our model,2,199.83758544921875
Our model,2,156.77877807617188
Our model,2,149.348388671875
Our model,2,233.5364227294922
Our model,2,223.54010009765625
Our model,2,200.3263702392578
Our model,2,176.46170043945312
Our model,2,155.41380310058594
Our model,2,160.993408203125
Our model,2,166.10313415527344
Our model,2,108.91110229492188
Our model,2,157.31497192382812
Our model,2,138.98995971679688
Our model,2,161.29847717285156
Our model,2,222.4655303955078
Our model,2,151.41183471679688
Our model,2,174.3790740966797
Our model,2,188.45614624023438
Our model,2,167.64683532714844
Our model,2,151.4576416015625
Our model,2,139.69964599609375
Our model,2,115.41114807128906
Our model,2,126.53353118896484
Our model,2,121.11332702636719
Our model,2,144.231689453125
Our model,2,222.15005493164062
Our model,2,194.9396514892578
Our model,2,224.12777709960938
Our model,2,199.32177734375
Our model,2,167.74388122558594
Our model,2,137.14974975585938
Our model,2,152.86019897460938
Our model,2,150.14547729492188
Our model,2,185.74822998046875
Our model,2,187.2214813232422
Our model,2,106.76679229736328
Our model,2,143.08998107910156
Our model,2,141.6468505859375
Our model,2,140.8621826171875
Our model,2,182.0714111328125
Our model,2,158.96742248535156
Our model,2,161.75503540039062
Our model,2,187.0508575439453
Our model,2,169.9871368408203
Our model,2,164.906982421875
Our model,2,139.12387084960938
Our model,2,170.25335693359375
Our model,2,164.40138244628906
Our model,2,155.26980590820312
Our model,2,105.31761169433594
Our model,2,208.63949584960938
Our model,2,136.9202880859375
Our model,2,158.08241271972656
Our model,2,180.07037353515625
Our model,2,166.15074157714844
Our model,2,145.45071411132812
Our model,2,175.62936401367188
Our model,2,188.06362915039062
Our model,2,205.57095336914062
Our model,2,149.53086853027344
Our model,2,104.49850463867188
Our model,2,124.1002197265625
Our model,2,179.0030975341797
Our model,2,137.67381286621094
Our model,2,213.0127410888672
Our model,2,191.97203063964844
Our model,2,127.57080841064453
Our model,2,151.5501708984375
Our model,2,160.4794158935547
Our model,2,133.51034545898438
Our model,2,132.80616760253906
Our model,2,165.2564697265625
Our model,2,189.315673828125
Our model,2,137.5246124267578
Our model,2,145.38389587402344
Our model,2,149.94029235839844
Our model,2,153.5926513671875
Our model,2,252.305419921875
Our model,2,160.44970703125
Our model,2,167.7288360595703
Our model,2,175.1341094970703
Our model,2,160.37355041503906
Our model,2,162.54519653320312
Our model,2,154.1806182861328
Our model,2,133.73553466796875
Our model,2,220.66961669921875
Our model,2,175.99009704589844
Our model,2,187.78121948242188
Our model,2,262.9378662109375
Our model,2,128.3043670654297
Our model,2,154.8597869873047
Our model,2,141.1217803955078
Our model,2,145.6402587890625
Our model,2,176.7903289794922
Our model,2,176.07579040527344
Our model,2,156.2337188720703
Our model,2,167.10623168945312
Our model,2,105.3945083618164
Our model,2,121.49394226074219
Our model,2,188.03517150878906
Our model,2,145.4151611328125
Our model,2,155.91909790039062
Our model,2,147.50657653808594
Our model,2,126.72386932373047
Our model,2,194.96653747558594
Our model,2,145.58241271972656
Our model,2,193.0305938720703
Our model,2,178.85568237304688
Our model,2,183.1593017578125
Our model,2,135.7148895263672
Our model,2,129.09886169433594
Our model,2,207.78500366210938
Our model,2,147.42608642578125
Our model,2,177.33082580566406
Our model,2,175.3501434326172
Our model,2,169.4816131591797
Our model,2,153.89060974121094
Our model,2,207.4705047607422
Our model,2,174.10423278808594
Our model,2,139.6661376953125
Our model,2,172.39125061035156
Our model,2,164.7928009033203
Our model,2,175.50942993164062
Our model,2,183.13377380371094
Our model,2,155.2263641357422
Our model,2,183.2834014892578
Our model,2,152.3467559814453
Our model,2,156.7689971923828
Our model,2,124.54470825195312
Our model,2,148.75347900390625
Our model,2,131.77984619140625
Our model,2,174.09584045410156
Our model,2,166.93531799316406
Our model,2,144.36370849609375
Our model,2,145.903564453125
Our model,2,157.60919189453125
Our model,2,190.63031005859375
Our model,2,186.00289916992188
Our model,2,122.077880859375
Our model,2,116.33174896240234
Our model,2,125.60520935058594
Our model,2,149.7276153564453
Our model,2,208.4849090576172
Our model,2,144.6338653564453
Our model,2,156.58694458007812
Our model,2,211.6958465576172
Our model,2,206.36231994628906
Our model,2,183.86810302734375
Our model,2,178.39915466308594
Our model,2,227.26028442382812
Our model,2,114.1476058959961
Our model,2,122.90899658203125
Our model,2,114.23402404785156
Our model,2,148.33351135253906
Our model,2,107.54749298095703
Our model,2,163.33331298828125
Our model,2,173.3004913330078
Our model,2,165.4891357421875
Our model,2,162.08273315429688
Our model,2,171.68572998046875
Our model,2,177.13186645507812
Our model,2,134.5128631591797
Our model,2,171.7337188720703
Our model,2,139.14541625976562
Our model,2,153.37049865722656
Our model,2,121.87117004394531
Our model,2,149.38221740722656
Our model,2,168.75828552246094
Our model,2,125.23079681396484
Our model,2,146.53900146484375
Our model,2,142.05810546875
Our model,2,145.7687225341797
Our model,2,230.94338989257812
Our model,2,280.9739074707031
Our model,2,169.93112182617188
Our model,2,190.80140686035156
Our model,2,153.2407684326172
Our model,2,174.65965270996094
Our model,2,307.09173583984375
Our model,2,280.453857421875
Our model,2,173.93235778808594
Our model,2,144.193115234375
Our model,2,188.89474487304688
Our model,2,142.89219665527344
Our model,2,173.05624389648438
Our model,2,151.0439453125
Our model,2,118.06363677978516
Our model,2,168.36326599121094
Our model,2,241.3784637451172
Our model,2,176.21705627441406
Our model,2,144.21954345703125
Our model,2,153.97061157226562
Our model,2,226.86920166015625
Our model,2,183.7872772216797
Our model,2,274.6349182128906
Our model,2,172.44615173339844
Our model,2,144.7456817626953
Our model,2,172.16595458984375
Our model,2,188.31161499023438
Our model,2,176.0376739501953
Our model,2,197.6554412841797
Our model,2,137.70787048339844
Our model,2,151.2030487060547
Our model,2,208.5774688720703
Our model,2,224.11590576171875
Our model,2,106.06509399414062
Our model,2,146.2914276123047
Our model,2,147.16554260253906
Our model,2,148.49346923828125
Our model,2,159.95249938964844
Our model,2,146.41429138183594
Our model,2,172.95733642578125
Our model,2,164.140625
Our model,2,162.11300659179688
Our model,2,147.2769012451172
Our model,2,157.3641357421875
Our model,2,204.79969787597656
Our model,2,134.30596923828125
Our model,2,128.6793212890625
Our model,2,133.26956176757812
Our model,2,162.98260498046875
Our model,2,124.99270629882812
Our model,2,195.49148559570312
Our model,2,250.49179077148438
Our model,2,152.47076416015625
Our model,2,182.38356018066406
Our model,2,175.26792907714844
Our model,2,242.03097534179688
Our model,2,174.34046936035156
Our model,2,230.59432983398438
Our model,2,155.30523681640625
Our model,2,206.5975799560547
Our model,2,152.02914428710938
Our model,2,135.49256896972656
Our model,2,167.24276733398438
Our model,2,192.24234008789062
Our model,2,157.93399047851562
Our model,2,145.62525939941406
Our model,2,133.0470428466797
Our model,2,213.8276824951172
Our model,2,161.98471069335938
Our model,2,171.64080810546875
Our model,2,241.6251678466797
Our model,2,152.44464111328125
Our model,2,156.67196655273438
Our model,2,231.58189392089844
Our model,2,204.57167053222656
Our model,2,256.9803466796875
Our model,2,172.888427734375
Our model,2,158.49192810058594
Our model,2,150.00059509277344
Our model,2,223.59176635742188
Our model,2,192.48135375976562
Our model,2,178.92430114746094
Our model,2,161.05303955078125
Our model,2,164.80494689941406
Our model,2,205.49734497070312
Our model,2,195.1795196533203
Our model,2,136.97500610351562
Our model,2,139.8125762939453
Our model,2,122.00906372070312
Our model,2,151.97451782226562
Our model,2,165.8180694580078
Our model,2,169.54928588867188
Our model,2,142.96417236328125
Our model,2,169.18678283691406
Our model,2,185.837646484375
Our model,2,170.09779357910156
Our model,2,194.08518981933594
Our model,2,197.32449340820312
Our model,2,153.9923095703125
Our model,2,144.0652313232422
Our model,2,156.8646240234375
Our model,2,136.2139129638672
Our model,2,111.06348419189453
Our model,2,135.134765625
Our model,2,237.91213989257812
Our model,2,159.38040161132812
Our model,2,255.5150604248047
Our model,2,152.7400360107422
Our model,2,137.4595489501953
Our model,2,125.47074890136719
Our model,2,195.7447052001953
Our model,2,178.6776580810547
Our model,2,143.05844116210938
Our model,2,114.64690399169922
Our model,2,197.6459503173828
Our model,2,125.47559356689453
Our model,2,129.7703094482422
Our model,2,171.79534912109375
Our model,2,194.57363891601562
Our model,2,211.03858947753906
Our model,2,195.10061645507812
Our model,2,146.65602111816406
Our model,2,158.0675811767578
Our model,2,162.28469848632812
Our model,2,173.61363220214844
Our model,2,170.3240509033203
Our model,2,135.42405700683594
Our model,2,154.30563354492188
Our model,2,178.02403259277344
Our model,2,136.68441772460938
Our model,2,126.60224914550781
Our model,2,191.20062255859375
Our model,2,152.1663360595703
Our model,2,186.56948852539062
Our model,2,232.96450805664062
Our model,2,261.9454040527344
Our model,2,209.22389221191406
Our model,2,189.31005859375
Our model,2,157.34271240234375
Our model,2,139.48085021972656
Our model,2,201.26507568359375
Our model,2,172.89810180664062
Our model,2,140.0055389404297
Our model,2,136.6129608154297
Our model,2,135.81692504882812
Our model,2,173.98965454101562
Our model,2,186.4512481689453
Our model,2,185.5039520263672
Our model,2,134.44810485839844
Our model,2,178.58444213867188
Our model,2,136.20803833007812
Our model,2,149.8687744140625
Our model,2,152.071044921875
Our model,2,165.11257934570312
Our model,2,178.1675567626953
Our model,2,162.45689392089844
Our model,2,155.1522216796875
Our model,2,164.2040252685547
Our model,2,143.288818359375
Our model,2,179.18072509765625
Our model,2,115.73099517822266
Our model,2,165.19830322265625
Our model,2,155.95668029785156
Our model,2,140.84939575195312
Our model,2,165.9756317138672
Our model,2,162.34901428222656
Our model,2,154.72732543945312
Our model,2,172.5560760498047
Our model,2,152.7931671142578
Our model,2,160.66098022460938
Our model,2,151.05496215820312
Our model,2,131.48318481445312
Our model,2,135.24713134765625
Our model,2,144.26889038085938
Our model,2,166.56204223632812
Our model,2,147.51910400390625
Our model,2,126.89981079101562
Our model,2,168.91476440429688
Our model,2,145.21609497070312
Our model,2,166.3665313720703
Our model,2,162.50653076171875
Our model,2,147.24037170410156
Our model,2,169.35614013671875
Our model,2,172.50088500976562
Our model,2,146.59710693359375
Our model,2,182.29446411132812
Our model,2,144.2823944091797
Our model,2,158.1412353515625
Our model,2,143.51051330566406
Our model,2,140.5789794921875
Our model,2,155.19117736816406
Our model,2,142.58619689941406
Our model,2,147.92660522460938
Our model,2,227.81228637695312
Our model,2,266.2440185546875
Our model,2,265.1076354980469
Our model,2,296.73004150390625
Our model,2,282.0732116699219
Our model,2,299.0265808105469
Our model,2,201.65670776367188
Our model,2,267.2951354980469
Our model,2,141.0658416748047
Our model,2,148.4334716796875
Our model,2,129.7388916015625
Our model,2,152.02198791503906
Our model,2,135.5103759765625
Our model,2,184.8189239501953
Our model,2,188.96298217773438
Our model,2,152.7687225341797
Our model,2,156.32699584960938
Our model,2,147.73817443847656
Our model,2,182.15345764160156
Our model,2,143.30206298828125
Our model,2,183.1885528564453
Our model,2,211.26669311523438
Our model,2,149.92684936523438
Our model,2,132.50831604003906
Our model,2,145.80398559570312
Our model,2,136.17759704589844
Our model,2,164.5511016845703
Our model,2,179.78387451171875
Our model,2,162.20521545410156
Our model,2,160.118408203125
Our model,2,156.12606811523438
Our model,2,223.0511016845703
Our model,2,225.21351623535156
Our model,2,199.1072235107422
Our model,2,107.73436737060547
Our model,2,142.4654083251953
Our model,2,137.9957275390625
Our model,2,135.6466064453125
Our model,2,134.82066345214844
Our model,2,139.61590576171875
Our model,2,128.7470245361328
Our model,2,157.90504455566406
Our model,2,212.849853515625
Our model,2,137.53305053710938
Our model,2,151.24391174316406
Our model,2,200.55078125
Our model,2,152.53504943847656
Our model,2,148.87327575683594
Our model,2,159.14877319335938
Our model,2,170.33058166503906
Our model,2,181.16139221191406
Our model,2,166.4598846435547
Our model,2,124.02476501464844
Our model,2,146.4583282470703
Our model,2,140.7655487060547
Our model,2,164.26095581054688
Our model,2,161.02381896972656
Our model,2,131.57981872558594
Our model,2,171.6656494140625
Our model,2,145.57223510742188
Our model,2,163.803955078125
Our model,2,225.48818969726562
Our model,2,182.07705688476562
Our model,2,188.6844024658203
Our model,2,141.84385681152344
Our model,2,237.12847900390625
Our model,2,144.88853454589844
Our model,2,195.4501190185547
Our model,2,264.08892822265625
Our model,2,184.41387939453125
Our model,2,181.5518798828125
Our model,2,135.3697509765625
Our model,2,138.2497100830078
Our model,2,144.0233917236328
Our model,2,187.4343719482422
Our model,2,148.77243041992188
Our model,2,141.6902618408203
Our model,2,111.00105285644531
Our model,2,126.10880279541016
Our model,2,122.1907730102539
Our model,2,150.27294921875
Our model,2,148.4580078125
Our model,2,134.64324951171875
Our model,2,154.5379638671875
Our model,2,153.810302734375
Our model,2,238.30300903320312
Our model,2,141.05874633789062
Our model,2,149.42552185058594
Our model,2,212.77798461914062
Our model,2,241.5028839111328
Our model,2,140.74688720703125
Our model,2,119.38074493408203
Our model,2,191.84812927246094
Our model,2,253.38461303710938
Our model,2,219.65673828125
Our model,2,269.05181884765625
Our model,2,132.8815460205078
Our model,2,129.45960998535156
Our model,2,176.0812225341797
Our model,2,121.48445129394531
Our model,2,179.48617553710938
Our model,2,266.9632263183594
Our model,2,299.2948303222656
Our model,2,142.37640380859375
Our model,2,138.89634704589844
Our model,2,127.74955749511719
Our model,2,146.6667938232422
Our model,2,148.70046997070312
Our model,2,153.4119110107422
Our model,2,152.7267608642578
Our model,2,187.37803649902344
Our model,2,210.07740783691406
Our model,2,150.63893127441406
Our model,2,163.24246215820312
Our model,2,147.16375732421875
Our model,2,190.24903869628906
Our model,2,155.05166625976562
Our model,2,127.70897674560547
Our model,2,135.86802673339844
Our model,2,150.5666961669922
Our model,2,192.87232971191406
Our model,2,144.6498565673828
Our model,2,165.82052612304688
Our model,2,164.11740112304688
Our model,2,179.22201538085938
Our model,2,157.49578857421875
Our model,2,171.557373046875
Our model,2,155.55206298828125
Our model,2,136.3192901611328
Our model,2,131.2802276611328
Our model,2,155.3865966796875
Our model,2,148.4163360595703
Our model,2,141.48464965820312
Our model,2,144.1728973388672
Our model,2,132.59140014648438
Our model,2,138.35633850097656
Our model,2,164.40028381347656
Our model,2,181.86497497558594
Our model,2,197.03150939941406
Our model,2,183.21864318847656
Our model,2,167.6313934326172
Our model,2,175.17526245117188
Our model,2,144.0586700439453
Our model,2,168.62454223632812
Our model,2,157.01174926757812
Our model,2,170.1656494140625
Our model,2,123.67570495605469
Our model,2,121.20597076416016
Our model,2,192.79144287109375
Our model,2,148.45777893066406
Our model,2,185.29051208496094
Our model,2,144.37379455566406
Our model,2,162.51174926757812
Our model,2,128.78050231933594
Our model,2,178.75137329101562
Our model,2,139.6029052734375
Our model,2,162.54708862304688
Our model,2,129.8459014892578
Our model,2,118.94597625732422
Our model,2,132.44078063964844
Our model,2,155.93630981445312
Our model,2,138.677490234375
Our model,2,148.8016357421875
Our model,2,144.3766632080078
Our model,2,159.4672393798828
Our model,2,185.32281494140625
Our model,2,182.63099670410156
Our model,2,155.04513549804688
Our model,2,162.54364013671875
Our model,2,105.38910675048828
Our model,2,174.1793670654297
Our model,2,162.43069458007812
Our model,2,176.7298583984375
Our model,2,150.15606689453125
Our model,2,161.22219848632812
Our model,2,173.27772521972656
Our model,2,187.2783203125
Our model,2,202.69851684570312
Our model,2,189.84344482421875
Our model,2,124.00555419921875
Our model,2,163.7330322265625
Our model,2,150.70970153808594
Our model,2,164.3513641357422
Our model,2,126.42318725585938
Our model,2,160.83526611328125
Our model,2,166.05166625976562
Our model,2,170.0261993408203
Our model,2,168.28724670410156
Our model,2,164.93197631835938
Our model,2,163.37794494628906
Our model,2,199.61669921875
Our model,2,215.61593627929688
Our model,2,240.9158477783203
Our model,2,118.43749237060547
Our model,2,246.6886749267578
Our model,2,154.0161895751953
Our model,2,192.5706024169922
Our model,2,155.31747436523438
Our model,2,238.04556274414062
Our model,2,156.36361694335938
Our model,2,216.93133544921875
Our model,2,170.23788452148438
Our model,2,140.7142333984375
Our model,2,153.5761260986328
Our model,2,210.83909606933594
Our model,2,184.56602478027344
Our model,2,149.16610717773438
Our model,2,182.86676025390625
Our model,2,151.962890625
Our model,2,211.4687957763672
Our model,2,161.8191680908203
Our model,2,116.32136535644531
Our model,2,150.66978454589844
Our model,2,150.77418518066406
Our model,2,170.15904235839844
Our model,2,198.5178985595703
Our model,2,262.1573181152344
Our model,2,197.80776977539062
Our model,2,401.8521423339844
Our model,2,423.84930419921875
Our model,2,392.5631408691406
Our model,2,152.55841064453125
Our model,2,168.1788787841797
Our model,2,174.4276123046875
Our model,2,150.998046875
Our model,2,162.01036071777344
Our model,2,141.85577392578125
Our model,2,160.5348663330078
Our model,2,163.13143920898438
Our model,2,126.49115753173828
Our model,2,155.91722106933594
Our model,2,159.16488647460938
Our model,2,160.5067901611328
Our model,2,184.5921173095703
Our model,2,143.5236053466797
Our model,2,125.5952377319336
Our model,2,311.891845703125
Our model,2,192.70135498046875
Our model,2,127.78448486328125
Our model,2,139.24859619140625
Our model,2,253.87120056152344
Our model,2,130.04161071777344
Our model,2,334.35968017578125
Our model,2,150.70423889160156
Our model,2,145.4274444580078
Our model,2,290.6207275390625
Our model,2,179.83180236816406
Our model,2,168.97662353515625
Our model,2,186.77537536621094
Our model,2,153.89248657226562
Our model,2,162.63687133789062
Our model,2,135.8125762939453
Our model,2,143.6737518310547
Our model,2,268.711181640625
Our model,2,143.80227661132812
Our model,2,155.57369995117188
Our model,2,334.75787353515625
Our model,2,134.1519012451172
Our model,2,207.5957489013672
Our model,2,160.3711700439453
Our model,2,172.95201110839844
Our model,2,202.22520446777344
Our model,2,154.84034729003906
Our model,2,171.97821044921875
Our model,2,145.57244873046875
Our model,2,158.3267822265625
Our model,2,144.34890747070312
Our model,2,141.47337341308594
Our model,2,150.30169677734375
Our model,2,146.99766540527344
Our model,2,146.27891540527344
Our model,2,182.62184143066406
Our model,2,179.69598388671875
Our model,2,166.51133728027344
Our model,2,149.6833038330078
Our model,2,158.999755859375
Our model,2,133.26144409179688
Our model,2,140.1912078857422
Our model,2,146.9261474609375
Our model,2,177.7661590576172
Our model,2,130.51571655273438
Our model,2,160.88780212402344
Our model,2,179.536865234375
Our model,2,112.79166412353516
Our model,2,138.96688842773438
Our model,2,245.39820861816406
Our model,2,255.60887145996094
Our model,2,246.1026611328125
Our model,2,147.91114807128906
Our model,2,148.9667510986328
Our model,2,145.9574737548828
Our model,2,137.73143005371094
Our model,2,130.72207641601562
Our model,2,145.97166442871094
Our model,2,144.32086181640625
Our model,2,139.51718139648438
Our model,2,194.8601837158203
Our model,2,166.90269470214844
Our model,2,158.6013641357422
Our model,2,182.1873016357422
Our model,2,146.10191345214844
Our model,2,145.3427276611328
Our model,2,143.4443359375
Our model,2,115.95246124267578
Our model,2,119.10924530029297
Our model,2,137.32797241210938
Our model,2,128.74363708496094
Our model,2,187.4310760498047
Our model,2,136.2892608642578
Our model,2,171.40237426757812
Our model,2,186.45980834960938
Our model,2,162.2818603515625
Our model,2,142.8621826171875
Our model,2,161.1216583251953
Our model,2,158.8622589111328
Our model,2,169.6362762451172
Our model,2,143.84840393066406
Our model,2,144.82460021972656
Our model,2,129.24473571777344
Our model,2,146.7316131591797
Our model,2,186.40599060058594
Our model,2,298.64678955078125
Our model,2,276.2203369140625
Our model,2,258.2671813964844
Our model,2,206.13502502441406
Our model,2,177.32772827148438
Our model,2,194.28602600097656
Our model,2,161.5728302001953
Our model,2,170.8535614013672
Our model,2,173.78067016601562
Our model,2,147.168212890625
Our model,2,155.61660766601562
Our model,2,198.7765350341797
Our model,2,154.14324951171875
Our model,2,148.20498657226562
Our model,2,183.75698852539062
Our model,2,143.37933349609375
Our model,2,179.49508666992188
Our model,2,189.96839904785156
Our model,2,196.1485137939453
Our model,2,169.28756713867188
Our model,2,151.1316375732422
Our model,2,187.4611053466797
Our model,2,166.8314971923828
Our model,2,152.9552459716797
Our model,2,120.47024536132812
Our model,2,141.10687255859375
Our model,2,148.22691345214844
Our model,2,169.3413543701172
Our model,2,149.25814819335938
Our model,2,147.30770874023438
Our model,2,197.52517700195312
Our model,2,144.65277099609375
Our model,2,159.0584716796875
Our model,2,228.3677978515625
Our model,2,127.208740234375
Our model,2,157.07781982421875
Our model,2,134.0276641845703
Our model,2,225.3623504638672
Our model,2,162.06045532226562
Our model,2,176.03439331054688
Our model,2,260.8141174316406
Our model,2,245.62123107910156
Our model,2,186.88311767578125
Our model,2,186.77540588378906
Our model,2,179.8417510986328
Our model,2,194.17617797851562
Our model,2,190.26707458496094
Our model,2,145.40260314941406
Our model,2,139.3909912109375
Our model,2,141.9847869873047
Our model,2,139.1667938232422
Our model,2,132.8641815185547
Our model,2,141.53456115722656
Our model,2,127.91177368164062
Our model,2,132.54713439941406
Our model,2,188.8354949951172
Our model,2,177.75424194335938
Our model,2,128.59365844726562
Our model,2,179.70504760742188
Our model,2,180.076904296875
Our model,2,183.24652099609375
Our model,2,153.1110382080078
Our model,2,173.95249938964844
Our model,2,156.27687072753906
Our model,2,175.24465942382812
Our model,2,139.0159912109375
Our model,2,161.51016235351562
Our model,2,180.1583709716797
Our model,2,178.25653076171875
Our model,2,139.164794921875
Our model,2,248.00039672851562
Our model,2,194.23117065429688
Our model,2,190.85240173339844
Our model,2,175.15904235839844
Our model,2,184.11106872558594
Our model,2,152.8920135498047
Our model,2,133.2266845703125
Our model,2,168.2594451904297
Our model,2,230.62762451171875
Our model,2,196.11270141601562
Our model,2,102.64060974121094
Our model,2,160.11154174804688
Our model,2,136.06564331054688
Our model,2,171.76278686523438
Our model,2,190.19557189941406
Our model,2,148.57411193847656
Our model,2,182.01991271972656
Our model,2,169.6636505126953
Our model,2,147.97596740722656
Our model,2,161.31590270996094
Our model,2,151.37948608398438
Our model,2,234.27130126953125
Our model,2,131.3397979736328
Our model,2,155.5566864013672
Our model,2,141.86753845214844
Our model,2,212.1971435546875
Our model,2,132.2216796875
Our model,2,256.6617736816406
Our model,2,156.718994140625
Our model,2,141.27723693847656
Our model,2,145.53256225585938
Our model,2,173.8609619140625
Our model,2,142.5480499267578
Our model,2,122.88279724121094
Our model,2,117.80058288574219
Our model,2,153.2843780517578
Our model,2,177.1151580810547
Our model,2,184.98155212402344
Our model,2,161.61260986328125
Our model,2,162.9620361328125
Our model,2,135.3720703125
Our model,2,149.472412109375
Our model,2,420.2216491699219
Our model,2,384.4998474121094
Our model,2,405.47222900390625
Our model,2,161.52493286132812
Our model,2,169.07652282714844
Our model,2,180.87001037597656
Our model,2,136.4170684814453
Our model,2,145.0880584716797
Our model,2,142.48358154296875
Our model,2,145.40232849121094
Our model,2,128.0548095703125
Our model,2,153.66827392578125
Our model,2,157.88429260253906
Our model,2,166.32359313964844
Our model,2,216.2792205810547
Our model,2,157.46560668945312
Our model,2,187.09591674804688
Our model,2,202.43690490722656
Our model,2,156.50209045410156
Our model,2,194.68885803222656
Our model,2,155.8309326171875
Our model,2,171.8957061767578
Our model,2,216.2947998046875
Our model,2,190.19644165039062
Our model,2,138.92010498046875
Our model,2,143.29061889648438
Our model,2,219.61207580566406
Our model,2,179.66012573242188
Our model,2,183.12200927734375
Our model,2,305.3607482910156
Our model,2,176.13421630859375
Our model,2,182.31568908691406
Our model,2,150.36866760253906
Our model,2,152.9719696044922
Our model,2,301.052001953125
Our model,2,154.33335876464844
Our model,2,133.63023376464844
Our model,2,148.4049072265625
Our model,2,296.7734069824219
Our model,2,279.77435302734375
Our model,2,127.8152084350586
Our model,2,139.7144775390625
Our model,2,307.9276123046875
Our model,2,267.6104431152344
Our model,2,284.6956787109375
Our model,2,186.63929748535156
Our model,2,186.02847290039062
Our model,2,146.20872497558594
Our model,2,159.27976989746094
Our model,2,177.39390563964844
Our model,2,141.67022705078125
Our model,2,132.6565399169922
Our model,2,163.37327575683594
Our model,2,140.16929626464844
Our model,2,141.89663696289062
Our model,2,181.83656311035156
Our model,2,183.76820373535156
Our model,2,174.4333953857422
Our model,2,164.95095825195312
Our model,2,173.82666015625
Our model,2,165.9053497314453
Our model,2,152.3585662841797
Our model,2,134.8050994873047
Our model,2,142.1958465576172
Our model,2,153.4440155029297
Our model,2,165.49813842773438
Our model,2,139.36376953125
Our model,2,112.13111877441406
Our model,2,163.12106323242188
Our model,2,142.6869354248047
Our model,2,139.5590057373047
Our model,2,138.68597412109375
Our model,2,219.42861938476562
Our model,2,184.4554443359375
Our model,2,168.5081024169922
Our model,2,167.22885131835938
Our model,2,125.06603240966797
Our model,2,149.49386596679688
Our model,2,128.3922576904297
Our model,2,161.10125732421875
Our model,2,180.47320556640625
Our model,2,133.2018585205078
Our model,2,142.3295440673828
Our model,2,158.9695587158203
Our model,2,205.3902587890625
Our model,2,197.7603759765625
Our model,2,258.8817138671875
Our model,2,153.42079162597656
Our model,2,146.5560760498047
Our model,2,152.85992431640625
Our model,2,131.33595275878906
Our model,2,389.0671081542969
Our model,2,123.0693359375
Our model,2,142.91012573242188
Our model,2,153.1617431640625
Our model,2,363.338134765625
Our model,2,143.28941345214844
Our model,2,385.0733642578125
Our model,2,146.56033325195312
Our model,2,131.51795959472656
Our model,2,159.19349670410156
Our model,2,180.2061767578125
Our model,2,160.65419006347656
Our model,2,138.6715850830078
Our model,2,133.49517822265625
Our model,2,144.16932678222656
Our model,2,172.13174438476562
Our model,2,158.66250610351562
Our model,2,123.17643737792969
Our model,2,140.08865356445312
Our model,2,140.87939453125
Our model,2,157.2931365966797
Our model,2,122.78128051757812
Our model,2,110.40200805664062
Our model,2,199.47146606445312
Our model,2,210.0384979248047
Our model,2,175.6099395751953
Our model,2,157.16128540039062
Our model,2,128.92788696289062
Our model,2,149.09703063964844
Our model,2,188.1949005126953
Our model,2,172.02195739746094
Our model,2,190.42271423339844
Our model,2,145.29623413085938
Our model,2,137.17633056640625
Our model,2,227.32672119140625
Our model,2,155.7187957763672
Our model,2,163.47390747070312
Our model,2,158.9560546875
Our model,2,172.65249633789062
Our model,2,186.03282165527344
Our model,2,142.68621826171875
Our model,2,163.95726013183594
Our model,2,140.86874389648438
Our model,2,177.65704345703125
Our model,2,118.6275863647461
Our model,2,126.05513000488281
Our model,2,149.42926025390625
Our model,2,154.58641052246094
Our model,2,175.3136749267578
Our model,2,155.78562927246094
Our model,2,165.3709259033203
Our model,2,149.0063934326172
Our model,2,185.9049835205078
Our model,2,181.81600952148438
Our model,2,201.9275665283203
Our model,2,157.98095703125
Our model,2,139.53756713867188
Our model,2,150.06637573242188
Our model,2,207.34774780273438
Our model,2,156.7777862548828
Our model,2,140.84446716308594
Our model,2,227.45169067382812
Our model,2,150.5446319580078
Our model,2,145.1143798828125
Our model,2,193.33631896972656
Our model,2,175.4359588623047
Our model,2,178.66998291015625
Our model,2,151.6316680908203
Our model,2,179.59910583496094
Our model,2,197.91781616210938
Our model,2,188.85032653808594
Our model,2,141.66952514648438
Our model,2,166.59107971191406
Our model,2,196.16806030273438
Our model,2,204.80442810058594
Our model,2,157.8131866455078
Our model,2,152.12722778320312
Our model,2,166.6236572265625
Our model,2,152.1505584716797
Our model,2,186.0388946533203
Our model,2,165.20458984375
Our model,2,175.56588745117188
Our model,2,136.46267700195312
Our model,2,146.73431396484375
Our model,2,187.33370971679688
Our model,2,151.10536193847656
Our model,2,140.72891235351562
Our model,2,129.98422241210938
Our model,2,140.53062438964844
Our model,2,153.1051025390625
Our model,2,142.35186767578125
Our model,2,185.92787170410156
Our model,2,137.47923278808594
Our model,2,190.8922576904297
Our model,2,166.2261199951172
Our model,2,159.5020751953125
Our model,2,140.92813110351562
Our model,2,149.12939453125
Our model,2,146.62374877929688
Our model,2,180.75250244140625
Our model,2,167.18678283691406
Our model,2,117.7940902709961
Our model,2,135.22552490234375
Our model,2,139.6453094482422
Our model,2,136.4435272216797
Our model,2,173.92401123046875
Our model,2,182.4434356689453
Our model,2,158.4545135498047
Our model,2,201.01382446289062
Our model,2,181.05758666992188
Our model,2,139.88157653808594
Our model,2,200.65420532226562
Our model,2,159.29852294921875
Our model,2,149.3506317138672
Our model,2,174.80641174316406
Our model,2,167.67376708984375
Our model,2,192.24591064453125
Our model,2,162.4530487060547
Our model,2,154.8234405517578
Our model,2,158.6712188720703
Our model,2,122.46308135986328
Our model,2,133.203369140625
Our model,2,133.5237274169922
Our model,2,123.07183837890625
Our model,2,148.67770385742188
Our model,2,120.92074584960938
Our model,2,190.82022094726562
Our model,2,152.4114532470703
Our model,2,177.1854705810547
Our model,2,131.7071075439453
Our model,2,154.09046936035156
Our model,2,128.55348205566406
Our model,2,159.33753967285156
Our model,2,128.8888397216797
Our model,2,103.0734634399414
Our model,2,122.8350601196289
Our model,2,151.3355712890625
Our model,2,149.12954711914062
Our model,2,113.7356185913086
Our model,2,119.19525146484375
Our model,2,157.9807891845703
Our model,2,165.36383056640625
Our model,2,154.01571655273438
Our model,2,130.6002197265625
Our model,2,170.11207580566406
Our model,2,144.83177185058594
Our model,2,176.82814025878906
Our model,2,135.3423309326172
Our model,2,150.2110595703125
Our model,2,166.84375
Our model,2,203.9708709716797
Our model,2,173.99472045898438
Our model,2,178.04974365234375
Our model,2,131.6844024658203
Our model,2,135.0985870361328
Our model,2,156.65521240234375
Our model,2,175.2913360595703
Our model,2,144.7039337158203
Our model,2,139.24105834960938
Our model,2,124.3974838256836
Our model,2,179.4286651611328
Our model,2,156.276611328125
Our model,2,137.1221160888672
Our model,2,150.51388549804688
Our model,2,196.3696746826172
Our model,2,156.5859832763672
Our model,2,142.56524658203125
Our model,2,146.3531951904297
Our model,2,174.03729248046875
Our model,2,148.81605529785156
Our model,2,140.04171752929688
Our model,2,123.15628051757812
Our model,2,135.51527404785156
Our model,2,107.35028076171875
Our model,2,165.4228057861328
Our model,2,150.52438354492188
Our model,2,161.60076904296875
Our model,2,178.0218963623047
Our model,2,187.5394287109375
Our model,2,196.8953094482422
Our model,2,157.4773406982422
Our model,2,129.70639038085938
Our model,2,158.93531799316406
Our model,2,166.16859436035156
Our model,2,145.34515380859375
Our model,2,139.8831787109375
Our model,2,133.94398498535156
Our model,2,165.49046325683594
Our model,2,158.19400024414062
Our model,2,187.07984924316406
Our model,2,135.80482482910156
Our model,2,148.01210021972656
Our model,2,207.45948791503906
Our model,2,166.7400665283203
Our model,2,141.80067443847656
Our model,2,165.78366088867188
Our model,2,154.53375244140625
Our model,2,176.98004150390625
Our model,2,155.61720275878906
Our model,2,120.20159149169922
Our model,2,141.01382446289062
Our model,2,135.46881103515625
Our model,2,155.66372680664062
Our model,2,212.40216064453125
Our model,2,145.64012145996094
Our model,2,141.35098266601562
Our model,2,159.99490356445312
Our model,2,180.03343200683594
Our model,2,169.66258239746094
Our model,2,196.8524627685547
Our model,2,251.55267333984375
Our model,2,154.03553771972656
Our model,2,155.4357147216797
Our model,2,147.13951110839844
Our model,2,151.1636505126953
Our model,2,155.95359802246094
Our model,2,173.72726440429688
Our model,2,272.0295715332031
Our model,2,239.0382843017578
Our model,2,264.7322998046875
Our model,2,201.62440490722656
Our model,2,268.1960144042969
Our model,2,229.4423828125
Our model,2,141.26487731933594
Our model,2,158.084716796875
Our model,2,161.15908813476562
Our model,2,107.07500457763672
Our model,2,116.48567962646484
Our model,2,132.59104919433594
Our model,2,140.92005920410156
Our model,2,144.6055908203125
Our model,2,185.44827270507812
Our model,2,185.18414306640625
Our model,2,190.99691772460938
Our model,2,168.1820526123047
Our model,2,232.54266357421875
Our model,2,180.8455810546875
Our model,2,160.4087371826172
Our model,2,194.127197265625
Our model,2,181.8641815185547
Our model,2,198.20481872558594
Our model,2,247.9949188232422
Our model,2,191.8636932373047
Our model,2,113.68856048583984
Our model,2,145.0727081298828
Our model,2,148.67807006835938
Our model,2,137.63490295410156
Our model,2,126.20610046386719
Our model,2,172.32745361328125
Our model,2,176.905029296875
Our model,2,169.59620666503906
Our model,2,167.55267333984375
Our model,2,135.3715362548828
Our model,2,173.94296264648438
Our model,2,134.48533630371094
Our model,2,175.4499969482422
Our model,2,135.6071014404297
Our model,2,127.19023132324219
Our model,2,159.24459838867188
Our model,2,144.4564971923828
Our model,2,164.95523071289062
Our model,2,147.42813110351562
Our model,2,146.63848876953125
Our model,2,143.59771728515625
Our model,2,192.88958740234375
Our model,2,167.57608032226562
Our model,2,161.12088012695312
Our model,2,148.91140747070312
Our model,2,186.06973266601562
Our model,2,162.61924743652344
Our model,2,252.39854431152344
Our model,2,142.0531463623047
Our model,2,264.4070129394531
Our model,2,144.01022338867188
Our model,2,166.94110107421875
Our model,2,189.19540405273438
Our model,2,146.51109313964844
Our model,2,145.8109130859375
Our model,2,145.50331115722656
Our model,2,213.2309112548828
Our model,2,135.3431396484375
Our model,2,182.94131469726562
Our model,2,155.1610107421875
Our model,2,167.97613525390625
Our model,2,174.494384765625
Our model,2,172.01821899414062
Our model,2,144.14317321777344
Our model,2,145.94386291503906
Our model,2,183.32821655273438
Our model,2,170.62252807617188
Our model,2,159.38339233398438
Our model,2,116.66374969482422
Our model,2,164.47886657714844
Our model,2,137.2421112060547
Our model,2,161.61639404296875
Our model,2,175.54959106445312
Our model,2,165.32015991210938
Our model,2,141.443603515625
Our model,2,174.3005828857422
Our model,2,165.44566345214844
Our model,2,170.36480712890625
Our model,2,133.97059631347656
Our model,2,131.9720458984375
Our model,2,153.11309814453125
Our model,2,120.95667266845703
Our model,2,150.0862579345703
Our model,2,166.30125427246094
Our model,2,164.21458435058594
Our model,2,178.58010864257812
Our model,2,193.40708923339844
Our model,2,207.63040161132812
Our model,2,194.41236877441406
Our model,2,152.67449951171875
Our model,2,182.34078979492188
Our model,2,139.81112670898438
Our model,2,153.6006317138672
Our model,2,161.9355926513672
Our model,2,148.192626953125
Our model,2,181.71800231933594
Our model,2,160.51675415039062
Our model,2,169.7567596435547
Our model,2,159.38388061523438
Our model,2,249.70863342285156
Our model,2,186.77374267578125
Our model,2,159.68670654296875
Our model,2,148.19883728027344
Our model,2,149.9105682373047
Our model,2,149.56887817382812
Our model,2,145.29238891601562
Our model,2,123.95621490478516
Our model,2,192.67782592773438
Our model,2,130.03407287597656
Our model,2,119.31220245361328
Our model,2,221.07769775390625
Our model,2,159.3681182861328
Our model,2,188.1958770751953
Our model,2,162.0592498779297
Our model,2,242.69456481933594
Our model,2,186.70724487304688
Our model,2,155.9685821533203
Our model,2,176.529052734375
Our model,2,158.77938842773438
Our model,2,239.58895874023438
Our model,2,207.76441955566406
Our model,2,169.7787628173828
Our model,2,176.39080810546875
Our model,2,151.19122314453125
Our model,2,153.1492462158203
Our model,2,180.56956481933594
Our model,2,154.2818145751953
Our model,2,160.20437622070312
Our model,2,203.3525390625
Our model,2,242.0119171142578
Our model,2,157.85195922851562
Our model,2,193.3173065185547
Our model,2,154.07034301757812
Our model,2,202.36602783203125
Our model,2,146.26217651367188
Our model,2,156.00230407714844
Our model,2,126.5096664428711
Our model,2,201.59283447265625
Our model,2,135.56494140625
Our model,2,175.7814483642578
Our model,2,153.7933349609375
Our model,2,174.1703338623047
Our model,2,172.8308563232422
Our model,2,175.62530517578125
Our model,2,147.14491271972656
Our model,2,180.1517791748047
Our model,2,148.52052307128906
Our model,2,160.98928833007812
Our model,2,165.54766845703125
Our model,2,185.9833526611328
Our model,2,168.05355834960938
Our model,2,171.61712646484375
Our model,2,141.72396850585938
Our model,2,201.11070251464844
Our model,2,203.12417602539062
Our model,2,258.0209655761719
Our model,2,140.83518981933594
Our model,2,209.78965759277344
Our model,2,200.21177673339844
Our model,2,149.5515899658203
Our model,2,136.2097930908203
Our model,2,173.57147216796875
Our model,2,158.1360626220703
Our model,2,197.13450622558594
Our model,2,199.9153289794922
Our model,2,133.12770080566406
Our model,2,168.7548065185547
Our model,2,160.3634796142578
Our model,2,165.06382751464844
Our model,2,229.54779052734375
Our model,2,196.1729278564453
Our model,2,173.65252685546875
Our model,2,169.52438354492188
Our model,2,150.32322692871094
Our model,2,152.13832092285156
Our model,2,153.97483825683594
Our model,2,151.54623413085938
Our model,2,170.4816436767578
Our model,2,103.4930419921875
Our model,2,165.63201904296875
Our model,2,185.48126220703125
Our model,2,152.61712646484375
Our model,2,150.00416564941406
Our model,2,156.8662109375
Our model,2,183.23057556152344
Our model,2,164.5028839111328
Our model,2,147.2077178955078
Our model,2,161.9485321044922
Our model,2,156.0067901611328
Our model,2,155.7838897705078
Our model,2,152.46543884277344
Our model,2,125.7182846069336
Our model,2,144.21446228027344
Our model,2,155.42877197265625
Our model,2,181.52720642089844
Our model,2,166.65342712402344
Our model,2,196.095947265625
Our model,2,190.96563720703125
Our model,2,184.6839599609375
Our model,2,192.32290649414062
Our model,2,158.5751190185547
Our model,2,117.66170501708984
Our model,2,132.590087890625
Our model,2,166.1439208984375
Our model,2,151.5349578857422
Our model,2,141.93020629882812
Our model,2,143.54324340820312
Our model,2,190.13255310058594
Our model,2,119.75045013427734
Our model,2,168.7353973388672
Our model,2,139.7989959716797
Our model,2,162.22410583496094
Our model,2,180.4750518798828
Our model,2,146.93606567382812
Our model,2,182.63414001464844
Our model,2,145.95436096191406
Our model,2,139.2711639404297
Our model,2,160.57806396484375
Our model,2,191.30372619628906
Our model,2,129.52796936035156
Our model,2,177.28018188476562
Our model,2,182.7451629638672
Our model,2,179.4138641357422
Our model,2,152.02476501464844
Our model,2,137.8876190185547
Our model,2,150.53382873535156
Our model,2,129.37078857421875
Our model,2,177.67909240722656
Our model,2,119.23217010498047
Our model,2,218.02711486816406
Our model,2,143.85507202148438
Our model,2,183.53111267089844
Our model,2,182.362548828125
Our model,2,132.56178283691406
Our model,2,188.8659210205078
Our model,2,127.67962646484375
Our model,2,148.49166870117188
Our model,2,145.25973510742188
Our model,2,150.8018341064453
Our model,2,145.99197387695312
Our model,2,169.36859130859375
Our model,2,203.54376220703125
Our model,2,144.53199768066406
Our model,2,156.8070068359375
Our model,2,142.9563751220703
Our model,2,147.20347595214844
Our model,2,154.56349182128906
Our model,2,170.5569610595703
Our model,2,208.69216918945312
Our model,2,174.07252502441406
Our model,2,222.2772674560547
Our model,2,196.81773376464844
Our model,2,211.2420654296875
Our model,2,179.5141143798828
Our model,2,135.01840209960938
Our model,2,176.7920684814453
Our model,2,136.1246795654297
Our model,2,138.45433044433594
Our model,2,135.66485595703125
Our model,2,159.4493408203125
Our model,2,137.5563201904297
Our model,2,157.17327880859375
Our model,2,145.28805541992188
Our model,2,162.64425659179688
Our model,2,223.4478759765625
Our model,2,204.21263122558594
Our model,2,194.07643127441406
Our model,2,158.86758422851562
Our model,2,150.96481323242188
Our model,2,132.80943298339844
Our model,2,211.35647583007812
Our model,2,181.9626922607422
Our model,2,154.11911010742188
Our model,2,132.03114318847656
Our model,2,131.19076538085938
Our model,2,196.73007202148438
Our model,2,189.5673370361328
Our model,2,117.8130111694336
Our model,2,136.3594207763672
Our model,2,172.9002227783203
Our model,2,176.75758361816406
Our model,2,142.22691345214844
Our model,2,189.26953125
Our model,2,166.30197143554688
Our model,2,163.9651641845703
Our model,2,146.3109588623047
Our model,2,136.96717834472656
Our model,2,139.98194885253906
Our model,2,169.2360382080078
Our model,2,138.801025390625
Our model,2,225.6158905029297
Our model,2,173.5396728515625
Our model,2,209.72523498535156
Our model,2,163.62442016601562
Our model,2,190.91122436523438
Our model,2,161.01919555664062
Our model,2,133.33074951171875
Our model,2,148.8894805908203
Our model,2,149.85655212402344
Our model,2,130.1426544189453
Our model,2,184.3017120361328
Our model,2,163.2415008544922
Our model,2,142.07711791992188
Our model,2,183.73818969726562
Our model,2,181.2177734375
Our model,2,155.73446655273438
Our model,2,161.90391540527344
Our model,2,143.6832733154297
Our model,2,191.90211486816406
Our model,2,170.3997802734375
Our model,2,200.9482421875
Our model,2,155.88931274414062
Our model,2,155.57208251953125
Our model,2,175.10418701171875
Our model,2,183.564208984375
Our model,2,168.43826293945312
Our model,2,145.69862365722656
Our model,2,160.57562255859375
Our model,2,240.79434204101562
Our model,2,142.11508178710938
Our model,2,157.8834228515625
Our model,2,138.1929473876953
Our model,2,217.95166015625
Our model,2,137.69459533691406
Our model,2,167.72256469726562
Our model,2,184.34336853027344
Our model,2,135.77734375
Our model,2,166.8299560546875
Our model,2,201.14346313476562
Our model,2,150.79281616210938
Our model,2,146.22982788085938
Our model,2,163.40960693359375
Our model,2,177.2043914794922
Our model,2,151.50088500976562
Our model,2,119.7860107421875
Our model,2,156.39634704589844
Our model,2,158.2448272705078
Our model,2,121.93936920166016
Our model,2,149.0636749267578
Our model,2,174.35586547851562
Our model,2,211.8272247314453
Our model,2,137.8641357421875
Our model,2,195.37718200683594
Our model,2,177.716796875
Our model,2,221.1791229248047
Our model,2,213.69969177246094
Our model,2,167.93409729003906
Our model,2,153.7235565185547
Our model,2,175.4937744140625
Our model,2,180.8009033203125
Our model,2,143.58392333984375
Our model,2,144.1819305419922
Our model,2,142.5607147216797
Our model,2,135.96066284179688
Our model,2,183.8068389892578
Our model,2,242.0707244873047
Our model,2,180.48410034179688
Our model,2,204.5725555419922
Our model,2,159.5474853515625
Our model,2,152.45388793945312
Our model,2,105.12752532958984
Our model,2,131.80279541015625
Our model,2,184.43527221679688
Our model,2,150.94764709472656
Our model,2,146.1123046875
Our model,2,214.30801391601562
Our model,2,158.8389434814453
Our model,2,211.6100311279297
Our model,2,150.33274841308594
Our model,2,159.5732879638672
Our model,2,158.7457275390625
Our model,2,130.71377563476562
Our model,2,133.0921630859375
Our model,2,138.81417846679688
Our model,2,144.35694885253906
Our model,2,141.88211059570312
Our model,2,153.738525390625
Our model,2,138.86624145507812
Our model,2,157.83741760253906
Our model,2,145.9359588623047
Our model,2,144.466552734375
Our model,2,140.6849822998047
Our model,2,159.52735900878906
Our model,2,129.9818115234375
Our model,2,132.57717895507812
Our model,2,108.93509674072266
Our model,2,154.85816955566406
Our model,2,202.65696716308594
Our model,2,154.38975524902344
Our model,2,159.30441284179688
Our model,2,156.32684326171875
Our model,2,109.56546020507812
Our model,2,172.65249633789062
Our model,2,137.7223358154297
Our model,2,227.55844116210938
Our model,2,171.3302459716797
Our model,2,158.6411895751953
Our model,2,128.55812072753906
Our model,2,165.72067260742188
Our model,2,179.2416534423828
Our model,2,155.46022033691406
Our model,2,121.1949234008789
Our model,2,160.48138427734375
Our model,2,166.85935974121094
Our model,2,148.38343811035156
Our model,2,126.22472381591797
Our model,2,159.46351623535156
Our model,2,132.20370483398438
Our model,2,282.2999267578125
Our model,2,121.04049682617188
Our model,2,164.28778076171875
Our model,2,120.83187103271484
Our model,2,248.73373413085938
Our model,2,133.26100158691406
Our model,2,286.8455810546875
Our model,2,143.231689453125
Our model,2,142.3693084716797
Our model,2,181.06271362304688
Our model,2,156.68115234375
Our model,2,187.20265197753906
Our model,2,163.24102783203125
Our model,2,137.57057189941406
Our model,2,166.25909423828125
Our model,2,141.73712158203125
Our model,2,143.49476623535156
Our model,2,165.75596618652344
Our model,2,138.52664184570312
Our model,2,153.06805419921875
Our model,2,173.5265350341797
Our model,2,183.25930786132812
Our model,2,190.19305419921875
Our model,2,416.54119873046875
Our model,2,165.45216369628906
Our model,2,139.05621337890625
Our model,2,137.55331420898438
Our model,2,152.43545532226562
Our model,2,358.6506042480469
Our model,2,145.07411193847656
Our model,2,153.7523193359375
Our model,2,426.8901062011719
Our model,2,157.74510192871094
Our model,2,135.5029296875
Our model,2,153.83380126953125
Our model,2,146.3244171142578
Our model,2,147.66697692871094
Our model,2,114.16211700439453
Our model,2,164.6000213623047
Our model,2,116.1911392211914
Our model,2,148.3421630859375
Our model,2,151.46844482421875
Our model,2,137.42410278320312
Our model,2,155.70013427734375
Our model,2,151.08094787597656
Our model,2,214.71075439453125
Our model,2,153.51197814941406
Our model,2,182.90618896484375
Our model,2,150.84593200683594
Our model,2,144.9945831298828
Our model,2,153.17282104492188
Our model,2,170.88040161132812
Our model,2,114.48783874511719
Our model,2,240.88616943359375
Our model,2,136.06170654296875
Our model,2,184.30184936523438
Our model,2,290.7305908203125
Our model,2,189.05044555664062
Our model,2,142.4366912841797
Our model,2,175.72215270996094
Our model,2,153.03689575195312
Our model,2,153.71792602539062
Our model,2,126.44098663330078
Our model,2,156.7783203125
Our model,2,156.92279052734375
Our model,2,183.21627807617188
Our model,2,126.7423324584961
Our model,2,155.02281188964844
Our model,2,118.9708251953125
Our model,2,158.0193634033203
Our model,2,206.9556427001953
Our model,2,123.3807144165039
Our model,2,141.6071319580078
Our model,2,186.30982971191406
Our model,2,157.50177001953125
Our model,2,172.66285705566406
Our model,2,166.1376953125
Our model,2,131.68048095703125
Our model,2,240.74046325683594
Our model,2,152.6609344482422
Our model,2,157.09829711914062
Our model,2,140.4636688232422
Our model,2,222.26673889160156
Our model,2,209.1651153564453
Our model,2,280.90545654296875
Our model,2,155.8909912109375
Our model,2,175.17984008789062
Our model,2,159.4890594482422
Our model,2,193.4215087890625
Our model,2,204.07579040527344
Our model,2,174.51683044433594
Our model,2,209.3306427001953
Our model,2,160.27442932128906
Our model,2,158.45010375976562
Our model,2,140.88197326660156
Our model,2,134.43930053710938
Our model,2,144.43463134765625
Our model,2,168.0836181640625
Our model,2,159.20220947265625
Our model,2,298.3357849121094
Our model,2,153.0052490234375
Our model,2,166.24652099609375
Our model,2,188.53355407714844
Our model,2,182.4653778076172
Our model,2,157.2888641357422
Our model,2,270.0942687988281
Our model,2,258.3814392089844
Our model,2,155.3864288330078
Our model,2,133.93585205078125
Our model,2,134.35765075683594
Our model,2,116.70014953613281
Our model,2,139.30230712890625
Our model,2,136.3697509765625
Our model,2,184.93435668945312
Our model,2,141.1321258544922
Our model,2,142.2579803466797
Our model,2,185.88577270507812
Our model,2,174.42822265625
Our model,2,163.81021118164062
Our model,2,159.81715393066406
Our model,2,183.49575805664062
Our model,2,136.88394165039062
Our model,2,136.7989959716797
Our model,2,126.25769805908203
Our model,2,133.83526611328125
Our model,2,119.14082336425781
Our model,2,177.32247924804688
Our model,2,144.90838623046875
Our model,2,141.0824432373047
Our model,2,191.7760009765625
Our model,2,179.09805297851562
Our model,2,167.43788146972656
Our model,2,154.58055114746094
Our model,2,151.59674072265625
Our model,2,166.2069549560547
Our model,2,194.07913208007812
Our model,2,158.63600158691406
Our model,2,175.0249481201172
Our model,2,173.91766357421875
Our model,2,140.3320770263672
Our model,2,229.46429443359375
Our model,2,164.9030303955078
Our model,2,146.53787231445312
Our model,2,155.26303100585938
Our model,2,177.27020263671875
Our model,2,167.38473510742188
Our model,2,177.1617889404297
Our model,2,156.8428497314453
Our model,2,180.35394287109375
Our model,2,161.1913299560547
Our model,2,192.28280639648438
Our model,2,149.6182098388672
Our model,2,204.01910400390625
Our model,2,174.50173950195312
Our model,2,163.7123565673828
Our model,2,247.0075225830078
Our model,2,117.83833312988281
Our model,2,180.1708221435547
Our model,2,148.2239227294922
Our model,2,232.46185302734375
Our model,2,199.59994506835938
Our model,2,178.58189392089844
Our model,2,164.23240661621094
Our model,2,186.19781494140625
Our model,2,145.26638793945312
Our model,2,121.39776611328125
Our model,2,170.8019561767578
Our model,2,135.64947509765625
Our model,2,141.90354919433594
Our model,2,139.11720275878906
Our model,2,154.09927368164062
Our model,2,164.72857666015625
Our model,2,209.0641326904297
Our model,2,266.9370422363281
Our model,2,225.2482147216797
Our model,2,109.23967742919922
Our model,2,166.61572265625
Our model,2,178.13441467285156
Our model,2,146.68263244628906
Our model,2,136.4097900390625
Our model,2,153.03778076171875
Our model,2,122.66767120361328
Our model,2,168.50759887695312
Our model,2,145.93251037597656
Our model,2,130.9512176513672
Our model,2,184.1737823486328
Our model,2,211.17039489746094
Our model,2,169.09837341308594
Our model,2,143.21961975097656
Our model,2,134.50540161132812
Our model,2,147.89776611328125
Our model,2,205.61334228515625
Our model,2,199.8104248046875
Our model,2,183.27191162109375
Our model,2,134.70849609375
Our model,2,152.3890838623047
Our model,2,220.40399169921875
Our model,2,148.26707458496094
Our model,2,147.89895629882812
Our model,2,150.6271209716797
Our model,2,181.44918823242188
Our model,2,173.299560546875
Our model,2,258.5281982421875
Our model,2,125.91728973388672
Our model,2,174.4344482421875
Our model,2,131.27383422851562
Our model,2,236.7910614013672
Our model,2,123.60066223144531
Our model,2,144.75064086914062
Our model,2,205.30052185058594
Our model,2,149.41822814941406
Our model,2,165.27243041992188
Our model,2,174.5249786376953
Our model,2,263.66326904296875
Our model,2,183.57017517089844
Our model,2,174.57044982910156
Our model,2,204.5421905517578
Our model,2,172.21871948242188
Our model,2,196.70851135253906
Our model,2,151.98924255371094
Our model,2,202.3199005126953
Our model,2,186.96263122558594
Our model,2,189.23883056640625
Our model,2,161.72122192382812
Our model,2,140.25888061523438
Our model,2,178.13485717773438
Our model,2,156.9856414794922
Our model,2,223.44577026367188
Our model,2,124.38269805908203
Our model,2,137.37152099609375
Our model,2,149.45179748535156
Our model,2,163.4410858154297
Our model,2,197.68972778320312
Our model,2,146.48460388183594
Our model,2,155.04656982421875
Our model,2,145.2081756591797
Our model,2,146.02590942382812
Our model,2,156.88592529296875
Our model,2,155.32339477539062
Our model,2,197.04266357421875
Our model,2,171.58273315429688
Our model,2,157.7670135498047
Our model,2,190.49073791503906
Our model,2,186.5437469482422
Our model,2,159.4177703857422
Our model,2,201.5205535888672
Our model,2,138.40040588378906
Our model,2,141.23191833496094
Our model,2,153.2344512939453
Our model,2,168.32041931152344
Our model,2,174.83445739746094
Our model,2,184.2747802734375
Our model,2,149.22779846191406
Our model,2,297.99053955078125
Our model,2,146.87559509277344
Our model,2,147.91549682617188
Our model,2,236.71414184570312
Our model,2,245.2448272705078
Our model,2,228.9010009765625
Our model,2,318.0788879394531
Our model,2,317.7249450683594
Our model,2,135.2149200439453
Our model,2,133.85206604003906
Our model,2,134.8523712158203
Our model,2,121.60653686523438
Our model,2,128.81483459472656
Our model,2,136.69309997558594
Our model,2,176.6268768310547
Our model,2,158.74281311035156
Our model,2,178.26123046875
Our model,2,174.712890625
Our model,2,168.38211059570312
Our model,2,148.36680603027344
Our model,2,146.42726135253906
Our model,2,212.457763671875
Our model,2,153.5492401123047
Our model,2,157.5731658935547
Our model,2,135.97637939453125
Our model,2,172.13623046875
Our model,2,130.5224609375
Our model,2,193.14845275878906
Our model,2,149.1223602294922
Our model,2,147.10995483398438
Our model,2,193.39892578125
Our model,2,240.9954071044922
Our model,2,176.3114013671875
Our model,2,160.04241943359375
Our model,2,140.05502319335938
Our model,2,196.529541015625
Our model,2,194.02005004882812
Our model,2,197.83343505859375
Our model,2,155.47862243652344
Our model,2,150.9951934814453
Our model,2,163.7824249267578
Our model,2,142.69482421875
Our model,2,152.8719940185547
Our model,2,136.6902313232422
Our model,2,170.1051025390625
Our model,2,149.49293518066406
Our model,2,162.1797637939453
Our model,2,182.9930877685547
Our model,2,129.740478515625
Our model,2,149.87672424316406
Our model,2,143.12965393066406
Our model,2,154.93870544433594
Our model,2,110.20372772216797
Our model,2,145.39369201660156
Our model,2,196.00498962402344
Our model,2,175.078857421875
Our model,2,224.89630126953125
Our model,2,144.07225036621094
Our model,2,176.94454956054688
Our model,2,201.02505493164062
Our model,2,162.6230926513672
Our model,2,146.64564514160156
Our model,2,192.95944213867188
Our model,2,247.89564514160156
Our model,2,145.82461547851562
Our model,2,155.86758422851562
Our model,2,168.81175231933594
Our model,2,183.62347412109375
Our model,2,114.10604858398438
Our model,2,227.7371063232422
Our model,2,276.2425842285156
Our model,2,207.59376525878906
Our model,2,256.4131164550781
Our model,2,184.2705535888672
Our model,2,159.57814025878906
Our model,2,151.97097778320312
Our model,2,176.5087127685547
Our model,2,146.58045959472656
Our model,2,161.86073303222656
Our model,2,134.42005920410156
Our model,2,140.09866333007812
Our model,2,181.72315979003906
Our model,2,146.39999389648438
Our model,2,167.24273681640625
Our model,2,175.89332580566406
Our model,2,181.7130126953125
Our model,2,160.8102569580078
Our model,2,180.4985809326172
Our model,2,162.90682983398438
Our model,2,193.68154907226562
Our model,2,217.63067626953125
Our model,2,144.46800231933594
Our model,2,200.4018096923828
Our model,2,112.22010040283203
Our model,2,200.5196533203125
Our model,2,217.6884307861328
Our model,2,209.59884643554688
Our model,2,260.0967102050781
Our model,2,160.10360717773438
Our model,2,157.87864685058594
Our model,2,156.43736267089844
Our model,2,218.01324462890625
Our model,2,185.74330139160156
Our model,2,147.94680786132812
Our model,2,135.83639526367188
Our model,2,208.1020965576172
Our model,2,167.9445037841797
Our model,2,167.3258514404297
Our model,2,109.64481353759766
Our model,2,138.07781982421875
Our model,2,147.0771484375
Our model,2,177.15496826171875
Our model,2,147.64120483398438
Our model,2,182.329345703125
Our model,2,160.249267578125
Our model,2,168.5714111328125
Our model,2,141.5897979736328
Our model,2,148.9925079345703
Our model,2,168.9149932861328
Our model,2,165.5420379638672
Our model,2,130.79400634765625
Our model,2,139.93002319335938
Our model,2,170.34976196289062
Our model,2,161.80418395996094
Our model,2,117.39615631103516
Our model,2,132.54519653320312
Our model,2,161.06890869140625
Our model,2,158.20208740234375
Our model,2,143.25274658203125
Our model,2,168.54254150390625
Our model,2,175.97039794921875
Our model,2,170.2311553955078
Our model,2,150.8134002685547
Our model,2,145.2826385498047
Our model,2,151.6118927001953
Our model,2,169.85427856445312
Our model,2,117.04547119140625
Our model,2,138.393798828125
Our model,2,182.44589233398438
Our model,2,142.59646606445312
Our model,2,128.29466247558594
Our model,2,152.0111083984375
Our model,2,162.11892700195312
Our model,2,159.9702911376953
Our model,2,147.14608764648438
Our model,2,148.8389892578125
Our model,2,153.899169921875
Our model,2,141.7360076904297
Our model,2,132.1987762451172
Our model,2,143.94346618652344
Our model,2,149.47982788085938
Our model,2,147.591796875
Our model,2,157.85736083984375
Our model,2,144.00474548339844
Our model,2,155.94256591796875
Our model,2,170.85557556152344
Our model,2,184.92129516601562
Our model,2,301.1810302734375
Our model,2,177.7217254638672
Our model,2,141.0657196044922
Our model,2,145.8677215576172
Our model,2,157.30999755859375
Our model,2,318.1419982910156
Our model,2,265.940185546875
Our model,2,105.12217712402344
Our model,2,136.9317626953125
Our model,2,135.6855010986328
Our model,2,134.2907257080078
Our model,2,213.13726806640625
Our model,2,203.14004516601562
Our model,2,242.07565307617188
Our model,2,138.17564392089844
Our model,2,151.0548553466797
Our model,2,135.9729766845703
Our model,2,134.96749877929688
Our model,2,146.44358825683594
Our model,2,141.74069213867188
Our model,2,153.6724090576172
Our model,2,141.14263916015625
Our model,2,160.78488159179688
Our model,2,134.07875061035156
Our model,2,212.59649658203125
Our model,2,143.9923858642578
Our model,2,182.0565643310547
Our model,2,176.09234619140625
Our model,2,148.12916564941406
Our model,2,144.50404357910156
Our model,2,167.21360778808594
Our model,2,192.4690704345703
Our model,2,176.5596160888672
Our model,2,169.12655639648438
Our model,2,174.53797912597656
Our model,2,188.63693237304688
Our model,2,221.19134521484375
Our model,2,144.2416229248047
Our model,2,169.2191162109375
Our model,2,130.97335815429688
Our model,2,152.78421020507812
Our model,2,160.97195434570312
Our model,2,166.55508422851562
Our model,2,189.0577850341797
Our model,2,144.3680877685547
Our model,2,142.8676300048828
Our model,2,163.8039093017578
Our model,2,182.24850463867188
Our model,2,159.46266174316406
Our model,2,111.3056640625
Our model,2,176.66015625
Our model,2,175.98089599609375
Our model,2,173.48277282714844
Our model,2,223.77584838867188
Our model,2,143.60108947753906
Our model,2,134.7867431640625
Our model,2,175.24713134765625
Our model,2,164.1603546142578
Our model,2,162.79151916503906
Our model,2,212.63125610351562
Our model,2,262.3067321777344
Our model,2,133.78094482421875
Our model,2,147.1919403076172
Our model,2,137.4123992919922
Our model,2,131.04966735839844
Our model,2,122.38594818115234
Our model,2,156.7469024658203
Our model,2,161.52325439453125
Our model,2,141.87490844726562
Our model,2,197.28097534179688
Our model,2,186.2087860107422
Our model,2,176.3992919921875
Our model,2,149.53466796875
Our model,2,179.89840698242188
Our model,2,162.91989135742188
Our model,2,159.10107421875
Our model,2,191.28382873535156
Our model,2,221.4830780029297
Our model,2,139.533935546875
Our model,2,160.15199279785156
Our model,2,166.57000732421875
Our model,2,162.7928924560547
Our model,2,190.20523071289062
Our model,2,143.60389709472656
Our model,2,145.37327575683594
Our model,2,153.3093719482422
Our model,2,133.73594665527344
Our model,2,226.00181579589844
Our model,2,164.46656799316406
Our model,2,155.57530212402344
Our model,2,154.37322998046875
Our model,2,200.41119384765625
Our model,2,223.817626953125
Our model,2,147.9335479736328
Our model,2,169.9560089111328
Our model,2,139.6356658935547
Our model,2,173.15650939941406
Our model,2,155.6085662841797
Our model,2,165.56536865234375
Our model,2,155.86744689941406
Our model,2,134.08753967285156
Our model,2,176.4386749267578
Our model,2,158.79603576660156
Our model,2,135.1451416015625
Our model,2,131.8545684814453
Our model,2,177.90248107910156
Our model,2,200.31710815429688
Our model,2,129.20217895507812
Our model,2,156.23794555664062
Our model,2,143.23492431640625
Our model,2,190.65367126464844
Our model,2,177.81326293945312
Our model,2,225.91531372070312
Our model,2,170.66896057128906
Our model,2,185.7728729248047
Our model,2,151.82266235351562
Our model,2,157.12066650390625
Our model,2,157.74603271484375
Our model,2,129.45265197753906
Our model,2,150.44960021972656
Our model,2,134.74725341796875
Our model,2,134.84738159179688
Our model,2,124.36369323730469
Our model,2,151.09512329101562
Our model,2,121.50640106201172
Our model,2,159.4359130859375
Our model,2,171.6461639404297
Our model,2,172.130615234375
Our model,2,251.87240600585938
Our model,2,151.2701416015625
Our model,2,152.83934020996094
Our model,2,178.91758728027344
Our model,2,260.2875061035156
Our model,2,129.27284240722656
Our model,2,165.7169189453125
Our model,2,261.9344787597656
Our model,2,204.3743438720703
Our model,2,181.5988311767578
Our model,2,247.47250366210938
Our model,2,307.13360595703125
Our model,2,195.46551513671875
Our model,2,118.12094116210938
Our model,2,166.55345153808594
Our model,2,179.75686645507812
Our model,2,185.47628784179688
Our model,2,213.262451171875
Our model,2,190.9100799560547
Our model,2,143.31683349609375
Our model,2,125.32905578613281
Our model,2,165.5557861328125
Our model,2,156.63235473632812
Our model,2,165.60275268554688
Our model,2,179.1967010498047
Our model,2,150.50534057617188
Our model,2,169.37997436523438
Our model,2,158.88194274902344
Our model,2,132.99363708496094
Our model,2,171.7108154296875
Our model,2,182.16415405273438
Our model,2,179.43228149414062
Our model,2,165.3915252685547
Our model,2,180.8074188232422
Our model,2,178.34625244140625
Our model,2,129.62953186035156
Our model,2,228.4552459716797
Our model,2,152.33059692382812
Our model,2,190.50852966308594
Our model,2,163.0311279296875
Our model,2,177.2620849609375
Our model,2,160.0362548828125
Our model,2,133.91871643066406
Our model,2,129.7467803955078
Our model,2,147.67434692382812
Our model,2,132.17588806152344
Our model,2,158.80389404296875
Our model,2,152.97531127929688
Our model,2,140.48887634277344
Our model,2,146.3186798095703
Our model,2,134.39825439453125
Our model,2,209.17626953125
Our model,2,149.21725463867188
Our model,2,164.9228515625
Our model,2,142.3740234375
Our model,2,178.51210021972656
Our model,2,155.30259704589844
Our model,2,199.5778045654297
Our model,2,222.25999450683594
Our model,2,273.2673645019531
Our model,2,147.83335876464844
Our model,2,147.6776123046875
Our model,2,173.87762451171875
Our model,2,144.43470764160156
Our model,2,150.07810974121094
Our model,2,196.7570343017578
Our model,2,172.36248779296875
Our model,2,190.34962463378906
Our model,2,152.70643615722656
Our model,2,191.1033172607422
Our model,2,187.12425231933594
Our model,2,150.0154571533203
Our model,2,134.08590698242188
Our model,2,134.5538330078125
Our model,2,209.70938110351562
Our model,2,148.2542724609375
Our model,2,174.1830596923828
Our model,2,140.34298706054688
Our model,2,146.0819091796875
Our model,2,199.64138793945312
Our model,2,174.91390991210938
Our model,2,125.92461395263672
Our model,2,193.1977996826172
Our model,2,212.52171325683594
Our model,2,201.896484375
Our model,2,178.50375366210938
Our model,2,133.9084930419922
Our model,2,119.36760711669922
Our model,2,166.8492431640625
Our model,2,138.09463500976562
Our model,2,165.1930389404297
Our model,2,147.98817443847656
Our model,2,164.44078063964844
Our model,2,166.5053253173828
Our model,2,192.10202026367188
Our model,2,149.4534454345703
Our model,2,141.5189208984375
Our model,2,155.81369018554688
Our model,2,161.87051391601562
Our model,2,149.32078552246094
Our model,2,155.78872680664062
Our model,2,154.86985778808594
Our model,2,190.5800323486328
Our model,2,210.89169311523438
Our model,2,147.2324676513672
Our model,2,154.45777893066406
Our model,2,171.07911682128906
Our model,2,168.7626953125
Our model,2,184.98687744140625
Our model,2,160.2176055908203
Our model,2,161.7585906982422
Our model,2,169.4408416748047
Our model,2,155.19253540039062
Our model,2,152.0476837158203
Our model,2,135.50999450683594
Our model,2,161.6751251220703
Our model,2,192.80917358398438
Our model,2,148.54678344726562
Our model,2,362.6574401855469
Our model,2,327.3814392089844
Our model,2,368.07244873046875
Our model,2,182.26235961914062
Our model,2,148.86642456054688
Our model,2,132.90858459472656
Our model,2,139.73519897460938
Our model,2,168.80792236328125
Our model,2,210.5811004638672
Our model,2,202.21954345703125
Our model,2,128.3282928466797
Our model,2,140.26568603515625
Our model,2,132.05311584472656
Our model,2,174.1646270751953
Our model,2,157.6685791015625
Our model,2,208.44146728515625
Our model,2,171.90838623046875
Our model,2,171.0465850830078
Our model,2,167.93569946289062
Our model,2,144.16346740722656
Our model,2,213.45211791992188
Our model,2,164.34344482421875
Our model,2,146.37335205078125
Our model,2,151.323486328125
Our model,2,222.3956756591797
Our model,2,223.1156005859375
Our model,2,152.00286865234375
Our model,2,166.13438415527344
Our model,2,203.43020629882812
Our model,2,156.12982177734375
Our model,2,161.65118408203125
Our model,2,212.0899658203125
Our model,2,177.6436767578125
Our model,2,158.82501220703125
Our model,2,163.37347412109375
Our model,2,189.0213623046875
Our model,2,137.81051635742188
Our model,2,188.0664825439453
Our model,2,122.03510284423828
Our model,2,147.88363647460938
Our model,2,134.149169921875
Our model,2,165.12893676757812
Our model,2,135.45382690429688
Our model,2,182.1647186279297
Our model,2,173.10650634765625
Our model,2,179.48965454101562
Our model,2,152.37197875976562
Our model,2,143.1904754638672
Our model,2,138.75291442871094
Our model,2,142.12107849121094
Our model,2,121.72854614257812
Our model,2,159.89962768554688
Our model,2,152.2501678466797
Our model,2,148.74391174316406
Our model,2,137.56996154785156
Our model,2,125.47859191894531
Our model,2,137.9342498779297
Our model,2,162.35374450683594
Our model,2,172.35252380371094
Our model,2,122.33257293701172
Our model,2,168.37359619140625
Our model,2,156.58599853515625
Our model,2,173.53854370117188
Our model,2,203.15786743164062
Our model,2,167.26919555664062
Our model,2,155.81329345703125
Our model,2,147.19012451171875
Our model,2,199.4940948486328
Our model,2,138.13186645507812
Our model,2,172.44105529785156
Our model,2,218.58560180664062
Our model,2,173.14950561523438
Our model,2,197.92869567871094
Our model,2,247.857421875
Our model,2,248.3328857421875
Our model,2,242.14149475097656
Our model,2,154.13694763183594
Our model,2,206.73130798339844
Our model,2,137.268798828125
Our model,2,140.20486450195312
Our model,2,109.10626983642578
Our model,2,167.5865478515625
Our model,2,141.41050720214844
Our model,2,181.01846313476562
Our model,2,159.37477111816406
Our model,2,167.76873779296875
Our model,2,163.62289428710938
Our model,2,157.76034545898438
Our model,2,178.7416229248047
Our model,2,138.0458526611328
Our model,2,209.78985595703125
Our model,2,165.0089569091797
Our model,2,164.4759521484375
Our model,2,108.47943115234375
Our model,2,126.05220031738281
Our model,2,203.45526123046875
Our model,2,138.78700256347656
Our model,2,187.79122924804688
Our model,2,222.43980407714844
Our model,2,174.96397399902344
Our model,2,164.74093627929688
Our model,2,173.15419006347656
Our model,2,177.4480438232422
Our model,2,149.79579162597656
Our model,2,219.68299865722656
Our model,2,263.57318115234375
Our model,2,134.1459503173828
Our model,2,124.76842498779297
Our model,2,118.54290771484375
Our model,2,107.21253204345703
Our model,2,125.5126724243164
Our model,2,142.4439697265625
Our model,2,192.99935913085938
Our model,2,234.6268310546875
Our model,2,173.97789001464844
Our model,2,190.8238983154297
Our model,2,217.72084045410156
Our model,2,179.3896484375
Our model,2,186.70135498046875
Our model,2,170.95626831054688
Our model,2,145.35704040527344
Our model,2,130.67807006835938
Our model,2,166.1739501953125
Our model,2,159.32164001464844
Our model,2,141.6585693359375
Our model,2,166.36766052246094
Our model,2,305.66986083984375
Our model,2,243.18600463867188
Our model,2,192.2348175048828
Our model,2,170.8546142578125
Our model,2,181.54403686523438
Our model,2,164.838623046875
Our model,2,233.8240966796875
Our model,2,302.7972106933594
Our model,2,124.2603530883789
Our model,2,119.23115539550781
Our model,2,152.2054901123047
Our model,2,178.30299377441406
Our model,2,124.89415740966797
Our model,2,154.65316772460938
Our model,2,202.9628448486328
Our model,2,124.8757553100586
Our model,2,182.70022583007812
Our model,2,162.41575622558594
Our model,2,137.04965209960938
Our model,2,133.8788604736328
Our model,2,177.27471923828125
Our model,2,159.156982421875
Our model,2,136.19166564941406
Our model,2,139.0792236328125
Our model,2,136.02310180664062
Our model,2,113.18504333496094
Our model,2,130.9082489013672
Our model,2,139.32115173339844
Our model,2,171.35910034179688
Our model,2,134.869873046875
Our model,2,141.98736572265625
Our model,2,166.55345153808594
Our model,2,206.4048309326172
Our model,2,169.75070190429688
Our model,2,180.634765625
Our model,2,168.1688995361328
Our model,2,169.57028198242188
Our model,2,141.6888427734375
Our model,2,117.65576171875
Our model,2,154.56503295898438
Our model,2,165.91085815429688
Our model,2,146.5655517578125
Our model,2,162.243408203125
Our model,2,152.7744598388672
Our model,2,141.50970458984375
Our model,2,186.64630126953125
Our model,2,192.37167358398438
Our model,2,158.28082275390625
Our model,2,144.94163513183594
Our model,2,182.86376953125
Our model,2,160.7425537109375
Our model,2,148.109619140625
Our model,2,127.12940979003906
Our model,2,153.6096954345703
Our model,2,143.27267456054688
Our model,2,183.889892578125
Our model,2,168.99021911621094
Our model,2,143.96160888671875
Our model,2,172.9351806640625
Our model,2,141.5091552734375
Our model,2,163.48037719726562
Our model,2,145.96578979492188
Our model,2,142.4031982421875
Our model,2,205.6094207763672
Our model,2,142.81922912597656
Our model,2,143.24525451660156
Our model,2,145.18687438964844
Our model,2,167.64852905273438
Our model,2,138.93605041503906
Our model,2,201.33486938476562
Our model,2,312.05078125
Our model,2,170.96844482421875
Our model,2,171.03219604492188
Our model,2,174.82916259765625
Our model,2,193.73684692382812
Our model,2,149.75852966308594
Our model,2,290.4839172363281
Our model,2,332.1121520996094
Our model,2,231.90145874023438
Our model,2,133.67820739746094
Our model,2,117.71290588378906
Our model,2,110.86580657958984
Our model,2,196.36033630371094
Our model,2,126.9986801147461
Our model,2,281.2555236816406
Our model,2,202.7071533203125
Our model,2,235.71080017089844
Our model,2,150.63534545898438
Our model,2,156.09426879882812
Our model,2,116.66127014160156
Our model,2,180.99815368652344
Our model,2,122.40144348144531
Our model,2,138.88536071777344
Our model,2,149.13723754882812
Our model,2,135.57058715820312
Our model,2,167.4690704345703
Our model,2,144.185302734375
Our model,2,179.9439239501953
Our model,2,199.73294067382812
Our model,2,158.04351806640625
Our model,2,152.35951232910156
Our model,2,166.66827392578125
Our model,2,158.31871032714844
Our model,2,138.6436309814453
Our model,2,150.7797088623047
Our model,2,246.5181884765625
Our model,2,142.44110107421875
Our model,2,126.56979370117188
Our model,2,119.38948822021484
Our model,2,202.3587646484375
Our model,2,141.498046875
Our model,2,237.2039794921875
Our model,2,137.92868041992188
Our model,2,141.7319793701172
Our model,2,169.76304626464844
Our model,2,174.72645568847656
Our model,2,136.22207641601562
Our model,2,164.2510528564453
Our model,2,137.87240600585938
Our model,2,173.7749786376953
Our model,2,132.81549072265625
Our model,2,192.4505615234375
Our model,2,122.11286163330078
Our model,2,121.16033935546875
Our model,2,156.31936645507812
Our model,2,164.90423583984375
Our model,2,141.05975341796875
Our model,2,167.78915405273438
Our model,2,160.0526580810547
Our model,2,183.5430450439453
Our model,2,147.5518341064453
Our model,2,228.1753387451172
Our model,2,135.1884307861328
Our model,2,142.7698516845703
Our model,2,142.87245178222656
Our model,2,244.14651489257812
Our model,2,186.17929077148438
Our model,2,94.01361083984375
Our model,2,205.17776489257812
Our model,2,174.2996826171875
Our model,2,148.2680206298828
Our model,2,137.98414611816406
Our model,2,164.51773071289062
Our model,2,168.4566192626953
Our model,2,195.65577697753906
Our model,2,182.06256103515625
Our model,2,135.37762451171875
Our model,2,159.42454528808594
Our model,2,162.75350952148438
Our model,2,142.71792602539062
Our model,2,148.857421875
Our model,2,189.94454956054688
Our model,2,157.6195068359375
Our model,2,170.82664489746094
Our model,2,253.85931396484375
Our model,2,205.7640838623047
Our model,2,255.2634735107422
Our model,2,203.56582641601562
Our model,2,161.69619750976562
Our model,2,149.10714721679688
Our model,2,152.64520263671875
Our model,2,202.0784912109375
Our model,2,201.134521484375
Our model,2,190.70184326171875
Our model,2,144.26356506347656
Our model,2,169.28675842285156
Our model,2,157.8181610107422
Our model,2,151.62510681152344
Our model,2,171.63992309570312
Our model,2,154.70094299316406
Our model,2,199.5478057861328
Our model,2,213.0300750732422
Our model,2,197.14654541015625
Our model,2,156.2114715576172
Our model,2,163.39926147460938
Our model,2,135.89926147460938
Our model,2,159.70281982421875
Our model,2,176.60963439941406
Our model,2,142.12205505371094
Our model,2,152.40005493164062
Our model,2,157.59002685546875
Our model,2,188.67164611816406
Our model,2,170.07351684570312
Our model,2,167.76866149902344
Our model,2,161.85301208496094
Our model,2,168.8513641357422
Our model,2,120.6177749633789
Our model,2,156.57839965820312
Our model,2,188.77200317382812
Our model,2,163.54220581054688
Our model,2,145.96421813964844
Our model,2,135.50424194335938
Our model,2,135.1692352294922
Our model,2,166.4150848388672
Our model,2,134.3105010986328
Our model,2,150.02508544921875
Our model,2,173.5391082763672
Our model,2,186.2683868408203
Our model,2,150.42718505859375
Our model,2,155.9866943359375
Our model,2,110.65447235107422
Our model,2,171.0686492919922
Our model,2,125.73954772949219
Our model,2,157.73329162597656
Our model,2,154.3489227294922
Our model,2,149.83316040039062
Our model,2,166.3463134765625
Our model,2,176.99798583984375
Our model,2,144.65814208984375
Our model,2,160.2752227783203
Our model,2,178.88084411621094
Our model,2,180.66909790039062
Our model,2,143.4137725830078
Our model,2,154.87245178222656
Our model,2,249.1837921142578
Our model,2,208.7985382080078
Our model,2,111.42362976074219
Our model,2,111.6861343383789
Our model,2,187.46353149414062
Our model,2,184.3311767578125
Our model,2,202.8030548095703
Our model,2,240.4031982421875
Our model,2,144.94256591796875
Our model,2,208.10740661621094
Our model,2,167.08843994140625
Our model,2,176.3069610595703
Our model,2,143.26075744628906
Our model,2,215.79177856445312
Our model,2,271.97601318359375
Our model,2,150.50694274902344
Our model,2,149.45640563964844
Our model,2,195.7666778564453
Our model,2,143.4896240234375
Our model,2,143.33255004882812
Our model,2,174.4215087890625
Our model,2,171.87356567382812
Our model,2,152.06076049804688
Our model,2,201.86785888671875
Our model,2,161.59510803222656
Our model,2,170.46783447265625
Our model,2,144.44252014160156
Our model,2,156.77645874023438
Our model,2,134.66847229003906
Our model,2,143.11929321289062
Our model,2,125.54405975341797
Our model,2,159.6019287109375
Our model,2,141.71839904785156
Our model,2,142.1067352294922
Our model,2,197.0908966064453
Our model,2,330.205322265625
Our model,2,274.7093505859375
Our model,2,260.90887451171875
Our model,2,278.9588317871094
Our model,2,168.5886688232422
Our model,2,146.0086212158203
Our model,2,158.99949645996094
Our model,2,197.5179443359375
Our model,2,249.43505859375
Our model,2,261.3323059082031
Our model,2,122.19091033935547
Our model,2,138.58740234375
Our model,2,139.71995544433594
Our model,2,136.38775634765625
Our model,2,152.12855529785156
Our model,2,158.4006805419922
Our model,2,171.0371856689453
Our model,2,163.51731872558594
Our model,2,163.20736694335938
Our model,2,139.8557891845703
Our model,2,157.88726806640625
Our model,2,225.07284545898438
Our model,2,142.82310485839844
Our model,2,141.70205688476562
Our model,2,133.0404052734375
Our model,2,152.2386016845703
Our model,2,129.61419677734375
Our model,2,185.45187377929688
Our model,2,129.2255401611328
Our model,2,183.76893615722656
Our model,2,139.515625
Our model,2,142.79283142089844
Our model,2,153.99087524414062
Our model,2,173.9273681640625
Our model,2,166.84451293945312
Our model,2,120.46458435058594
Our model,2,133.20106506347656
Our model,2,148.4202880859375
Our model,2,139.74391174316406
Our model,2,159.34153747558594
Our model,2,170.0454559326172
Our model,2,182.888671875
Our model,2,199.8118438720703
Our model,2,174.1332244873047
Our model,2,174.8876190185547
Our model,2,152.8283233642578
Our model,2,136.18223571777344
Our model,2,169.98768615722656
Our model,2,133.4226531982422
Our model,2,151.93173217773438
Our model,2,116.60006713867188
Our model,2,158.77655029296875
Our model,2,156.31271362304688
Our model,2,209.4217987060547
Our model,2,166.65541076660156
Our model,2,152.80508422851562
Our model,2,224.23243713378906
Our model,2,192.33802795410156
Our model,2,158.10971069335938
Our model,2,203.8785400390625
Our model,2,220.2836456298828
Our model,2,175.64743041992188
Our model,2,177.30743408203125
Our model,2,147.006591796875
Our model,2,123.32014465332031
Our model,2,144.78024291992188
Our model,2,147.85043334960938
Our model,2,118.12047576904297
Our model,2,209.49789428710938
Our model,2,164.906005859375
Our model,2,161.69708251953125
Our model,2,123.5465316772461
Our model,2,143.17733764648438
Our model,2,202.1240692138672
Our model,2,212.61097717285156
Our model,2,154.49139404296875
Our model,2,123.2124252319336
Our model,2,170.4924774169922
Our model,2,187.5450897216797
Our model,2,136.77911376953125
Our model,2,164.11326599121094
Our model,2,138.45616149902344
Our model,2,151.203369140625
Our model,2,168.19656372070312
Our model,2,170.4485626220703
Our model,2,151.7356414794922
Our model,2,143.0663299560547
Our model,2,130.1928253173828
Our model,2,217.62081909179688
Our model,2,123.58955383300781
Our model,2,141.56532287597656
Our model,2,127.1469955444336
Our model,2,219.89715576171875
Our model,2,128.13290405273438
Our model,2,266.1118469238281
Our model,2,258.448486328125
Our model,2,229.47540283203125
Our model,2,209.81919860839844
Our model,2,160.01300048828125
Our model,2,180.9016571044922
Our model,2,163.22422790527344
Our model,2,260.46014404296875
Our model,2,304.1029968261719
Our model,2,141.50079345703125
Our model,2,136.01332092285156
Our model,2,127.32830047607422
Our model,2,149.3154754638672
Our model,2,139.58824157714844
Our model,2,153.86636352539062
Our model,2,257.9122009277344
Our model,2,205.94558715820312
Our model,2,237.77188110351562
Our model,2,140.66793823242188
Our model,2,149.1450958251953
Our model,2,166.35289001464844
Our model,2,159.68907165527344
Our model,2,158.89877319335938
Our model,2,139.67974853515625
Our model,2,143.35169982910156
Our model,2,119.62151336669922
Our model,2,143.2382354736328
Our model,2,172.53890991210938
Our model,2,152.1544647216797
Our model,2,191.4507293701172
Our model,2,199.71066284179688
Our model,2,185.97198486328125
Our model,2,192.51246643066406
Our model,2,169.1370391845703
Our model,2,150.47537231445312
Our model,2,155.6375732421875
Our model,2,150.1985626220703
Our model,2,221.3400115966797
Our model,2,215.2415008544922
Our model,2,118.32597351074219
Our model,2,138.7818603515625
Our model,2,165.04876708984375
Our model,2,136.41709899902344
Our model,2,159.2725372314453
Our model,2,149.45628356933594
Our model,2,173.54080200195312
Our model,2,198.75701904296875
Our model,2,226.16458129882812
Our model,2,168.07546997070312
Our model,2,165.63784790039062
Our model,2,176.0729217529297
Our model,2,174.2230987548828
Our model,2,140.38487243652344
Our model,2,206.40042114257812
Our model,2,160.8258514404297
Our model,2,152.44285583496094
Our model,2,191.68582153320312
Our model,2,146.72117614746094
Our model,2,161.44996643066406
Our model,2,146.5230712890625
Our model,2,154.00582885742188
Our model,2,165.68336486816406
Our model,2,161.2077178955078
Our model,2,180.1262664794922
Our model,2,176.3842010498047
Our model,2,131.38446044921875
Our model,2,145.16148376464844
Our model,2,181.23358154296875
Our model,2,183.9558563232422
Our model,2,136.98617553710938
Our model,2,213.2070770263672
Our model,2,141.8712158203125
Our model,2,152.11192321777344
Our model,2,159.68887329101562
Our model,2,212.8221893310547
Our model,2,199.68600463867188
Our model,2,212.02767944335938
Our model,2,128.5667724609375
Our model,2,137.9173126220703
Our model,2,156.94125366210938
Our model,2,166.54913330078125
Our model,2,151.840576171875
Our model,2,152.44557189941406
Our model,2,156.69427490234375
Our model,2,140.88372802734375
Our model,2,160.4383087158203
Our model,2,195.439208984375
Our model,2,182.7039031982422
Our model,2,187.43896484375
Our model,2,174.05503845214844
Our model,2,132.40199279785156
Our model,2,182.15994262695312
Our model,2,142.4064483642578
Our model,2,217.74595642089844
Our model,2,167.8517303466797
Our model,2,160.2008056640625
Our model,2,154.4811553955078
Our model,2,143.27882385253906
Our model,2,140.52447509765625
Our model,2,161.60256958007812
Our model,2,169.52749633789062
Our model,2,188.51551818847656
Our model,2,171.49740600585938
Our model,2,164.0259246826172
Our model,2,140.96485900878906
Our model,2,139.94680786132812
Our model,2,245.0245361328125
Our model,2,146.00567626953125
Our model,2,136.6890106201172
Our model,2,116.89677429199219
Our model,2,195.42747497558594
Our model,2,128.0403594970703
Our model,2,216.70306396484375
Our model,2,188.89756774902344
Our model,2,202.68959045410156
Our model,2,179.9181671142578
Our model,2,167.61648559570312
Our model,2,188.19430541992188
Our model,2,146.16146850585938
Our model,2,170.04798889160156
Our model,2,159.86607360839844
Our model,2,153.1918487548828
Our model,2,125.57403564453125
Our model,2,143.11019897460938
Our model,2,157.8795623779297
Our model,2,139.82498168945312
Our model,2,154.28424072265625
Our model,2,179.53787231445312
Our model,2,185.9662322998047
Our model,2,172.86126708984375
Our model,2,216.80747985839844
Our model,2,244.0840301513672
Our model,2,212.52099609375
Our model,2,150.21925354003906
Our model,2,141.19593811035156
Our model,2,156.880615234375
Our model,2,149.42398071289062
Our model,2,109.5786361694336
Our model,2,147.2300262451172
Our model,2,151.52923583984375
Our model,2,149.16171264648438
Our model,2,200.97091674804688
Our model,2,155.62075805664062
Our model,2,168.1394805908203
Our model,2,172.4755096435547
Our model,2,162.0003204345703
Our model,2,127.9573745727539
Our model,2,163.5540008544922
Our model,2,175.15899658203125
Our model,2,165.47769165039062
Our model,2,138.07601928710938
Our model,2,120.4712905883789
Our model,2,141.27699279785156
Our model,2,141.3900604248047
Our model,2,154.18450927734375
Our model,2,222.79315185546875
Our model,2,184.26283264160156
Our model,2,216.16812133789062
Our model,2,145.84994506835938
Our model,2,169.18215942382812
Our model,2,140.03775024414062
Our model,2,140.28956604003906
Our model,2,150.7476043701172
Our model,2,133.18295288085938
Our model,2,154.4957733154297
Our model,2,132.0410919189453
Our model,2,145.3106231689453
Our model,2,160.92404174804688
Our model,2,162.8819122314453
Our model,2,188.7306671142578
Our model,2,161.1586151123047
Our model,2,173.99501037597656
Our model,2,153.38880920410156
Our model,2,191.16461181640625
Our model,2,134.8553466796875
Our model,2,126.1140365600586
Our model,2,141.3183135986328
Our model,2,117.015380859375
Our model,2,122.07027435302734
Our model,2,171.95057678222656
Our model,2,237.75704956054688
Our model,2,152.16783142089844
Our model,2,189.81068420410156
Our model,2,186.55914306640625
Our model,2,169.5314178466797
Our model,2,131.34896850585938
Our model,2,163.01376342773438
Our model,2,171.92665100097656
Our model,2,226.65142822265625
Our model,2,167.80361938476562
Our model,2,142.7424774169922
Our model,2,130.41554260253906
Our model,2,168.8896026611328
Our model,2,155.9689483642578
Our model,2,157.46340942382812
Our model,2,145.03335571289062
Our model,2,158.20932006835938
Our model,2,147.74368286132812
Our model,2,162.06387329101562
Our model,2,143.67457580566406
Our model,2,125.64836883544922
Our model,2,187.22259521484375
Our model,2,169.86155700683594
Our model,2,149.61700439453125
Our model,2,139.2825164794922
Our model,2,150.82969665527344
Our model,2,130.32919311523438
Our model,2,219.94369506835938
Our model,2,129.80642700195312
Our model,2,193.34774780273438
Our model,2,165.1553955078125
Our model,2,144.73757934570312
Our model,2,145.53564453125
Our model,2,136.75584411621094
Our model,2,155.11123657226562
Our model,2,167.864501953125
Our model,2,137.71975708007812
Our model,2,136.14056396484375
Our model,2,152.03421020507812
Our model,2,190.13768005371094
Our model,2,143.2557830810547
Our model,2,167.75462341308594
Our model,2,193.07603454589844
Our model,2,176.17965698242188
Our model,2,213.99801635742188
Our model,2,215.24220275878906
Our model,2,174.37986755371094
Our model,2,155.0222625732422
Our model,2,123.62012481689453
Our model,2,138.12059020996094
Our model,2,145.32176208496094
Our model,2,129.41299438476562
Our model,2,135.7870635986328
Our model,2,160.21026611328125
Our model,2,147.59185791015625
Our model,2,244.61106872558594
Our model,2,239.52389526367188
Our model,2,174.67393493652344
Our model,2,136.44509887695312
Our model,2,145.540283203125
Our model,2,148.41073608398438
Our model,2,241.763427734375
Our model,2,186.03793334960938
Our model,2,207.2070770263672
Our model,2,124.21444702148438
Our model,2,130.14585876464844
Our model,2,252.27891540527344
Our model,2,223.00341796875
Our model,2,150.33905029296875
Our model,2,165.2882843017578
Our model,2,184.35726928710938
Our model,2,210.7913360595703
Our model,2,176.4473876953125
Our model,2,274.0126953125
Our model,2,187.8108673095703
Our model,2,221.06167602539062
Our model,2,300.6422119140625
Our model,2,144.02464294433594
Our model,2,128.3594970703125
Our model,2,168.03433227539062
Our model,2,170.35838317871094
Our model,2,211.46524047851562
Our model,2,201.8082733154297
Our model,2,160.12818908691406
Our model,2,128.7237548828125
Our model,2,158.51832580566406
Our model,2,164.948486328125
Our model,2,161.1952667236328
Our model,2,132.5078582763672
Our model,2,122.48347473144531
Our model,2,155.96697998046875
Our model,2,160.37950134277344
Our model,2,156.02838134765625
Our model,2,144.7210693359375
Our model,2,209.33749389648438
Our model,2,164.47262573242188
Our model,2,163.62579345703125
Our model,2,167.74293518066406
Our model,2,134.538818359375
Our model,2,138.34011840820312
Our model,2,144.910400390625
Our model,2,133.74623107910156
Our model,2,155.2071075439453
Our model,2,129.1712188720703
Our model,2,169.8641815185547
Our model,2,186.810546875
Our model,2,159.14720153808594
Our model,2,126.4991226196289
Our model,2,157.86766052246094
Our model,2,161.57957458496094
Our model,2,167.01657104492188
Our model,2,153.154052734375
Our model,2,162.16635131835938
Our model,2,220.96763610839844
Our model,2,168.34156799316406
Our model,2,165.67938232421875
Our model,2,133.71998596191406
Our model,2,148.3308868408203
Our model,2,138.38980102539062
Our model,2,200.20530700683594
Our model,2,165.72903442382812
Our model,2,168.8781280517578
Our model,2,207.40489196777344
Our model,2,154.05899047851562
Our model,2,160.66404724121094
Our model,2,177.71240234375
Our model,2,125.9676513671875
Our model,2,149.18556213378906
Our model,2,139.06976318359375
Our model,2,174.7796173095703
Our model,2,134.65298461914062
Our model,2,145.49302673339844
Our model,2,169.76239013671875
Our model,2,180.5305938720703
Our model,2,216.58226013183594
Our model,2,175.3408966064453
Our model,2,192.219482421875
Our model,2,147.6485595703125
Our model,2,177.08876037597656
Our model,2,132.57347106933594
Our model,2,159.12918090820312
Our model,2,229.8767547607422
Our model,2,130.93019104003906
Our model,2,124.746337890625
Our model,2,120.44830322265625
Our model,2,182.54788208007812
Our model,2,142.56419372558594
Our model,2,149.16912841796875
Our model,2,184.80276489257812
Our model,2,135.3787078857422
Our model,2,178.3914794921875
Our model,2,174.5756072998047
Our model,2,197.2048797607422
Our model,2,159.6759490966797
Our model,2,154.52723693847656
Our model,2,133.19349670410156
Our model,2,162.1011505126953
Our model,2,154.20069885253906
Our model,2,145.81744384765625
Our model,2,132.90296936035156
Our model,2,136.4099884033203
Our model,2,189.9214324951172
Our model,2,171.0276336669922
Our model,2,149.3970489501953
Our model,2,176.54241943359375
Our model,2,170.0856170654297
Our model,2,181.0148468017578
Our model,2,177.0505828857422
Our model,2,160.65977478027344
Our model,2,168.20028686523438
Our model,2,190.2440185546875
Our model,2,136.11195373535156
Our model,2,178.83592224121094
Our model,2,197.7164306640625
Our model,2,179.15724182128906
Our model,2,196.80621337890625
Our model,2,160.02703857421875
Our model,2,190.570068359375
Our model,2,174.7928924560547
Our model,2,139.82908630371094
Our model,2,159.09463500976562
Our model,2,130.24205017089844
Our model,2,131.78546142578125
Our model,2,137.3616943359375
Our model,2,145.43646240234375
Our model,2,156.8960418701172
Our model,2,149.47735595703125
Our model,2,206.92457580566406
Our model,2,160.7752227783203
Our model,2,161.07107543945312
Our model,2,189.4011688232422
Our model,2,180.02923583984375
Our model,2,197.0668487548828
Our model,2,167.68284606933594
Our model,2,219.39817810058594
Our model,2,133.16378784179688
Our model,2,129.93359375
Our model,2,125.86691284179688
Our model,2,124.42636108398438
Our model,2,126.40694427490234
Our model,2,157.51585388183594
Our model,2,208.13404846191406
Our model,2,177.1002655029297
Our model,2,159.6880340576172
Our model,2,166.38600158691406
Our model,2,163.52684020996094
Our model,2,138.68820190429688
Our model,2,118.02347564697266
Our model,2,169.90858459472656
Our model,2,167.3773651123047
Our model,2,134.5442657470703
Our model,2,146.10089111328125
Our model,2,122.53018951416016
Our model,2,150.41514587402344
Our model,2,148.05484008789062
Our model,2,281.0203857421875
Our model,2,143.98486328125
Our model,2,158.94119262695312
Our model,2,187.03526306152344
Our model,2,216.75863647460938
Our model,2,161.80870056152344
Our model,2,273.8461608886719
Our model,2,349.2424011230469
Our model,2,156.2139434814453
Our model,2,138.4852294921875
Our model,2,161.2413330078125
Our model,2,192.38076782226562
Our model,2,169.44114685058594
Our model,2,231.91856384277344
Our model,2,150.7278289794922
Our model,2,170.5562286376953
Our model,2,156.6326141357422
Our model,2,263.31768798828125
Our model,2,157.14768981933594
Our model,2,247.54710388183594
Our model,2,124.51246643066406
Our model,2,116.51460266113281
Our model,2,117.07331848144531
Our model,2,206.5178680419922
Our model,2,138.44175720214844
Our model,2,167.4388427734375
Our model,2,166.1017303466797
Our model,2,183.64573669433594
Our model,2,223.65289306640625
Our model,2,209.77610778808594
Our model,2,203.01290893554688
Our model,2,156.2270965576172
Our model,2,152.11053466796875
Our model,2,197.67654418945312
Our model,2,155.0137176513672
Our model,2,104.81300354003906
Our model,2,133.8994598388672
Our model,2,159.8888702392578
Our model,2,154.1772918701172
Our model,2,255.6971435546875
Our model,2,211.04421997070312
Our model,2,241.9651336669922
Our model,2,160.4016876220703
Our model,2,164.64895629882812
Our model,2,141.44639587402344
Our model,2,132.85153198242188
Our model,2,186.1811981201172
Our model,2,145.27688598632812
Our model,2,124.79779052734375
Our model,2,142.28395080566406
Our model,2,152.46975708007812
Our model,2,135.3425750732422
Our model,2,149.49118041992188
Our model,2,170.83099365234375
Our model,2,174.67623901367188
Our model,2,171.17974853515625
Our model,2,172.44679260253906
Our model,2,165.92579650878906
Our model,2,172.7251434326172
Our model,2,174.19309997558594
Our model,2,133.61399841308594
Our model,2,126.12417602539062
Our model,2,152.31329345703125
Our model,2,164.35891723632812
Our model,2,144.41964721679688
Our model,2,131.5969696044922
Our model,2,132.48513793945312
Our model,2,196.34193420410156
Our model,2,202.01473999023438
Our model,2,127.2077865600586
Our model,2,219.7412567138672
Our model,2,172.56272888183594
Our model,2,152.88768005371094
Our model,2,185.19541931152344
Our model,2,139.55245971679688
Our model,2,199.6283721923828
Our model,2,131.39541625976562
Our model,2,184.01319885253906
Our model,2,144.02645874023438
Our model,2,148.20550537109375
Our model,2,140.0885772705078
Our model,2,176.25209045410156
Our model,2,175.54965209960938
Our model,2,163.93756103515625
Our model,2,167.55145263671875
Our model,2,169.72767639160156
Our model,2,127.45160675048828
Our model,2,140.2306671142578
Our model,2,167.8871612548828
Our model,2,153.16224670410156
Our model,2,143.09823608398438
Our model,2,162.62908935546875
Our model,2,136.93077087402344
Our model,2,129.5549774169922
Our model,2,200.08763122558594
Our model,2,115.86540985107422
Our model,2,160.87953186035156
Our model,2,147.1522674560547
Our model,2,177.2544708251953
Our model,2,240.96218872070312
Our model,2,168.80027770996094
Our model,2,135.34335327148438
Our model,2,176.83836364746094
Our model,2,220.18104553222656
Our model,2,139.64138793945312
Our model,2,149.80789184570312
Our model,2,205.621826171875
Our model,2,217.98789978027344
Our model,2,187.61598205566406
Our model,2,147.8836212158203
Our model,2,142.92185974121094
Our model,2,137.42860412597656
Our model,2,158.61422729492188
Our model,2,167.78494262695312
Our model,2,176.78143310546875
Our model,2,144.26344299316406
Our model,2,169.37362670898438
Our model,2,144.55506896972656
Our model,2,148.6895294189453
Our model,2,115.65187072753906
Our model,2,133.05712890625
Our model,2,125.42707824707031
Our model,2,176.37545776367188
Our model,2,176.7570037841797
Our model,2,137.82830810546875
Our model,2,183.01876831054688
Our model,2,203.34979248046875
Our model,2,226.21231079101562
Our model,2,191.1972198486328
Our model,2,180.3964385986328
Our model,2,193.0811309814453
Our model,2,155.58457946777344
Our model,2,176.04678344726562
Our model,2,151.2621307373047
Our model,2,129.4615478515625
Our model,2,166.09588623046875
Our model,2,186.975341796875
Our model,2,148.92262268066406
Our model,2,157.14389038085938
Our model,2,178.4122772216797
Our model,2,166.41476440429688
Our model,2,227.63095092773438
Our model,2,165.79788208007812
Our model,2,134.5346221923828
Our model,2,153.47390747070312
Our model,2,182.1233673095703
Our model,2,148.72291564941406
Our model,2,140.9097137451172
Our model,2,113.27342987060547
Our model,2,170.48974609375
Our model,2,128.37770080566406
Our model,2,171.91038513183594
Our model,2,155.79246520996094
Our model,2,166.54490661621094
Our model,2,229.24368286132812
Our model,2,161.33294677734375
Our model,2,143.72549438476562
Our model,2,159.8064727783203
Our model,2,178.22657775878906
Our model,2,226.6643524169922
Our model,2,248.75717163085938
Our model,2,155.84300231933594
Our model,2,146.6008758544922
Our model,2,153.3716278076172
Our model,2,161.18215942382812
Our model,2,489.10308837890625
Our model,2,151.55487060546875
Our model,2,161.33045959472656
Our model,2,202.06134033203125
Our model,2,209.3624267578125
Our model,2,192.499755859375
Our model,2,453.37078857421875
Our model,2,488.0425720214844
Our model,2,170.00506591796875
Our model,2,187.93199157714844
Our model,2,118.80398559570312
Our model,2,138.08973693847656
Our model,2,150.53225708007812
Our model,2,145.3431854248047
Our model,2,179.551025390625
Our model,2,172.10198974609375
Our model,2,132.34747314453125
Our model,2,158.93162536621094
Our model,2,180.69760131835938
Our model,2,148.98876953125
Our model,2,208.85958862304688
Our model,2,232.78656005859375
Our model,2,161.8831787109375
Our model,2,140.10166931152344
Our model,2,156.8065643310547
Our model,2,150.82113647460938
Our model,2,145.75819396972656
Our model,2,184.12652587890625
Our model,2,176.20849609375
Our model,2,158.27108764648438
Our model,2,176.16407775878906
Our model,2,187.76242065429688
Our model,2,164.81581115722656
Our model,2,160.82098388671875
Our model,2,127.017333984375
Our model,2,162.81309509277344
Our model,2,162.10751342773438
Our model,2,133.74256896972656
Our model,2,133.5856170654297
Our model,2,160.2224578857422
Our model,2,156.4441680908203
Our model,2,168.0145263671875
Our model,2,140.81829833984375
Our model,2,131.60125732421875
Our model,2,150.0537109375
Our model,2,170.9415740966797
Our model,2,156.00759887695312
Our model,2,179.88864135742188
Our model,2,189.3016357421875
Our model,2,166.28749084472656
Our model,2,135.86268615722656
Our model,2,152.87734985351562
Our model,2,180.3571014404297
Our model,2,198.87344360351562
Our model,2,151.00416564941406
Our model,2,148.02056884765625
Our model,2,182.1952362060547
Our model,2,164.3762664794922
Our model,2,149.22169494628906
Our model,2,210.18545532226562
Our model,2,393.2187805175781
Our model,2,172.2975311279297
Our model,2,169.98716735839844
Our model,2,142.65208435058594
Our model,2,379.01446533203125
Our model,2,164.88092041015625
Our model,2,391.79656982421875
Our model,2,189.3311004638672
Our model,2,181.68157958984375
Our model,2,175.6431121826172
Our model,2,152.73731994628906
Our model,2,181.17404174804688
Our model,2,138.4759979248047
Our model,2,194.0085906982422
Our model,2,177.11399841308594
Our model,2,169.7997589111328
Our model,2,130.9224090576172
Our model,2,128.81048583984375
Our model,2,147.12257385253906
Our model,2,131.7274627685547
Our model,2,155.12820434570312
Our model,2,159.72909545898438
Our model,2,146.56735229492188
Our model,2,151.27505493164062
Our model,2,170.42996215820312
Our model,2,197.53695678710938
Our model,2,146.5615997314453
Our model,2,108.30937957763672
Our model,2,134.05233764648438
Our model,2,171.42446899414062
Our model,2,141.8907012939453
Our model,2,125.21405792236328
Our model,2,111.22815704345703
Our model,2,158.35897827148438
Our model,2,136.0133056640625
Our model,2,416.40673828125
Our model,2,165.7642822265625
Our model,2,154.1260528564453
Our model,2,193.52610778808594
Our model,2,206.71939086914062
Our model,2,139.2941436767578
Our model,2,372.2148742675781
Our model,2,429.9386291503906
Our model,2,215.84088134765625
Our model,2,149.4290313720703
Our model,2,132.55650329589844
Our model,2,146.11019897460938
Our model,2,174.54656982421875
Our model,2,183.46461486816406
Our model,2,194.80335998535156
Our model,2,163.75006103515625
Our model,2,199.88397216796875
Our model,2,193.6901092529297
Our model,2,194.850830078125
Our model,2,165.5345458984375
Our model,2,134.98580932617188
Our model,2,131.32015991210938
Our model,2,156.3805694580078
Our model,2,139.40919494628906
Our model,2,142.89234924316406
Our model,2,130.53009033203125
Our model,2,143.74282836914062
Our model,2,142.41622924804688
Our model,2,171.51791381835938
Our model,2,212.87684631347656
Our model,2,180.19815063476562
Our model,2,162.9647979736328
Our model,2,137.09286499023438
Our model,2,147.72918701171875
Our model,2,201.1938934326172
Our model,2,185.6853790283203
Our model,2,143.40689086914062
Our model,2,145.04562377929688
Our model,2,192.8820343017578
Our model,2,182.37704467773438
Our model,2,110.28398895263672
Our model,2,144.9185791015625
Our model,2,180.3966827392578
Our model,2,116.64271545410156
Our model,2,464.2417907714844
Our model,2,221.3897247314453
Our model,2,142.78875732421875
Our model,2,169.046630859375
Our model,2,149.3463897705078
Our model,2,134.0495147705078
Our model,2,242.89968872070312
Our model,2,274.5110778808594
Our model,2,452.9670715332031
Our model,2,141.86019897460938
Our model,2,196.3194580078125
Our model,2,525.1318969726562
Our model,2,217.6751708984375
Our model,2,184.59182739257812
Our model,2,216.21543884277344
Our model,2,147.7742462158203
Our model,2,161.93191528320312
Our model,2,141.4322509765625
Our model,2,141.33824157714844
Our model,2,147.2044677734375
Our model,2,161.62759399414062
Our model,2,164.32968139648438
Our model,2,179.08590698242188
Our model,2,135.62509155273438
Our model,2,144.64173889160156
Our model,2,193.895263671875
Our model,2,174.14794921875
Our model,2,148.03990173339844
Our model,2,147.56268310546875
Our model,2,161.96527099609375
Our model,2,191.86846923828125
Our model,2,183.38848876953125
Our model,2,176.61679077148438
Our model,2,141.5498809814453
Our model,2,219.13848876953125
Our model,2,222.73915100097656
Our model,2,177.5697479248047
Our model,2,149.59051513671875
Our model,2,135.51808166503906
Our model,2,193.13845825195312
Our model,2,139.07862854003906
Our model,2,134.41363525390625
Our model,2,163.90769958496094
Our model,2,187.53822326660156
Our model,2,184.49427795410156
Our model,2,157.95823669433594
Our model,2,121.01864624023438
Our model,2,138.03155517578125
Our model,2,147.74085998535156
Our model,2,151.9920654296875
Our model,2,144.56028747558594
Our model,2,114.12774658203125
Our model,2,165.53111267089844
Our model,2,149.34132385253906
Our model,2,151.86154174804688
Our model,2,142.46656799316406
Our model,2,147.73672485351562
Our model,2,164.5109405517578
Our model,2,107.31867218017578
Our model,2,148.88381958007812
Our model,2,171.03089904785156
Our model,2,162.77261352539062
Our model,2,166.74234008789062
Our model,2,153.23873901367188
Our model,2,161.1573944091797
Our model,2,167.31735229492188
Our model,2,184.8227996826172
Our model,2,207.44580078125
Our model,2,129.62677001953125
Our model,2,132.5257568359375
Our model,2,186.8842315673828
Our model,2,207.58480834960938
Our model,2,158.24632263183594
Our model,2,113.85912322998047
Our model,2,194.68113708496094
Our model,2,169.7541961669922
Our model,2,171.533203125
Our model,2,161.45103454589844
Our model,2,150.13897705078125
Our model,2,191.71170043945312
Our model,2,167.958740234375
Our model,2,139.50222778320312
Our model,2,140.3618927001953
Our model,2,153.04083251953125
Our model,2,151.2224578857422
Our model,2,168.22988891601562
Our model,2,93.8570327758789
Our model,2,146.29931640625
Our model,2,137.66445922851562
Our model,2,156.61273193359375
Our model,2,152.6845245361328
Our model,2,176.78282165527344
Our model,2,166.4143524169922
Our model,2,181.27696228027344
Our model,2,202.4628448486328
Our model,2,177.53329467773438
Our model,2,139.14479064941406
Our model,2,143.86306762695312
Our model,2,147.9874725341797
Our model,2,163.8017120361328
Our model,2,127.63186645507812
Our model,2,125.08544158935547
Our model,2,142.38258361816406
Our model,2,147.27084350585938
Our model,2,175.23550415039062
Our model,2,132.2417449951172
Our model,2,154.31939697265625
Our model,2,192.34092712402344
Our model,2,207.78797912597656
Our model,2,155.83895874023438
Our model,2,153.04983520507812
Our model,2,136.82391357421875
Our model,2,229.43658447265625
Our model,2,185.59375
Our model,2,152.8033905029297
Our model,2,138.9540252685547
Our model,2,234.10984802246094
Our model,2,165.7312469482422
Our model,2,164.93008422851562
Our model,2,159.96746826171875
Our model,2,162.54916381835938
Our model,2,161.6793670654297
Our model,2,157.00299072265625
Our model,2,177.3968048095703
Our model,2,103.98938751220703
Our model,2,134.81814575195312
Our model,2,156.79031372070312
Our model,2,177.54261779785156
Our model,2,116.15360260009766
Our model,2,132.84718322753906
Our model,2,164.50146484375
Our model,2,141.58673095703125
Our model,2,202.8169708251953
Our model,2,146.09446716308594
Our model,2,145.20361328125
Our model,2,177.22650146484375
Our model,2,203.55355834960938
Our model,2,177.9463653564453
Our model,2,206.4606170654297
Our model,2,222.87844848632812
Our model,2,156.26527404785156
Our model,2,166.04391479492188
Our model,2,134.42100524902344
Our model,2,148.3140869140625
Our model,2,167.90699768066406
Our model,2,161.14666748046875
Our model,2,143.02349853515625
Our model,2,132.50460815429688
Our model,2,149.06011962890625
Our model,2,179.46412658691406
Our model,2,154.81362915039062
Our model,2,283.1956787109375
Our model,2,159.88250732421875
Our model,2,165.18408203125
Our model,2,163.99813842773438
Our model,2,282.6544494628906
Our model,2,137.9203643798828
Our model,2,179.2923583984375
Our model,2,296.49847412109375
Our model,2,190.2163848876953
Our model,2,253.67578125
Our model,2,211.8447723388672
Our model,2,242.85890197753906
Our model,2,196.9862823486328
Our model,2,172.02499389648438
Our model,2,176.65565490722656
Our model,2,151.9478302001953
Our model,2,173.2044677734375
Our model,2,176.6569061279297
Our model,2,148.69920349121094
Our model,2,141.0487518310547
Our model,2,136.50650024414062
Our model,2,183.41969299316406
Our model,2,151.8382110595703
Our model,2,144.75599670410156
Our model,2,123.5423812866211
Our model,2,131.01947021484375
Our model,2,169.1988525390625
Our model,2,180.65283203125
Our model,2,188.97003173828125
Our model,2,153.01126098632812
Our model,2,149.12310791015625
Our model,2,154.67713928222656
Our model,2,163.55865478515625
Our model,2,138.85121154785156
Our model,2,147.7010498046875
Our model,2,222.18301391601562
Our model,2,140.5897674560547
Our model,2,167.8947296142578
Our model,2,191.26637268066406
Our model,2,161.12649536132812
Our model,2,171.00579833984375
Our model,2,150.225341796875
Our model,2,130.46656799316406
Our model,2,145.33566284179688
Our model,2,128.53065490722656
Our model,2,133.75018310546875
Our model,2,148.5655059814453
Our model,2,175.90774536132812
Our model,2,184.0232696533203
Our model,2,126.27015686035156
Our model,2,152.83692932128906
Our model,2,153.48046875
Our model,2,137.47377014160156
Our model,2,185.6261749267578
Our model,2,142.5970001220703
Our model,2,212.65904235839844
Our model,2,243.135498046875
Our model,2,133.91502380371094
Our model,2,175.8739013671875
Our model,2,175.09609985351562
Our model,2,216.57562255859375
Our model,2,165.38421630859375
Our model,2,145.30474853515625
Our model,2,144.4244842529297
Our model,2,149.943115234375
Our model,2,177.29681396484375
Our model,2,152.24887084960938
Our model,2,149.8079376220703
Our model,2,206.83970642089844
Our model,2,291.3874816894531
Our model,2,178.61451721191406
Our model,2,145.47927856445312
Our model,2,172.6507568359375
Our model,2,269.11798095703125
Our model,2,167.52052307128906
Our model,2,142.1109161376953
Our model,2,138.83953857421875
Our model,2,288.5832214355469
Our model,2,163.10499572753906
Our model,2,153.91688537597656
Our model,2,147.37857055664062
Our model,2,145.61514282226562
Our model,2,164.97479248046875
Our model,2,154.4229278564453
Our model,2,164.8730926513672
Our model,2,128.4578857421875
Our model,2,190.60887145996094
Our model,2,163.0226287841797
Our model,2,130.46710205078125
Our model,2,144.94866943359375
Our model,2,159.55860900878906
Our model,2,158.0947723388672
Our model,2,139.15301513671875
Our model,2,156.40933227539062
Our model,2,132.77967834472656
Our model,2,152.18063354492188
Our model,2,126.04962921142578
Our model,2,162.14639282226562
Our model,2,295.1246032714844
Our model,2,131.61456298828125
Our model,2,146.23709106445312
Our model,2,142.66268920898438
Our model,2,271.29986572265625
Our model,2,144.3046112060547
Our model,2,132.9394989013672
Our model,2,315.33868408203125
Our model,2,196.3731689453125
Our model,2,220.20669555664062
Our model,2,178.04615783691406
Our model,2,174.1359100341797
Our model,2,173.162841796875
Our model,2,204.3773651123047
Our model,2,179.1500701904297
Our model,2,150.7144317626953
Our model,2,165.86598205566406
Our model,2,148.7913360595703
Our model,2,131.95094299316406
Our model,2,137.49021911621094
Our model,2,145.27786254882812
Our model,2,133.16842651367188
Our model,2,165.92037963867188
Our model,2,146.73114013671875
Our model,2,108.97203826904297
Our model,2,134.2713623046875
Our model,2,233.07257080078125
Our model,2,213.23622131347656
Our model,2,192.99801635742188
Our model,2,160.25848388671875
Our model,2,150.5790252685547
Our model,2,170.15972900390625
Our model,2,173.5076141357422
Our model,2,141.9991912841797
Our model,2,153.76873779296875
Our model,2,145.1483917236328
Our model,2,172.33840942382812
Our model,2,169.50527954101562
Our model,2,136.93524169921875
Our model,2,162.0723419189453
Our model,2,193.93748474121094
Our model,2,210.7835693359375
Our model,2,183.43991088867188
Our model,2,153.3423614501953
Our model,2,154.2064208984375
Our model,2,147.7524871826172
Our model,2,156.64389038085938
Our model,2,117.7968978881836
Our model,2,160.33514404296875
Our model,2,137.6573028564453
Our model,2,149.2347869873047
Our model,2,195.9430694580078
Our model,2,169.1337890625
Our model,2,156.6303253173828
Our model,2,162.43643188476562
Our model,2,209.26808166503906
Our model,2,152.12826538085938
Our model,2,150.41256713867188
Our model,2,218.9463348388672
Our model,2,168.85302734375
Our model,2,125.90071105957031
Our model,2,154.68661499023438
Our model,2,178.6688995361328
Our model,2,160.1748504638672
Our model,2,235.37533569335938
Our model,2,147.81951904296875
Our model,2,125.16522216796875
Our model,2,152.21578979492188
Our model,2,127.33439636230469
Our model,2,139.20103454589844
Our model,2,126.28352355957031
Our model,2,126.21971130371094
Our model,2,170.9842071533203
Our model,2,169.92837524414062
Our model,2,167.01950073242188
Our model,2,166.70529174804688
Our model,2,158.9518585205078
Our model,2,199.8438262939453
Our model,2,177.0643310546875
Our model,2,166.794189453125
Our model,2,180.20596313476562
Our model,2,159.5211944580078
Our model,2,190.9579620361328
Our model,2,172.60360717773438
Our model,2,136.09735107421875
Our model,2,172.9456024169922
Our model,2,157.50025939941406
Our model,2,214.1429443359375
Our model,2,184.11314392089844
Our model,2,179.17950439453125
Our model,2,148.846435546875
Our model,2,122.27605438232422
Our model,2,745.598876953125
Our model,2,221.30250549316406
Our model,2,182.60476684570312
Our model,2,209.12322998046875
Our model,2,142.94247436523438
Our model,2,159.26187133789062
Our model,2,178.50311279296875
Our model,2,155.74557495117188
Our model,2,756.9656372070312
Our model,2,153.68362426757812
Our model,2,206.20379638671875
Our model,2,797.6588134765625
Our model,2,254.3448028564453
Our model,2,147.5363006591797
Our model,2,188.8432159423828
Our model,2,175.69056701660156
Our model,2,216.6940460205078
Our model,2,188.5336151123047
Our model,2,252.3804168701172
Our model,2,149.72560119628906
Our model,2,172.0718994140625
Our model,2,169.80279541015625
Our model,2,163.60638427734375
Our model,2,193.46929931640625
Our model,2,143.19053649902344
Our model,2,164.8883056640625
Our model,2,158.96441650390625
Our model,2,145.79196166992188
Our model,2,175.73582458496094
Our model,2,170.0419921875
Our model,2,166.1575469970703
Our model,2,161.86595153808594
Our model,2,142.57843017578125
Our model,2,140.29360961914062
Our model,2,143.98670959472656
Our model,2,134.9173126220703
Our model,2,143.41854858398438
Our model,2,146.97315979003906
Our model,2,152.21141052246094
Our model,2,190.1981658935547
Our model,2,206.33815002441406
Our model,2,225.89451599121094
Our model,2,248.71334838867188
Our model,2,152.94419860839844
Our model,2,167.44009399414062
Our model,2,145.17051696777344
Our model,2,131.42822265625
Our model,2,149.0406951904297
Our model,2,140.71853637695312
Our model,2,136.57077026367188
Our model,2,101.3770980834961
Our model,2,135.41757202148438
Our model,2,149.2302703857422
Our model,2,139.73451232910156
Our model,2,137.50953674316406
Our model,2,117.56077575683594
Our model,2,160.72300720214844
Our model,2,160.3123016357422
Our model,2,186.6315155029297
Our model,2,139.25726318359375
Our model,2,164.89761352539062
Our model,2,123.4595947265625
Our model,2,180.93736267089844
Our model,2,145.66207885742188
Our model,2,188.09036254882812
Our model,2,184.5506134033203
Our model,2,169.03759765625
Our model,2,211.07472229003906
Our model,2,131.5035400390625
Our model,2,184.520263671875
Our model,2,158.33981323242188
Our model,2,146.0367889404297
Our model,2,126.81092071533203
Our model,2,140.71002197265625
Our model,2,206.43295288085938
Our model,2,150.63546752929688
Our model,2,149.34263610839844
Our model,2,142.09275817871094
Our model,2,181.22027587890625
Our model,2,180.48611450195312
Our model,2,153.8395233154297
Our model,2,180.34326171875
Our model,2,164.31475830078125
Our model,2,165.60597229003906
Our model,2,175.5887451171875
Our model,2,155.67547607421875
Our model,2,169.4060516357422
Our model,2,171.19546508789062
Our model,2,190.4413604736328
Our model,2,160.75157165527344
Our model,2,162.24359130859375
Our model,2,183.4956817626953
Our model,2,144.40939331054688
Our model,2,166.43087768554688
Our model,2,219.7574462890625
Our model,2,154.12571716308594
Our model,2,156.9759063720703
Our model,2,131.79058837890625
Our model,2,194.5286102294922
Our model,2,154.77186584472656
Our model,2,228.384765625
Our model,2,168.8948974609375
Our model,2,167.14100646972656
Our model,2,214.72251892089844
Our model,2,194.71734619140625
Our model,2,166.42413330078125
Our model,2,237.9698486328125
Our model,2,145.09422302246094
Our model,2,168.34902954101562
Our model,2,161.61683654785156
Our model,2,193.72470092773438
Our model,2,122.77950286865234
Our model,2,144.94847106933594
Our model,2,236.9099884033203
Our model,2,139.05694580078125
Our model,2,174.18287658691406
Our model,2,172.3546142578125
Our model,2,211.44752502441406
Our model,2,177.0880889892578
Our model,2,184.12400817871094
Our model,2,156.10365295410156
Our model,2,136.02603149414062
Our model,2,143.00645446777344
Our model,2,147.65817260742188
Our model,2,142.79441833496094
Our model,2,138.00704956054688
Our model,2,123.60343170166016
Our model,2,134.19003295898438
Our model,2,169.38912963867188
Our model,2,133.68263244628906
Our model,2,141.11033630371094
Our model,2,154.08680725097656
Our model,2,187.78492736816406
Our model,2,156.12448120117188
Our model,2,175.91348266601562
Our model,2,114.57093811035156
Our model,2,143.82864379882812
Our model,2,148.3674774169922
Our model,2,187.2650604248047
Our model,2,145.08602905273438
Our model,2,112.8232192993164
Our model,2,173.84877014160156
Our model,2,165.94276428222656
Our model,2,201.82040405273438
Our model,2,168.0006103515625
Our model,2,179.5448760986328
Our model,2,138.42391967773438
Our model,2,151.74807739257812
Our model,2,127.10601043701172
Our model,2,152.9086456298828
Our model,2,130.85690307617188
Our model,2,262.0093994140625
Our model,2,139.018798828125
Our model,2,140.60308837890625
Our model,2,188.15664672851562
Our model,2,217.4807586669922
Our model,2,179.604736328125
Our model,2,258.9238586425781
Our model,2,319.5478210449219
Our model,2,140.7631378173828
Our model,2,134.3448028564453
Our model,2,126.6059799194336
Our model,2,163.53489685058594
Our model,2,147.3059844970703
Our model,2,179.1228790283203
Our model,2,187.98199462890625
Our model,2,119.52518463134766
Our model,2,144.359130859375
Our model,2,146.7321319580078
Our model,2,168.75839233398438
Our model,2,127.59664916992188
Our model,2,161.99537658691406
Our model,2,202.60182189941406
Our model,2,151.7451934814453
Our model,2,133.09738159179688
Our model,2,140.4949188232422
Our model,2,174.055908203125
Our model,2,147.025146484375
Our model,2,235.05674743652344
Our model,2,185.1527099609375
Our model,2,140.67596435546875
Our model,2,176.81114196777344
Our model,2,196.69357299804688
Our model,2,184.550048828125
Our model,2,161.6214141845703
Our model,2,182.92689514160156
Our model,2,176.9180908203125
Our model,2,153.83409118652344
Our model,2,163.7808380126953
Our model,2,124.88214874267578
Our model,2,160.57406616210938
Our model,2,142.73443603515625
Our model,2,186.45750427246094
Our model,2,177.40890502929688
Our model,2,125.12248992919922
Our model,2,130.7480010986328
Our model,2,196.45834350585938
Our model,2,190.9986114501953
Our model,2,176.9921112060547
Our model,2,187.2440185546875
Our model,2,163.13124084472656
Our model,2,166.22213745117188
Our model,2,178.29396057128906
Our model,2,155.4280242919922
Our model,2,204.60459899902344
Our model,2,141.1348876953125
Our model,2,171.9402618408203
Our model,2,168.76358032226562
Our model,2,176.30735778808594
Our model,2,221.23304748535156
Our model,2,167.37139892578125
Our model,2,166.52261352539062
Our model,2,221.22950744628906
Our model,2,188.44851684570312
Our model,2,183.24327087402344
Our model,2,142.2926483154297
Our model,2,200.9081268310547
Our model,2,228.77529907226562
Our model,2,108.631591796875
Our model,2,185.65213012695312
Our model,2,252.79298400878906
Our model,2,221.93276977539062
Our model,2,197.6985321044922
Our model,2,160.36703491210938
Our model,2,383.52801513671875
Our model,2,321.1112060546875
Our model,2,383.944580078125
Our model,2,186.43434143066406
Our model,2,180.10191345214844
Our model,2,159.36489868164062
Our model,2,145.68527221679688
Our model,2,186.8952178955078
Our model,2,180.25802612304688
Our model,2,150.14427185058594
Our model,2,143.88217163085938
Our model,2,266.3553466796875
Our model,2,206.285400390625
Our model,2,230.69810485839844
Our model,2,152.5674285888672
Our model,2,149.55955505371094
Our model,2,139.2768096923828
Our model,2,168.9671173095703
Our model,2,154.2870635986328
Our model,2,164.81875610351562
Our model,2,119.06010437011719
Our model,2,117.1863784790039
Our model,2,141.0009765625
Our model,2,130.22190856933594
Our model,2,185.36009216308594
Our model,2,157.35105895996094
Our model,2,194.74618530273438
Our model,2,175.82090759277344
Our model,2,210.1171875
Our model,2,178.17453002929688
Our model,2,145.29110717773438
Our model,2,129.04624938964844
Our model,2,136.16029357910156
Our model,2,117.99359893798828
Our model,2,122.57359313964844
Our model,2,148.14535522460938
Our model,2,181.15057373046875
Our model,2,198.79647827148438
Our model,2,188.98960876464844
Our model,2,168.88040161132812
Our model,2,180.14366149902344
Our model,2,159.7442626953125
Our model,2,140.04229736328125
Our model,2,175.634521484375
Our model,2,160.18397521972656
Our model,2,154.27537536621094
Our model,2,147.49462890625
Our model,2,135.95213317871094
Our model,2,139.81707763671875
Our model,2,187.9736785888672
Our model,2,159.94029235839844
Our model,2,131.61204528808594
Our model,2,251.7591094970703
Our model,2,197.78382873535156
Our model,2,170.75430297851562
Our model,2,286.66949462890625
Our model,2,134.05873107910156
Our model,2,137.62965393066406
Our model,2,204.4624786376953
Our model,2,321.851806640625
Our model,2,241.20419311523438
Our model,2,119.21136474609375
Our model,2,292.94024658203125
Our model,2,251.31524658203125
Our model,2,132.02072143554688
Our model,2,137.40493774414062
Our model,2,224.69683837890625
Our model,2,162.80551147460938
Our model,2,167.91055297851562
Our model,2,134.64491271972656
Our model,2,144.46849060058594
Our model,2,149.71043395996094
Our model,2,160.59275817871094
Our model,2,129.15074157714844
Our model,2,230.19139099121094
Our model,2,135.4050750732422
Our model,2,137.17897033691406
Our model,2,284.4900207519531
Our model,2,173.3477020263672
Our model,2,165.1875762939453
Our model,2,159.3355255126953
Our model,2,183.21859741210938
Our model,2,153.52845764160156
Our model,2,152.06736755371094
Our model,2,192.0795440673828
Our model,2,186.04335021972656
Our model,2,171.46107482910156
Our model,2,132.15216064453125
Our model,2,179.84176635742188
Our model,2,175.0950927734375
Our model,2,146.30836486816406
Our model,2,173.65322875976562
Our model,2,196.88397216796875
Our model,2,148.796875
Our model,2,188.33961486816406
Our model,2,136.2624053955078
Our model,2,156.9632110595703
Our model,2,178.14291381835938
Our model,2,144.95887756347656
Our model,2,146.65231323242188
Our model,2,139.07818603515625
Our model,2,168.3685760498047
Our model,2,103.61549377441406
Our model,2,152.44244384765625
Our model,2,183.04226684570312
Our model,2,157.0868682861328
Our model,2,157.96517944335938
Our model,2,147.8615264892578
Our model,2,224.29188537597656
Our model,2,160.05653381347656
Our model,2,166.92889404296875
Our model,2,149.7579345703125
Our model,2,132.7826385498047
Our model,2,159.5846710205078
Our model,2,155.43426513671875
Our model,2,158.34584045410156
Our model,2,198.8044891357422
Our model,2,154.7596435546875
Our model,2,157.3080291748047
Our model,2,250.640380859375
Our model,2,206.51239013671875
Our model,2,154.5703887939453
Our model,2,160.17489624023438
Our model,2,195.68252563476562
Our model,2,174.14202880859375
Our model,2,158.73934936523438
Our model,2,162.4314422607422
Our model,2,160.71620178222656
Our model,2,184.72866821289062
Our model,2,172.5223388671875
Our model,2,166.795654296875
Our model,2,154.6715545654297
Our model,2,150.46437072753906
Our model,2,179.7362060546875
Our model,2,169.40530395507812
Our model,2,130.26837158203125
Our model,2,154.15504455566406
Our model,2,156.32534790039062
Our model,2,177.70147705078125
Our model,2,138.9019775390625
Our model,2,130.22145080566406
Our model,2,201.09193420410156
Our model,2,176.9793243408203
Our model,2,135.6595001220703
Our model,2,134.9901885986328
Our model,2,150.67636108398438
Our model,2,154.83773803710938
Our model,2,177.80859375
Our model,2,202.64877319335938
Our model,2,153.33554077148438
Our model,2,172.43380737304688
Our model,2,146.81201171875
Our model,2,173.8942413330078
Our model,2,144.8326416015625
Our model,2,148.96328735351562
Our model,2,201.7884063720703
Our model,2,150.5323944091797
Our model,2,133.87667846679688
Our model,2,126.6700210571289
Our model,2,131.79049682617188
Our model,2,144.689208984375
Our model,2,136.46421813964844
Our model,2,163.60260009765625
Our model,2,167.8473358154297
Our model,2,145.0954132080078
Our model,2,151.0553436279297
Our model,2,174.56143188476562
Our model,2,139.6653289794922
Our model,2,114.35743713378906
Our model,2,156.3621826171875
Our model,2,156.0958251953125
Our model,2,153.1593017578125
Our model,2,122.50453186035156
Our model,2,136.3031768798828
Our model,2,150.0234375
Our model,2,147.015380859375
Our model,2,137.43316650390625
Our model,2,204.578857421875
Our model,2,157.93348693847656
Our model,2,170.85107421875
Our model,2,165.1856689453125
Our model,2,227.001953125
Our model,2,190.88511657714844
Our model,2,151.02198791503906
Our model,2,146.21920776367188
Our model,2,223.6603240966797
Our model,2,193.70413208007812
Our model,2,204.3030242919922
Our model,2,161.63671875
Our model,2,150.9462127685547
Our model,2,268.0971374511719
Our model,2,236.7764434814453
Our model,2,258.651611328125
Our model,2,133.4488525390625
Our model,2,147.1116485595703
Our model,2,162.02822875976562
Our model,2,120.45472717285156
Our model,2,162.66464233398438
Our model,2,158.6482696533203
Our model,2,201.55526733398438
Our model,2,147.53512573242188
Our model,2,156.11920166015625
Our model,2,146.8363800048828
Our model,2,154.23756408691406
Our model,2,225.77914428710938
Our model,2,166.2050323486328
Our model,2,153.89405822753906
Our model,2,147.97825622558594
Our model,2,187.2517547607422
Our model,2,153.82615661621094
Our model,2,149.9761505126953
Our model,2,172.71531677246094
Our model,2,156.020263671875
Our model,2,132.34832763671875
Our model,2,121.03694152832031
Our model,2,158.45997619628906
Our model,2,161.85623168945312
Our model,2,146.63409423828125
Our model,2,243.03981018066406
Our model,2,203.2739715576172
Our model,2,230.1358642578125
Our model,2,151.2962188720703
Our model,2,169.3573455810547
Our model,2,143.86341857910156
Our model,2,141.59988403320312
Our model,2,134.9730224609375
Our model,2,154.8134307861328
Our model,2,154.75747680664062
Our model,2,132.5006103515625
Our model,2,134.8800506591797
Our model,2,155.4568328857422
Our model,2,158.7954559326172
Our model,2,129.61781311035156
Our model,2,166.05531311035156
Our model,2,181.2427520751953
Our model,2,139.22515869140625
Our model,2,153.140380859375
Our model,2,164.14581298828125
Our model,2,164.437744140625
Our model,2,146.92620849609375
Our model,2,132.22996520996094
Our model,2,161.653076171875
Our model,2,139.03858947753906
Our model,2,172.24842834472656
Our model,2,182.05197143554688
Our model,2,191.502685546875
Our model,2,145.8198699951172
Our model,2,142.1877899169922
Our model,2,177.50559997558594
Our model,2,164.3012237548828
Our model,2,156.87060546875
Our model,2,164.7090301513672
Our model,2,130.6098175048828
Our model,2,143.57553100585938
Our model,2,135.6385498046875
Our model,2,178.2470703125
Our model,2,155.97344970703125
Our model,2,103.76887512207031
Our model,2,166.2901611328125
Our model,2,155.6689453125
Our model,2,216.41416931152344
Our model,2,149.99453735351562
Our model,2,154.2572784423828
Our model,2,178.16990661621094
Our model,2,158.93959045410156
Our model,2,126.89384460449219
Our model,2,190.6992950439453
Our model,2,213.43711853027344
Our model,2,207.8582763671875
Our model,2,158.84957885742188
Our model,2,125.743896484375
Our model,2,151.29823303222656
Our model,2,150.45672607421875
Our model,2,175.9672088623047
Our model,2,179.75209045410156
Our model,2,146.3881072998047
Our model,2,157.97882080078125
Our model,2,157.73573303222656
Our model,2,169.3366241455078
Our model,2,189.56082153320312
Our model,2,136.35789489746094
Our model,2,181.10740661621094
Our model,2,136.70314025878906
Our model,2,197.07228088378906
Our model,2,113.51347351074219
Our model,2,149.56236267089844
Our model,2,220.6394805908203
Our model,2,165.45089721679688
Our model,2,153.29849243164062
Our model,2,160.57403564453125
Our model,2,163.26722717285156
Our model,2,177.503662109375
Our model,2,164.1364288330078
Our model,2,142.1199951171875
Our model,2,188.7250213623047
Our model,2,160.46243286132812
Our model,2,149.85336303710938
Our model,2,124.1635513305664
Our model,2,155.4768524169922
Our model,2,192.89410400390625
Our model,2,124.38866424560547
Our model,2,179.57949829101562
Our model,2,201.35281372070312
Our model,2,169.45974731445312
Our model,2,140.2716064453125
Our model,2,191.4484405517578
Our model,2,169.69833374023438
Our model,2,142.7410125732422
Our model,2,178.7843017578125
Our model,2,190.32337951660156
Our model,2,144.89053344726562
Our model,2,155.50033569335938
Our model,2,157.0464630126953
Our model,2,170.3924102783203
Our model,2,131.36849975585938
Our model,2,146.51119995117188
Our model,2,150.50494384765625
Our model,2,132.2387237548828
Our model,2,146.25465393066406
Our model,2,179.57972717285156
Our model,2,176.53053283691406
Our model,2,183.02589416503906
Our model,2,132.1090087890625
Our model,2,164.79061889648438
Our model,2,218.1781463623047
Our model,2,110.90606689453125
Our model,2,174.5464630126953
Our model,2,158.02667236328125
Our model,2,177.10899353027344
Our model,2,171.97084045410156
Our model,2,164.19146728515625
Our model,2,159.10116577148438
Our model,2,139.406982421875
Our model,2,175.31536865234375
Our model,2,153.34805297851562
Our model,2,142.9218292236328
Our model,2,140.26075744628906
Our model,2,153.04122924804688
Our model,2,206.6172332763672
Our model,2,141.0771026611328
Our model,2,149.99940490722656
Our model,2,176.79429626464844
Our model,2,125.8949966430664
Our model,2,149.6448211669922
Our model,2,220.8149871826172
Our model,2,140.69032287597656
Our model,2,158.18849182128906
Our model,2,118.80794525146484
Our model,2,136.5459442138672
Our model,2,242.15396118164062
Our model,2,221.34814453125
Our model,2,180.5992431640625
Our model,2,134.44485473632812
Our model,2,149.5877227783203
Our model,2,187.78102111816406
Our model,2,143.21365356445312
Our model,2,192.32386779785156
Our model,2,161.79200744628906
Our model,2,182.96580505371094
Our model,2,178.3147735595703
Our model,2,146.0751953125
Our model,2,148.4456329345703
Our model,2,147.93270874023438
Our model,2,155.8373565673828
Our model,2,159.30227661132812
Our model,2,174.17904663085938
Our model,2,145.92379760742188
Our model,2,146.46156311035156
Our model,2,172.84469604492188
Our model,2,152.02304077148438
Our model,2,170.42018127441406
Our model,2,159.4204559326172
Our model,2,146.98289489746094
Our model,2,159.8892059326172
Our model,2,198.04347229003906
Our model,2,189.75839233398438
Our model,2,157.2064208984375
Our model,2,123.16062927246094
Our model,2,178.46717834472656
Our model,2,189.74119567871094
Our model,2,155.27667236328125
Our model,2,168.31884765625
Our model,2,224.6341094970703
Our model,2,228.67861938476562
Our model,2,149.419677734375
Our model,2,159.2139892578125
Our model,2,194.4711151123047
Our model,2,185.427734375
Our model,2,175.3528289794922
Our model,2,203.47250366210938
Our model,2,166.08775329589844
Our model,2,150.33038330078125
Our model,2,139.08164978027344
Our model,2,135.1254119873047
Our model,2,150.97906494140625
Our model,2,116.43702697753906
Our model,2,135.9170379638672
Our model,2,150.6224365234375
Our model,2,202.55108642578125
Our model,2,155.96116638183594
Our model,2,230.3998565673828
Our model,2,215.75006103515625
Our model,2,204.17825317382812
Our model,2,161.2418670654297
Our model,2,134.69448852539062
Our model,2,115.56160736083984
Our model,2,126.27362823486328
Our model,2,178.26870727539062
Our model,2,174.8499755859375
Our model,2,116.30110168457031
Our model,2,132.2181854248047
Our model,2,229.3856201171875
Our model,2,158.20382690429688
Our model,2,186.1619110107422
Our model,2,207.47889709472656
Our model,2,171.21009826660156
Our model,2,183.66590881347656
Our model,2,196.68405151367188
Our model,2,157.98313903808594
Our model,2,162.85414123535156
Our model,2,179.42359924316406
Our model,2,148.8597869873047
Our model,2,129.5607452392578
Our model,2,177.7726287841797
Our model,2,141.1650390625
Our model,2,295.3328552246094
Our model,2,275.163330078125
Our model,2,328.3426208496094
Our model,2,186.62771606445312
Our model,2,136.42532348632812
Our model,2,132.85484313964844
Our model,2,110.34759521484375
Our model,2,158.59283447265625
Our model,2,203.3843536376953
Our model,2,214.81263732910156
Our model,2,159.543212890625
Our model,2,158.35340881347656
Our model,2,136.7623748779297
Our model,2,156.4873809814453
Our model,2,163.3144073486328
Our model,2,140.41917419433594
Our model,2,145.9049072265625
Our model,2,158.3120574951172
Our model,2,140.447021484375
Our model,2,181.04124450683594
Our model,2,155.6748504638672
Our model,2,175.07176208496094
Our model,2,143.99508666992188
Our model,2,161.13333129882812
Our model,2,124.4481430053711
Our model,2,116.66967010498047
Our model,2,170.33242797851562
Our model,2,164.51022338867188
Our model,2,148.13482666015625
Our model,2,156.19715881347656
Our model,2,363.95599365234375
Our model,2,246.17604064941406
Our model,2,190.28076171875
Our model,2,154.66534423828125
Our model,2,139.39682006835938
Our model,2,132.06475830078125
Our model,2,230.92532348632812
Our model,2,242.06907653808594
Our model,2,340.7436828613281
Our model,2,148.65501403808594
Our model,2,158.34202575683594
Our model,2,364.7654724121094
Our model,2,441.6109924316406
Our model,2,492.3656311035156
Our model,2,513.531982421875
Our model,2,213.8673858642578
Our model,2,206.67982482910156
Our model,2,209.76954650878906
Our model,2,160.33261108398438
Our model,2,159.4936065673828
Our model,2,179.89576721191406
Our model,2,139.84695434570312
Our model,2,110.12867736816406
Our model,2,136.73951721191406
Our model,2,193.1397247314453
Our model,2,137.85174560546875
Our model,2,226.10325622558594
Our model,2,180.70339965820312
Our model,2,214.94203186035156
Our model,2,420.87939453125
Our model,2,178.4333953857422
Our model,2,149.8399200439453
Our model,2,157.620849609375
Our model,2,160.7006378173828
Our model,2,419.5406799316406
Our model,2,403.91143798828125
Our model,2,109.32308959960938
Our model,2,140.83648681640625
Our model,2,132.5485382080078
Our model,2,140.25099182128906
Our model,2,179.81764221191406
Our model,2,200.6473388671875
Our model,2,190.2147979736328
Our model,2,213.75711059570312
Our model,2,258.5311279296875
Our model,2,250.3833770751953
Our model,2,184.68128967285156
Our model,2,202.4994354248047
Our model,2,154.5492706298828
Our model,2,168.0443572998047
Our model,2,121.23028564453125
Our model,2,132.97787475585938
Our model,2,142.14222717285156
Our model,2,158.5233612060547
Our model,2,185.2670440673828
Our model,2,182.12916564941406
Our model,2,209.6037139892578
Our model,2,131.77053833007812
Our model,2,144.95736694335938
Our model,2,153.10214233398438
Our model,2,142.13665771484375
Our model,2,146.70281982421875
Our model,2,146.800048828125
Our model,2,139.25729370117188
Our model,2,127.00291442871094
Our model,2,146.51638793945312
Our model,2,125.83785247802734
Our model,2,149.76290893554688
Our model,2,162.3480224609375
Our model,2,184.13197326660156
Our model,2,168.76852416992188
Our model,2,209.93031311035156
Our model,2,184.04087829589844
Our model,2,142.4754638671875
Our model,2,172.56053161621094
Our model,2,135.1691436767578
Our model,2,152.87838745117188
Our model,2,142.08761596679688
Our model,2,155.2457275390625
Our model,2,171.6073455810547
Our model,2,125.66232299804688
Our model,2,154.04234313964844
Our model,2,163.66693115234375
Our model,2,162.38031005859375
Our model,2,163.280029296875
Our model,2,169.9755859375
Our model,2,167.7034454345703
Our model,2,157.45755004882812
Our model,2,155.2493896484375
Our model,2,192.3800811767578
Our model,2,165.9966278076172
Our model,2,168.63294982910156
Our model,2,163.17025756835938
Our model,2,138.32205200195312
Our model,2,153.76527404785156
Our model,2,172.4457550048828
Our model,2,245.88186645507812
Our model,2,206.90524291992188
Our model,2,242.338134765625
Our model,2,158.61227416992188
Our model,2,160.51385498046875
Our model,2,145.87966918945312
Our model,2,137.52479553222656
Our model,2,197.4175567626953
Our model,2,156.61981201171875
Our model,2,128.56996154785156
Our model,2,139.96905517578125
Our model,2,192.48976135253906
Our model,2,154.05181884765625
Our model,2,172.9412841796875
Our model,2,194.6781463623047
Our model,2,133.896240234375
Our model,2,151.37710571289062
Our model,2,169.38778686523438
Our model,2,153.80764770507812
Our model,2,189.8186798095703
Our model,2,142.04103088378906
Our model,2,115.26073455810547
Our model,2,174.56455993652344
Our model,2,178.50924682617188
Our model,2,166.13473510742188
Our model,2,155.48524475097656
Our model,2,153.1343536376953
Our model,2,140.0911102294922
Our model,2,181.41636657714844
Our model,2,163.36053466796875
Our model,2,141.24974060058594
Our model,2,135.6464385986328
Our model,2,198.080078125
Our model,2,150.17262268066406
Our model,2,144.18421936035156
Our model,2,203.34121704101562
Our model,2,200.48716735839844
Our model,2,183.21371459960938
Our model,2,160.0712127685547
Our model,2,228.85597229003906
Our model,2,162.73126220703125
Our model,2,130.6763153076172
Our model,2,128.9508819580078
Our model,2,160.42398071289062
Our model,2,243.48300170898438
Our model,2,216.13473510742188
Our model,2,171.49070739746094
Our model,2,130.59361267089844
Our model,2,149.52806091308594
Our model,2,221.60719299316406
Our model,2,219.83949279785156
Our model,2,167.09642028808594
Our model,2,220.24244689941406
Our model,2,162.30795288085938
Our model,2,169.08541870117188
Our model,2,159.51670837402344
Our model,2,154.8228302001953
Our model,2,146.6761932373047
Our model,2,139.78416442871094
Our model,2,116.95800018310547
Our model,2,172.2144012451172
Our model,2,128.87142944335938
Our model,2,146.1222686767578
Our model,2,217.54550170898438
Our model,2,152.0574493408203
Our model,2,195.7234344482422
Our model,2,163.91058349609375
Our model,2,174.78018188476562
Our model,2,154.8394317626953
Our model,2,168.30836486816406
Our model,2,129.21951293945312
Our model,2,152.04995727539062
Our model,2,209.59400939941406
Our model,2,121.2825698852539
Our model,2,206.13523864746094
Our model,2,137.0218505859375
Our model,2,154.90489196777344
Our model,2,205.31980895996094
Our model,2,535.07275390625
Our model,2,169.82427978515625
Our model,2,472.92559814453125
Our model,2,133.40040588378906
Our model,2,128.04612731933594
Our model,2,270.1236267089844
Our model,2,465.1975402832031
Our model,2,310.7335510253906
Our model,2,140.0060272216797
Our model,2,139.1004638671875
Our model,2,150.86473083496094
Our model,2,175.73851013183594
Our model,2,191.73728942871094
Our model,2,145.02015686035156
Our model,2,122.92520141601562
Our model,2,155.3172607421875
Our model,2,159.0193634033203
Our model,2,150.23777770996094
Our model,2,118.96559143066406
Our model,2,146.41114807128906
Our model,2,156.9508514404297
Our model,2,170.65342712402344
Our model,2,169.60552978515625
Our model,2,157.574462890625
Our model,2,165.74240112304688
Our model,2,154.0066375732422
Our model,2,116.77767181396484
Our model,2,140.3060760498047
Our model,2,120.78103637695312
Our model,2,197.25689697265625
Our model,2,168.8881072998047
Our model,2,157.48184204101562
Our model,2,142.24639892578125
Our model,2,192.60147094726562
Our model,2,141.9068603515625
Our model,2,143.74908447265625
Our model,2,161.3294677734375
Our model,2,128.99786376953125
Our model,2,230.30418395996094
Our model,2,161.64964294433594
Our model,2,157.7394256591797
Our model,2,176.4369659423828
Our model,2,175.28152465820312
Our model,2,162.8869171142578
Our model,2,172.87815856933594
Our model,2,130.60702514648438
Our model,2,199.11331176757812
Our model,2,204.571044921875
Our model,2,180.2682342529297
Our model,2,290.4389343261719
Our model,2,179.92703247070312
Our model,2,165.21096801757812
Our model,2,161.46531677246094
Our model,2,167.8960723876953
Our model,2,167.74049377441406
Our model,2,137.0174560546875
Our model,2,161.50352478027344
Our model,2,169.77784729003906
Our model,2,134.94577026367188
Our model,2,126.26329040527344
Our model,2,116.22643280029297
Our model,2,169.58663940429688
Our model,2,126.6563491821289
Our model,2,170.85581970214844
Our model,2,139.56039428710938
Our model,2,119.78347778320312
Our model,2,153.11920166015625
Our model,2,187.11996459960938
Our model,2,163.32644653320312
Our model,2,156.97303771972656
Our model,2,148.26422119140625
Our model,2,164.68142700195312
Our model,2,169.45359802246094
Our model,2,185.34475708007812
Our model,2,126.95414733886719
Our model,2,150.56228637695312
Our model,2,145.24246215820312
Our model,2,174.04461669921875
Our model,2,209.48390197753906
Our model,2,181.87078857421875
Our model,2,202.2000274658203
Our model,2,175.97225952148438
Our model,2,184.0580596923828
Our model,2,165.90281677246094
Our model,2,145.5102996826172
Our model,2,152.95993041992188
Our model,2,180.2705078125
Our model,2,129.89511108398438
Our model,2,108.6331558227539
Our model,2,134.32080078125
Our model,2,153.11949157714844
Our model,2,147.3598175048828
Our model,2,154.25726318359375
Our model,2,142.81674194335938
Our model,2,224.77774047851562
Our model,2,186.2122802734375
Our model,2,167.0345916748047
Our model,2,196.2302703857422
Our model,2,151.93191528320312
Our model,2,187.67047119140625
Our model,2,142.2610321044922
Our model,2,155.0955810546875
Our model,2,205.36656188964844
Our model,2,137.5039825439453
Our model,2,166.67568969726562
Our model,2,241.755126953125
Our model,2,199.90872192382812
Our model,2,158.7375946044922
Our model,2,153.56822204589844
Our model,2,180.96783447265625
Our model,2,123.5123291015625
Our model,2,144.1294708251953
Our model,2,144.07907104492188
Our model,2,222.8707733154297
Our model,2,142.92774963378906
Our model,2,127.44853973388672
Our model,2,136.2493133544922
Our model,2,169.3991241455078
Our model,2,105.81358337402344
Our model,2,151.6570281982422
Our model,2,178.4449005126953
Our model,2,137.70498657226562
Our model,2,191.90402221679688
Our model,2,161.74623107910156
Our model,2,154.06893920898438
Our model,2,158.8361053466797
Our model,2,147.8922882080078
Our model,2,171.34178161621094
Our model,2,135.13136291503906
Our model,2,154.30929565429688
Our model,2,166.1371307373047
Our model,2,122.16463470458984
Our model,2,117.69562530517578
Our model,2,184.58697509765625
Our model,2,181.35781860351562
Our model,2,169.34243774414062
Our model,2,156.6728515625
Our model,2,183.12557983398438
Our model,2,166.3763885498047
Our model,2,176.4832305908203
Our model,2,141.44302368164062
Our model,2,156.5078125
Our model,2,151.2033233642578
Our model,2,143.83767700195312
Our model,2,120.24642944335938
Our model,2,116.13471984863281
Our model,2,163.85292053222656
Our model,2,146.92295837402344
Our model,2,167.68955993652344
Our model,2,181.1225128173828
Our model,2,217.05946350097656
Our model,2,223.1693115234375
Our model,2,259.33050537109375
Our model,2,198.53509521484375
Our model,2,132.85256958007812
Our model,2,146.7036895751953
Our model,2,192.34632873535156
Our model,2,149.62940979003906
Our model,2,149.04580688476562
Our model,2,150.1163330078125
Our model,2,180.5138702392578
Our model,2,193.79339599609375
Our model,2,147.31082153320312
Our model,2,156.46168518066406
Our model,2,188.51724243164062
Our model,2,171.47850036621094
Our model,2,186.78048706054688
Our model,2,157.96588134765625
Our model,2,179.6070556640625
Our model,2,225.55348205566406
Our model,2,144.51644897460938
Our model,2,149.242919921875
Our model,2,146.9939727783203
Our model,2,141.81837463378906
Our model,2,141.93785095214844
Our model,2,181.18263244628906
Our model,2,144.81661987304688
Our model,2,155.30613708496094
Our model,2,149.2938995361328
Our model,2,170.52249145507812
Our model,2,170.02603149414062
Our model,2,208.7926025390625
Our model,2,176.47731018066406
Our model,2,130.53228759765625
Our model,2,157.2388916015625
Our model,2,234.83607482910156
Our model,2,102.69378662109375
Our model,2,228.77146911621094
Our model,2,176.88160705566406
Our model,2,211.3392791748047
Our model,2,138.06312561035156
Our model,2,102.40425109863281
Our model,2,177.0173797607422
Our model,2,220.6704559326172
Our model,2,183.0152587890625
Our model,2,236.3372039794922
Our model,2,137.60568237304688
Our model,2,158.52743530273438
Our model,2,178.21311950683594
Our model,2,158.1461639404297
Our model,2,174.06394958496094
Our model,2,159.49093627929688
Our model,2,219.85260009765625
Our model,2,143.2310333251953
Our model,2,134.1887664794922
Our model,2,158.13018798828125
Our model,2,173.72010803222656
Our model,2,185.1310272216797
Our model,2,145.33114624023438
Our model,2,281.8311767578125
Our model,2,151.89755249023438
Our model,2,289.44635009765625
Our model,2,174.24923706054688
Our model,2,318.50201416015625
Our model,2,136.2100372314453
Our model,2,248.0349884033203
Our model,2,251.54733276367188
Our model,2,276.67681884765625
Our model,2,159.5004119873047
Our model,2,176.6479034423828
Our model,2,182.06124877929688
Our model,2,179.44183349609375
Our model,2,223.41690063476562
Our model,2,209.1715087890625
Our model,2,143.15069580078125
Our model,2,294.708251953125
Our model,2,169.70111083984375
Our model,2,165.60780334472656
Our model,2,121.76719665527344
Our model,2,285.3525085449219
Our model,2,103.12603759765625
Our model,2,320.1332702636719
Our model,2,309.3592529296875
Our model,2,216.38656616210938
Our model,2,233.55149841308594
Our model,2,220.81332397460938
Our model,2,273.1232604980469
Our model,2,239.24331665039062
Our model,2,167.177001953125
Our model,2,159.37879943847656
Our model,2,142.76983642578125
Our model,2,122.58987426757812
Our model,2,117.906494140625
Our model,2,132.57249450683594
Our model,2,153.8572235107422
Our model,2,147.50662231445312
Our model,2,157.08221435546875
Our model,2,145.04681396484375
Our model,2,176.03370666503906
Our model,2,162.1440887451172
Our model,2,174.67391967773438
Our model,2,150.4568328857422
Our model,2,150.89480590820312
Our model,2,154.50433349609375
Our model,2,186.8321990966797
Our model,2,174.8577117919922
Our model,2,183.32875061035156
Our model,2,139.256591796875
Our model,2,139.84414672851562
Our model,2,231.68856811523438
Our model,2,160.1689453125
Our model,2,161.70741271972656
Our model,2,198.97698974609375
Our model,2,191.37319946289062
Our model,2,155.9845428466797
Our model,2,139.7891845703125
Our model,2,139.06263732910156
Our model,2,149.69908142089844
Our model,2,191.52330017089844
Our model,2,159.87440490722656
Our model,2,107.40348815917969
Our model,2,151.68060302734375
Our model,2,139.87547302246094
Our model,2,174.32949829101562
Our model,2,150.1186065673828
Our model,2,177.69007873535156
Our model,2,167.91253662109375
Our model,2,212.71385192871094
Our model,2,200.70118713378906
Our model,2,189.16064453125
Our model,2,141.6017303466797
Our model,2,133.79176330566406
Our model,2,149.23275756835938
Our model,2,170.81529235839844
Our model,2,100.38658905029297
Our model,2,133.11488342285156
Our model,2,164.68443298339844
Our model,2,125.9142074584961
Our model,2,141.4643096923828
Our model,2,152.02713012695312
Our model,2,176.30726623535156
Our model,2,153.86610412597656
Our model,2,130.14389038085938
Our model,2,149.50379943847656
Our model,2,119.48532104492188
Our model,2,217.0096893310547
Our model,2,121.76978302001953
Our model,2,148.96340942382812
Our model,2,167.7694091796875
Our model,2,183.642333984375
Our model,2,127.55236053466797
Our model,2,155.0731658935547
Our model,2,165.28720092773438
Our model,2,144.88467407226562
Our model,2,151.4605255126953
Our model,2,184.31411743164062
Our model,2,169.12799072265625
Our model,2,166.98272705078125
Our model,2,150.12936401367188
Our model,2,146.51217651367188
Our model,2,164.74656677246094
Our model,2,135.30410766601562
Our model,2,133.61326599121094
Our model,2,112.26719665527344
Our model,2,147.69647216796875
Our model,2,146.64996337890625
Our model,2,388.227783203125
Our model,2,158.91229248046875
Our model,2,150.1317596435547
Our model,2,157.91033935546875
Our model,2,150.6526336669922
Our model,2,150.7753143310547
Our model,2,379.3064880371094
Our model,2,433.84503173828125
Our model,2,132.86289978027344
Our model,2,129.5240020751953
Our model,2,128.75259399414062
Our model,2,149.31227111816406
Our model,2,133.47027587890625
Our model,2,165.1834716796875
Our model,2,155.35617065429688
Our model,2,144.75685119628906
Our model,2,158.68748474121094
Our model,2,156.80726623535156
Our model,2,139.16775512695312
Our model,2,142.38844299316406
Our model,2,110.788818359375
Our model,2,123.04362487792969
Our model,2,149.62062072753906
Our model,2,134.76869201660156
Our model,2,158.92527770996094
Our model,2,202.16494750976562
Our model,2,132.0723114013672
Our model,2,177.2003173828125
Our model,2,134.072021484375
Our model,2,168.2971954345703
Our model,2,165.9757843017578
Our model,2,151.60830688476562
Our model,2,153.93020629882812
Our model,2,133.60174560546875
Our model,2,146.9278564453125
Our model,2,184.14175415039062
Our model,2,130.5839385986328
Our model,2,148.70692443847656
Our model,2,157.6271209716797
Our model,2,180.54550170898438
Our model,2,204.1195831298828
Our model,2,143.2429656982422
Our model,2,139.83901977539062
Our model,2,152.33929443359375
Our model,2,173.73472595214844
Our model,2,135.0509796142578
Our model,2,132.66355895996094
Our model,2,153.91470336914062
Our model,2,176.6356201171875
Our model,2,168.00006103515625
Our model,2,163.85765075683594
Our model,2,134.6307373046875
Our model,2,194.74049377441406
Our model,2,193.76083374023438
Our model,2,176.8197784423828
Our model,2,206.86705017089844
Our model,2,132.7181396484375
Our model,2,157.63209533691406
Our model,2,194.22140502929688
Our model,2,189.67491149902344
Our model,2,176.86822509765625
Our model,2,134.9921875
Our model,2,224.18775939941406
Our model,2,176.87014770507812
Our model,2,154.04811096191406
Our model,2,184.36839294433594
Our model,2,155.95782470703125
Our model,2,166.71917724609375
Our model,2,169.47120666503906
Our model,2,219.429443359375
Our model,2,202.8236846923828
Our model,2,208.27330017089844
Our model,2,139.61407470703125
Our model,2,190.8665313720703
Our model,2,198.32923889160156
Our model,2,218.61837768554688
Our model,2,149.9687042236328
Our model,2,189.6983184814453
Our model,2,133.79864501953125
Our model,2,169.59632873535156
Our model,2,207.22654724121094
Our model,2,172.44503784179688
Our model,2,149.735595703125
Our model,2,139.89105224609375
Our model,2,180.95761108398438
Our model,2,152.0097198486328
Our model,2,161.31541442871094
Our model,2,141.7461700439453
Our model,2,151.8286590576172
Our model,2,164.07366943359375
Our model,2,176.50933837890625
Our model,2,164.3011932373047
Our model,2,243.33299255371094
Our model,2,175.6811981201172
Our model,2,157.80101013183594
Our model,2,128.06065368652344
Our model,2,149.923583984375
Our model,2,242.04803466796875
Our model,2,235.52391052246094
Our model,2,156.47055053710938
Our model,2,149.0647735595703
Our model,2,155.4804229736328
Our model,2,145.3001708984375
Our model,2,212.1099853515625
Our model,2,164.4051055908203
Our model,2,228.96519470214844
Our model,2,168.73484802246094
Our model,2,177.42739868164062
Our model,2,180.4629669189453
Our model,2,119.57333374023438
Our model,2,139.8505401611328
Our model,2,148.9936981201172
Our model,2,167.96701049804688
Our model,2,153.27618408203125
Our model,2,120.40599822998047
Our model,2,181.491455078125
Our model,2,166.5677947998047
Our model,2,156.32339477539062
Our model,2,216.79161071777344
Our model,2,161.56637573242188
Our model,2,179.57040405273438
Our model,2,174.85414123535156
Our model,2,170.99356079101562
Our model,2,224.65431213378906
Our model,2,136.94073486328125
Our model,2,141.36778259277344
Our model,2,179.36685180664062
Our model,2,211.1221923828125
Our model,2,193.02691650390625
Our model,2,200.4459686279297
Our model,2,165.48614501953125
Our model,2,146.77940368652344
Our model,2,158.1640625
Our model,2,167.3645477294922
Our model,2,194.5252685546875
Our model,2,176.62648010253906
Our model,2,122.51917266845703
Our model,2,148.34437561035156
Our model,2,138.35440063476562
Our model,2,154.101318359375
Our model,2,161.53012084960938
Our model,2,158.44509887695312
Our model,2,147.0436248779297
Our model,2,135.771728515625
Our model,2,130.873291015625
Our model,2,175.36764526367188
Our model,2,172.22512817382812
Our model,2,146.25482177734375
Our model,2,158.7750244140625
Our model,2,166.13914489746094
Our model,2,177.2335968017578
Our model,2,210.37538146972656
Our model,2,177.7181854248047
Our model,2,161.4283447265625
Our model,2,102.6991195678711
Our model,2,178.83978271484375
Our model,2,215.08615112304688
Our model,2,180.38516235351562
Our model,2,152.35916137695312
Our model,2,167.3253173828125
Our model,2,180.5123291015625
Our model,2,168.7361602783203
Our model,2,187.25357055664062
Our model,2,164.9156951904297
Our model,2,186.92247009277344
Our model,2,208.66973876953125
Our model,2,181.65692138671875
Our model,2,147.76681518554688
Our model,2,137.57447814941406
Our model,2,197.37940979003906
Our model,2,191.4281005859375
Our model,2,163.13455200195312
Our model,2,155.25912475585938
Our model,2,146.24566650390625
Our model,2,146.4332275390625
Our model,2,161.94204711914062
Our model,2,184.90548706054688
Our model,2,261.6809997558594
Our model,2,191.9683074951172
Our model,2,138.10079956054688
Our model,2,241.6900177001953
Our model,2,249.33749389648438
Our model,2,144.5633544921875
Our model,2,129.7529754638672
Our model,2,218.39642333984375
Our model,2,248.82778930664062
Our model,2,224.1063995361328
Our model,2,333.4812927246094
Our model,2,265.6373291015625
Our model,2,296.964111328125
Our model,2,160.79270935058594
Our model,2,164.71217346191406
Our model,2,125.74456787109375
Our model,2,169.37635803222656
Our model,2,154.1668701171875
Our model,2,165.63284301757812
Our model,2,136.1127471923828
Our model,2,141.60791015625
Our model,2,146.17062377929688
Our model,2,147.29043579101562
Our model,2,192.9398651123047
Our model,2,396.05889892578125
Our model,2,155.5275421142578
Our model,2,179.05508422851562
Our model,2,176.84552001953125
Our model,2,281.28057861328125
Our model,2,183.77822875976562
Our model,2,376.50830078125
Our model,2,418.5108337402344
Our model,2,227.30393981933594
Our model,2,141.27980041503906
Our model,2,131.91551208496094
Our model,2,120.56452941894531
Our model,2,188.16635131835938
Our model,2,142.52474975585938
Our model,2,258.982177734375
Our model,2,196.02220153808594
Our model,2,243.56239318847656
Our model,2,186.9321746826172
Our model,2,167.8484344482422
Our model,2,164.5854949951172
Our model,2,165.90728759765625
Our model,2,191.39865112304688
Our model,2,170.21653747558594
Our model,2,123.43621826171875
Our model,2,113.3966293334961
Our model,2,183.04119873046875
Our model,2,155.11279296875
Our model,2,150.1187744140625
Our model,2,175.24264526367188
Our model,2,186.5048828125
Our model,2,169.9652862548828
Our model,2,195.00364685058594
Our model,2,205.8037567138672
Our model,2,159.6149139404297
Our model,2,178.57781982421875
Our model,2,144.71534729003906
Our model,2,151.997802734375
Our model,2,134.7138214111328
Our model,2,167.5581817626953
Our model,2,187.03042602539062
Our model,2,126.3348617553711
Our model,2,165.34860229492188
Our model,2,179.91160583496094
Our model,2,167.3509521484375
Our model,2,147.97433471679688
Our model,2,177.1865234375
Our model,2,135.49658203125
Our model,2,146.82118225097656
Our model,2,173.36256408691406
Our model,2,199.3866424560547
Our model,2,180.26463317871094
Our model,2,193.4130096435547
Our model,2,168.53482055664062
Our model,2,149.9395751953125
Our model,2,101.13603973388672
Our model,2,149.6848602294922
Our model,2,136.73776245117188
Our model,2,145.5389862060547
Our model,2,142.67120361328125
Our model,2,139.71876525878906
Our model,2,189.89178466796875
Our model,2,136.62815856933594
Our model,2,99.02357482910156
Our model,2,178.32736206054688
Our model,2,209.3025665283203
Our model,2,144.4386444091797
Our model,2,154.40599060058594
Our model,2,178.35919189453125
Our model,2,192.47569274902344
Our model,2,177.6822052001953
Our model,2,181.40281677246094
Our model,2,145.72421264648438
Our model,2,152.36045837402344
Our model,2,149.76528930664062
Our model,2,142.31390380859375
Our model,2,142.7835235595703
Our model,2,139.8879852294922
Our model,2,184.77516174316406
Our model,2,129.22430419921875
Our model,2,150.55886840820312
Our model,2,153.84764099121094
Our model,2,121.23926544189453
Our model,2,151.91197204589844
Our model,2,146.43995666503906
Our model,2,179.94369506835938
Our model,2,165.95748901367188
Our model,2,183.16993713378906
Our model,2,153.05264282226562
Our model,2,175.0232391357422
Our model,2,167.43641662597656
Our model,2,119.60821533203125
Our model,2,177.0069122314453
Our model,2,145.65823364257812
Our model,2,141.9534149169922
Our model,2,180.86947631835938
Our model,2,198.2294158935547
Our model,2,156.00643920898438
Our model,2,169.8369140625
Our model,2,133.47630310058594
Our model,2,164.8337860107422
Our model,2,179.06948852539062
Our model,2,167.98947143554688
Our model,2,188.64663696289062
Our model,2,135.6538848876953
Our model,2,160.9831085205078
Our model,2,175.30496215820312
Our model,2,171.1514434814453
Our model,2,128.7019805908203
Our model,2,166.53836059570312
Our model,2,155.9253692626953
Our model,2,130.08905029296875
Our model,2,126.61518096923828
Our model,2,160.5800323486328
Our model,2,136.4420623779297
Our model,2,171.2622528076172
Our model,2,195.26025390625
Our model,2,181.45396423339844
Our model,2,149.70018005371094
Our model,2,148.70321655273438
Our model,2,186.30015563964844
Our model,2,161.1155548095703
Our model,2,154.2235107421875
Our model,2,131.91812133789062
Our model,2,178.8234405517578
Our model,2,130.3533935546875
Our model,2,230.68714904785156
Our model,2,150.108154296875
Our model,2,190.021484375
Our model,2,168.11883544921875
Our model,2,203.9386444091797
Our model,2,148.53553771972656
Our model,2,149.49301147460938
Our model,2,189.4095916748047
Our model,2,199.34002685546875
Our model,2,184.61903381347656
Our model,2,126.09891510009766
Our model,2,159.20567321777344
Our model,2,233.24075317382812
Our model,2,116.72449493408203
Our model,2,173.58364868164062
Our model,2,208.97886657714844
Our model,2,200.5361785888672
Our model,2,240.210205078125
Our model,2,751.3172607421875
Our model,2,147.5757293701172
Our model,2,118.17948150634766
Our model,2,118.73318481445312
Our model,2,134.629150390625
Our model,2,778.8494262695312
Our model,2,768.845458984375
Our model,2,152.86474609375
Our model,2,141.2593536376953
Our model,2,156.40220642089844
Our model,2,158.70191955566406
Our model,2,161.91807556152344
Our model,2,162.37709045410156
Our model,2,174.63230895996094
Our model,2,135.39468383789062
Our model,2,125.97794342041016
Our model,2,140.06008911132812
Our model,2,145.5168914794922
Our model,2,141.47056579589844
Our model,2,137.29605102539062
Our model,2,151.460205078125
Our model,2,147.52243041992188
Our model,2,162.9384002685547
Our model,2,130.1961212158203
Our model,2,145.36175537109375
Our model,2,179.2899169921875
Our model,2,158.58119201660156
Our model,2,198.26296997070312
Our model,2,164.19647216796875
Our model,2,166.5768585205078
Our model,2,157.484130859375
Our model,2,159.06674194335938
Our model,2,171.8232879638672
Our model,2,151.01853942871094
Our model,2,151.78524780273438
Our model,2,161.6667022705078
Our model,2,145.39109802246094
Our model,2,131.44334411621094
Our model,2,177.83517456054688
Our model,2,146.8665008544922
Our model,2,161.90219116210938
Our model,2,159.20176696777344
Our model,2,159.7560272216797
Our model,2,165.38111877441406
Our model,2,184.88287353515625
Our model,2,141.8156280517578
Our model,2,186.51889038085938
Our model,2,146.69969177246094
Our model,2,188.25770568847656
Our model,2,177.75062561035156
Our model,2,223.1216583251953
Our model,2,181.68922424316406
Our model,2,143.94007873535156
Our model,2,154.7211456298828
Our model,2,143.62158203125
Our model,2,149.370849609375
Our model,2,199.04522705078125
Our model,2,170.54039001464844
Our model,2,161.04344177246094
Our model,2,148.17189025878906
Our model,2,151.63958740234375
Our model,2,210.10794067382812
Our model,2,200.08154296875
Our model,2,113.64421081542969
Our model,2,134.4232177734375
Our model,2,176.11895751953125
Our model,2,159.77960205078125
Our model,2,170.0997314453125
Our model,2,138.46023559570312
Our model,2,164.200439453125
Our model,2,240.3755340576172
Our model,2,208.66757202148438
Our model,2,171.19149780273438
Our model,2,157.1078338623047
Our model,2,161.28382873535156
Our model,2,233.21299743652344
Our model,2,196.34750366210938
Our model,2,141.46701049804688
Our model,2,129.40255737304688
Our model,2,143.86048889160156
Our model,2,155.15533447265625
Our model,2,218.54296875
Our model,2,189.20249938964844
Our model,2,211.25559997558594
Our model,2,134.52236938476562
Our model,2,158.9546661376953
Our model,2,153.89129638671875
Our model,2,142.01870727539062
Our model,2,166.3759002685547
Our model,2,140.3455352783203
Our model,2,164.00743103027344
Our model,2,123.6538314819336
Our model,2,150.46487426757812
Our model,2,178.3214111328125
Our model,2,158.8415985107422
Our model,2,141.36868286132812
Our model,2,154.4501953125
Our model,2,173.08375549316406
Our model,2,164.53057861328125
Our model,2,184.2888641357422
Our model,2,140.6724090576172
Our model,2,155.5493621826172
Our model,2,187.15286254882812
Our model,2,171.25064086914062
Our model,2,144.54144287109375
Our model,2,137.12457275390625
Our model,2,131.97531127929688
Our model,2,163.2970733642578
Our model,2,150.86593627929688
Our model,2,242.6324005126953
Our model,2,229.0878448486328
Our model,2,255.1861572265625
Our model,2,149.37472534179688
Our model,2,136.85809326171875
Our model,2,148.5785675048828
Our model,2,159.51968383789062
Our model,2,117.76946258544922
Our model,2,132.28057861328125
Our model,2,157.0352325439453
Our model,2,141.6497344970703
Our model,2,164.13665771484375
Our model,2,160.38409423828125
Our model,2,137.85032653808594
Our model,2,169.5590057373047
Our model,2,173.55978393554688
Our model,2,143.9658203125
Our model,2,147.47593688964844
Our model,2,191.1175537109375
Our model,2,208.4045867919922
Our model,2,194.41249084472656
Our model,2,145.6031951904297
Our model,2,135.17556762695312
Our model,2,175.7688751220703
Our model,2,173.65435791015625
Our model,2,143.4920196533203
Our model,2,150.0079345703125
Our model,2,220.0638427734375
Our model,2,165.6480712890625
Our model,2,169.6516571044922
Our model,2,392.9281005859375
Our model,2,153.11940002441406
Our model,2,142.41233825683594
Our model,2,147.4961395263672
Our model,2,365.7001953125
Our model,2,255.64651489257812
Our model,2,174.99288940429688
Our model,2,418.8441162109375
Our model,2,247.0474090576172
Our model,2,171.94163513183594
Our model,2,142.15377807617188
Our model,2,169.61178588867188
Our model,2,165.3872833251953
Our model,2,177.0341339111328
Our model,2,176.3042449951172
Our model,2,161.2352752685547
Our model,2,152.5148468017578
Our model,2,137.6754150390625
Our model,2,129.83485412597656
Our model,2,121.59392547607422
Our model,2,136.08786010742188
Our model,2,168.7738494873047
Our model,2,180.3050994873047
Our model,2,154.1437530517578
Our model,2,182.55711364746094
Our model,2,143.25625610351562
Our model,2,181.7441864013672
Our model,2,171.7897186279297
Our model,2,145.32997131347656
Our model,2,186.3411102294922
Our model,2,161.1842498779297
Our model,2,137.39117431640625
Our model,2,143.33438110351562
Our model,2,188.19300842285156
Our model,2,183.97804260253906
Our model,2,134.0808868408203
Our model,2,177.27694702148438
Our model,2,192.74139404296875
Our model,2,161.0674591064453
Our model,2,207.43917846679688
Our model,2,260.27655029296875
Our model,2,170.7589569091797
Our model,2,191.9217987060547
Our model,2,141.7949676513672
Our model,2,179.24790954589844
Our model,2,229.9250946044922
Our model,2,244.96385192871094
Our model,2,135.3022003173828
Our model,2,172.4344024658203
Our model,2,188.64137268066406
Our model,2,157.36512756347656
Our model,2,127.9478988647461
Our model,2,187.5143280029297
Our model,2,243.1670684814453
Our model,2,149.34011840820312
Our model,2,195.56228637695312
Our model,2,163.2893829345703
Our model,2,194.1064453125
Our model,2,213.07667541503906
Our model,2,155.45419311523438
Our model,2,142.82406616210938
Our model,2,199.73300170898438
Our model,2,140.81808471679688
Our model,2,147.8244171142578
Our model,2,256.59234619140625
Our model,2,130.1529998779297
Our model,2,153.0376434326172
Our model,2,136.8019256591797
Our model,2,166.27232360839844
Our model,2,185.59156799316406
Our model,2,160.17050170898438
Our model,2,138.8808135986328
Our model,2,162.7943878173828
Our model,2,162.6051788330078
Our model,2,127.12799072265625
Our model,2,126.62423706054688
Our model,2,161.62538146972656
Our model,2,181.71861267089844
Our model,2,160.49424743652344
Our model,2,176.53298950195312
Our model,2,167.41104125976562
Our model,2,190.2447509765625
Our model,2,162.95079040527344
Our model,2,164.5390167236328
Our model,2,189.6657257080078
Our model,2,170.6022491455078
Our model,2,136.54244995117188
Our model,2,139.4759063720703
Our model,2,178.62472534179688
Our model,2,145.61941528320312
Our model,2,203.1138458251953
Our model,2,139.86375427246094
Our model,2,271.1893615722656
Our model,2,185.0647735595703
Our model,2,174.1741180419922
Our model,2,174.59861755371094
Our model,2,148.1241912841797
Our model,2,155.6173858642578
Our model,2,124.48017120361328
Our model,2,180.97467041015625
Our model,2,153.32635498046875
Our model,2,174.5156707763672
Our model,2,160.5312042236328
Our model,2,143.57620239257812
Our model,2,165.8489990234375
Our model,2,227.58908081054688
Our model,2,177.14453125
Our model,2,189.90370178222656
Our model,2,315.31097412109375
Our model,2,210.58013916015625
Our model,2,217.1212615966797
Our model,2,198.6977081298828
Our model,2,253.7393341064453
Our model,2,134.38987731933594
Our model,2,195.9224090576172
Our model,2,185.12301635742188
Our model,2,183.257568359375
Our model,2,161.61512756347656
Our model,2,247.7797393798828
Our model,2,225.19944763183594
Our model,2,193.51907348632812
Our model,2,218.27296447753906
Our model,2,169.6770782470703
Our model,2,147.60781860351562
Our model,2,164.17282104492188
Our model,2,167.90011596679688
Our model,2,185.1937713623047
Our model,2,210.19561767578125
Our model,2,152.6229248046875
Our model,2,134.9729461669922
Our model,2,156.09030151367188
Our model,2,170.439697265625
Our model,2,146.7574462890625
Our model,2,147.201416015625
Our model,2,504.0309753417969
Our model,2,161.2081298828125
Our model,2,161.76280212402344
Our model,2,161.47666931152344
Our model,2,125.0284194946289
Our model,2,140.3297119140625
Our model,2,162.6912384033203
Our model,2,150.9296417236328
Our model,2,482.9496154785156
Our model,2,116.97247314453125
Our model,2,178.31173706054688
Our model,2,473.0370178222656
Our model,2,162.24610900878906
Our model,2,145.18572998046875
Our model,2,184.58828735351562
Our model,2,180.55795288085938
Our model,2,200.66954040527344
Our model,2,157.5470733642578
Our model,2,138.48495483398438
Our model,2,185.817626953125
Our model,2,177.8162078857422
Our model,2,144.48428344726562
Our model,2,142.51382446289062
Our model,2,159.5065155029297
Our model,2,144.87991333007812
Our model,2,151.6102752685547
Our model,2,184.4547882080078
Our model,2,167.1497039794922
Our model,2,195.04684448242188
Our model,2,152.5977783203125
Our model,2,195.80833435058594
Our model,2,167.60569763183594
Our model,2,183.0352020263672
Our model,2,227.06954956054688
Our model,2,139.36119079589844
Our model,2,130.08010864257812
Our model,2,225.8661651611328
Our model,2,210.589599609375
Our model,2,136.75511169433594
Our model,2,183.98455810546875
Our model,2,169.79086303710938
Our model,2,157.6571807861328
Our model,2,203.2151336669922
Our model,2,186.7375946044922
Our model,2,170.8599395751953
Our model,2,180.63485717773438
Our model,2,156.24208068847656
Our model,2,167.52069091796875
Our model,2,164.2457733154297
Our model,2,145.67539978027344
Our model,2,155.19969177246094
Our model,2,126.88069915771484
Our model,2,145.78643798828125
Our model,2,198.10369873046875
Our model,2,151.746826171875
Our model,2,179.33258056640625
Our model,2,171.5183868408203
Our model,2,147.14610290527344
Our model,2,170.57461547851562
Our model,2,113.36582946777344
Our model,2,134.52626037597656
Our model,2,147.6474609375
Our model,2,168.81668090820312
Our model,2,120.29801177978516
Our model,2,111.5720443725586
Our model,2,192.98268127441406
Our model,2,155.65652465820312
Our model,2,174.8390350341797
Our model,2,142.4189453125
Our model,2,198.70335388183594
Our model,2,169.98216247558594
Our model,2,209.65274047851562
Our model,2,252.87400817871094
Our model,2,182.8998565673828
Our model,2,177.80264282226562
Our model,2,136.221923828125
Our model,2,131.5952911376953
Our model,2,134.21414184570312
Our model,2,155.5640869140625
Our model,2,157.92506408691406
Our model,2,164.88436889648438
Our model,2,220.98089599609375
Our model,2,170.03488159179688
Our model,2,204.55221557617188
Our model,2,177.94345092773438
Our model,2,158.73922729492188
Our model,2,191.00079345703125
Our model,2,156.5403289794922
Our model,2,139.58856201171875
Our model,2,184.45999145507812
Our model,2,146.37486267089844
Our model,2,139.38072204589844
Our model,2,213.0444793701172
Our model,2,151.3589630126953
Our model,2,125.82379150390625
Our model,2,137.76223754882812
Our model,2,188.18336486816406
Our model,2,225.3341064453125
Our model,2,178.18112182617188
Our model,2,146.4229278564453
Our model,2,232.724853515625
Our model,2,214.9523468017578
Our model,2,132.0557403564453
Our model,2,128.4179229736328
Our model,2,205.3221893310547
Our model,2,232.47142028808594
Our model,2,221.88644409179688
Our model,2,138.12863159179688
Our model,2,142.15977478027344
Our model,2,137.8431854248047
Our model,2,175.3288116455078
Our model,2,178.54550170898438
Our model,2,124.41112518310547
Our model,2,121.865478515625
Our model,2,133.2473907470703
Our model,2,171.19961547851562
Our model,2,138.77317810058594
Our model,2,165.6207733154297
Our model,2,167.0732879638672
Our model,2,160.31365966796875
Our model,2,150.06100463867188
Our model,2,199.41615295410156
Our model,2,187.88482666015625
Our model,2,171.3660125732422
Our model,2,155.54458618164062
Our model,2,134.143310546875
Our model,2,123.97521209716797
Our model,2,151.5638427734375
Our model,2,173.05555725097656
Our model,2,174.26551818847656
Our model,2,141.22959899902344
Our model,2,136.27783203125
Our model,2,223.76177978515625
Our model,2,225.7039337158203
Our model,2,252.34109497070312
Our model,2,185.8247528076172
Our model,2,173.2004852294922
Our model,2,195.7568817138672
Our model,2,133.36270141601562
Our model,2,150.78250122070312
Our model,2,142.79554748535156
Our model,2,135.96571350097656
Our model,2,135.6600341796875
Our model,2,143.0093994140625
Our model,2,150.5682373046875
Our model,2,156.14312744140625
Our model,2,137.9019012451172
Our model,2,161.7601776123047
Our model,2,174.17230224609375
Our model,2,140.96963500976562
Our model,2,168.71449279785156
Our model,2,151.877197265625
Our model,2,193.91738891601562
Our model,2,158.1085205078125
Our model,2,137.82643127441406
Our model,2,104.53302764892578
Our model,2,138.45550537109375
Our model,2,202.13389587402344
Our model,2,150.12010192871094
Our model,2,171.79296875
Our model,2,159.65611267089844
Our model,2,143.19276428222656
Our model,2,235.18716430664062
Our model,2,192.5958709716797
Our model,2,183.42433166503906
Our model,2,186.24923706054688
Our model,2,139.23939514160156
Our model,2,192.49957275390625
Our model,2,188.67010498046875
Our model,2,182.507080078125
Our model,2,199.7771453857422
Our model,2,157.95834350585938
Our model,2,142.29075622558594
Our model,2,175.73228454589844
Our model,2,144.9644317626953
Our model,2,137.38864135742188
Our model,2,142.3368377685547
Our model,2,135.15924072265625
Our model,2,147.52963256835938
Our model,2,128.4498291015625
Our model,2,108.4207534790039
Our model,2,184.29547119140625
Our model,2,143.53775024414062
Our model,2,133.52664184570312
Our model,2,117.0971450805664
Our model,2,166.40777587890625
Our model,2,138.1562957763672
Our model,2,150.17059326171875
Our model,2,158.25201416015625
Our model,2,153.04119873046875
Our model,2,163.58633422851562
Our model,2,177.5316162109375
Our model,2,170.7996368408203
Our model,2,209.06190490722656
Our model,2,153.9084014892578
Our model,2,129.11033630371094
Our model,2,170.35726928710938
Our model,2,199.91598510742188
Our model,2,116.19871520996094
Our model,2,141.33441162109375
Our model,2,201.47080993652344
Our model,2,144.30828857421875
Our model,2,152.53297424316406
Our model,2,153.83392333984375
Our model,2,161.0246124267578
Our model,2,176.27838134765625
Our model,2,168.9272003173828
Our model,2,154.82571411132812
Our model,2,165.70620727539062
Our model,2,162.07803344726562
Our model,2,175.41940307617188
Our model,2,167.2607879638672
Our model,2,174.88143920898438
Our model,2,122.81047821044922
Our model,2,167.06175231933594
Our model,2,179.0182647705078
Our model,2,192.08660888671875
Our model,2,148.12759399414062
Our model,2,200.6387176513672
Our model,2,174.5668487548828
Our model,2,177.67250061035156
Our model,2,158.94833374023438
Our model,2,154.42404174804688
Our model,2,176.673095703125
Our model,2,148.79278564453125
Our model,2,130.72775268554688
Our model,2,168.92015075683594
Our model,2,173.1522216796875
Our model,2,150.10870361328125
Our model,2,149.9190673828125
Our model,2,194.5056915283203
Our model,2,116.89219665527344
Our model,2,149.51788330078125
Our model,2,164.71315002441406
Our model,2,209.27481079101562
Our model,2,187.04542541503906
Our model,2,178.4915008544922
Our model,2,143.66151428222656
Our model,2,195.70298767089844
Our model,2,192.18576049804688
Our model,2,132.75350952148438
Our model,2,184.85348510742188
Our model,2,137.4933624267578
Our model,2,156.51194763183594
Our model,2,136.90960693359375
Our model,2,132.9408416748047
Our model,2,150.21539306640625
Our model,2,188.00747680664062
Our model,2,171.64810180664062
Our model,2,236.4987335205078
Our model,2,144.5259552001953
Our model,2,166.37680053710938
Our model,2,174.62525939941406
Our model,2,222.88858032226562
Our model,2,126.61249542236328
Our model,2,146.83958435058594
Our model,2,246.05999755859375
Our model,2,153.1084747314453
Our model,2,162.3297882080078
Our model,2,140.268798828125
Our model,2,177.27146911621094
Our model,2,200.8023223876953
Our model,2,167.07005310058594
Our model,2,136.0063018798828
Our model,2,178.18862915039062
Our model,2,168.73486328125
Our model,2,158.06576538085938
Our model,2,153.9438934326172
Our model,2,170.20040893554688
Our model,2,189.71055603027344
Our model,2,127.37557983398438
Our model,2,156.20858764648438
Our model,2,428.0473937988281
Our model,2,389.653076171875
Our model,2,409.63494873046875
Our model,2,157.73486328125
Our model,2,193.81210327148438
Our model,2,147.6918182373047
Our model,2,143.88511657714844
Our model,2,149.7581787109375
Our model,2,148.92567443847656
Our model,2,124.59242248535156
Our model,2,127.44364929199219
Our model,2,133.89553833007812
Our model,2,135.39573669433594
Our model,2,144.43856811523438
Our model,2,203.118408203125
Our model,2,176.0332794189453
Our model,2,222.4212646484375
Our model,2,164.56353759765625
Our model,2,146.859619140625
Our model,2,149.92852783203125
Our model,2,150.07901000976562
Our model,2,167.21517944335938
Our model,2,168.73367309570312
Our model,2,110.12309265136719
Our model,2,133.8114013671875
Our model,2,146.21743774414062
Our model,2,141.8857421875
Our model,2,208.9009552001953
Our model,2,158.93446350097656
Our model,2,137.4204864501953
Our model,2,177.03468322753906
Our model,2,188.02780151367188
Our model,2,180.67849731445312
Our model,2,184.9139862060547
Our model,2,150.26882934570312
Our model,2,264.05828857421875
Our model,2,167.73934936523438
Our model,2,133.63916015625
Our model,2,158.68460083007812
Our model,2,201.1370391845703
Our model,2,156.99977111816406
Our model,2,199.29635620117188
Our model,2,195.14707946777344
Our model,2,169.7714080810547
Our model,2,184.72178649902344
Our model,2,174.14683532714844
Our model,2,167.89076232910156
Our model,2,146.2307586669922
Our model,2,147.0049591064453
Our model,2,161.4202117919922
Our model,2,173.0428466796875
Our model,2,163.43386840820312
Our model,2,125.15461730957031
Our model,2,143.35791015625
Our model,2,162.3653106689453
Our model,2,164.27488708496094
Our model,2,184.41668701171875
Our model,2,161.81492614746094
Our model,2,186.0096435546875
Our model,2,195.8493194580078
Our model,2,198.5014190673828
Our model,2,221.083740234375
Our model,2,152.2332000732422
Our model,2,204.67198181152344
Our model,2,177.68685913085938
Our model,2,207.70443725585938
Our model,2,196.65113830566406
Our model,2,160.74606323242188
Our model,2,173.8719482421875
Our model,2,147.63182067871094
Our model,2,211.2583770751953
Our model,2,150.86474609375
Our model,2,242.15635681152344
Our model,2,192.0504150390625
Our model,2,171.6826934814453
Our model,2,169.0392608642578
Our model,2,123.5150375366211
Our model,2,122.36933135986328
Our model,2,250.28648376464844
Our model,2,247.88629150390625
Our model,2,151.11907958984375
Our model,2,134.6791229248047
Our model,2,148.58921813964844
Our model,2,143.63389587402344
Our model,2,139.06243896484375
Our model,2,175.9582061767578
Our model,2,185.12545776367188
Our model,2,154.0034942626953
Our model,2,176.95501708984375
Our model,2,143.9879150390625
Our model,2,194.94737243652344
Our model,2,160.9003448486328
Our model,2,147.04931640625
Our model,2,127.84115600585938
Our model,2,162.00799560546875
Our model,2,185.5865936279297
Our model,2,145.08213806152344
Our model,2,169.17059326171875
Our model,2,163.20750427246094
Our model,2,170.36131286621094
Our model,2,149.592529296875
Our model,2,206.0269012451172
Our model,2,168.08937072753906
Our model,2,131.36195373535156
Our model,2,195.80755615234375
Our model,2,164.0135040283203
Our model,2,158.35220336914062
Our model,2,153.2029266357422
Our model,2,167.17971801757812
Our model,2,145.843505859375
Our model,2,109.81909942626953
Our model,2,150.67837524414062
Our model,2,133.6165313720703
Our model,2,129.85716247558594
Our model,2,226.49168395996094
Our model,2,168.3367919921875
Our model,2,161.0509033203125
Our model,2,129.5492401123047
Our model,2,142.8955841064453
Our model,2,165.69154357910156
Our model,2,171.71453857421875
Our model,2,145.959228515625
Our model,2,222.94239807128906
Our model,2,136.49427795410156
Our model,2,137.71095275878906
Our model,2,269.46575927734375
Our model,2,182.280029296875
Our model,2,135.77694702148438
Our model,2,215.1923370361328
Our model,2,193.95681762695312
Our model,2,198.5800323486328
Our model,2,142.07435607910156
Our model,2,153.64810180664062
Our model,2,141.6887664794922
Our model,2,202.8431854248047
Our model,2,152.597900390625
Our model,2,151.68345642089844
Our model,2,159.2428436279297
Our model,2,179.52964782714844
Our model,2,157.0952606201172
Our model,2,161.27427673339844
Our model,2,142.2542724609375
Our model,2,239.16407775878906
Our model,2,169.89447021484375
Our model,2,168.80474853515625
Our model,2,144.3880157470703
Our model,2,151.40476989746094
Our model,2,171.16903686523438
Our model,2,147.4474334716797
Our model,2,127.57551574707031
Our model,2,213.09530639648438
Our model,2,135.61865234375
Our model,2,139.10142517089844
Our model,2,255.62176513671875
Our model,2,179.34535217285156
Our model,2,132.35130310058594
Our model,2,158.37904357910156
Our model,2,144.71690368652344
Our model,2,177.4288330078125
Our model,2,147.53749084472656
Our model,2,139.7595977783203
Our model,2,134.93748474121094
Our model,2,92.79041290283203
Our model,2,99.95135498046875
Our model,2,139.06275939941406
Our model,2,133.29348754882812
Our model,2,143.73707580566406
Our model,2,138.71791076660156
Our model,2,161.2572784423828
Our model,2,163.9203338623047
Our model,2,154.27685546875
Our model,2,133.20578002929688
Our model,2,161.05435180664062
Our model,2,173.5181427001953
Our model,2,169.34385681152344
Our model,2,119.16780090332031
Our model,2,110.9182357788086
Our model,2,117.3846664428711
Our model,2,160.88211059570312
Our model,2,124.29170227050781
Our model,2,136.73165893554688
Our model,2,161.37245178222656
Our model,2,139.83920288085938
Our model,2,148.90830993652344
Our model,2,110.34916687011719
Our model,2,166.25869750976562
Our model,2,124.67142486572266
Our model,2,149.8427734375
Our model,2,130.56451416015625
Our model,2,114.01725006103516
Our model,2,220.7470703125
Our model,2,163.45785522460938
Our model,2,161.54183959960938
Our model,2,192.81100463867188
Our model,2,156.21109008789062
Our model,2,154.1055450439453
Our model,2,144.76307678222656
Our model,2,140.0507354736328
Our model,2,190.34901428222656
Our model,2,181.397216796875
Our model,2,120.41487121582031
Our model,2,117.06713104248047
Our model,2,137.36349487304688
Our model,2,141.63168334960938
Our model,2,144.8844757080078
Our model,2,143.99072265625
Our model,2,168.5467071533203
Our model,2,179.26773071289062
Our model,2,204.5878143310547
Our model,2,151.5021209716797
Our model,2,149.04991149902344
Our model,2,170.03778076171875
Our model,2,233.01409912109375
Our model,2,198.95425415039062
Our model,2,180.5667266845703
Our model,2,141.6613311767578
Our model,2,149.85340881347656
Our model,2,232.57785034179688
Our model,2,173.9028778076172
Our model,2,189.7615509033203
Our model,2,186.426513671875
Our model,2,172.40403747558594
Our model,2,160.3719482421875
Our model,2,124.17971801757812
Our model,2,140.08724975585938
Our model,2,138.43312072753906
Our model,2,201.38973999023438
Our model,2,183.88983154296875
Our model,2,148.21778869628906
Our model,2,154.98507690429688
Our model,2,142.7178497314453
Our model,2,150.39694213867188
Our model,2,155.36392211914062
Our model,2,198.0369873046875
Our model,2,168.38613891601562
Our model,2,147.22430419921875
Our model,2,171.59127807617188
Our model,2,232.88165283203125
Our model,2,170.81333923339844
Our model,2,171.61341857910156
Our model,2,145.01109313964844
Our model,2,212.6851806640625
Our model,2,185.50926208496094
Our model,2,194.1294403076172
Our model,2,236.6311492919922
Our model,2,175.85415649414062
Our model,2,214.12911987304688
Our model,2,172.5849609375
Our model,2,236.1082305908203
Our model,2,138.9832000732422
Our model,2,138.14666748046875
Our model,2,144.93788146972656
Our model,2,279.4276428222656
Our model,2,179.89466857910156
Our model,2,151.33346557617188
Our model,2,157.62855529785156
Our model,2,165.7803192138672
Our model,2,172.81065368652344
Our model,2,153.33047485351562
Our model,2,133.8104705810547
Our model,2,137.2077178955078
Our model,2,162.87301635742188
Our model,2,123.91720581054688
Our model,2,151.25767517089844
Our model,2,146.72879028320312
Our model,2,158.47198486328125
Our model,2,180.43238830566406
Our model,2,170.74342346191406
Our model,2,292.5890808105469
Our model,2,192.0140380859375
Our model,2,151.41580200195312
Our model,2,167.6096954345703
Our model,2,140.20071411132812
Our model,2,310.9908142089844
Our model,2,283.8600158691406
Our model,2,181.42161560058594
Our model,2,162.6914825439453
Our model,2,164.8488311767578
Our model,2,145.5750274658203
Our model,2,162.1253204345703
Our model,2,132.38214111328125
Our model,2,153.0005340576172
Our model,2,262.3633117675781
Our model,2,272.4752502441406
Our model,2,245.59056091308594
Our model,2,145.47288513183594
Our model,2,175.24563598632812
Our model,2,159.12628173828125
Our model,2,143.5735626220703
Our model,2,126.05093383789062
Our model,2,143.95423889160156
Our model,2,140.1081085205078
Our model,2,161.98487854003906
Our model,2,150.70028686523438
Our model,2,125.43890380859375
Our model,2,165.0712127685547
Our model,2,165.84922790527344
Our model,2,154.17005920410156
Our model,2,149.0146484375
Our model,2,144.537841796875
Our model,2,111.08189392089844
Our model,2,172.7491912841797
Our model,2,173.97705078125
Our model,2,167.7136688232422
Our model,2,163.5614776611328
Our model,2,148.26171875
Our model,2,138.3663787841797
Our model,2,209.33465576171875
Our model,2,199.443603515625
Our model,2,141.4554443359375
Our model,2,142.82994079589844
Our model,2,140.5244598388672
Our model,2,190.39540100097656
Our model,2,127.68133544921875
Our model,2,198.45106506347656
Our model,2,212.40858459472656
Our model,2,226.4981231689453
Our model,2,201.1737060546875
Our model,2,149.97232055664062
Our model,2,178.224853515625
Our model,2,129.6721649169922
Our model,2,208.0115509033203
Our model,2,217.56321716308594
Our model,2,172.98338317871094
Our model,2,141.66482543945312
Our model,2,130.5111846923828
Our model,2,130.9470672607422
Our model,2,132.2963104248047
Our model,2,158.67034912109375
Our model,2,224.27207946777344
Our model,2,153.76661682128906
Our model,2,161.25331115722656
Our model,2,182.67884826660156
Our model,2,198.92027282714844
Our model,2,160.81494140625
Our model,2,203.07215881347656
Our model,2,193.6619415283203
Our model,2,142.85813903808594
Our model,2,132.35092163085938
Our model,2,117.68267059326172
Our model,2,150.09072875976562
Our model,2,131.9528045654297
Our model,2,173.52503967285156
Our model,2,229.821533203125
Our model,2,205.09719848632812
Our model,2,173.20272827148438
Our model,2,152.79066467285156
Our model,2,182.70994567871094
Our model,2,136.21678161621094
Our model,2,140.69546508789062
Our model,2,136.1964874267578
Our model,2,125.0025634765625
Our model,2,120.68840026855469
Our model,2,166.2640838623047
Our model,2,158.43939208984375
Our model,2,144.1132354736328
Our model,2,401.93231201171875
Our model,2,153.7970428466797
Our model,2,160.9013214111328
Our model,2,133.28636169433594
Our model,2,134.5719757080078
Our model,2,148.09567260742188
Our model,2,140.9084930419922
Our model,2,149.04261779785156
Our model,2,374.6455993652344
Our model,2,148.55809020996094
Our model,2,161.2547607421875
Our model,2,425.7288818359375
Our model,2,150.97503662109375
Our model,2,166.05262756347656
Our model,2,403.5650939941406
Our model,2,192.66348266601562
Our model,2,173.2859649658203
Our model,2,141.3008575439453
Our model,2,160.44003295898438
Our model,2,163.9254913330078
Our model,2,172.3439178466797
Our model,2,169.46224975585938
Our model,2,366.2098388671875
Our model,2,126.39716339111328
Our model,2,138.38336181640625
Our model,2,421.6803894042969
Our model,2,158.45492553710938
Our model,2,159.74203491210938
Our model,2,236.1637725830078
Our model,2,169.8108673095703
Our model,2,197.07371520996094
Our model,2,133.61436462402344
Our model,2,144.86183166503906
Our model,2,156.2000732421875
Our model,2,176.643798828125
Our model,2,142.17831420898438
Our model,2,164.93824768066406
Our model,2,134.60696411132812
Our model,2,162.09524536132812
Our model,2,204.837158203125
Our model,2,152.48739624023438
Our model,2,132.50204467773438
Our model,2,143.49871826171875
Our model,2,210.71661376953125
Our model,2,218.91455078125
Our model,2,180.6565399169922
Our model,2,146.28878784179688
Our model,2,156.84996032714844
Our model,2,156.3741912841797
Our model,2,148.3494415283203
Our model,2,138.62777709960938
Our model,2,141.1221466064453
Our model,2,131.7294921875
Our model,2,146.15150451660156
Our model,2,187.57940673828125
Our model,2,124.77549743652344
Our model,2,154.67274475097656
Our model,2,172.7899627685547
Our model,2,167.8241424560547
Our model,2,161.41697692871094
Our model,2,182.62411499023438
Our model,2,183.76568603515625
Our model,2,143.85755920410156
Our model,2,141.8939971923828
Our model,2,143.93829345703125
Our model,2,128.10519409179688
Our model,2,163.27084350585938
Our model,2,166.689453125
Our model,2,447.270263671875
Our model,2,148.16111755371094
Our model,2,153.4024658203125
Our model,2,166.210693359375
Our model,2,333.1687927246094
Our model,2,158.76248168945312
Our model,2,405.8371276855469
Our model,2,293.6215515136719
Our model,2,133.1931915283203
Our model,2,137.57614135742188
Our model,2,263.95184326171875
Our model,2,247.71119689941406
Our model,2,205.47955322265625
Our model,2,231.1240234375
Our model,2,148.96078491210938
Our model,2,176.46603393554688
Our model,2,139.93141174316406
Our model,2,149.84002685546875
Our model,2,138.21087646484375
Our model,2,178.1094512939453
Our model,2,152.43955993652344
Our model,2,113.8803482055664
Our model,2,141.93748474121094
Our model,2,137.68023681640625
Our model,2,155.66082763671875
Our model,2,152.4637908935547
Our model,2,161.72401428222656
Our model,2,163.22360229492188
Our model,2,222.16253662109375
Our model,2,165.4330291748047
Our model,2,132.7399444580078
Our model,2,155.64930725097656
Our model,2,176.5607147216797
Our model,2,194.24563598632812
Our model,2,229.18328857421875
Our model,2,157.84765625
Our model,2,177.87229919433594
Our model,2,145.7130126953125
Our model,2,150.3021697998047
Our model,2,194.1781463623047
Our model,2,148.3635711669922
Our model,2,249.6614227294922
Our model,2,167.4755859375
Our model,2,177.47488403320312
Our model,2,215.8711395263672
Our model,2,190.51373291015625
Our model,2,144.62005615234375
Our model,2,146.32432556152344
Our model,2,138.381103515625
Our model,2,183.2826690673828
Our model,2,169.5552520751953
Our model,2,187.8538818359375
Our model,2,160.34295654296875
Our model,2,127.16490936279297
Our model,2,145.91213989257812
Our model,2,240.70506286621094
Our model,2,183.91708374023438
Our model,2,179.4503173828125
Our model,2,157.73419189453125
Our model,2,165.38516235351562
Our model,2,201.28477478027344
Our model,2,280.4089660644531
Our model,2,141.4567108154297
Our model,2,306.35040283203125
Our model,2,177.61422729492188
Our model,2,161.63636779785156
Our model,2,186.37547302246094
Our model,2,176.1870880126953
Our model,2,204.8026580810547
Our model,2,154.72654724121094
Our model,2,136.83261108398438
Our model,2,199.4844970703125
Our model,2,171.79734802246094
Our model,2,133.34242248535156
Our model,2,159.57183837890625
Our model,2,121.20549774169922
Our model,2,168.11727905273438
Our model,2,157.28109741210938
Our model,2,148.48326110839844
Our model,2,183.24874877929688
Our model,2,236.61961364746094
Our model,2,273.3729553222656
Our model,2,170.09730529785156
Our model,2,150.62741088867188
Our model,2,165.72947692871094
Our model,2,138.57542419433594
Our model,2,279.1739501953125
Our model,2,191.60606384277344
Our model,2,151.41775512695312
Our model,2,148.76564025878906
Our model,2,168.58580017089844
Our model,2,213.1117401123047
Our model,2,134.6321258544922
Our model,2,158.49813842773438
Our model,2,162.07681274414062
Our model,2,174.76124572753906
Our model,2,160.98118591308594
Our model,2,170.4157257080078
Our model,2,153.79052734375
Our model,2,165.7518768310547
Our model,2,170.40943908691406
Our model,2,170.1847686767578
Our model,2,164.87722778320312
Our model,2,157.9501495361328
Our model,2,99.89027404785156
Our model,2,173.75643920898438
Our model,2,206.3404541015625
Our model,2,175.54104614257812
Our model,2,144.7942352294922
Our model,2,231.5437469482422
Our model,2,176.22406005859375
Our model,2,222.76255798339844
Our model,2,237.2659149169922
Our model,2,240.18235778808594
Our model,2,170.93040466308594
Our model,2,138.28875732421875
Our model,2,128.7141876220703
Our model,2,141.44711303710938
Our model,2,160.2826690673828
Our model,2,143.83633422851562
Our model,2,175.95921325683594
Our model,2,187.19549560546875
Our model,2,233.3500518798828
Our model,2,206.57986450195312
Our model,2,167.8692169189453
Our model,2,125.89593505859375
Our model,2,140.71180725097656
Our model,2,140.99728393554688
Our model,2,228.4115447998047
Our model,2,218.15805053710938
Our model,2,133.68870544433594
Our model,2,120.84432983398438
Our model,2,157.12265014648438
Our model,2,149.0640106201172
Our model,2,203.38809204101562
Our model,2,153.12527465820312
Our model,2,152.2354278564453
Our model,2,194.11239624023438
Our model,2,180.60858154296875
Our model,2,172.2775421142578
Our model,2,183.63607788085938
Our model,2,249.2797393798828
Our model,2,133.2495574951172
Our model,2,130.41917419433594
Our model,2,112.57987976074219
Our model,2,152.7419891357422
Our model,2,110.62940979003906
Our model,2,149.912109375
Our model,2,185.79058837890625
Our model,2,132.344970703125
Our model,2,163.12103271484375
Our model,2,220.068115234375
Our model,2,193.31930541992188
Our model,2,151.4028778076172
Our model,2,138.6699981689453
Our model,2,146.72647094726562
Our model,2,176.57701110839844
Our model,2,186.02774047851562
Our model,2,114.7801513671875
Our model,2,149.81764221191406
Our model,2,151.05332946777344
Our model,2,153.05026245117188
Our model,2,231.37118530273438
Our model,2,220.0958251953125
Our model,2,195.28846740722656
Our model,2,162.50241088867188
Our model,2,181.23138427734375
Our model,2,180.60655212402344
Our model,2,192.70578002929688
Our model,2,152.52682495117188
Our model,2,155.50929260253906
Our model,2,143.4888458251953
Our model,2,147.54107666015625
Our model,2,189.7034149169922
Our model,2,196.21884155273438
Our model,2,153.08206176757812
Our model,2,132.24478149414062
Our model,2,187.1729278564453
Our model,2,182.15496826171875
Our model,2,160.65760803222656
Our model,2,168.10365295410156
Our model,2,143.8223876953125
Our model,2,182.88943481445312
Our model,2,172.73202514648438
Our model,2,145.6033172607422
Our model,2,161.9300994873047
Our model,2,165.51124572753906
Our model,2,200.9695281982422
Our model,2,160.07467651367188
Our model,2,184.39236450195312
Our model,2,252.48794555664062
Our model,2,186.04257202148438
Our model,2,187.3992156982422
Our model,2,221.88421630859375
Our model,2,181.88674926757812
Our model,2,160.1648712158203
Our model,2,185.08433532714844
Our model,2,221.1298370361328
Our model,2,188.6158905029297
Our model,2,158.51722717285156
Our model,2,123.05988311767578
Our model,2,146.6533966064453
Our model,2,173.27874755859375
Our model,2,160.63087463378906
Our model,2,141.00209045410156
Our model,2,141.04873657226562
Our model,2,167.59291076660156
Our model,2,161.81640625
Our model,2,143.14292907714844
Our model,2,159.674072265625
Our model,2,197.03123474121094
Our model,2,178.06851196289062
Our model,2,195.20423889160156
Our model,2,162.39451599121094
Our model,2,155.03390502929688
Our model,2,159.17245483398438
Our model,2,164.79794311523438
Our model,2,174.59652709960938
Our model,2,180.1573028564453
Our model,2,190.479736328125
Our model,2,179.31077575683594
Our model,2,162.49057006835938
Our model,2,171.4638214111328
Our model,2,179.65370178222656
Our model,2,184.0655975341797
Our model,2,150.1724090576172
Our model,2,190.5718536376953
Our model,2,196.35797119140625
Our model,2,180.6918487548828
Our model,2,227.94129943847656
Our model,2,265.22686767578125
Our model,2,236.53070068359375
Our model,2,254.7310333251953
Our model,2,315.21002197265625
Our model,2,148.20785522460938
Our model,2,123.69850158691406
Our model,2,116.48384857177734
Our model,2,135.03114318847656
Our model,2,134.85275268554688
Our model,2,145.07264709472656
Our model,2,201.04759216308594
Our model,2,181.70089721679688
Our model,2,181.27978515625
Our model,2,161.8613739013672
Our model,2,214.24851989746094
Our model,2,161.5355224609375
Our model,2,146.84335327148438
Our model,2,169.74984741210938
Our model,2,156.6007843017578
Our model,2,129.38612365722656
Our model,2,139.9974365234375
Our model,2,148.9663848876953
Our model,2,149.63134765625
Our model,2,182.62326049804688
Our model,2,175.0341339111328
Our model,2,146.77285766601562
Our model,2,173.99977111816406
Our model,2,178.1112060546875
Our model,2,157.68490600585938
Our model,2,163.11000061035156
Our model,2,143.5327606201172
Our model,2,138.04025268554688
Our model,2,169.8841094970703
Our model,2,176.5090789794922
Our model,2,139.53892517089844
Our model,2,130.81805419921875
Our model,2,161.9920654296875
Our model,2,138.74917602539062
Our model,2,179.898681640625
Our model,2,157.0844268798828
Our model,2,201.3257598876953
Our model,2,175.2733612060547
Our model,2,165.73342895507812
Our model,2,160.77818298339844
Our model,2,131.63134765625
Our model,2,140.50486755371094
Our model,2,138.76568603515625
Our model,2,126.57613372802734
Our model,2,137.10614013671875
Our model,2,122.13031005859375
Our model,2,145.22793579101562
Our model,2,147.7078094482422
Our model,2,205.69277954101562
Our model,2,155.38380432128906
Our model,2,237.88319396972656
Our model,2,214.4218292236328
Our model,2,189.5448760986328
Our model,2,141.06112670898438
Our model,2,143.9584197998047
Our model,2,211.53384399414062
Our model,2,153.62318420410156
Our model,2,180.90524291992188
Our model,2,175.85061645507812
Our model,2,139.0643310546875
Our model,2,156.78924560546875
Our model,2,231.7299346923828
Our model,2,174.0992431640625
Our model,2,138.19235229492188
Our model,2,178.2200469970703
Our model,2,180.61082458496094
Our model,2,171.95872497558594
Our model,2,198.68084716796875
Our model,2,135.44969177246094
Our model,2,145.4107666015625
Our model,2,152.12986755371094
Our model,2,189.65203857421875
Our model,2,137.39181518554688
Our model,2,136.2161102294922
Our model,2,186.7040557861328
Our model,2,146.1032257080078
Our model,2,161.59861755371094
Our model,2,146.33718872070312
Our model,2,232.77964782714844
Our model,2,162.8597869873047
Our model,2,151.82049560546875
Our model,2,133.59828186035156
Our model,2,128.09877014160156
Our model,2,229.2380828857422
Our model,2,135.55429077148438
Our model,2,147.22398376464844
Our model,2,173.73260498046875
Our model,2,194.2554473876953
Our model,2,128.57521057128906
Our model,2,285.9009704589844
Our model,2,189.16738891601562
Our model,2,176.0082550048828
Our model,2,153.47689819335938
Our model,2,216.9631805419922
Our model,2,171.70126342773438
Our model,2,153.16676330566406
Our model,2,135.31478881835938
Our model,2,152.3859100341797
Our model,2,214.97816467285156
Our model,2,206.6667938232422
Our model,2,127.30425262451172
Our model,2,116.00303649902344
Our model,2,146.16075134277344
Our model,2,164.385498046875
Our model,2,149.15684509277344
Our model,2,130.93417358398438
Our model,2,332.7951354980469
Our model,2,227.7379913330078
Our model,2,172.42730712890625
Our model,2,166.70953369140625
Our model,2,145.8816680908203
Our model,2,150.40121459960938
Our model,2,211.5281982421875
Our model,2,162.3025665283203
Our model,2,306.13726806640625
Our model,2,132.97024536132812
Our model,2,150.50013732910156
Our model,2,324.8074951171875
Our model,2,217.59349060058594
Our model,2,155.43734741210938
Our model,2,158.43763732910156
Our model,2,179.61891174316406
Our model,2,104.56501007080078
Our model,2,183.83509826660156
Our model,2,175.6769256591797
Our model,2,178.23858642578125
Our model,2,166.572998046875
Our model,2,136.93496704101562
Our model,2,128.05850219726562
Our model,2,130.0354461669922
Our model,2,175.62362670898438
Our model,2,152.24887084960938
Our model,2,783.0783081054688
Our model,2,727.3145751953125
Our model,2,769.8513793945312
Our model,2,274.10076904296875
Our model,2,186.95941162109375
Our model,2,179.97462463378906
Our model,2,159.3746795654297
Our model,2,162.674072265625
Our model,2,243.52706909179688
Our model,2,209.8352813720703
Our model,2,135.24061584472656
Our model,2,141.55081176757812
Our model,2,134.6627197265625
Our model,2,144.08837890625
Our model,2,150.559814453125
Our model,2,197.91818237304688
Our model,2,172.2113037109375
Our model,2,195.0176239013672
Our model,2,197.77493286132812
Our model,2,195.1418914794922
Our model,2,205.95040893554688
Our model,2,172.2945098876953
Our model,2,138.47608947753906
Our model,2,115.0098648071289
Our model,2,169.09507751464844
Our model,2,204.24661254882812
Our model,2,110.09363555908203
Our model,2,158.65667724609375
Our model,2,227.48989868164062
Our model,2,178.68792724609375
Our model,2,227.1064910888672
Our model,2,156.94638061523438
Our model,2,159.92849731445312
Our model,2,147.8318328857422
Our model,2,146.99647521972656
Our model,2,218.34347534179688
Our model,2,269.0689392089844
Our model,2,135.93063354492188
Our model,2,157.2001953125
Our model,2,310.1521911621094
Our model,2,144.81832885742188
Our model,2,161.7794647216797
Our model,2,180.55677795410156
Our model,2,211.27398681640625
Our model,2,178.5113067626953
Our model,2,278.154541015625
Our model,2,236.37506103515625
Our model,2,162.26119995117188
Our model,2,151.91819763183594
Our model,2,130.88958740234375
Our model,2,137.70379638671875
Our model,2,139.525390625
Our model,2,167.0442352294922
Our model,2,160.17857360839844
Our model,2,127.17236328125
Our model,2,144.52938842773438
Our model,2,221.3302001953125
Our model,2,266.3074951171875
Our model,2,224.6537322998047
Our model,2,168.9952392578125
Our model,2,149.23976135253906
Our model,2,167.56890869140625
Our model,2,136.11502075195312
Our model,2,141.34181213378906
Our model,2,164.00596618652344
Our model,2,153.79989624023438
Our model,2,141.0415496826172
Our model,2,160.92721557617188
Our model,2,128.21934509277344
Our model,2,142.08274841308594
Our model,2,155.23663330078125
Our model,2,165.17140197753906
Our model,2,152.55470275878906
Our model,2,155.5572967529297
Our model,2,795.0960083007812
Our model,2,156.59213256835938
Our model,2,174.43807983398438
Our model,2,120.66092681884766
Our model,2,758.5332641601562
Our model,2,200.2587127685547
Our model,2,769.060302734375
Our model,2,198.87066650390625
Our model,2,164.2144775390625
Our model,2,145.12295532226562
Our model,2,147.44442749023438
Our model,2,174.19491577148438
Our model,2,131.06863403320312
Our model,2,175.8754425048828
Our model,2,144.23828125
Our model,2,187.56529235839844
Our model,2,113.04017639160156
Our model,2,135.78775024414062
Our model,2,176.4195098876953
Our model,2,148.50363159179688
Our model,2,169.5988006591797
Our model,2,201.05267333984375
Our model,2,159.86351013183594
Our model,2,187.48924255371094
Our model,2,156.9889678955078
Our model,2,125.18380737304688
Our model,2,185.15570068359375
Our model,2,151.14437866210938
Our model,2,193.97328186035156
Our model,2,136.64193725585938
Our model,2,155.21006774902344
Our model,2,137.15451049804688
Our model,2,129.39036560058594
Our model,2,174.10281372070312
Our model,2,144.4924774169922
Our model,2,162.79437255859375
Our model,2,155.78782653808594
Our model,2,129.81842041015625
Our model,2,134.69955444335938
Our model,2,190.7149658203125
Our model,2,173.4239501953125
Our model,2,181.02932739257812
Our model,2,153.85995483398438
Our model,2,136.66241455078125
Our model,2,116.50459289550781
Our model,2,177.32688903808594
Our model,2,194.57366943359375
Our model,2,138.5084991455078
Our model,2,218.89358520507812
Our model,2,164.46023559570312
Our model,2,159.86300659179688
Our model,2,154.2967987060547
Our model,2,179.12277221679688
Our model,2,227.54637145996094
Our model,2,177.86126708984375
Our model,2,127.82339477539062
Our model,2,152.29495239257812
Our model,2,174.73765563964844
Our model,2,161.26853942871094
Our model,2,132.46810913085938
Our model,2,131.40269470214844
Our model,2,166.34521484375
Our model,2,184.0856170654297
Our model,2,194.78643798828125
Our model,2,145.83680725097656
Our model,2,153.38421630859375
Our model,2,224.30712890625
Our model,2,231.1547393798828
Our model,2,211.83279418945312
Our model,2,162.1988983154297
Our model,2,148.74803161621094
Our model,2,139.18878173828125
Our model,2,137.5698699951172
Our model,2,122.85163879394531
Our model,2,142.02879333496094
Our model,2,136.45660400390625
Our model,2,135.6094512939453
Our model,2,142.31109619140625
Our model,2,130.5188446044922
Our model,2,143.46707153320312
Our model,2,156.81976318359375
Our model,2,168.35321044921875
Our model,2,196.2769317626953
Our model,2,99.3025894165039
Our model,2,152.0243682861328
Our model,2,169.45327758789062
Our model,2,125.705078125
Our model,2,133.2064971923828
Our model,2,178.27699279785156
Our model,2,152.05746459960938
Our model,2,159.63389587402344
Our model,2,194.2105255126953
Our model,2,162.45086669921875
Our model,2,179.0083465576172
Our model,2,153.77520751953125
Our model,2,148.80715942382812
Our model,2,157.49270629882812
Our model,2,200.44915771484375
Our model,2,124.07313537597656
Our model,2,98.09598541259766
Our model,2,180.53114318847656
Our model,2,136.55523681640625
Our model,2,224.12306213378906
Our model,2,233.62730407714844
Our model,2,275.93963623046875
Our model,2,196.85064697265625
Our model,2,140.41397094726562
Our model,2,163.71315002441406
Our model,2,106.16612243652344
Our model,2,131.98214721679688
Our model,2,243.93577575683594
Our model,2,249.60748291015625
Our model,2,129.06956481933594
Our model,2,129.77450561523438
Our model,2,146.86495971679688
Our model,2,156.3472137451172
Our model,2,168.64126586914062
Our model,2,151.16653442382812
Our model,2,208.35537719726562
Our model,2,134.69361877441406
Our model,2,157.58580017089844
Our model,2,152.9025115966797
Our model,2,173.52835083007812
Our model,2,165.26380920410156
Our model,2,133.99940490722656
Our model,2,132.10012817382812
Our model,2,171.26547241210938
Our model,2,169.91233825683594
Our model,2,156.34483337402344
Our model,2,183.45748901367188
Our model,2,196.7257537841797
Our model,2,157.6884307861328
Our model,2,182.0386962890625
Our model,2,147.23202514648438
Our model,2,173.35606384277344
Our model,2,141.85508728027344
Our model,2,138.97389221191406
Our model,2,158.66587829589844
Our model,2,155.5491180419922
Our model,2,141.2695770263672
Our model,2,143.37779235839844
Our model,2,136.85743713378906
Our model,2,152.69395446777344
Our model,2,151.41867065429688
Our model,2,225.0959014892578
Our model,2,169.81588745117188
Our model,2,182.29652404785156
Our model,2,147.379150390625
Our model,2,170.06410217285156
Our model,2,136.0922088623047
Our model,2,163.85707092285156
Our model,2,194.0519561767578
Our model,2,134.3123321533203
Our model,2,122.59960174560547
Our model,2,136.05474853515625
Our model,2,149.3862762451172
Our model,2,141.54953002929688
Our model,2,165.76034545898438
Our model,2,142.48963928222656
Our model,2,157.51873779296875
Our model,2,163.5514373779297
Our model,2,153.5117645263672
Our model,2,133.53428649902344
Our model,2,150.56800842285156
Our model,2,149.328125
Our model,2,118.17981719970703
Our model,2,151.23191833496094
Our model,2,134.80186462402344
Our model,2,180.32321166992188
Our model,2,158.48045349121094
Our model,2,145.3621063232422
Our model,2,278.3122253417969
Our model,2,150.84564208984375
Our model,2,165.22923278808594
Our model,2,152.15298461914062
Our model,2,169.36068725585938
Our model,2,159.99301147460938
Our model,2,139.9795379638672
Our model,2,162.12258911132812
Our model,2,249.65771484375
Our model,2,136.11203002929688
Our model,2,166.5515594482422
Our model,2,295.4476318359375
Our model,2,140.84471130371094
Our model,2,150.89491271972656
Our model,2,172.3816680908203
Our model,2,159.8389434814453
Our model,2,173.17184448242188
Our model,2,129.86134338378906
Our model,2,111.88470458984375
Our model,2,168.03204345703125
Our model,2,168.72032165527344
Our model,2,141.2176513671875
Our model,2,139.4375
Our model,2,171.49403381347656
Our model,2,155.1674041748047
Our model,2,205.99740600585938
Our model,2,198.00051879882812
Our model,2,143.6573486328125
Our model,2,180.98509216308594
Our model,2,164.78184509277344
Our model,2,128.9054718017578
Our model,2,153.7456817626953
Our model,2,208.36802673339844
Our model,2,256.5577087402344
Our model,2,158.0366668701172
Our model,2,133.442626953125
Our model,2,135.92787170410156
Our model,2,157.51426696777344
Our model,2,163.4117431640625
Our model,2,141.98794555664062
Our model,2,181.72271728515625
Our model,2,159.42727661132812
Our model,2,140.71444702148438
Our model,2,163.78475952148438
Our model,2,166.5576171875
Our model,2,136.5860595703125
Our model,2,133.45726013183594
Our model,2,407.1412353515625
Our model,2,139.03221130371094
Our model,2,133.496337890625
Our model,2,122.02979278564453
Our model,2,356.3305969238281
Our model,2,143.76220703125
Our model,2,390.9571838378906
Our model,2,216.36251831054688
Our model,2,198.45648193359375
Our model,2,180.3759765625
Our model,2,197.89218139648438
Our model,2,182.3037872314453
Our model,2,155.01129150390625
Our model,2,157.31295776367188
Our model,2,175.53427124023438
Our model,2,167.42483520507812
Our model,2,150.41583251953125
Our model,2,137.8366241455078
Our model,2,137.67649841308594
Our model,2,146.53428649902344
Our model,2,135.38650512695312
Our model,2,190.29571533203125
Our model,2,188.61317443847656
Our model,2,178.08103942871094
Our model,2,241.14613342285156
Our model,2,171.9102325439453
Our model,2,193.3610382080078
Our model,2,155.3402099609375
Our model,2,161.63214111328125
Our model,2,190.5464324951172
Our model,2,169.1363067626953
Our model,2,110.54907989501953
Our model,2,168.88771057128906
Our model,2,181.78553771972656
Our model,2,163.5902557373047
Our model,2,150.81446838378906
Our model,2,173.91940307617188
Our model,2,172.5359649658203
Our model,2,156.5475616455078
Our model,2,165.61915588378906
Our model,2,133.799560546875
Our model,2,158.59085083007812
Our model,2,146.50184631347656
Our model,2,203.32452392578125
Our model,2,152.8455047607422
Our model,2,163.73876953125
Our model,2,165.36831665039062
Our model,2,201.90969848632812
Our model,2,138.22796630859375
Our model,2,190.97955322265625
Our model,2,150.52615356445312
Our model,2,204.39532470703125
Our model,2,150.79208374023438
Our model,2,162.76815795898438
Our model,2,152.22227478027344
Our model,2,150.15716552734375
Our model,2,163.41099548339844
Our model,2,155.60711669921875
Our model,2,240.68846130371094
Our model,2,166.8853302001953
Our model,2,154.67965698242188
Our model,2,132.7006378173828
Our model,2,132.470947265625
Our model,2,238.98179626464844
Our model,2,160.90464782714844
Our model,2,165.7882537841797
Our model,2,178.62867736816406
Our model,2,256.4402160644531
Our model,2,274.4112854003906
Our model,2,154.81056213378906
Our model,2,175.76702880859375
Our model,2,195.26815795898438
Our model,2,141.5203094482422
Our model,2,140.38070678710938
Our model,2,179.27052307128906
Our model,2,249.36000061035156
Our model,2,158.4139862060547
Our model,2,164.48008728027344
Our model,2,151.0420684814453
Our model,2,256.0172424316406
Our model,2,176.460205078125
Our model,2,141.33241271972656
Our model,2,152.63360595703125
Our model,2,196.12588500976562
Our model,2,213.48947143554688
Our model,2,154.9727325439453
Our model,2,151.73294067382812
Our model,2,169.30532836914062
Our model,2,175.20950317382812
Our model,2,169.32424926757812
Our model,2,246.96218872070312
Our model,2,162.91502380371094
Our model,2,243.51535034179688
Our model,2,150.75100708007812
Our model,2,242.17271423339844
Our model,2,138.88003540039062
Our model,2,133.94448852539062
Our model,2,207.78176879882812
Our model,2,168.37551879882812
Our model,2,239.0468292236328
Our model,2,187.4195098876953
Our model,2,150.88412475585938
Our model,2,219.12815856933594
Our model,2,162.37745666503906
Our model,2,183.03945922851562
Our model,2,152.14788818359375
Our model,2,167.01052856445312
Our model,2,207.078369140625
Our model,2,158.15760803222656
Our model,2,143.81024169921875
Our model,2,138.08694458007812
Our model,2,189.4207000732422
Our model,2,212.00592041015625
Our model,2,171.08877563476562
Our model,2,174.73846435546875
Our model,2,144.83206176757812
Our model,2,155.4182586669922
Our model,2,152.39874267578125
Our model,2,196.86106872558594
Our model,2,179.465576171875
Our model,2,132.8199920654297
Our model,2,127.79663848876953
Our model,2,126.0934829711914
Our model,2,152.6072998046875
Our model,2,146.43466186523438
Our model,2,168.9363250732422
Our model,2,170.68812561035156
Our model,2,131.28485107421875
Our model,2,175.24844360351562
Our model,2,141.65386962890625
Our model,2,170.58563232421875
Our model,2,159.19322204589844
Our model,2,147.57339477539062
Our model,2,114.72802734375
Our model,2,116.74645233154297
Our model,2,166.98501586914062
Our model,2,133.1158905029297
Our model,2,142.64193725585938
Our model,2,154.71145629882812
Our model,2,177.69972229003906
Our model,2,147.65280151367188
Our model,2,179.75559997558594
Our model,2,204.21395874023438
Our model,2,143.39076232910156
Our model,2,183.278564453125
Our model,2,182.74046325683594
Our model,2,164.03866577148438
Our model,2,136.35498046875
Our model,2,152.03346252441406
Our model,2,222.11605834960938
Our model,2,168.44886779785156
Our model,2,183.0496826171875
Our model,2,164.23768615722656
Our model,2,180.0541534423828
Our model,2,246.44540405273438
Our model,2,199.03150939941406
Our model,2,188.5458984375
Our model,2,157.3792266845703
Our model,2,130.99093627929688
Our model,2,166.12950134277344
Our model,2,161.5946502685547
Our model,2,142.3860321044922
Our model,2,141.38795471191406
Our model,2,173.59417724609375
Our model,2,154.7505645751953
Our model,2,252.66258239746094
Our model,2,140.2200469970703
Our model,2,153.08326721191406
Our model,2,163.899658203125
Our model,2,161.07717895507812
Our model,2,165.82334899902344
Our model,2,206.9532470703125
Our model,2,141.5157470703125
Our model,2,175.78839111328125
Our model,2,146.35304260253906
Our model,2,211.53089904785156
Our model,2,110.3252944946289
Our model,2,131.07965087890625
Our model,2,198.9715576171875
Our model,2,119.66588592529297
Our model,2,158.43093872070312
Our model,2,160.67938232421875
Our model,2,181.24395751953125
Our model,2,195.2842559814453
Our model,2,216.96337890625
Our model,2,139.99745178222656
Our model,2,144.36917114257812
Our model,2,158.91883850097656
Our model,2,186.0084991455078
Our model,2,155.0974578857422
Our model,2,143.65890502929688
Our model,2,116.19581604003906
Our model,2,187.4977569580078
Our model,2,150.56753540039062
Our model,2,146.43678283691406
Our model,2,134.31716918945312
Our model,2,169.91720581054688
Our model,2,167.65106201171875
Our model,2,175.44850158691406
Our model,2,130.16595458984375
Our model,2,102.16879272460938
Our model,2,130.76751708984375
Our model,2,194.1206817626953
Our model,2,136.3041534423828
Our model,2,136.37432861328125
Our model,2,135.50050354003906
Our model,2,162.38832092285156
Our model,2,185.8762969970703
Our model,2,173.72695922851562
Our model,2,142.355712890625
Our model,2,151.28115844726562
Our model,2,208.8356475830078
Our model,2,199.44920349121094
Our model,2,172.2201385498047
Our model,2,130.80833435058594
Our model,2,126.43400573730469
Our model,2,162.83702087402344
Our model,2,153.11447143554688
Our model,2,136.53021240234375
Our model,2,129.15737915039062
Our model,2,140.52078247070312
Our model,2,151.17404174804688
Our model,2,165.8640899658203
Our model,2,137.60169982910156
Our model,2,147.8207244873047
Our model,2,165.62733459472656
Our model,2,395.33197021484375
Our model,2,144.04306030273438
Our model,2,140.74041748046875
Our model,2,219.4940185546875
Our model,2,377.3791198730469
Our model,2,156.8982391357422
Our model,2,123.42914581298828
Our model,2,172.74900817871094
Our model,2,384.0268859863281
Our model,2,159.2972869873047
Our model,2,176.48370361328125
Our model,2,178.5798797607422
Our model,2,162.1240997314453
Our model,2,178.4497528076172
Our model,2,161.2284698486328
Our model,2,170.2758026123047
Our model,2,164.18124389648438
Our model,2,158.01084899902344
Our model,2,173.9094696044922
Our model,2,141.5127716064453
Our model,2,153.51824951171875
Our model,2,147.5771484375
Our model,2,163.74642944335938
Our model,2,156.63182067871094
Our model,2,177.3834991455078
Our model,2,165.39334106445312
Our model,2,162.86097717285156
Our model,2,181.29779052734375
Our model,2,238.37144470214844
Our model,2,138.7611083984375
Our model,2,134.39208984375
Our model,2,172.26194763183594
Our model,2,221.72378540039062
Our model,2,167.71450805664062
Our model,2,131.0623321533203
Our model,2,140.94912719726562
Our model,2,217.30307006835938
Our model,2,149.26829528808594
Our model,2,226.6384735107422
Our model,2,153.74923706054688
Our model,2,168.60340881347656
Our model,2,163.4942626953125
Our model,2,198.3665771484375
Our model,2,157.503662109375
Our model,2,187.62498474121094
Our model,2,159.72108459472656
Our model,2,181.23684692382812
Our model,2,169.09674072265625
Our model,2,113.88799285888672
Our model,2,174.21775817871094
Our model,2,190.697509765625
Our model,2,168.98094177246094
Our model,2,144.02183532714844
Our model,2,180.98272705078125
Our model,2,212.7022247314453
Our model,2,164.26214599609375
Our model,2,168.86329650878906
Our model,2,179.70632934570312
Our model,2,179.37501525878906
Our model,2,133.35934448242188
Our model,2,142.6563262939453
Our model,2,199.39389038085938
Our model,2,226.5247802734375
Our model,2,168.24903869628906
Our model,2,186.23193359375
Our model,2,167.53538513183594
Our model,2,216.7545623779297
Our model,2,190.4062957763672
Our model,2,200.06893920898438
Our model,2,186.96812438964844
Our model,2,183.90821838378906
Our model,2,170.75698852539062
Our model,2,160.05160522460938
Our model,2,216.81051635742188
Our model,2,167.05288696289062
Our model,2,117.39773559570312
Our model,2,127.3134994506836
Our model,2,203.50906372070312
Our model,2,160.18385314941406
Our model,2,159.12997436523438
Our model,2,194.87583923339844
Our model,2,185.08055114746094
Our model,2,124.13624572753906
Our model,2,152.0367889404297
Our model,2,163.56443786621094
Our model,2,112.24840545654297
Our model,2,140.6991729736328
Our model,2,136.14797973632812
Our model,2,201.9542999267578
Our model,2,149.72702026367188
Our model,2,192.78201293945312
Our model,2,205.6071014404297
Our model,2,162.90138244628906
Our model,2,151.99398803710938
Our model,2,150.88421630859375
Our model,2,148.58831787109375
Our model,2,132.5528564453125
Our model,2,186.80462646484375
Our model,2,155.7489471435547
Our model,2,143.15487670898438
Our model,2,140.34596252441406
Our model,2,170.2362823486328
Our model,2,168.11546325683594
Our model,2,140.05197143554688
Our model,2,152.50364685058594
Our model,2,252.1120147705078
Our model,2,177.20138549804688
Our model,2,209.4698944091797
Our model,2,152.65663146972656
Our model,2,168.45941162109375
Our model,2,162.67645263671875
Our model,2,161.37257385253906
Our model,2,160.9788360595703
Our model,2,182.95603942871094
Our model,2,193.42581176757812
Our model,2,129.83822631835938
Our model,2,161.79327392578125
Our model,2,155.92919921875
Our model,2,162.6520233154297
Our model,2,101.55652618408203
Our model,2,125.07971954345703
Our model,2,146.91488647460938
Our model,2,174.4239501953125
Our model,2,160.55809020996094
Our model,2,144.71005249023438
Our model,2,144.9198760986328
Our model,2,116.43302154541016
Our model,2,166.13827514648438
Our model,2,129.06094360351562
Our model,2,169.38742065429688
Our model,2,132.783935546875
Our model,2,150.26943969726562
Our model,2,169.25108337402344
Our model,2,178.31411743164062
Our model,2,147.2657470703125
Our model,2,192.77108764648438
Our model,2,126.28407287597656
Our model,2,144.96063232421875
Our model,2,154.6417694091797
Our model,2,226.75418090820312
Our model,2,137.38748168945312
Our model,2,114.24185943603516
Our model,2,185.9920196533203
Our model,2,148.28981018066406
Our model,2,162.2235107421875
Our model,2,132.03233337402344
Our model,2,146.81089782714844
Our model,2,193.403564453125
Our model,2,182.1495361328125
Our model,2,148.92308044433594
Our model,2,154.27792358398438
Our model,2,174.91102600097656
Our model,2,206.15533447265625
Our model,2,189.1911163330078
Our model,2,116.13650512695312
Our model,2,147.16714477539062
Our model,2,137.2539520263672
Our model,2,148.92112731933594
Our model,2,179.85482788085938
Our model,2,154.66220092773438
Our model,2,153.8982696533203
Our model,2,181.3024444580078
Our model,2,164.730224609375
Our model,2,151.40003967285156
Our model,2,146.81202697753906
Our model,2,143.6175537109375
Our model,2,146.8784637451172
Our model,2,161.3269500732422
Our model,2,105.24510955810547
Our model,2,146.36495971679688
Our model,2,171.58006286621094
Our model,2,155.90875244140625
Our model,2,170.30784606933594
Our model,2,131.75299072265625
Our model,2,153.4475555419922
Our model,2,157.34068298339844
Our model,2,189.22341918945312
Our model,2,155.71583557128906
Our model,2,195.37257385253906
Our model,2,161.70091247558594
Our model,2,142.19338989257812
Our model,2,107.3675308227539
Our model,2,122.49614715576172
Our model,2,127.7386474609375
Our model,2,125.98091125488281
Our model,2,123.81901550292969
Our model,2,148.96719360351562
Our model,2,158.61773681640625
Our model,2,140.284912109375
Our model,2,220.84689331054688
Our model,2,159.229736328125
Our model,2,137.22500610351562
Our model,2,198.89166259765625
Our model,2,152.93545532226562
Our model,2,230.0144500732422
Our model,2,222.4464874267578
Our model,2,165.78407287597656
Our model,2,215.4546356201172
Our model,2,141.47482299804688
Our model,2,148.49078369140625
Our model,2,178.90113830566406
Our model,2,168.1382293701172
Our model,2,181.24191284179688
Our model,2,170.6383056640625
Our model,2,193.01060485839844
Our model,2,162.86485290527344
Our model,2,146.77117919921875
Our model,2,154.4588623046875
Our model,2,159.6014862060547
Our model,2,146.54562377929688
Our model,2,132.23553466796875
Our model,2,113.79820251464844
Our model,2,165.55194091796875
Our model,2,154.56605529785156
Our model,2,193.70413208007812
Our model,2,146.0430450439453
Our model,2,199.88345336914062
Our model,2,139.37168884277344
Our model,2,123.07557678222656
Our model,2,132.00401306152344
Our model,2,128.35353088378906
Our model,2,136.71014404296875
Our model,2,153.49916076660156
Our model,2,156.97091674804688
Our model,2,127.57093048095703
Our model,2,165.81900024414062
Our model,2,148.06307983398438
Our model,2,161.57159423828125
Our model,2,282.6862487792969
Our model,2,284.5073547363281
Our model,2,316.5920104980469
Our model,2,194.62417602539062
Our model,2,146.0056915283203
Our model,2,143.46925354003906
Our model,2,134.7812957763672
Our model,2,125.31510162353516
Our model,2,248.78114318847656
Our model,2,257.8122253417969
Our model,2,121.62472534179688
Our model,2,120.45632934570312
Our model,2,117.87969970703125
Our model,2,138.52438354492188
Our model,2,166.56710815429688
Our model,2,177.65582275390625
Our model,2,154.37525939941406
Our model,2,165.82125854492188
Our model,2,128.9029083251953
Our model,2,137.74290466308594
Our model,2,129.9168243408203
Our model,2,183.26083374023438
Our model,2,184.17897033691406
Our model,2,143.12283325195312
Our model,2,140.23733520507812
Our model,2,207.96852111816406
Our model,2,223.54281616210938
Our model,2,186.14840698242188
Our model,2,156.8165740966797
Our model,2,152.84861755371094
Our model,2,161.5304412841797
Our model,2,175.35069274902344
Our model,2,193.588623046875
Our model,2,123.24884033203125
Our model,2,120.95855712890625
Our model,2,166.85597229003906
Our model,2,150.39572143554688
Our model,2,139.08538818359375
Our model,2,142.88963317871094
Our model,2,153.11050415039062
Our model,2,181.0308837890625
Our model,2,145.87835693359375
Our model,2,190.67459106445312
Our model,2,208.79898071289062
Our model,2,139.90126037597656
Our model,2,125.53275299072266
Our model,2,251.9847412109375
Our model,2,160.93307495117188
Our model,2,163.8241424560547
Our model,2,175.76705932617188
Our model,2,257.9505920410156
Our model,2,179.4809112548828
Our model,2,238.08187866210938
Our model,2,324.9632873535156
Our model,2,266.2039489746094
Our model,2,307.2988586425781
Our model,2,224.3753204345703
Our model,2,195.0940704345703
Our model,2,235.72618103027344
Our model,2,196.4346923828125
Our model,2,197.0543975830078
Our model,2,174.6573028564453
Our model,2,140.4357147216797
Our model,2,158.87135314941406
Our model,2,145.82833862304688
Our model,2,190.8355712890625
Our model,2,187.82371520996094
Our model,2,155.4787139892578
Our model,2,143.67904663085938
Our model,2,132.2161102294922
Our model,2,168.5797576904297
Our model,2,155.61599731445312
Our model,2,181.3807830810547
Our model,2,160.27896118164062
Our model,2,261.7598571777344
Our model,2,158.0240478515625
Our model,2,138.62574768066406
Our model,2,114.41618347167969
Our model,2,188.389892578125
Our model,2,182.3120574951172
Our model,2,221.72837829589844
Our model,2,178.94442749023438
Our model,2,179.726318359375
Our model,2,199.77072143554688
Our model,2,206.42860412597656
Our model,2,176.22756958007812
Our model,2,218.2958526611328
Our model,2,138.47946166992188
Our model,2,139.60626220703125
Our model,2,201.06312561035156
Our model,2,179.79010009765625
Our model,2,113.34786224365234
Our model,2,144.14134216308594
Our model,2,177.22869873046875
Our model,2,146.0889129638672
Our model,2,169.366943359375
Our model,2,162.5391845703125
Our model,2,163.8994140625
Our model,2,169.8850555419922
Our model,2,148.35040283203125
Our model,2,110.59951782226562
Our model,2,145.0506591796875
Our model,2,162.01095581054688
Our model,2,164.3518829345703
Our model,2,129.9073944091797
Our model,2,152.53460693359375
Our model,2,145.6417236328125
Our model,2,141.88490295410156
Our model,2,143.97653198242188
Our model,2,177.8673095703125
Our model,2,162.42843627929688
Our model,2,159.6420135498047
Our model,2,189.8079833984375
Our model,2,180.7109832763672
Our model,2,188.8994598388672
Our model,2,148.83763122558594
Our model,2,156.25238037109375
Our model,2,166.93748474121094
Our model,2,108.86563110351562
Our model,2,127.1439208984375
Our model,2,195.48391723632812
Our model,2,165.76669311523438
Our model,2,143.807861328125
Our model,2,151.1422576904297
Our model,2,152.39822387695312
Our model,2,194.68862915039062
Our model,2,179.03123474121094
Our model,2,123.25898742675781
Our model,2,154.65721130371094
Our model,2,136.7312774658203
Our model,2,178.06529235839844
Our model,2,185.90000915527344
Our model,2,135.6290283203125
Our model,2,156.65362548828125
Our model,2,178.0435791015625
Our model,2,177.82931518554688
Our model,2,195.06044006347656
Our model,2,169.41835021972656
Our model,2,210.90232849121094
Our model,2,163.51669311523438
Our model,2,168.10301208496094
Our model,2,122.6549072265625
Our model,2,150.63308715820312
Our model,2,199.76321411132812
Our model,2,161.5963134765625
Our model,2,146.77891540527344
Our model,2,147.5879669189453
Our model,2,176.9327392578125
Our model,2,181.439453125
Our model,2,178.2393035888672
Our model,2,193.80821228027344
Our model,2,147.84576416015625
Our model,2,158.0911102294922
Our model,2,135.92210388183594
Our model,2,129.1331329345703
Our model,2,172.1443328857422
Our model,2,164.8293914794922
Our model,2,153.87599182128906
Our model,2,211.52732849121094
Our model,2,134.2195587158203
Our model,2,137.3903350830078
Our model,2,179.75039672851562
Our model,2,179.1624755859375
Our model,2,154.83779907226562
Our model,2,193.00965881347656
Our model,2,132.05519104003906
Our model,2,151.84786987304688
Our model,2,155.6110382080078
Our model,2,196.68435668945312
Our model,2,147.0032958984375
Our model,2,120.7659683227539
Our model,2,194.42359924316406
Our model,2,182.64743041992188
Our model,2,184.86285400390625
Our model,2,156.20094299316406
Our model,2,166.16030883789062
Our model,2,159.26080322265625
Our model,2,145.71560668945312
Our model,2,150.6514892578125
Our model,2,150.0545654296875
Our model,2,177.74159240722656
Our model,2,131.06187438964844
Our model,2,143.1635284423828
Our model,2,143.9665069580078
Our model,2,119.13263702392578
Our model,2,139.13290405273438
Our model,2,134.72947692871094
Our model,2,194.69595336914062
Our model,2,165.63807678222656
Our model,2,191.11407470703125
Our model,2,173.5231170654297
Our model,2,166.3815460205078
Our model,2,184.8123779296875
Our model,2,134.4487762451172
Our model,2,130.81871032714844
Our model,2,139.7279510498047
Our model,2,141.80531311035156
Our model,2,135.48719787597656
Our model,2,138.44444274902344
Our model,2,150.9949951171875
Our model,2,163.70802307128906
Our model,2,235.74301147460938
Our model,2,168.2124786376953
Our model,2,170.70559692382812
Our model,2,172.62509155273438
Our model,2,116.0382080078125
Our model,2,141.5255584716797
Our model,2,212.26617431640625
Our model,2,159.68756103515625
Our model,2,203.80284118652344
Our model,2,143.39434814453125
Our model,2,173.74395751953125
Our model,2,168.98873901367188
Our model,2,144.34288024902344
Our model,2,144.70603942871094
Our model,2,143.0608367919922
Our model,2,163.31118774414062
Our model,2,213.60037231445312
Our model,2,161.87249755859375
Our model,2,158.25186157226562
Our model,2,187.3228302001953
Our model,2,152.06655883789062
Our model,2,164.78334045410156
Our model,2,141.0236358642578
Our model,2,160.01222229003906
Our model,2,193.6851348876953
Our model,2,172.19229125976562
Our model,2,177.5023956298828
Our model,2,155.6507568359375
Our model,2,188.6188201904297
Our model,2,140.65045166015625
Our model,2,144.67018127441406
Our model,2,173.4039764404297
Our model,2,210.3110809326172
Our model,2,173.66278076171875
Our model,2,149.25621032714844
Our model,2,214.2862091064453
Our model,2,181.5231170654297
Our model,2,160.0176544189453
Our model,2,136.39633178710938
Our model,2,161.27381896972656
Our model,2,162.4295654296875
Our model,2,161.702392578125
Our model,2,166.59524536132812
Our model,2,163.9678497314453
Our model,2,148.76422119140625
Our model,2,163.86293029785156
Our model,2,149.06546020507812
Our model,2,158.6705322265625
Our model,2,189.778564453125
Our model,2,156.4136505126953
Our model,2,141.55113220214844
Our model,2,162.9366912841797
Our model,2,170.18202209472656
Our model,2,131.26895141601562
Our model,2,124.88565826416016
Our model,2,155.1522674560547
Our model,2,140.1614990234375
Our model,2,161.14617919921875
Our model,2,211.54534912109375
Our model,2,169.3145751953125
Our model,2,187.09674072265625
Our model,2,177.5985565185547
Our model,2,153.99105834960938
Our model,2,179.72561645507812
Our model,2,178.8314208984375
Our model,2,141.8715057373047
Our model,2,201.55154418945312
Our model,2,143.90142822265625
Our model,2,164.81570434570312
Our model,2,259.9921569824219
Our model,2,212.55877685546875
Our model,2,132.08897399902344
Our model,2,151.8271484375
Our model,2,193.05055236816406
Our model,2,284.4910888671875
Our model,2,150.2640838623047
Our model,2,211.4116973876953
Our model,2,202.4494171142578
Our model,2,319.3583068847656
Our model,2,147.71310424804688
Our model,2,128.236083984375
Our model,2,285.7925720214844
Our model,2,310.0174865722656
Our model,2,309.6979675292969
Our model,2,169.1145477294922
Our model,2,121.62210845947266
Our model,2,140.8997344970703
Our model,2,158.5536651611328
Our model,2,164.78866577148438
Our model,2,139.9803924560547
Our model,2,155.32464599609375
Our model,2,141.69998168945312
Our model,2,165.98301696777344
Our model,2,145.53115844726562
Our model,2,99.60174560546875
Our model,2,133.5838165283203
Our model,2,130.02967834472656
Our model,2,141.8318634033203
Our model,2,160.32322692871094
Our model,2,128.361083984375
Our model,2,165.1896514892578
Our model,2,189.25245666503906
Our model,2,191.03057861328125
Our model,2,180.8143768310547
Our model,2,162.0076446533203
Our model,2,155.77493286132812
Our model,2,155.67410278320312
Our model,2,194.27276611328125
Our model,2,133.86866760253906
Our model,2,139.18869018554688
Our model,2,180.7983856201172
Our model,2,159.168212890625
Our model,2,163.87965393066406
Our model,2,200.83326721191406
Our model,2,161.02728271484375
Our model,2,172.2220458984375
Our model,2,161.58726501464844
Our model,2,129.678955078125
Our model,2,185.35398864746094
Our model,2,137.82949829101562
Our model,2,149.18643188476562
Our model,2,132.03411865234375
Our model,2,199.92222595214844
Our model,2,179.31793212890625
Our model,2,116.51363372802734
Our model,2,133.36917114257812
Our model,2,157.01315307617188
Our model,2,156.64137268066406
Our model,2,160.87258911132812
Our model,2,166.07891845703125
Our model,2,174.8533935546875
Our model,2,138.45419311523438
Our model,2,197.3753204345703
Our model,2,140.09007263183594
Our model,2,163.15899658203125
Our model,2,136.50404357910156
Our model,2,165.74366760253906
Our model,2,196.2256622314453
Our model,2,157.3056640625
Our model,2,173.6532745361328
Our model,2,217.2451629638672
Our model,2,158.72193908691406
Our model,2,170.923095703125
Our model,2,177.49591064453125
Our model,2,183.31600952148438
Our model,2,146.25209045410156
Our model,2,191.46435546875
Our model,2,178.8025665283203
Our model,2,156.85064697265625
Our model,2,152.90951538085938
Our model,2,131.2244415283203
Our model,2,137.73777770996094
Our model,2,157.91273498535156
Our model,2,142.22434997558594
Our model,2,213.4001007080078
Our model,2,234.2740020751953
Our model,2,168.84732055664062
Our model,2,268.59979248046875
Our model,2,172.20114135742188
Our model,2,142.16603088378906
Our model,2,143.28321838378906
Our model,2,185.91839599609375
Our model,2,298.726318359375
Our model,2,281.8800048828125
Our model,2,181.2104034423828
Our model,2,149.59056091308594
Our model,2,142.15945434570312
Our model,2,245.5576629638672
Our model,2,368.5853576660156
Our model,2,324.79217529296875
Our model,2,308.4749755859375
Our model,2,228.61517333984375
Our model,2,172.39443969726562
Our model,2,138.5914764404297
Our model,2,135.79566955566406
Our model,2,155.8258819580078
Our model,2,174.89926147460938
Our model,2,174.46546936035156
Our model,2,108.67488098144531
Our model,2,128.66619873046875
Our model,2,122.28507232666016
Our model,2,133.1383056640625
Our model,2,147.8951873779297
Our model,2,159.51988220214844
Our model,2,170.42544555664062
Our model,2,186.4403076171875
Our model,2,175.89382934570312
Our model,2,176.4148406982422
Our model,2,171.16555786132812
Our model,2,150.43601989746094
Our model,2,200.929931640625
Our model,2,162.97320556640625
Our model,2,158.40399169921875
Our model,2,225.3504180908203
Our model,2,203.0479278564453
Our model,2,190.48329162597656
Our model,2,204.0277557373047
Our model,2,158.26596069335938
Our model,2,168.28805541992188
Our model,2,186.24935913085938
Our model,2,193.5247344970703
Our model,2,168.31251525878906
Our model,2,171.82318115234375
Our model,2,219.5828094482422
Our model,2,134.87640380859375
Our model,2,122.73909759521484
Our model,2,167.7687225341797
Our model,2,138.49147033691406
Our model,2,132.90435791015625
Our model,2,175.56817626953125
Our model,2,163.14169311523438
Our model,2,176.52615356445312
Our model,2,193.91400146484375
Our model,2,135.38632202148438
Our model,2,151.3571014404297
Our model,2,167.9696502685547
Our model,2,148.98822021484375
Our model,2,143.59930419921875
Our model,2,139.5843505859375
Our model,2,146.10472106933594
Our model,2,126.96900939941406
Our model,2,127.63613891601562
Our model,2,184.46360778808594
Our model,2,173.62503051757812
Our model,2,163.6455841064453
Our model,2,133.3652801513672
Our model,2,178.47164916992188
Our model,2,157.97052001953125
Our model,2,174.71937561035156
Our model,2,213.85340881347656
Our model,2,160.98553466796875
Our model,2,143.87847900390625
Our model,2,133.82777404785156
Our model,2,207.1623077392578
Our model,2,159.65469360351562
Our model,2,128.22848510742188
Our model,2,226.13571166992188
Our model,2,177.97662353515625
Our model,2,182.56134033203125
Our model,2,145.51124572753906
Our model,2,175.54307556152344
Our model,2,167.28781127929688
Our model,2,171.77447509765625
Our model,2,143.74899291992188
Our model,2,158.0593719482422
Our model,2,212.5817413330078
Our model,2,137.10372924804688
Our model,2,135.09056091308594
Our model,2,160.33282470703125
Our model,2,146.1817169189453
Our model,2,141.063720703125
Our model,2,201.62461853027344
Our model,2,186.2562255859375
Our model,2,135.31422424316406
Our model,2,145.14108276367188
Our model,2,167.1337890625
Our model,2,164.20689392089844
Our model,2,129.33253479003906
Our model,2,175.5835723876953
Our model,2,161.94363403320312
Our model,2,158.18508911132812
Our model,2,134.75270080566406
Our model,2,120.56180572509766
Our model,2,118.63253784179688
Our model,2,134.99948120117188
Our model,2,132.55235290527344
Our model,2,270.2445068359375
Our model,2,163.8115997314453
Our model,2,179.27381896972656
Our model,2,148.82034301757812
Our model,2,167.25601196289062
Our model,2,135.51144409179688
Our model,2,198.96353149414062
Our model,2,280.24554443359375
Our model,2,139.1463165283203
Our model,2,132.18539428710938
Our model,2,120.67766571044922
Our model,2,151.09237670898438
Our model,2,136.98526000976562
Our model,2,168.8822021484375
Our model,2,163.22067260742188
Our model,2,190.97293090820312
Our model,2,153.7063751220703
Our model,2,96.0673828125
Our model,2,142.38961791992188
Our model,2,195.44606018066406
Our model,2,171.5880584716797
Our model,2,117.91726684570312
Our model,2,133.01914978027344
Our model,2,175.66009521484375
Our model,2,152.33563232421875
Our model,2,288.8118896484375
Our model,2,149.28982543945312
Our model,2,162.19467163085938
Our model,2,184.7047119140625
Our model,2,165.21365356445312
Our model,2,136.09291076660156
Our model,2,257.6849670410156
Our model,2,364.05889892578125
Our model,2,144.87355041503906
Our model,2,142.9564971923828
Our model,2,114.7163314819336
Our model,2,187.19700622558594
Our model,2,145.53900146484375
Our model,2,173.51438903808594
Our model,2,147.00433349609375
Our model,2,155.06236267089844
Our model,2,144.25909423828125
Our model,2,185.33497619628906
Our model,2,186.9723663330078
Our model,2,170.14227294921875
Our model,2,159.99151611328125
Our model,2,175.70730590820312
Our model,2,209.9567108154297
Our model,2,215.36961364746094
Our model,2,136.0366668701172
Our model,2,149.70053100585938
Our model,2,189.5487518310547
Our model,2,198.49549865722656
Our model,2,240.7992401123047
Our model,2,195.76220703125
Our model,2,170.53692626953125
Our model,2,124.52999877929688
Our model,2,203.57778930664062
Our model,2,155.92437744140625
Our model,2,144.70849609375
Our model,2,155.39132690429688
Our model,2,179.47764587402344
Our model,2,140.22445678710938
Our model,2,132.79437255859375
Our model,2,132.36985778808594
Our model,2,141.8477783203125
Our model,2,158.34637451171875
Our model,2,159.61557006835938
Our model,2,149.15414428710938
Our model,2,147.4785614013672
Our model,2,182.08531188964844
Our model,2,182.21165466308594
Our model,2,173.7132568359375
Our model,2,149.89715576171875
Our model,2,280.28741455078125
Our model,2,164.2052764892578
Our model,2,152.34649658203125
Our model,2,158.9738006591797
Our model,2,264.7833557128906
Our model,2,129.57095336914062
Our model,2,240.7722930908203
Our model,2,146.42730712890625
Our model,2,155.1062774658203
Our model,2,168.88983154296875
Our model,2,175.78724670410156
Our model,2,158.2865753173828
Our model,2,153.5819091796875
Our model,2,112.27911376953125
Our model,2,178.3263702392578
Our model,2,187.7895965576172
Our model,2,165.52685546875
Our model,2,146.26161193847656
Our model,2,163.67745971679688
Our model,2,179.52943420410156
Our model,2,146.10476684570312
Our model,2,221.03964233398438
Our model,2,239.53842163085938
Our model,2,106.06036376953125
Our model,2,171.15615844726562
Our model,2,158.7200164794922
Our model,2,139.8599090576172
Our model,2,134.43067932128906
Our model,2,124.0857925415039
Our model,2,136.20965576171875
Our model,2,130.32650756835938
Our model,2,152.34478759765625
Our model,2,169.50479125976562
Our model,2,157.07460021972656
Our model,2,151.92770385742188
Our model,2,171.16680908203125
Our model,2,169.21102905273438
Our model,2,153.60336303710938
Our model,2,185.42169189453125
Our model,2,133.9377899169922
Our model,2,182.98802185058594
Our model,2,159.21847534179688
Our model,2,141.1013946533203
Our model,2,155.2720947265625
Our model,2,144.1711883544922
Our model,2,167.40858459472656
Our model,2,157.14300537109375
Our model,2,149.88430786132812
Our model,2,287.340087890625
Our model,2,165.29505920410156
Our model,2,172.17266845703125
Our model,2,196.38690185546875
Our model,2,149.5625457763672
Our model,2,161.0806884765625
Our model,2,139.425537109375
Our model,2,171.87564086914062
Our model,2,305.8840026855469
Our model,2,154.73194885253906
Our model,2,197.97604370117188
Our model,2,366.3999328613281
Our model,2,197.7506561279297
Our model,2,143.6275177001953
Our model,2,163.67666625976562
Our model,2,202.4482421875
Our model,2,195.1008758544922
Our model,2,158.03919982910156
Our model,2,185.23927307128906
Our model,2,230.98373413085938
Our model,2,205.11131286621094
Our model,2,186.90118408203125
Our model,2,137.1957550048828
Our model,2,136.08465576171875
Our model,2,130.66561889648438
Our model,2,156.94349670410156
Our model,2,199.7371368408203
Our model,2,129.6012420654297
Our model,2,137.33673095703125
Our model,2,184.3494415283203
Our model,2,189.90635681152344
Our model,2,129.23020935058594
Our model,2,163.11041259765625
Our model,2,218.3813934326172
Our model,2,181.4472198486328
Our model,2,164.96133422851562
Our model,2,128.1266632080078
Our model,2,151.90328979492188
Our model,2,186.6455535888672
Our model,2,158.5979766845703
Our model,2,299.6184387207031
Our model,2,238.0152130126953
Our model,2,201.3645477294922
Our model,2,165.14306640625
Our model,2,148.70846557617188
Our model,2,146.90858459472656
Our model,2,142.50038146972656
Our model,2,257.67889404296875
Our model,2,169.01553344726562
Our model,2,142.60400390625
Our model,2,190.3065643310547
Our model,2,133.0504150390625
Our model,2,179.93045043945312
Our model,2,191.7366943359375
Our model,2,189.36788940429688
Our model,2,189.84188842773438
Our model,2,203.36679077148438
Our model,2,172.3036651611328
Our model,2,157.9522705078125
Our model,2,136.77647399902344
Our model,2,149.05369567871094
Our model,2,150.35057067871094
Our model,2,117.01366424560547
Our model,2,106.82701873779297
Our model,2,131.76153564453125
Our model,2,159.8070526123047
Our model,2,135.8309326171875
Our model,2,267.285888671875
Our model,2,172.38751220703125
Our model,2,161.60670471191406
Our model,2,219.8775177001953
Our model,2,161.53005981445312
Our model,2,174.91140747070312
Our model,2,171.93939208984375
Our model,2,134.81149291992188
Our model,2,238.68556213378906
Our model,2,123.57889556884766
Our model,2,233.1823272705078
Our model,2,251.72882080078125
Our model,2,217.11265563964844
Our model,2,144.35122680664062
Our model,2,157.36004638671875
Our model,2,175.65855407714844
Our model,2,146.35658264160156
Our model,2,158.74853515625
Our model,2,172.53817749023438
Our model,2,260.2823181152344
Our model,2,136.32716369628906
Our model,2,150.86642456054688
Our model,2,125.935546875
Our model,2,145.03024291992188
Our model,2,121.22041320800781
Our model,2,170.05178833007812
Our model,2,179.4333038330078
Our model,2,184.55174255371094
Our model,2,160.25045776367188
Our model,2,145.75994873046875
Our model,2,162.80287170410156
Our model,2,171.55923461914062
Our model,2,160.2421112060547
Our model,2,143.19915771484375
Our model,2,166.58834838867188
Our model,2,197.73158264160156
Our model,2,158.49899291992188
Our model,2,170.7760467529297
Our model,2,167.88108825683594
Our model,2,162.0921173095703
Our model,2,152.22360229492188
Our model,2,209.1868438720703
Our model,2,150.26382446289062
Our model,2,181.32493591308594
Our model,2,156.62643432617188
Our model,2,195.51412963867188
Our model,2,138.808837890625
Our model,2,120.5588150024414
Our model,2,155.1639862060547
Our model,2,203.03465270996094
Our model,2,150.79676818847656
Our model,2,174.91107177734375
Our model,2,153.7809600830078
Our model,2,139.5998992919922
Our model,2,175.18008422851562
Our model,2,138.59774780273438
Our model,2,138.08445739746094
Our model,2,121.01448059082031
Our model,2,203.2001953125
Our model,2,211.60287475585938
Our model,2,134.27671813964844
Our model,2,162.6366729736328
Our model,2,156.58424377441406
Our model,2,150.1236114501953
Our model,2,184.17718505859375
Our model,2,170.682373046875
Our model,2,143.67684936523438
Our model,2,154.6903076171875
Our model,2,163.35498046875
Our model,2,158.81439208984375
Our model,2,159.41934204101562
Our model,2,127.58233642578125
Our model,2,144.47877502441406
Our model,2,144.38189697265625
Our model,2,134.00372314453125
Our model,2,139.03553771972656
Our model,2,172.4364013671875
Our model,2,183.4538116455078
Our model,2,152.9169464111328
Our model,2,164.71929931640625
Our model,2,177.3938751220703
Our model,2,192.98446655273438
Our model,2,171.614013671875
Our model,2,111.61372375488281
Our model,2,169.3031005859375
Our model,2,150.32589721679688
Our model,2,188.23971557617188
Our model,2,147.56149291992188
Our model,2,157.94020080566406
Our model,2,183.53414916992188
Our model,2,193.8275604248047
Our model,2,206.66343688964844
Our model,2,411.2416076660156
Our model,2,141.35000610351562
Our model,2,236.79949951171875
Our model,2,203.64419555664062
Our model,2,390.40087890625
Our model,2,200.58555603027344
Our model,2,277.4794006347656
Our model,2,397.8358459472656
Our model,2,170.01727294921875
Our model,2,183.80381774902344
Our model,2,159.29188537597656
Our model,2,159.28895568847656
Our model,2,159.842041015625
Our model,2,169.27365112304688
Our model,2,147.67596435546875
Our model,2,164.0975341796875
Our model,2,165.35214233398438
Our model,2,154.59573364257812
Our model,2,130.02333068847656
Our model,2,119.64362335205078
Our model,2,105.35164642333984
Our model,2,148.64944458007812
Our model,2,134.4666290283203
Our model,2,153.1237335205078
Our model,2,143.08546447753906
Our model,2,200.53350830078125
Our model,2,165.884521484375
Our model,2,174.59979248046875
Our model,2,136.9770050048828
Our model,2,168.49691772460938
Our model,2,166.63519287109375
Our model,2,151.0054473876953
Our model,2,159.4290771484375
Our model,2,198.9808807373047
Our model,2,218.51353454589844
Our model,2,181.69017028808594
Our model,2,181.17550659179688
Our model,2,229.3929443359375
Our model,2,171.8584747314453
Our model,2,242.13333129882812
Our model,2,126.65079498291016
Our model,2,124.41707611083984
Our model,2,157.26966857910156
Our model,2,235.8769989013672
Our model,2,156.9467010498047
Our model,2,126.21916961669922
Our model,2,165.38119506835938
Our model,2,246.17164611816406
Our model,2,255.62051391601562
Our model,2,152.6038360595703
Our model,2,174.74473571777344
Our model,2,126.70631408691406
Our model,2,146.2154541015625
Our model,2,185.22813415527344
Our model,2,208.3172149658203
Our model,2,164.2000732421875
Our model,2,119.58708190917969
Our model,2,210.20382690429688
Our model,2,193.3362274169922
Our model,2,195.2104949951172
Our model,2,195.25555419921875
Our model,2,211.7694854736328
Our model,2,179.72169494628906
Our model,2,152.23289489746094
Our model,2,155.4846954345703
Our model,2,179.12599182128906
Our model,2,173.89674377441406
Our model,2,152.36984252929688
Our model,2,138.61557006835938
Our model,2,149.6065673828125
Our model,2,158.951416015625
Our model,2,190.41006469726562
Our model,2,137.6843719482422
Our model,2,121.13237762451172
Our model,2,159.0171356201172
Our model,2,148.63131713867188
Our model,2,178.65386962890625
Our model,2,146.60476684570312
Our model,2,146.10549926757812
Our model,2,152.50543212890625
Our model,2,107.58268737792969
Our model,2,155.3685302734375
Our model,2,154.56956481933594
Our model,2,136.57870483398438
Our model,2,185.462646484375
Our model,2,145.47299194335938
Our model,2,181.4537811279297
Our model,2,141.89129638671875
Our model,2,161.08030700683594
Our model,2,147.2812957763672
Our model,2,150.71774291992188
Our model,2,208.1864471435547
Our model,2,151.06320190429688
Our model,2,143.12118530273438
Our model,2,159.381103515625
Our model,2,160.15859985351562
Our model,2,154.93324279785156
Our model,2,234.93711853027344
Our model,2,152.88571166992188
Our model,2,160.48406982421875
Our model,2,149.85690307617188
Our model,2,179.0149383544922
Our model,2,191.59823608398438
Our model,2,218.6804962158203
Our model,2,220.5230255126953
Our model,2,150.57554626464844
Our model,2,147.80348205566406
Our model,2,172.52757263183594
Our model,2,230.41082763671875
Our model,2,262.6431884765625
Our model,2,172.46348571777344
Our model,2,145.945068359375
Our model,2,134.8517303466797
Our model,2,162.5482635498047
Our model,2,132.1884002685547
Our model,2,136.53257751464844
Our model,2,147.44129943847656
Our model,2,140.77291870117188
Our model,2,184.9225311279297
Our model,2,137.39395141601562
Our model,2,146.91444396972656
Our model,2,160.02601623535156
Our model,2,140.97279357910156
Our model,2,161.6512451171875
Our model,2,148.01861572265625
Our model,2,205.14141845703125
Our model,2,309.22509765625
Our model,2,199.3676300048828
Our model,2,192.6114501953125
Our model,2,153.51312255859375
Our model,2,168.03099060058594
Our model,2,281.3799743652344
Our model,2,269.20904541015625
Our model,2,156.9961700439453
Our model,2,127.79925537109375
Our model,2,129.23825073242188
Our model,2,164.22256469726562
Our model,2,165.15695190429688
Our model,2,141.61976623535156
Our model,2,274.6543884277344
Our model,2,182.39376831054688
Our model,2,173.18605041503906
Our model,2,156.32801818847656
Our model,2,157.5260772705078
Our model,2,145.61886596679688
Our model,2,169.8125
Our model,2,128.84140014648438
Our model,2,257.1514892578125
Our model,2,128.8424530029297
Our model,2,156.55316162109375
Our model,2,294.5256652832031
Our model,2,156.22991943359375
Our model,2,148.16156005859375
Our model,2,178.22264099121094
Our model,2,137.4296112060547
Our model,2,179.9838409423828
Our model,2,150.6826934814453
Our model,2,169.56727600097656
Our model,2,139.94815063476562
Our model,2,157.49490356445312
Our model,2,110.22502899169922
Our model,2,97.05204772949219
Our model,2,130.63929748535156
Our model,2,137.7342529296875
Our model,2,154.7823028564453
Our model,2,154.94940185546875
Our model,2,148.9379425048828
Our model,2,173.4234619140625
Our model,2,160.43540954589844
Our model,2,167.94534301757812
Our model,2,171.1680145263672
Our model,2,167.50674438476562
Our model,2,170.69650268554688
Our model,2,152.17608642578125
Our model,2,159.6184539794922
Our model,2,165.8087921142578
Our model,2,137.09115600585938
Our model,2,189.7447052001953
Our model,2,198.4846954345703
Our model,2,169.652587890625
Our model,2,144.9192352294922
Our model,2,137.53892517089844
Our model,2,142.82301330566406
Our model,2,120.7568359375
Our model,2,141.50167846679688
Our model,2,176.95362854003906
Our model,2,134.62010192871094
Our model,2,170.28770446777344
Our model,2,165.93600463867188
Our model,2,175.3223876953125
Our model,2,166.501953125
Our model,2,163.0144805908203
Our model,2,173.39620971679688
Our model,2,177.03480529785156
Our model,2,259.7718505859375
Our model,2,134.22854614257812
Our model,2,189.43798828125
Our model,2,149.3583526611328
Our model,2,200.5321044921875
Our model,2,208.39865112304688
Our model,2,251.34182739257812
Our model,2,154.0035400390625
Our model,2,128.60699462890625
Our model,2,124.34524536132812
Our model,2,257.4471740722656
Our model,2,261.96551513671875
Our model,2,240.58193969726562
Our model,2,183.70892333984375
Our model,2,152.2981719970703
Our model,2,176.66598510742188
Our model,2,140.3349609375
Our model,2,145.543212890625
Our model,2,161.12384033203125
Our model,2,155.187744140625
Our model,2,152.9384002685547
Our model,2,207.07867431640625
Our model,2,226.4368133544922
Our model,2,188.13087463378906
Our model,2,164.57418823242188
Our model,2,170.7592315673828
Our model,2,192.39581298828125
Our model,2,139.37362670898438
Our model,2,125.28927612304688
Our model,2,146.6966094970703
Our model,2,181.4168243408203
Our model,2,154.5916748046875
Our model,2,179.42544555664062
Our model,2,122.64252471923828
Our model,2,148.8850555419922
Our model,2,156.40643310546875
Our model,2,186.94195556640625
Our model,2,164.86383056640625
Our model,2,183.45399475097656
Our model,2,164.60675048828125
Our model,2,136.52691650390625
Our model,2,130.530517578125
Our model,2,163.36666870117188
Our model,2,152.80941772460938
Our model,2,149.84071350097656
Our model,2,160.03359985351562
Our model,2,175.21170043945312
Our model,2,146.71067810058594
Our model,2,166.4344940185547
Our model,2,179.80958557128906
Our model,2,207.093505859375
Our model,2,151.6727294921875
Our model,2,133.74951171875
Our model,2,138.4369659423828
Our model,2,189.24671936035156
Our model,2,144.67543029785156
Our model,2,125.97248840332031
Our model,2,97.7417984008789
Our model,2,154.90670776367188
Our model,2,118.28775787353516
Our model,2,150.74000549316406
Our model,2,148.6693878173828
Our model,2,202.71900939941406
Our model,2,187.52857971191406
Our model,2,174.0883331298828
Our model,2,163.3157958984375
Our model,2,145.1309356689453
Our model,2,235.2830047607422
Our model,2,181.11473083496094
Our model,2,138.5977783203125
Our model,2,168.24957275390625
Our model,2,202.07456970214844
Our model,2,173.31752014160156
Our model,2,294.14862060546875
Our model,2,159.21092224121094
Our model,2,146.3651580810547
Our model,2,197.08143615722656
Our model,2,211.1015625
Our model,2,183.61891174316406
Our model,2,160.3268585205078
Our model,2,140.86526489257812
Our model,2,152.20074462890625
Our model,2,165.3859405517578
Our model,2,153.8743438720703
Our model,2,159.98028564453125
Our model,2,131.1568603515625
Our model,2,127.7342529296875
Our model,2,176.6724853515625
Our model,2,154.29115295410156
Our model,2,173.82814025878906
Our model,2,152.4115753173828
Our model,2,190.5390625
Our model,2,174.25259399414062
Our model,2,157.25245666503906
Our model,2,158.1475372314453
Our model,2,308.5138244628906
Our model,2,158.2462921142578
Our model,2,169.69931030273438
Our model,2,154.0699005126953
Our model,2,246.5234375
Our model,2,167.48599243164062
Our model,2,283.6044921875
Our model,2,201.4451446533203
Our model,2,138.5057830810547
Our model,2,169.13922119140625
Our model,2,200.3990020751953
Our model,2,224.17098999023438
Our model,2,175.3862762451172
Our model,2,217.3724365234375
Our model,2,213.32960510253906
Our model,2,149.48387145996094
Our model,2,137.4612579345703
Our model,2,131.76283264160156
Our model,2,146.57705688476562
Our model,2,141.28794860839844
Our model,2,181.64788818359375
Our model,2,159.9820556640625
Our model,2,149.59136962890625
Our model,2,179.07644653320312
Our model,2,165.49700927734375
Our model,2,176.6081085205078
Our model,2,150.8706512451172
Our model,2,149.9710235595703
Our model,2,176.29791259765625
Our model,2,144.874267578125
Our model,2,124.27172088623047
Our model,2,162.75338745117188
Our model,2,124.57696533203125
Our model,2,158.95252990722656
Our model,2,205.4608612060547
Our model,2,190.95523071289062
Our model,2,131.994140625
Our model,2,156.2642822265625
Our model,2,139.6366424560547
Our model,2,182.6331329345703
Our model,2,157.5559844970703
Our model,2,132.37689208984375
Our model,2,184.96429443359375
Our model,2,128.51193237304688
Our model,2,139.8552703857422
Our model,2,181.56802368164062
Our model,2,147.98692321777344
Our model,2,135.01300048828125
Our model,2,148.4183349609375
Our model,2,167.22178649902344
Our model,2,151.23727416992188
Our model,2,390.7650451660156
Our model,2,120.96537017822266
Our model,2,186.58799743652344
Our model,2,136.04904174804688
Our model,2,395.8056335449219
Our model,2,138.442626953125
Our model,2,143.270751953125
Our model,2,398.36749267578125
Our model,2,172.2196044921875
Our model,2,132.3830108642578
Our model,2,156.6474151611328
Our model,2,161.8085479736328
Our model,2,171.82260131835938
Our model,2,134.97189331054688
Our model,2,148.82545471191406
Our model,2,154.67184448242188
Our model,2,171.45448303222656
Our model,2,162.3495635986328
Our model,2,113.73758697509766
Our model,2,137.13108825683594
Our model,2,141.11764526367188
Our model,2,138.01243591308594
Our model,2,129.3325653076172
Our model,2,174.23048400878906
Our model,2,143.67591857910156
Our model,2,182.171142578125
Our model,2,176.5601348876953
Our model,2,181.31735229492188
Our model,2,240.4559326171875
Our model,2,176.66897583007812
Our model,2,238.90306091308594
Our model,2,181.17625427246094
Our model,2,261.5425109863281
Our model,2,142.61123657226562
Our model,2,220.6455841064453
Our model,2,251.30735778808594
Our model,2,275.08587646484375
Our model,2,175.8831024169922
Our model,2,154.9647674560547
Our model,2,196.4292755126953
Our model,2,205.79026794433594
Our model,2,186.79576110839844
Our model,2,214.4961395263672
Our model,2,140.8871307373047
Our model,2,153.4104766845703
Our model,2,159.7476806640625
Our model,2,126.26112365722656
Our model,2,149.08705139160156
Our model,2,142.88758850097656
Our model,2,150.24732971191406
Our model,2,181.64117431640625
Our model,2,158.79261779785156
Our model,2,146.1323699951172
Our model,2,775.458740234375
Our model,2,226.60171508789062
Our model,2,172.8227996826172
Our model,2,153.84934997558594
Our model,2,134.7335662841797
Our model,2,134.91212463378906
Our model,2,206.17494201660156
Our model,2,141.62744140625
Our model,2,768.72607421875
Our model,2,130.5002899169922
Our model,2,142.54595947265625
Our model,2,795.7083740234375
Our model,2,178.7027587890625
Our model,2,146.30252075195312
Our model,2,273.1612243652344
Our model,2,146.44241333007812
Our model,2,160.551513671875
Our model,2,225.51681518554688
Our model,2,157.9381561279297
Our model,2,144.72689819335938
Our model,2,175.03805541992188
Our model,2,234.50450134277344
Our model,2,220.207763671875
Our model,2,156.45030212402344
Our model,2,113.84918212890625
Our model,2,131.56993103027344
Our model,2,169.38587951660156
Our model,2,171.58578491210938
Our model,2,171.54295349121094
Our model,2,162.00128173828125
Our model,2,151.37396240234375
Our model,2,138.21363830566406
Our model,2,149.82179260253906
Our model,2,132.12109375
Our model,2,147.60789489746094
Our model,2,181.91285705566406
Our model,2,172.18240356445312
Our model,2,135.95108032226562
Our model,2,123.83502960205078
Our model,2,130.45712280273438
Our model,2,164.36923217773438
Our model,2,183.3440704345703
Our model,2,150.25926208496094
Our model,2,138.19430541992188
Our model,2,162.01412963867188
Our model,2,140.90220642089844
Our model,2,137.59457397460938
Our model,2,145.779541015625
Our model,2,142.84857177734375
Our model,2,163.5038299560547
Our model,2,191.0560760498047
Our model,2,169.1044921875
Our model,2,173.60182189941406
Our model,2,165.41677856445312
Our model,2,167.36244201660156
Our model,2,153.00396728515625
Our model,2,128.61465454101562
Our model,2,159.24691772460938
Our model,2,185.865478515625
Our model,2,162.17849731445312
Our model,2,134.97445678710938
Our model,2,154.9688720703125
Our model,2,137.73255920410156
Our model,2,105.27397918701172
Our model,2,165.8656463623047
Our model,2,140.14053344726562
Our model,2,137.0497589111328
Our model,2,162.39710998535156
Our model,2,157.65699768066406
Our model,2,168.26303100585938
Our model,2,135.550537109375
Our model,2,143.68467712402344
Our model,2,777.2285766601562
Our model,2,175.28973388671875
Our model,2,132.59304809570312
Our model,2,142.266845703125
Our model,2,745.6732788085938
Our model,2,166.64349365234375
Our model,2,768.7299194335938
Our model,2,144.37652587890625
Our model,2,114.98165130615234
Our model,2,164.2237091064453
Our model,2,148.7633514404297
Our model,2,148.56185913085938
Our model,2,120.16748046875
Our model,2,172.90682983398438
Our model,2,127.752197265625
Our model,2,164.45730590820312
Our model,2,169.65150451660156
Our model,2,153.96429443359375
Our model,2,173.58792114257812
Our model,2,175.2851104736328
Our model,2,216.08572387695312
Our model,2,148.94863891601562
Our model,2,131.82598876953125
Our model,2,179.6662139892578
Our model,2,223.3533477783203
Our model,2,214.51910400390625
Our model,2,164.50869750976562
Our model,2,141.6473388671875
Our model,2,143.1731719970703
Our model,2,163.94529724121094
Our model,2,175.66763305664062
Our model,2,186.70286560058594
Our model,2,190.20289611816406
Our model,2,163.99143981933594
Our model,2,127.82981872558594
Our model,2,121.00559997558594
Our model,2,131.44158935546875
Our model,2,180.67904663085938
Our model,2,156.82395935058594
Our model,2,152.92193603515625
Our model,2,217.1447296142578
Our model,2,164.3897247314453
Our model,2,157.83226013183594
Our model,2,260.0757141113281
Our model,2,222.07388305664062
Our model,2,236.82264709472656
Our model,2,192.4551544189453
Our model,2,214.40023803710938
Our model,2,134.0540008544922
Our model,2,133.1888427734375
Our model,2,150.17420959472656
Our model,2,200.9605712890625
Our model,2,128.36363220214844
Our model,2,175.42994689941406
Our model,2,148.79965209960938
Our model,2,141.61395263671875
Our model,2,159.20803833007812
Our model,2,208.41404724121094
Our model,2,223.0205078125
Our model,2,186.42330932617188
Our model,2,139.87977600097656
Our model,2,166.80355834960938
Our model,2,232.28819274902344
Our model,2,213.1492462158203
Our model,2,138.67611694335938
Our model,2,144.810791015625
Our model,2,143.53810119628906
Our model,2,205.1505584716797
Our model,2,272.4795837402344
Our model,2,165.99075317382812
Our model,2,191.2729949951172
Our model,2,167.77040100097656
Our model,2,246.82444763183594
Our model,2,167.4884796142578
Our model,2,208.39906311035156
Our model,2,228.96339416503906
Our model,2,207.83457946777344
Our model,2,143.11326599121094
Our model,2,139.57052612304688
Our model,2,153.57278442382812
Our model,2,154.92691040039062
Our model,2,192.45533752441406
Our model,2,154.72312927246094
Our model,2,168.4047088623047
Our model,2,147.91717529296875
Our model,2,162.47268676757812
Our model,2,171.39820861816406
Our model,2,158.75303649902344
Our model,2,201.8551483154297
Our model,2,202.87823486328125
Our model,2,142.04295349121094
Our model,2,124.87239074707031
Our model,2,169.08575439453125
Our model,2,209.4435272216797
Our model,2,146.4687957763672
Our model,2,145.8654327392578
Our model,2,149.10678100585938
Our model,2,159.54823303222656
Our model,2,146.5318145751953
Our model,2,172.39349365234375
Our model,2,110.1662368774414
Our model,2,128.14321899414062
Our model,2,141.30828857421875
Our model,2,145.0977020263672
Our model,2,186.51332092285156
Our model,2,153.49143981933594
Our model,2,177.11058044433594
Our model,2,177.02406311035156
Our model,2,141.44570922851562
Our model,2,172.1455078125
Our model,2,157.46949768066406
Our model,2,147.32186889648438
Our model,2,177.62200927734375
Our model,2,182.936279296875
Our model,2,173.3153839111328
Our model,2,172.8035430908203
Our model,2,150.31082153320312
Our model,2,177.94680786132812
Our model,2,138.78189086914062
Our model,2,125.0875015258789
Our model,2,136.54055786132812
Our model,2,141.8265838623047
Our model,2,112.68927764892578
Our model,2,180.06231689453125
Our model,2,220.92994689941406
Our model,2,198.55343627929688
Our model,2,196.60415649414062
Our model,2,168.2468719482422
Our model,2,210.81813049316406
Our model,2,127.77212524414062
Our model,2,135.39837646484375
Our model,2,157.38372802734375
Our model,2,163.8844757080078
Our model,2,104.962890625
Our model,2,142.27499389648438
Our model,2,170.79061889648438
Our model,2,156.7431182861328
Our model,2,170.23684692382812
Our model,2,168.8636474609375
Our model,2,179.69235229492188
Our model,2,187.03866577148438
Our model,2,132.8857879638672
Our model,2,119.5361099243164
Our model,2,132.8755645751953
Our model,2,131.44168090820312
Our model,2,108.1302261352539
Our model,2,126.4388198852539
Our model,2,170.20938110351562
Our model,2,132.4651336669922
Our model,2,166.63453674316406
Our model,2,161.02650451660156
Our model,2,141.12416076660156
Our model,2,233.40159606933594
Our model,2,180.46078491210938
Our model,2,165.48866271972656
Our model,2,121.53447723388672
Our model,2,131.91090393066406
Our model,2,188.65565490722656
Our model,2,146.0868682861328
Our model,2,115.50662231445312
Our model,2,129.9091033935547
Our model,2,144.46397399902344
Our model,2,129.40838623046875
Our model,2,197.82818603515625
Our model,2,153.9326934814453
Our model,2,163.76394653320312
Our model,2,185.0964813232422
Our model,2,179.92471313476562
Our model,2,138.24606323242188
Our model,2,186.40284729003906
Our model,2,187.2176055908203
Our model,2,161.72927856445312
Our model,2,144.5802001953125
Our model,2,144.5710906982422
Our model,2,108.9574203491211
Our model,2,145.1008758544922
Our model,2,129.69688415527344
Our model,2,155.5906219482422
Our model,2,133.22157287597656
Our model,2,154.67352294921875
Our model,2,150.36387634277344
Our model,2,140.4427947998047
Our model,2,150.8975372314453
Our model,2,143.02313232421875
Our model,2,185.84226989746094
Our model,2,145.2004852294922
Our model,2,130.80027770996094
Our model,2,133.5903778076172
Our model,2,159.2584686279297
Our model,2,153.8026580810547
Our model,2,171.84620666503906
Our model,2,171.62802124023438
Our model,2,135.06678771972656
Our model,2,232.9381103515625
Our model,2,175.4101104736328
Our model,2,179.03372192382812
Our model,2,160.64759826660156
Our model,2,155.01058959960938
Our model,2,167.03260803222656
Our model,2,135.44297790527344
Our model,2,154.28794860839844
Our model,2,191.75103759765625
Our model,2,121.13056182861328
Our model,2,148.60336303710938
Our model,2,237.39471435546875
Our model,2,142.30615234375
Our model,2,146.7687530517578
Our model,2,301.7635192871094
Our model,2,150.21817016601562
Our model,2,182.0030517578125
Our model,2,147.5295867919922
Our model,2,142.80252075195312
Our model,2,187.9495849609375
Our model,2,170.82717895507812
Our model,2,140.08001708984375
Our model,2,260.76593017578125
Our model,2,154.4542999267578
Our model,2,165.64439392089844
Our model,2,300.141845703125
Our model,2,155.76846313476562
Our model,2,187.1800537109375
Our model,2,155.1787109375
Our model,2,160.26991271972656
Our model,2,154.1996307373047
Our model,2,201.61639404296875
Our model,2,189.73727416992188
Our model,2,154.05810546875
Our model,2,150.156494140625
Our model,2,188.76840209960938
Our model,2,184.8148956298828
Our model,2,197.14834594726562
Our model,2,208.47573852539062
Our model,2,166.6830291748047
Our model,2,162.57823181152344
Our model,2,150.57911682128906
Our model,2,180.55609130859375
Our model,2,189.50112915039062
Our model,2,195.4032440185547
Our model,2,165.98143005371094
Our model,2,120.7901611328125
Our model,2,139.72689819335938
Our model,2,146.50311279296875
Our model,2,153.86691284179688
Our model,2,131.6710968017578
Our model,2,138.9886474609375
Our model,2,151.7201690673828
Our model,2,152.1348114013672
Our model,2,132.07618713378906
Our model,2,134.64613342285156
Our model,2,152.18316650390625
Our model,2,159.77984619140625
Our model,2,141.39028930664062
Our model,2,196.38894653320312
Our model,2,126.09458923339844
Our model,2,206.07943725585938
Our model,2,155.26283264160156
Our model,2,206.10089111328125
Our model,2,114.67723846435547
Our model,2,158.66201782226562
Our model,2,133.27452087402344
Our model,2,193.33335876464844
Our model,2,161.40234375
Our model,2,187.87274169921875
Our model,2,131.4816131591797
Our model,2,149.8685302734375
Our model,2,147.83828735351562
Our model,2,205.02978515625
Our model,2,129.99502563476562
Our model,2,204.9228057861328
Our model,2,134.18292236328125
Our model,2,164.296630859375
Our model,2,255.35362243652344
Our model,2,153.1692657470703
Our model,2,146.49740600585938
Our model,2,168.41867065429688
Our model,2,154.2582244873047
Our model,2,184.308349609375
Our model,2,178.52418518066406
Our model,2,154.76791381835938
Our model,2,149.49383544921875
Our model,2,139.5644989013672
Our model,2,162.3086395263672
Our model,2,197.57542419433594
Our model,2,138.73150634765625
Our model,2,159.42694091796875
Our model,2,208.65463256835938
Our model,2,166.2739715576172
Our model,2,145.42730712890625
Our model,2,161.6619110107422
Our model,2,197.00425720214844
Our model,2,195.48326110839844
Our model,2,172.30853271484375
Our model,2,105.42776489257812
Our model,2,158.9606170654297
Our model,2,134.3847198486328
Our model,2,134.0278778076172
Our model,2,136.67637634277344
Our model,2,149.3516082763672
Our model,2,126.88941192626953
Our model,2,142.86044311523438
Our model,2,150.5328369140625
Our model,2,140.902587890625
Our model,2,164.20913696289062
Our model,2,176.3216094970703
Our model,2,302.2674560546875
Our model,2,139.2251739501953
Our model,2,170.42942810058594
Our model,2,133.3310546875
Our model,2,312.9909362792969
Our model,2,150.1338653564453
Our model,2,139.35191345214844
Our model,2,187.032470703125
Our model,2,277.2537536621094
Our model,2,213.9779510498047
Our model,2,149.67897033691406
Our model,2,152.23843383789062
Our model,2,116.85845184326172
Our model,2,117.59089660644531
Our model,2,122.91744232177734
Our model,2,139.2861328125
Our model,2,116.62279510498047
Our model,2,121.7582778930664
Our model,2,175.1315460205078
Our model,2,112.25222778320312
Our model,2,143.52215576171875
Our model,2,157.27394104003906
Our model,2,147.1518096923828
Our model,2,160.2437286376953
Our model,2,172.96896362304688
Our model,2,204.32334899902344
Our model,2,134.13519287109375
Our model,2,140.8474884033203
Our model,2,265.2926330566406
Our model,2,191.3798370361328
Our model,2,128.73997497558594
Our model,2,130.63206481933594
Our model,2,247.13043212890625
Our model,2,174.64971923828125
Our model,2,253.1419219970703
Our model,2,220.58953857421875
Our model,2,146.662353515625
Our model,2,156.676025390625
Our model,2,154.7942352294922
Our model,2,179.5229949951172
Our model,2,149.25169372558594
Our model,2,199.5176239013672
Our model,2,238.35140991210938
Our model,2,164.48098754882812
Our model,2,125.0389633178711
Our model,2,148.4750213623047
Our model,2,102.76113891601562
Our model,2,140.82217407226562
Our model,2,165.87049865722656
Our model,2,159.19735717773438
Our model,2,197.44224548339844
Our model,2,193.08082580566406
Our model,2,144.46969604492188
Our model,2,141.11917114257812
Our model,2,137.0646514892578
Our model,2,165.84422302246094
Our model,2,165.96299743652344
Our model,2,143.25450134277344
Our model,2,141.10362243652344
Our model,2,161.17852783203125
Our model,2,139.40780639648438
Our model,2,116.92294311523438
Our model,2,217.4659423828125
Our model,2,154.6865997314453
Our model,2,170.83824157714844
Our model,2,174.42779541015625
Our model,2,162.50399780273438
Our model,2,181.1857147216797
Our model,2,169.3818817138672
Our model,2,149.4058837890625
Our model,2,143.3426055908203
Our model,2,128.0252227783203
Our model,2,116.0072250366211
Our model,2,132.04209899902344
Our model,2,125.21263122558594
Our model,2,144.5354461669922
Our model,2,145.91551208496094
Our model,2,143.3412628173828
Our model,2,159.89382934570312
Our model,2,146.86363220214844
Our model,2,163.881103515625
Our model,2,183.129150390625
Our model,2,300.16717529296875
Our model,2,140.2587432861328
Our model,2,177.4053497314453
Our model,2,178.3737335205078
Our model,2,311.9461364746094
Our model,2,165.22503662109375
Our model,2,165.0951385498047
Our model,2,337.8015441894531
Our model,2,178.1268310546875
Our model,2,151.02517700195312
Our model,2,131.802978515625
Our model,2,164.62887573242188
Our model,2,177.64004516601562
Our model,2,184.46865844726562
Our model,2,184.87759399414062
Our model,2,146.6788787841797
Our model,2,145.5731964111328
Our model,2,155.1068572998047
Our model,2,189.97052001953125
Our model,2,132.96763610839844
Our model,2,122.32638549804688
Our model,2,180.67967224121094
Our model,2,162.5111541748047
Our model,2,158.48292541503906
Our model,2,156.40357971191406
Our model,2,170.98602294921875
Our model,2,195.5830078125
Our model,2,153.8743438720703
Our model,2,160.8708038330078
Our model,2,183.87596130371094
Our model,2,161.3439178466797
Our model,2,185.94601440429688
Our model,2,120.14508819580078
Our model,2,167.433349609375
Our model,2,156.4556121826172
Our model,2,157.36276245117188
Our model,2,169.08128356933594
Our model,2,251.01968383789062
Our model,2,236.4303741455078
Our model,2,277.0556945800781
Our model,2,153.986083984375
Our model,2,181.78408813476562
Our model,2,139.46461486816406
Our model,2,150.14306640625
Our model,2,141.84815979003906
Our model,2,146.20033264160156
Our model,2,129.34967041015625
Our model,2,123.80003356933594
Our model,2,128.27264404296875
Our model,2,150.30848693847656
Our model,2,139.37863159179688
Our model,2,156.5934295654297
Our model,2,148.61331176757812
Our model,2,205.0402069091797
Our model,2,171.5592803955078
Our model,2,182.3521728515625
Our model,2,164.72328186035156
Our model,2,131.2410430908203
Our model,2,169.90797424316406
Our model,2,156.9360809326172
Our model,2,130.42398071289062
Our model,2,149.49786376953125
Our model,2,177.7151336669922
Our model,2,177.8922576904297
Our model,2,173.1939697265625
Our model,2,151.15484619140625
Our model,2,153.04281616210938
Our model,2,150.20188903808594
Our model,2,157.1768341064453
Our model,2,222.81553649902344
Our model,2,168.83465576171875
Our model,2,144.8521270751953
Our model,2,152.64093017578125
Our model,2,225.84210205078125
Our model,2,193.03524780273438
Our model,2,200.8892364501953
Our model,2,168.23318481445312
Our model,2,144.5965576171875
Our model,2,239.7110595703125
Our model,2,184.10397338867188
Our model,2,160.51809692382812
Our model,2,172.6275634765625
Our model,2,168.2230224609375
Our model,2,156.21060180664062
Our model,2,157.02951049804688
Our model,2,197.2290496826172
Our model,2,221.47752380371094
Our model,2,163.45840454101562
Our model,2,144.9099578857422
Our model,2,120.22085571289062
Our model,2,146.6680145263672
Our model,2,181.1007080078125
Our model,2,173.27536010742188
Our model,2,165.23580932617188
Our model,2,183.2069854736328
Our model,2,149.07815551757812
Our model,2,192.60244750976562
Our model,2,180.2218017578125
Our model,2,157.10816955566406
Our model,2,204.7589874267578
Our model,2,204.4515838623047
Our model,2,170.9665985107422
Our model,2,150.3017120361328
Our model,2,163.4159393310547
Our model,2,196.08694458007812
Our model,2,161.164794921875
Our model,2,179.30352783203125
Our model,2,164.99981689453125
Our model,2,205.50515747070312
Our model,2,134.63839721679688
Our model,2,154.22991943359375
Our model,2,125.19547271728516
Our model,2,148.5862274169922
Our model,2,136.05274963378906
Our model,2,127.56828308105469
Our model,2,129.91725158691406
Our model,2,131.0876922607422
Our model,2,151.53005981445312
Our model,2,189.1295623779297
Our model,2,143.73724365234375
Our model,2,215.6765899658203
Our model,2,184.75355529785156
Our model,2,171.89340209960938
Our model,2,214.58255004882812
Our model,2,199.52134704589844
Our model,2,240.07557678222656
Our model,2,192.51617431640625
Our model,2,130.97354125976562
Our model,2,160.9678955078125
Our model,2,133.7738494873047
Our model,2,229.89111328125
Our model,2,139.47056579589844
Our model,2,276.8869323730469
Our model,2,170.04881286621094
Our model,2,166.11521911621094
Our model,2,199.36788940429688
Our model,2,211.65232849121094
Our model,2,241.14303588867188
Our model,2,236.7274627685547
Our model,2,305.1637878417969
Our model,2,148.478271484375
Our model,2,154.1493377685547
Our model,2,131.24510192871094
Our model,2,156.8681640625
Our model,2,135.3693084716797
Our model,2,155.35150146484375
Our model,2,157.11984252929688
Our model,2,219.658203125
Our model,2,158.89111328125
Our model,2,163.28604125976562
Our model,2,137.1182861328125
Our model,2,144.45236206054688
Our model,2,125.16280364990234
Our model,2,159.96641540527344
Our model,2,125.24332427978516
Our model,2,127.46864318847656
Our model,2,172.3367919921875
Our model,2,215.65663146972656
Our model,2,170.52569580078125
Our model,2,199.92977905273438
Our model,2,198.62451171875
Our model,2,175.21034240722656
Our model,2,145.0113067626953
Our model,2,151.60574340820312
Our model,2,167.8936309814453
Our model,2,180.35105895996094
Our model,2,161.87428283691406
Our model,2,127.01883697509766
Our model,2,140.26318359375
Our model,2,141.30047607421875
Our model,2,154.32359313964844
Our model,2,157.88475036621094
Our model,2,172.49534606933594
Our model,2,268.1627197265625
Our model,2,172.29873657226562
Our model,2,170.6864471435547
Our model,2,150.05767822265625
Our model,2,169.2090606689453
Our model,2,193.38577270507812
Our model,2,139.21743774414062
Our model,2,138.2998046875
Our model,2,204.58262634277344
Our model,2,197.40301513671875
Our model,2,133.66079711914062
Our model,2,176.33900451660156
Our model,2,137.84994506835938
Our model,2,168.67750549316406
Our model,2,227.1724853515625
Our model,2,162.93768310546875
Our model,2,178.5849151611328
Our model,2,181.21372985839844
Our model,2,128.08657836914062
Our model,2,143.09652709960938
Our model,2,158.53994750976562
Our model,2,190.13218688964844
Our model,2,122.2401351928711
Our model,2,120.59313201904297
Our model,2,164.38063049316406
Our model,2,178.5660400390625
Our model,2,153.47744750976562
Our model,2,150.1984405517578
Our model,2,161.60255432128906
Our model,2,185.5502166748047
Our model,2,166.5194854736328
Our model,2,138.11476135253906
Our model,2,123.91139221191406
Our model,2,155.17115783691406
Our model,2,201.6534881591797
Our model,2,180.8322296142578
Our model,2,138.4836883544922
Our model,2,137.4720001220703
Our model,2,140.5626678466797
Our model,2,149.02084350585938
Our model,2,751.6071166992188
Our model,2,127.32029724121094
Our model,2,131.2029571533203
Our model,2,162.43772888183594
Our model,2,208.45166015625
Our model,2,155.04034423828125
Our model,2,752.4151000976562
Our model,2,777.7763061523438
Our model,2,155.42796325683594
Our model,2,128.87142944335938
Our model,2,119.78886413574219
Our model,2,166.75
Our model,2,131.7011260986328
Our model,2,190.25140380859375
Our model,2,150.23585510253906
Our model,2,174.07904052734375
Our model,2,181.85708618164062
Our model,2,164.3940887451172
Our model,2,163.728271484375
Our model,2,148.0244140625
Our model,2,162.2744903564453
Our model,2,218.47207641601562
Our model,2,135.868408203125
Our model,2,170.34153747558594
Our model,2,117.84419250488281
Our model,2,143.0193634033203
Our model,2,148.36331176757812
Our model,2,162.84266662597656
Our model,2,159.05026245117188
Our model,2,125.20001983642578
Our model,2,218.6228485107422
Our model,2,195.45928955078125
Our model,2,137.7003631591797
Our model,2,150.0118865966797
Our model,2,117.7933120727539
Our model,2,113.19418334960938
Our model,2,217.15127563476562
Our model,2,199.49310302734375
Our model,2,168.27476501464844
Our model,2,149.75123596191406
Our model,2,154.88079833984375
Our model,2,182.97042846679688
Our model,2,157.11093139648438
Our model,2,127.68795013427734
Our model,2,167.42897033691406
Our model,2,202.70384216308594
Our model,2,181.0574951171875
Our model,2,159.02365112304688
Our model,2,162.59461975097656
Our model,2,157.50205993652344
Our model,2,207.37322998046875
Our model,2,165.5991668701172
Our model,2,129.30874633789062
Our model,2,136.22299194335938
Our model,2,162.12013244628906
Our model,2,148.55691528320312
Our model,2,170.1561737060547
Our model,2,188.92604064941406
Our model,2,148.8521270751953
Our model,2,175.26705932617188
Our model,2,172.0791473388672
Our model,2,150.3463134765625
Our model,2,146.9315643310547
Our model,2,142.80328369140625
Our model,2,163.04539489746094
Our model,2,145.25042724609375
Our model,2,143.0750274658203
Our model,2,105.02893829345703
Our model,2,128.27557373046875
Our model,2,135.09837341308594
Our model,2,150.16256713867188
Our model,2,115.95105743408203
Our model,2,158.06582641601562
Our model,2,197.05810546875
Our model,2,184.7552947998047
Our model,2,187.7744903564453
Our model,2,150.47451782226562
Our model,2,201.57969665527344
Our model,2,178.71409606933594
Our model,2,235.51547241210938
Our model,2,137.68638610839844
Our model,2,180.81393432617188
Our model,2,150.73114013671875
Our model,2,233.98788452148438
Our model,2,222.74441528320312
Our model,2,143.93504333496094
Our model,2,157.6564483642578
Our model,2,190.72377014160156
Our model,2,119.95336151123047
Our model,2,145.34852600097656
Our model,2,165.10206604003906
Our model,2,197.57467651367188
Our model,2,145.7359619140625
Our model,2,145.8263702392578
Our model,2,144.57754516601562
Our model,2,100.79188537597656
Our model,2,105.91219329833984
Our model,2,172.70098876953125
Our model,2,232.466796875
Our model,2,152.38671875
Our model,2,155.24734497070312
Our model,2,155.51734924316406
Our model,2,156.0059814453125
Our model,2,149.57582092285156
Our model,2,206.16368103027344
Our model,2,236.70945739746094
Our model,2,125.35035705566406
Our model,2,124.36994171142578
Our model,2,128.20315551757812
Our model,2,173.05145263671875
Our model,2,123.22219848632812
Our model,2,161.32601928710938
Our model,2,259.8214111328125
Our model,2,224.3707275390625
Our model,2,142.46107482910156
Our model,2,156.22012329101562
Our model,2,141.6084442138672
Our model,2,126.5945053100586
Our model,2,184.47947692871094
Our model,2,149.6798553466797
Our model,2,162.82217407226562
Our model,2,144.9338836669922
Our model,2,207.45181274414062
Our model,2,187.8817596435547
Our model,2,138.26608276367188
Our model,2,178.52706909179688
Our model,2,139.23153686523438
Our model,2,145.32957458496094
Our model,2,167.4334259033203
Our model,2,379.8714294433594
Our model,2,157.76731872558594
Our model,2,135.0251922607422
Our model,2,165.939453125
Our model,2,128.8367156982422
Our model,2,416.39324951171875
Our model,2,403.0311584472656
Our model,2,172.0764617919922
Our model,2,179.25572204589844
Our model,2,136.03758239746094
Our model,2,151.4159393310547
Our model,2,164.36715698242188
Our model,2,163.3612823486328
Our model,2,155.3604736328125
Our model,2,147.015869140625
Our model,2,159.5459747314453
Our model,2,171.45101928710938
Our model,2,172.8671112060547
Our model,2,154.51405334472656
Our model,2,161.2178497314453
Our model,2,131.6697998046875
Our model,2,151.09934997558594
Our model,2,180.22479248046875
Our model,2,193.79563903808594
Our model,2,203.54385375976562
Our model,2,147.05577087402344
Our model,2,115.62848663330078
Our model,2,167.62672424316406
Our model,2,165.52508544921875
Our model,2,189.7230224609375
Our model,2,215.65977478027344
Our model,2,160.49388122558594
Our model,2,208.36328125
Our model,2,143.50045776367188
Our model,2,160.91612243652344
Our model,2,146.4036102294922
Our model,2,177.6637420654297
Our model,2,174.64083862304688
Our model,2,160.0170135498047
Our model,2,201.078125
Our model,2,163.37191772460938
Our model,2,189.4202117919922
Our model,2,182.862060546875
Our model,2,164.52011108398438
Our model,2,197.36251831054688
Our model,2,160.1789093017578
Our model,2,333.0872802734375
Our model,2,138.58738708496094
Our model,2,128.7565460205078
Our model,2,235.45155334472656
Our model,2,278.81378173828125
Our model,2,138.79624938964844
Our model,2,284.2129821777344
Our model,2,195.32948303222656
Our model,2,235.0450897216797
Our model,2,184.91152954101562
Our model,2,209.5328369140625
Our model,2,228.5257110595703
Our model,2,189.71910095214844
Our model,2,177.61680603027344
Our model,2,149.05357360839844
Our model,2,163.47572326660156
Our model,2,169.9261932373047
Our model,2,197.8616485595703
Our model,2,150.50135803222656
Our model,2,144.6623992919922
Our model,2,201.9750213623047
Our model,2,281.64501953125
Our model,2,169.36331176757812
Our model,2,156.8303985595703
Our model,2,142.7357940673828
Our model,2,151.4551544189453
Our model,2,134.055908203125
Our model,2,268.53985595703125
Our model,2,312.06341552734375
Our model,2,174.042724609375
Our model,2,155.54867553710938
Our model,2,160.68316650390625
Our model,2,145.57997131347656
Our model,2,181.56959533691406
Our model,2,167.28778076171875
Our model,2,136.56468200683594
Our model,2,157.5067138671875
Our model,2,208.470947265625
Our model,2,160.0140380859375
Our model,2,166.79794311523438
Our model,2,187.69464111328125
Our model,2,126.87352752685547
Our model,2,142.53390502929688
Our model,2,133.07864379882812
Our model,2,197.13783264160156
Our model,2,159.6368408203125
Our model,2,134.6294708251953
Our model,2,198.72325134277344
Our model,2,208.18617248535156
Our model,2,178.92153930664062
Our model,2,173.46559143066406
Our model,2,165.5864715576172
Our model,2,160.8067626953125
Our model,2,286.123046875
Our model,2,204.40309143066406
Our model,2,147.0334930419922
Our model,2,197.0104217529297
Our model,2,282.278076171875
Our model,2,192.6163330078125
Our model,2,136.40159606933594
Our model,2,154.1268310546875
Our model,2,270.1764221191406
Our model,2,172.98292541503906
Our model,2,147.62754821777344
Our model,2,147.2529296875
Our model,2,172.13623046875
Our model,2,165.70458984375
Our model,2,192.97607421875
Our model,2,197.66635131835938
Our model,2,161.6555938720703
Our model,2,269.4459228515625
Our model,2,185.43064880371094
Our model,2,196.24916076660156
Our model,2,130.12974548339844
Our model,2,275.6150207519531
Our model,2,163.4393768310547
Our model,2,320.6314697265625
Our model,2,148.1226043701172
Our model,2,128.30380249023438
Our model,2,213.4724578857422
Our model,2,180.92660522460938
Our model,2,181.1556396484375
Our model,2,129.38885498046875
Our model,2,150.65589904785156
Our model,2,179.56578063964844
Our model,2,239.50184631347656
Our model,2,122.86283111572266
Our model,2,161.93148803710938
Our model,2,142.4034423828125
Our model,2,206.50892639160156
Our model,2,166.37840270996094
Our model,2,178.39576721191406
Our model,2,166.2237548828125
Our model,2,156.11053466796875
Our model,2,169.4526824951172
Our model,2,146.81222534179688
Our model,2,129.87513732910156
Our model,2,125.19625091552734
Our model,2,176.73916625976562
Our model,2,156.52078247070312
Our model,2,108.7881088256836
Our model,2,142.53489685058594
Our model,2,178.85801696777344
Our model,2,149.29278564453125
Our model,2,178.1463623046875
Our model,2,172.79246520996094
Our model,2,300.102294921875
Our model,2,175.48208618164062
Our model,2,158.32901000976562
Our model,2,190.0266571044922
Our model,2,282.3600769042969
Our model,2,140.3153839111328
Our model,2,123.38961029052734
Our model,2,145.74465942382812
Our model,2,276.076904296875
Our model,2,162.94313049316406
Our model,2,170.394287109375
Our model,2,147.6833953857422
Our model,2,161.06646728515625
Our model,2,189.7804718017578
Our model,2,191.9989471435547
Our model,2,211.83419799804688
Our model,2,153.3848876953125
Our model,2,145.8363800048828
Our model,2,141.4619903564453
Our model,2,162.5530548095703
Our model,2,119.33075714111328
Our model,2,123.81748962402344
Our model,2,173.57965087890625
Our model,2,154.61215209960938
Our model,2,162.24514770507812
Our model,2,152.2003631591797
Our model,2,264.8477478027344
Our model,2,237.31240844726562
Our model,2,161.55992126464844
Our model,2,149.8317413330078
Our model,2,142.28794860839844
Our model,2,145.84754943847656
Our model,2,236.9838104248047
Our model,2,224.07464599609375
Our model,2,222.91578674316406
Our model,2,148.99330139160156
Our model,2,147.39938354492188
Our model,2,288.226318359375
Our model,2,277.1385192871094
Our model,2,222.26243591308594
Our model,2,255.14598083496094
Our model,2,132.75311279296875
Our model,2,163.44473266601562
Our model,2,131.6304931640625
Our model,2,151.6811065673828
Our model,2,147.94459533691406
Our model,2,165.96580505371094
Our model,2,149.01954650878906
Our model,2,130.31988525390625
Our model,2,144.2799072265625
Our model,2,136.23709106445312
Our model,2,158.65562438964844
Our model,2,178.10183715820312
Our model,2,164.8275604248047
Our model,2,164.49925231933594
Our model,2,180.300537109375
Our model,2,162.3621826171875
Our model,2,123.67516326904297
Our model,2,184.59683227539062
Our model,2,170.42640686035156
Our model,2,157.86729431152344
Our model,2,178.9927520751953
Our model,2,162.79591369628906
Our model,2,159.20700073242188
Our model,2,158.7686004638672
Our model,2,152.41455078125
Our model,2,169.01156616210938
Our model,2,201.7343292236328
Our model,2,185.30441284179688
Our model,2,134.87222290039062
Our model,2,119.8497543334961
Our model,2,149.9443359375
Our model,2,111.82806396484375
Our model,2,150.2506103515625
Our model,2,126.4762191772461
Our model,2,154.5657958984375
Our model,2,227.83689880371094
Our model,2,139.1946563720703
Our model,2,133.31076049804688
Our model,2,178.0062713623047
Our model,2,139.3890838623047
Our model,2,133.69639587402344
Our model,2,191.8388214111328
Our model,2,179.27487182617188
Our model,2,148.9658966064453
Our model,2,140.84591674804688
Our model,2,153.83641052246094
Our model,2,146.56991577148438
Our model,2,161.951171875
Our model,2,128.8372039794922
Our model,2,143.5645751953125
Our model,2,150.81407165527344
Our model,2,155.1528778076172
Our model,2,190.7820587158203
Our model,2,173.3217010498047
Our model,2,188.79725646972656
Our model,2,156.9454803466797
Our model,2,134.8488311767578
Our model,2,147.05384826660156
Our model,2,152.84432983398438
Our model,2,139.13304138183594
Our model,2,152.158447265625
Our model,2,115.8900375366211
Our model,2,143.3081512451172
Our model,2,191.13174438476562
Our model,2,157.67364501953125
Our model,2,134.93035888671875
Our model,2,241.42575073242188
Our model,2,208.4756317138672
Our model,2,181.12295532226562
Our model,2,180.1752166748047
Our model,2,150.38909912109375
Our model,2,186.01560974121094
Our model,2,199.28416442871094
Our model,2,165.31512451171875
Our model,2,246.92274475097656
Our model,2,139.09188842773438
Our model,2,167.87326049804688
Our model,2,248.90802001953125
Our model,2,175.6941680908203
Our model,2,172.8176727294922
Our model,2,191.67909240722656
Our model,2,255.64735412597656
Our model,2,276.52874755859375
Our model,2,244.28009033203125
Our model,2,126.8167724609375
Our model,2,122.79927825927734
Our model,2,154.8101806640625
Our model,2,147.76165771484375
Our model,2,132.9559326171875
Our model,2,160.11875915527344
Our model,2,143.24070739746094
Our model,2,182.06884765625
Our model,2,183.80810546875
Our model,2,168.2866973876953
Our model,2,175.2364044189453
Our model,2,155.23146057128906
Our model,2,134.38909912109375
Our model,2,124.72120666503906
Our model,2,171.14598083496094
Our model,2,163.54258728027344
Our model,2,146.803466796875
Our model,2,137.4435272216797
Our model,2,151.64590454101562
Our model,2,178.57244873046875
Our model,2,137.5769500732422
Our model,2,177.83944702148438
Our model,2,126.5902328491211
Our model,2,150.59071350097656
Our model,2,176.10865783691406
Our model,2,150.77285766601562
Our model,2,159.6708221435547
Our model,2,132.34417724609375
Our model,2,115.05829620361328
Our model,2,285.3194580078125
Our model,2,157.42803955078125
Our model,2,133.0911102294922
Our model,2,143.0380096435547
Our model,2,227.418212890625
Our model,2,150.87844848632812
Our model,2,291.74005126953125
Our model,2,249.58407592773438
Our model,2,184.1988067626953
Our model,2,168.78189086914062
Our model,2,159.9236602783203
Our model,2,206.50372314453125
Our model,2,129.31399536132812
Our model,2,216.65267944335938
Our model,2,140.37078857421875
Our model,2,181.15272521972656
Our model,2,151.38246154785156
Our model,2,179.83543395996094
Our model,2,208.93568420410156
Our model,2,191.74029541015625
Our model,2,219.41409301757812
Our model,2,210.2354278564453
Our model,2,142.2815704345703
Our model,2,145.38479614257812
Our model,2,172.39459228515625
Our model,2,169.54931640625
Our model,2,138.4364776611328
Our model,2,162.59664916992188
Our model,2,152.71798706054688
Our model,2,163.43630981445312
Our model,2,148.75030517578125
Our model,2,149.7871856689453
Our model,2,122.30645751953125
Our model,2,139.0854949951172
Our model,2,173.013916015625
Our model,2,173.3502197265625
Our model,2,158.87802124023438
Our model,2,193.2445068359375
Our model,2,162.67840576171875
Our model,2,142.4007110595703
Our model,2,206.55923461914062
Our model,2,159.551025390625
Our model,2,147.29388427734375
Our model,2,124.32614135742188
Our model,2,187.59066772460938
Our model,2,118.63356018066406
Our model,2,150.4986572265625
Our model,2,177.5297393798828
Our model,2,191.69622802734375
Our model,2,213.90586853027344
Our model,2,180.05113220214844
Our model,2,146.3533477783203
Our model,2,188.30953979492188
Our model,2,156.85690307617188
Our model,2,163.00692749023438
Our model,2,167.33139038085938
Our model,2,182.1737823486328
Our model,2,212.30682373046875
Our model,2,122.87051391601562
Our model,2,236.6720733642578
Our model,2,242.2142333984375
Our model,2,172.51942443847656
Our model,2,183.24386596679688
Our model,2,222.4508056640625
Our model,2,154.7592010498047
Our model,2,158.81103515625
Our model,2,156.5281219482422
Our model,2,172.5124053955078
Our model,2,233.50706481933594
Our model,2,233.14085388183594
Our model,2,141.27627563476562
Our model,2,129.38082885742188
Our model,2,152.3652801513672
Our model,2,160.65963745117188
Our model,2,155.3104705810547
Our model,2,125.78059387207031
Our model,2,163.96148681640625
Our model,2,162.1150665283203
Our model,2,220.50482177734375
Our model,2,137.39413452148438
Our model,2,192.85462951660156
Our model,2,133.18275451660156
Our model,2,200.68313598632812
Our model,2,149.75634765625
Our model,2,226.20016479492188
Our model,2,247.44351196289062
Our model,2,163.65147399902344
Our model,2,149.04940795898438
Our model,2,162.2247314453125
Our model,2,204.0009307861328
Our model,2,203.63336181640625
Our model,2,170.82655334472656
Our model,2,166.03636169433594
Our model,2,160.39898681640625
Our model,2,183.55661010742188
Our model,2,164.96078491210938
Our model,2,127.66470336914062
Our model,2,176.87965393066406
Our model,2,181.32054138183594
Our model,2,165.94972229003906
Our model,2,180.33538818359375
Our model,2,211.0322265625
Our model,2,168.43563842773438
Our model,2,146.78797912597656
Our model,2,125.69010162353516
Our model,2,127.22290802001953
Our model,2,148.9851531982422
Our model,2,203.31121826171875
Our model,2,183.30697631835938
Our model,2,127.9650650024414
Our model,2,140.04043579101562
Our model,2,157.71238708496094
Our model,2,146.62374877929688
Our model,2,168.39366149902344
Our model,2,174.12545776367188
Our model,2,161.6826934814453
Our model,2,205.9265594482422
Our model,2,195.7150115966797
Our model,2,185.4764404296875
Our model,2,155.80516052246094
Our model,2,169.4570770263672
Our model,2,133.0549774169922
Our model,2,144.43035888671875
Our model,2,139.88372802734375
Our model,2,159.9044647216797
Our model,2,137.0110626220703
Our model,2,167.4158935546875
Our model,2,142.98155212402344
Our model,2,173.24856567382812
Our model,2,165.9540252685547
Our model,2,151.14053344726562
Our model,2,196.0817108154297
Our model,2,167.01866149902344
Our model,2,140.57139587402344
Our model,2,129.83004760742188
Our model,2,146.9927520751953
Our model,2,168.20404052734375
Our model,2,136.90182495117188
Our model,2,175.7945098876953
Our model,2,173.01084899902344
Our model,2,164.67967224121094
Our model,2,180.0291748046875
Our model,2,178.08993530273438
Our model,2,152.50668334960938
Our model,2,152.13768005371094
Our model,2,213.58935546875
Our model,2,176.3409881591797
Our model,2,134.7271270751953
Our model,2,125.94084930419922
Our model,2,208.3736114501953
Our model,2,162.47535705566406
Our model,2,210.12481689453125
Our model,2,156.1761932373047
Our model,2,137.85711669921875
Our model,2,158.48374938964844
Our model,2,147.1090087890625
Our model,2,214.0218505859375
Our model,2,182.13931274414062
Our model,2,139.0734405517578
Our model,2,156.10342407226562
Our model,2,179.72723388671875
Our model,2,154.26780700683594
Our model,2,119.80880737304688
Our model,2,153.017333984375
Our model,2,164.74539184570312
Our model,2,188.84991455078125
Our model,2,188.80117797851562
Our model,2,181.6204071044922
Our model,2,186.79270935058594
Our model,2,155.97386169433594
Our model,2,151.24105834960938
Our model,2,163.15951538085938
Our model,2,178.20428466796875
Our model,2,159.59910583496094
Our model,2,136.64259338378906
Our model,2,180.5662841796875
Our model,2,164.86297607421875
Our model,2,174.294677734375
Our model,2,188.9303741455078
Our model,2,156.90444946289062
Our model,2,164.9374542236328
Our model,2,169.68739318847656
Our model,2,205.95896911621094
Our model,2,178.4943389892578
Our model,2,164.26995849609375
Our model,2,220.6402130126953
Our model,2,195.86146545410156
Our model,2,253.79312133789062
Our model,2,145.25106811523438
Our model,2,206.29916381835938
Our model,2,157.16885375976562
Our model,2,186.5556182861328
Our model,2,160.4589080810547
Our model,2,135.76206970214844
Our model,2,141.81826782226562
Our model,2,151.8401336669922
Our model,2,238.01101684570312
Our model,2,205.88267517089844
Our model,2,198.27333068847656
Our model,2,206.80555725097656
Our model,2,134.00135803222656
Our model,2,212.64779663085938
Our model,2,155.6067352294922
Our model,2,157.2032470703125
Our model,2,178.15980529785156
Our model,2,172.61679077148438
Our model,2,167.10304260253906
Our model,2,147.39283752441406
Our model,2,137.88153076171875
Our model,2,149.13720703125
Our model,2,158.1224365234375
Our model,2,170.69796752929688
Our model,2,150.37152099609375
Our model,2,299.58740234375
Our model,2,129.21585083007812
Our model,2,128.5033416748047
Our model,2,290.7679748535156
Our model,2,131.7725830078125
Our model,2,287.7871398925781
Our model,2,171.91064453125
Our model,2,127.36519622802734
Our model,2,198.70494079589844
Our model,2,173.74476623535156
Our model,2,187.38014221191406
Our model,2,204.08155822753906
Our model,2,150.29823303222656
Our model,2,203.38851928710938
Our model,2,180.26089477539062
Our model,2,193.2104034423828
Our model,2,151.7392578125
Our model,2,160.36203002929688
Our model,2,143.15274047851562
Our model,2,239.10540771484375
Our model,2,177.517333984375
Our model,2,130.46282958984375
Our model,2,133.67916870117188
Our model,2,142.83352661132812
Our model,2,172.80332946777344
Our model,2,169.52772521972656
Our model,2,184.53765869140625
Our model,2,238.62820434570312
Our model,2,147.429443359375
Our model,2,156.6997833251953
Our model,2,124.5058364868164
Our model,2,148.18740844726562
Our model,2,162.39169311523438
Our model,2,167.85482788085938
Our model,2,164.74929809570312
Our model,2,179.98269653320312
Our model,2,171.2054443359375
Our model,2,191.34103393554688
Our model,2,190.15399169921875
Our model,2,177.02850341796875
Our model,2,138.33868408203125
Our model,2,154.83395385742188
Our model,2,150.4568328857422
Our model,2,163.5509033203125
Our model,2,145.4897918701172
Our model,2,154.84201049804688
Our model,2,155.7047576904297
Our model,2,150.00717163085938
Our model,2,165.2841033935547
Our model,2,149.12274169921875
Our model,2,153.12774658203125
Our model,2,192.084228515625
Our model,2,170.86843872070312
Our model,2,178.82228088378906
Our model,2,162.8443145751953
Our model,2,172.77850341796875
Our model,2,154.98388671875
Our model,2,134.6122283935547
Our model,2,177.2145538330078
Our model,2,179.2552490234375
Our model,2,146.25599670410156
Our model,2,130.9906768798828
Our model,2,135.14706420898438
Our model,2,128.78160095214844
Our model,2,203.41647338867188
Our model,2,145.3397979736328
Our model,2,173.87359619140625
Our model,2,155.23532104492188
Our model,2,167.84820556640625
Our model,2,241.0536651611328
Our model,2,177.3582000732422
Our model,2,140.22657775878906
Our model,2,163.25387573242188
Our model,2,156.46041870117188
Our model,2,229.21466064453125
Our model,2,246.24903869628906
Our model,2,157.96005249023438
Our model,2,204.34532165527344
Our model,2,157.2769317626953
Our model,2,165.90884399414062
Our model,2,161.50851440429688
Our model,2,179.198974609375
Our model,2,200.78530883789062
Our model,2,139.45738220214844
Our model,2,167.70550537109375
Our model,2,148.685546875
Our model,2,122.89524841308594
Our model,2,183.2593994140625
Our model,2,159.71282958984375
Our model,2,300.73089599609375
Our model,2,188.99069213867188
Our model,2,172.56666564941406
Our model,2,149.5653839111328
Our model,2,155.1939697265625
Our model,2,171.3583984375
Our model,2,206.03175354003906
Our model,2,157.15489196777344
Our model,2,244.82366943359375
Our model,2,147.17433166503906
Our model,2,151.2726287841797
Our model,2,290.6455078125
Our model,2,175.1051788330078
Our model,2,149.64166259765625
Our model,2,250.65394592285156
Our model,2,182.91241455078125
Our model,2,168.95545959472656
Our model,2,201.8147735595703
Our model,2,141.0189971923828
Our model,2,244.18287658691406
Our model,2,173.19485473632812
Our model,2,132.55612182617188
Our model,2,190.55859375
Our model,2,191.90206909179688
Our model,2,198.28225708007812
Our model,2,219.8505859375
Our model,2,142.1166534423828
Our model,2,142.18087768554688
Our model,2,283.6334533691406
Our model,2,159.0281524658203
Our model,2,165.60269165039062
Our model,2,148.19711303710938
Our model,2,142.29046630859375
Our model,2,152.3467254638672
Our model,2,153.9628143310547
Our model,2,165.3485565185547
Our model,2,255.04525756835938
Our model,2,152.78709411621094
Our model,2,181.13328552246094
Our model,2,311.2530212402344
Our model,2,141.61416625976562
Our model,2,132.00770568847656
Our model,2,178.89996337890625
Our model,2,205.0628204345703
Our model,2,197.5045166015625
Our model,2,176.43142700195312
Our model,2,131.7309112548828
Our model,2,156.77017211914062
Our model,2,160.8789825439453
Our model,2,139.61891174316406
Our model,2,127.65320587158203
Our model,2,133.265625
Our model,2,144.648681640625
Our model,2,152.12435913085938
Our model,2,126.49403381347656
Our model,2,130.28077697753906
Our model,2,160.91368103027344
Our model,2,189.6745147705078
Our model,2,187.9288787841797
Our model,2,143.44296264648438
Our model,2,137.74581909179688
Our model,2,164.1913604736328
Our model,2,199.38079833984375
Our model,2,151.65350341796875
Our model,2,135.2052764892578
Our model,2,165.4413604736328
Our model,2,154.95782470703125
Our model,2,196.41650390625
Our model,2,195.270751953125
Our model,2,165.17396545410156
Our model,2,197.38845825195312
Our model,2,120.39109802246094
Our model,2,199.88479614257812
Our model,2,140.8252716064453
Our model,2,116.10208892822266
Our model,2,137.8406219482422
Our model,2,179.65687561035156
Our model,2,144.80039978027344
Our model,2,136.54969787597656
Our model,2,153.56060791015625
Our model,2,159.73690795898438
Our model,2,153.19525146484375
Our model,2,180.63882446289062
Our model,2,136.25460815429688
Our model,2,157.78099060058594
Our model,2,187.92593383789062
Our model,2,171.3622589111328
Our model,2,149.7707977294922
Our model,2,164.677978515625
Our model,2,159.16221618652344
Our model,2,138.90382385253906
Our model,2,130.1825714111328
Our model,2,123.77632904052734
Our model,2,133.12518310546875
Our model,2,122.55951690673828
Our model,2,189.9305419921875
Our model,2,788.5113525390625
Our model,2,737.9306640625
Our model,2,773.357666015625
Our model,2,199.51296997070312
Our model,2,241.5755615234375
Our model,2,201.03782653808594
Our model,2,171.9315185546875
Our model,2,159.83917236328125
Our model,2,173.31700134277344
Our model,2,134.1455078125
Our model,2,129.83642578125
Our model,2,133.15550231933594
Our model,2,150.85560607910156
Our model,2,155.9015350341797
Our model,2,195.36306762695312
Our model,2,145.72035217285156
Our model,2,163.02438354492188
Our model,2,166.7152099609375
Our model,2,170.8625946044922
Our model,2,170.86663818359375
Our model,2,170.7415008544922
Our model,2,205.9230194091797
Our model,2,141.1062774658203
Our model,2,159.10133361816406
Our model,2,140.406982421875
Our model,2,125.47615051269531
Our model,2,120.02836608886719
Our model,2,158.30194091796875
Our model,2,157.87826538085938
Our model,2,144.11436462402344
Our model,2,134.9911651611328
Our model,2,204.29454040527344
Our model,2,173.7279052734375
Our model,2,155.98037719726562
Our model,2,160.78733825683594
Our model,2,143.2364959716797
Our model,2,151.787841796875
Our model,2,128.4771728515625
Our model,2,133.19970703125
Our model,2,176.11651611328125
Our model,2,130.01324462890625
Our model,2,191.87767028808594
Our model,2,163.3037567138672
Our model,2,156.416015625
Our model,2,152.1591339111328
Our model,2,192.14039611816406
Our model,2,179.21926879882812
Our model,2,194.686279296875
Our model,2,180.9168243408203
Our model,2,209.2306365966797
Our model,2,174.75498962402344
Our model,2,138.48402404785156
Our model,2,174.5970916748047
Our model,2,220.34072875976562
Our model,2,169.3137664794922
Our model,2,137.96067810058594
Our model,2,163.73095703125
Our model,2,147.77920532226562
Our model,2,268.6867980957031
Our model,2,202.57583618164062
Our model,2,175.18492126464844
Our model,2,136.69065856933594
Our model,2,138.46755981445312
Our model,2,140.1533966064453
Our model,2,205.56866455078125
Our model,2,166.94863891601562
Our model,2,197.38221740722656
Our model,2,131.15199279785156
Our model,2,135.55609130859375
Our model,2,229.47877502441406
Our model,2,147.85848999023438
Our model,2,165.22718811035156
Our model,2,171.7976837158203
Our model,2,209.3276824951172
Our model,2,187.69583129882812
Our model,2,156.61964416503906
Our model,2,197.80996704101562
Our model,2,156.89407348632812
Our model,2,231.90284729003906
Our model,2,162.99325561523438
Our model,2,181.90469360351562
Our model,2,193.68380737304688
Our model,2,167.10240173339844
Our model,2,152.3794403076172
Our model,2,155.20530700683594
Our model,2,182.60008239746094
Our model,2,169.86184692382812
Our model,2,169.98895263671875
Our model,2,191.98390197753906
Our model,2,135.33290100097656
Our model,2,160.8284149169922
Our model,2,158.8058624267578
Our model,2,198.0640411376953
Our model,2,148.31777954101562
Our model,2,157.9770965576172
Our model,2,149.74462890625
Our model,2,159.666259765625
Our model,2,184.71835327148438
Our model,2,172.6117706298828
Our model,2,189.1937255859375
Our model,2,269.61492919921875
Our model,2,180.20144653320312
Our model,2,151.36196899414062
Our model,2,153.54629516601562
Our model,2,175.7405242919922
Our model,2,141.43746948242188
Our model,2,158.04196166992188
Our model,2,197.60462951660156
Our model,2,269.8692321777344
Our model,2,221.6367950439453
Our model,2,133.3158416748047
Our model,2,159.44281005859375
Our model,2,148.62879943847656
Our model,2,133.24610900878906
Our model,2,380.4507141113281
Our model,2,158.73313903808594
Our model,2,180.18309020996094
Our model,2,141.01498413085938
Our model,2,151.72279357910156
Our model,2,199.67430114746094
Our model,2,180.0941162109375
Our model,2,130.6116943359375
Our model,2,372.3428955078125
Our model,2,187.34902954101562
Our model,2,145.69400024414062
Our model,2,428.6400451660156
Our model,2,167.98963928222656
Our model,2,173.35108947753906
Our model,2,160.00772094726562
Our model,2,196.1443328857422
Our model,2,279.936767578125
Our model,2,192.0702362060547
Our model,2,224.85617065429688
Our model,2,411.7460021972656
Our model,2,298.7415466308594
Our model,2,157.25474548339844
Our model,2,151.58665466308594
Our model,2,463.2005615234375
Our model,2,316.35791015625
Our model,2,471.17791748046875
Our model,2,164.1143798828125
Our model,2,125.09870147705078
Our model,2,142.45111083984375
Our model,2,163.76268005371094
Our model,2,177.6717987060547
Our model,2,149.95623779296875
Our model,2,136.48760986328125
Our model,2,155.91015625
Our model,2,178.7059326171875
Our model,2,173.8617401123047
Our model,2,131.10531616210938
Our model,2,155.5628204345703
Our model,2,147.21502685546875
Our model,2,179.2841339111328
Our model,2,238.66139221191406
Our model,2,188.8412628173828
Our model,2,231.74020385742188
Our model,2,228.20872497558594
Our model,2,176.76876831054688
Our model,2,194.60113525390625
Our model,2,155.6494598388672
Our model,2,171.4547119140625
Our model,2,212.343994140625
Our model,2,226.79530334472656
Our model,2,140.49819946289062
Our model,2,146.38204956054688
Our model,2,175.93336486816406
Our model,2,170.71771240234375
Our model,2,284.5227355957031
Our model,2,261.6501159667969
Our model,2,189.53732299804688
Our model,2,214.01763916015625
Our model,2,174.05401611328125
Our model,2,144.19577026367188
Our model,2,140.09523010253906
Our model,2,138.22975158691406
Our model,2,276.287109375
Our model,2,233.97064208984375
Our model,2,172.31588745117188
Our model,2,119.98247528076172
Our model,2,166.29342651367188
Our model,2,195.6095733642578
Our model,2,166.7430877685547
Our model,2,166.56167602539062
Our model,2,176.2234344482422
Our model,2,246.2489471435547
Our model,2,255.14117431640625
Our model,2,240.14308166503906
Our model,2,104.96919250488281
Our model,2,145.9083709716797
Our model,2,134.71876525878906
Our model,2,132.2264404296875
Our model,2,130.70802307128906
Our model,2,131.41148376464844
Our model,2,117.77364349365234
Our model,2,121.10578918457031
Our model,2,171.45089721679688
Our model,2,162.0223846435547
Our model,2,154.44329833984375
Our model,2,174.6118621826172
Our model,2,161.39808654785156
Our model,2,257.80413818359375
Our model,2,185.17884826660156
Our model,2,157.2884063720703
Our model,2,152.50538635253906
Our model,2,189.3730010986328
Our model,2,147.69943237304688
Our model,2,202.48728942871094
Our model,2,204.05770874023438
Our model,2,222.82113647460938
Our model,2,149.30368041992188
Our model,2,148.19676208496094
Our model,2,159.62747192382812
Our model,2,164.70677185058594
Our model,2,167.8898162841797
Our model,2,146.94908142089844
Our model,2,151.74444580078125
Our model,2,154.70558166503906
Our model,2,144.35435485839844
Our model,2,138.06414794921875
Our model,2,139.0419464111328
Our model,2,127.38719177246094
Our model,2,150.69390869140625
Our model,2,154.2852783203125
Our model,2,171.1958465576172
Our model,2,150.19696044921875
Our model,2,174.48736572265625
Our model,2,169.72134399414062
Our model,2,177.13302612304688
Our model,2,168.27467346191406
Our model,2,145.7122039794922
Our model,2,158.24461364746094
Our model,2,152.2313690185547
Our model,2,170.39732360839844
Our model,2,156.48350524902344
Our model,2,141.29566955566406
Our model,2,198.0825958251953
Our model,2,189.83335876464844
Our model,2,187.4029083251953
Our model,2,174.33294677734375
Our model,2,234.99351501464844
Our model,2,250.53021240234375
Our model,2,160.3262939453125
Our model,2,140.3324737548828
Our model,2,124.42786407470703
Our model,2,146.95079040527344
Our model,2,255.26060485839844
Our model,2,272.0985412597656
Our model,2,138.66329956054688
Our model,2,149.90966796875
Our model,2,165.8838348388672
Our model,2,155.12025451660156
Our model,2,128.325927734375
Our model,2,215.1909637451172
Our model,2,172.8893280029297
Our model,2,394.1397705078125
Our model,2,188.14895629882812
Our model,2,195.549072265625
Our model,2,182.12318420410156
Our model,2,180.62945556640625
Our model,2,404.3638916015625
Our model,2,388.2259216308594
Our model,2,141.07888793945312
Our model,2,139.68099975585938
Our model,2,148.69442749023438
Our model,2,164.63958740234375
Our model,2,144.95974731445312
Our model,2,142.67135620117188
Our model,2,234.11094665527344
Our model,2,140.2810516357422
Our model,2,166.59274291992188
Our model,2,154.29835510253906
Our model,2,175.73330688476562
Our model,2,142.78472900390625
Our model,2,161.31317138671875
Our model,2,113.78614044189453
Our model,2,213.83041381835938
Our model,2,147.18984985351562
Our model,2,151.04376220703125
Our model,2,264.7359924316406
Our model,2,261.2909851074219
Our model,2,215.64796447753906
Our model,2,241.90182495117188
Our model,2,198.3440399169922
Our model,2,154.06674194335938
Our model,2,134.40133666992188
Our model,2,139.39476013183594
Our model,2,151.72109985351562
Our model,2,204.62164306640625
Our model,2,181.71591186523438
Our model,2,147.2834014892578
Our model,2,131.92306518554688
Our model,2,121.5472183227539
Our model,2,180.06503295898438
Our model,2,181.37686157226562
Our model,2,165.28854370117188
Our model,2,147.3095703125
Our model,2,213.538330078125
Our model,2,215.1829833984375
Our model,2,191.6097412109375
Our model,2,179.0810089111328
Our model,2,155.254638671875
Our model,2,151.73593139648438
Our model,2,149.592041015625
Our model,2,158.61048889160156
Our model,2,140.3072052001953
Our model,2,140.94471740722656
Our model,2,161.39990234375
Our model,2,172.8589324951172
Our model,2,158.71510314941406
Our model,2,146.31158447265625
Our model,2,109.82054138183594
Our model,2,142.68930053710938
Our model,2,182.89028930664062
Our model,2,138.01576232910156
Our model,2,172.09765625
Our model,2,147.05865478515625
Our model,2,154.75592041015625
Our model,2,208.20166015625
Our model,2,164.9365692138672
Our model,2,181.86753845214844
Our model,2,197.42601013183594
Our model,2,186.0254364013672
Our model,2,181.18487548828125
Our model,2,195.66000366210938
Our model,2,232.22962951660156
Our model,2,229.83328247070312
Our model,2,151.98831176757812
Our model,2,162.37220764160156
Our model,2,133.78036499023438
Our model,2,140.42127990722656
Our model,2,130.9127960205078
Our model,2,186.5850830078125
Our model,2,158.3959197998047
Our model,2,167.22772216796875
Our model,2,196.72216796875
Our model,2,199.6360321044922
Our model,2,179.45175170898438
Our model,2,221.91627502441406
Our model,2,166.13172912597656
Our model,2,235.68275451660156
Our model,2,158.6754608154297
Our model,2,171.8744659423828
Our model,2,154.8876495361328
Our model,2,187.45643615722656
Our model,2,214.87562561035156
Our model,2,143.9059295654297
Our model,2,163.74249267578125
Our model,2,133.17864990234375
Our model,2,221.4822540283203
Our model,2,237.43624877929688
Our model,2,176.8379669189453
Our model,2,199.17727661132812
Our model,2,137.95799255371094
Our model,2,173.53036499023438
Our model,2,247.52316284179688
Our model,2,248.34402465820312
Our model,2,218.29861450195312
Our model,2,131.36312866210938
Our model,2,146.490966796875
Our model,2,188.5222625732422
Our model,2,162.373779296875
Our model,2,187.08316040039062
Our model,2,168.68211364746094
Our model,2,167.316650390625
Our model,2,173.52687072753906
Our model,2,190.62847900390625
Our model,2,209.90538024902344
Our model,2,139.6126251220703
Our model,2,147.99827575683594
Our model,2,153.98538208007812
Our model,2,208.99708557128906
Our model,2,219.20045471191406
Our model,2,153.54098510742188
Our model,2,185.14146423339844
Our model,2,167.9558563232422
Our model,2,138.1699676513672
Our model,2,160.39060974121094
Our model,2,184.72386169433594
Our model,2,201.05938720703125
Our model,2,161.72715759277344
Our model,2,152.78919982910156
Our model,2,151.85177612304688
Our model,2,165.80572509765625
Our model,2,141.1961669921875
Our model,2,136.37022399902344
Our model,2,135.10556030273438
Our model,2,167.59637451171875
Our model,2,164.0637664794922
Our model,2,156.17477416992188
Our model,2,137.30812072753906
Our model,2,137.31646728515625
Our model,2,189.5596923828125
Our model,2,277.5918884277344
Our model,2,171.36343383789062
Our model,2,147.37245178222656
Our model,2,263.57550048828125
Our model,2,271.185546875
Our model,2,141.5009765625
Our model,2,121.45914459228516
Our model,2,209.37606811523438
Our model,2,261.6630554199219
Our model,2,257.3909606933594
Our model,3,197.570068359375
Our model,3,211.84483337402344
Our model,3,190.14158630371094
Our model,3,442.6491394042969
Our model,3,204.0068359375
Our model,3,206.77906799316406
Our model,3,432.4194030761719
Our model,3,171.59356689453125
Our model,3,198.1359100341797
Our model,3,153.79595947265625
Our model,3,177.9098663330078
Our model,3,197.09747314453125
Our model,3,164.69374084472656
Our model,3,148.00643920898438
Our model,3,209.69715881347656
Our model,3,176.32298278808594
Our model,3,195.259033203125
Our model,3,184.971435546875
Our model,3,413.06549072265625
Our model,3,206.9780731201172
Our model,3,173.25698852539062
Our model,3,198.88783264160156
Our model,3,175.26829528808594
Our model,3,433.0370178222656
Our model,3,205.67665100097656
Our model,3,188.77113342285156
Our model,3,194.05667114257812
Our model,3,194.2484588623047
Our model,3,176.30056762695312
Our model,3,232.09239196777344
Our model,3,186.77906799316406
Our model,3,172.2224578857422
Our model,3,203.18492126464844
Our model,3,217.14735412597656
Our model,3,193.77792358398438
Our model,3,197.84527587890625
Our model,3,185.64151000976562
Our model,3,191.14202880859375
Our model,3,170.67190551757812
Our model,3,201.19570922851562
Our model,3,212.29432678222656
Our model,3,206.42752075195312
Our model,3,214.3831024169922
Our model,3,271.40289306640625
Our model,3,200.77676391601562
Our model,3,173.6316680908203
Our model,3,211.283447265625
Our model,3,215.51962280273438
Our model,3,211.6945037841797
Our model,3,180.6756591796875
Our model,3,167.25796508789062
Our model,3,225.33087158203125
Our model,3,189.99069213867188
Our model,3,187.7327117919922
Our model,3,206.95947265625
Our model,3,151.54745483398438
Our model,3,557.6737670898438
Our model,3,512.1150512695312
Our model,3,339.4353332519531
Our model,3,332.43170166015625
Our model,3,187.96937561035156
Our model,3,160.74435424804688
Our model,3,165.53402709960938
Our model,3,186.2575225830078
Our model,3,209.3867950439453
Our model,3,227.45211791992188
Our model,3,188.7126922607422
Our model,3,207.3880615234375
Our model,3,207.45472717285156
Our model,3,205.01260375976562
Our model,3,196.31817626953125
Our model,3,174.9303436279297
Our model,3,202.11058044433594
Our model,3,188.40415954589844
Our model,3,242.15310668945312
Our model,3,208.4918670654297
Our model,3,230.64007568359375
Our model,3,191.181640625
Our model,3,205.16757202148438
Our model,3,164.6105499267578
Our model,3,188.91224670410156
Our model,3,198.4629364013672
Our model,3,185.1257781982422
Our model,3,178.7525634765625
Our model,3,210.7846221923828
Our model,3,252.10655212402344
Our model,3,189.6698760986328
Our model,3,206.21156311035156
Our model,3,194.80023193359375
Our model,3,193.7534637451172
Our model,3,182.4749298095703
Our model,3,262.2518615722656
Our model,3,232.9923858642578
Our model,3,217.36802673339844
Our model,3,266.9747619628906
Our model,3,172.3513641357422
Our model,3,180.46917724609375
Our model,3,193.55982971191406
Our model,3,201.995361328125
Our model,3,186.2823944091797
Our model,3,217.5781707763672
Our model,3,215.26190185546875
Our model,3,175.51669311523438
Our model,3,154.95205688476562
Our model,3,193.9415740966797
Our model,3,157.01612854003906
Our model,3,199.08056640625
Our model,3,206.93724060058594
Our model,3,245.5902862548828
Our model,3,170.32301330566406
Our model,3,217.6940155029297
Our model,3,155.51791381835938
Our model,3,600.9117431640625
Our model,3,532.5314331054688
Our model,3,409.4911804199219
Our model,3,436.59869384765625
Our model,3,200.84800720214844
Our model,3,190.0971221923828
Our model,3,171.34933471679688
Our model,3,199.5092010498047
Our model,3,166.32742309570312
Our model,3,180.9216766357422
Our model,3,182.52227783203125
Our model,3,173.6463623046875
Our model,3,188.4052734375
Our model,3,188.20065307617188
Our model,3,145.82814025878906
Our model,3,171.29771423339844
Our model,3,252.62228393554688
Our model,3,197.32846069335938
Our model,3,185.9944610595703
Our model,3,198.7180633544922
Our model,3,184.15528869628906
Our model,3,184.93055725097656
Our model,3,171.7441864013672
Our model,3,165.9955596923828
Our model,3,195.34776306152344
Our model,3,176.36656188964844
Our model,3,167.69540405273438
Our model,3,247.45213317871094
Our model,3,214.51519775390625
Our model,3,160.5459747314453
Our model,3,198.29226684570312
Our model,3,161.11575317382812
Our model,3,289.3365783691406
Our model,3,197.6770782470703
Our model,3,326.5527648925781
Our model,3,186.3511199951172
Our model,3,318.7248229980469
Our model,3,252.8804473876953
Our model,3,206.89398193359375
Our model,3,202.2142333984375
Our model,3,208.2974090576172
Our model,3,188.1834259033203
Our model,3,211.11521911621094
Our model,3,217.2806854248047
Our model,3,159.7786407470703
Our model,3,197.66342163085938
Our model,3,209.8755340576172
Our model,3,183.18893432617188
Our model,3,200.78807067871094
Our model,3,231.2940216064453
Our model,3,203.02000427246094
Our model,3,184.8439483642578
Our model,3,167.54928588867188
Our model,3,172.97250366210938
Our model,3,205.21726989746094
Our model,3,192.1836395263672
Our model,3,197.9521942138672
Our model,3,203.30947875976562
Our model,3,225.96978759765625
Our model,3,171.54443359375
Our model,3,215.9777069091797
Our model,3,214.54519653320312
Our model,3,264.4562683105469
Our model,3,202.13778686523438
Our model,3,180.33657836914062
Our model,3,170.68771362304688
Our model,3,240.54759216308594
Our model,3,206.25234985351562
Our model,3,195.834228515625
Our model,3,220.15008544921875
Our model,3,181.1491241455078
Our model,3,178.25160217285156
Our model,3,205.83558654785156
Our model,3,200.78794860839844
Our model,3,216.322998046875
Our model,3,202.23678588867188
Our model,3,167.78012084960938
Our model,3,158.06617736816406
Our model,3,425.19659423828125
Our model,3,410.9679260253906
Our model,3,192.88172912597656
Our model,3,175.87953186035156
Our model,3,174.50540161132812
Our model,3,177.26353454589844
Our model,3,167.37496948242188
Our model,3,181.35296630859375
Our model,3,209.1802520751953
Our model,3,200.86082458496094
Our model,3,204.18515014648438
Our model,3,185.8768768310547
Our model,3,191.2023162841797
Our model,3,194.27615356445312
Our model,3,167.0411376953125
Our model,3,233.7079315185547
Our model,3,186.99998474121094
Our model,3,180.51107788085938
Our model,3,186.375244140625
Our model,3,186.71633911132812
Our model,3,203.12979125976562
Our model,3,148.1771697998047
Our model,3,173.21316528320312
Our model,3,159.30531311035156
Our model,3,198.3092041015625
Our model,3,204.24642944335938
Our model,3,209.30824279785156
Our model,3,183.6212615966797
Our model,3,198.41217041015625
Our model,3,222.56982421875
Our model,3,160.06617736816406
Our model,3,168.30789184570312
Our model,3,198.32167053222656
Our model,3,174.3887939453125
Our model,3,160.3579559326172
Our model,3,191.18389892578125
Our model,3,225.20860290527344
Our model,3,176.6670379638672
Our model,3,217.54425048828125
Our model,3,178.2362518310547
Our model,3,164.4750213623047
Our model,3,163.67945861816406
Our model,3,174.10813903808594
Our model,3,208.29351806640625
Our model,3,214.09127807617188
Our model,3,207.78306579589844
Our model,3,185.11968994140625
Our model,3,165.89859008789062
Our model,3,179.43170166015625
Our model,3,168.3577880859375
Our model,3,195.03952026367188
Our model,3,221.5220947265625
Our model,3,204.56849670410156
Our model,3,199.83529663085938
Our model,3,192.7540283203125
Our model,3,167.53956604003906
Our model,3,195.10598754882812
Our model,3,162.58071899414062
Our model,3,193.24710083007812
Our model,3,193.79505920410156
Our model,3,172.27767944335938
Our model,3,184.4994354248047
Our model,3,170.6556854248047
Our model,3,167.73031616210938
Our model,3,188.11863708496094
Our model,3,189.10653686523438
Our model,3,219.74200439453125
Our model,3,199.1587371826172
Our model,3,291.668212890625
Our model,3,297.8236083984375
Our model,3,188.8950958251953
Our model,3,163.76869201660156
Our model,3,195.34902954101562
Our model,3,182.24807739257812
Our model,3,221.44015502929688
Our model,3,210.8596649169922
Our model,3,199.13751220703125
Our model,3,207.25790405273438
Our model,3,176.8294219970703
Our model,3,208.05860900878906
Our model,3,202.0685272216797
Our model,3,175.89334106445312
Our model,3,210.45436096191406
Our model,3,223.81997680664062
Our model,3,200.20449829101562
Our model,3,178.75367736816406
Our model,3,181.81787109375
Our model,3,147.71522521972656
Our model,3,222.63551330566406
Our model,3,229.0478515625
Our model,3,171.9065704345703
Our model,3,193.2332763671875
Our model,3,177.09255981445312
Our model,3,187.95262145996094
Our model,3,261.8135986328125
Our model,3,192.92491149902344
Our model,3,226.68934631347656
Our model,3,231.09774780273438
Our model,3,528.996337890625
Our model,3,215.9564971923828
Our model,3,324.1423034667969
Our model,3,170.5484161376953
Our model,3,345.61309814453125
Our model,3,560.9865112304688
Our model,3,246.1211395263672
Our model,3,199.96981811523438
Our model,3,212.00161743164062
Our model,3,204.40850830078125
Our model,3,189.0463104248047
Our model,3,164.48910522460938
Our model,3,167.41798400878906
Our model,3,194.7565155029297
Our model,3,217.48011779785156
Our model,3,153.6439666748047
Our model,3,183.3853302001953
Our model,3,184.57888793945312
Our model,3,209.3410186767578
Our model,3,185.35789489746094
Our model,3,188.21470642089844
Our model,3,213.97323608398438
Our model,3,185.6427459716797
Our model,3,193.92510986328125
Our model,3,198.17152404785156
Our model,3,211.1851806640625
Our model,3,176.42916870117188
Our model,3,200.61087036132812
Our model,3,170.03221130371094
Our model,3,188.03256225585938
Our model,3,199.8198699951172
Our model,3,225.4170379638672
Our model,3,208.30638122558594
Our model,3,267.981689453125
Our model,3,197.9872589111328
Our model,3,230.81053161621094
Our model,3,219.8728790283203
Our model,3,170.20645141601562
Our model,3,193.01583862304688
Our model,3,204.57394409179688
Our model,3,203.40965270996094
Our model,3,223.5345001220703
Our model,3,207.69871520996094
Our model,3,214.23831176757812
Our model,3,215.48681640625
Our model,3,192.1351318359375
Our model,3,175.0584716796875
Our model,3,197.27532958984375
Our model,3,217.519775390625
Our model,3,173.1145477294922
Our model,3,210.19374084472656
Our model,3,168.23471069335938
Our model,3,179.75990295410156
Our model,3,188.05499267578125
Our model,3,172.7333526611328
Our model,3,182.78675842285156
Our model,3,157.3649139404297
Our model,3,163.27333068847656
Our model,3,182.3536376953125
Our model,3,198.29771423339844
Our model,3,191.83859252929688
Our model,3,180.95355224609375
Our model,3,157.954833984375
Our model,3,191.97731018066406
Our model,3,178.8331756591797
Our model,3,167.6787872314453
Our model,3,170.50381469726562
Our model,3,169.72950744628906
Our model,3,253.68890380859375
Our model,3,257.56591796875
Our model,3,184.9839324951172
Our model,3,230.3773651123047
Our model,3,204.14215087890625
Our model,3,185.72557067871094
Our model,3,189.37364196777344
Our model,3,160.48660278320312
Our model,3,204.2860870361328
Our model,3,212.77699279785156
Our model,3,190.16525268554688
Our model,3,179.85128784179688
Our model,3,188.7083740234375
Our model,3,221.3647918701172
Our model,3,168.7339630126953
Our model,3,187.9771270751953
Our model,3,205.69091796875
Our model,3,236.5384979248047
Our model,3,191.71409606933594
Our model,3,168.85980224609375
Our model,3,217.3076934814453
Our model,3,266.5378112792969
Our model,3,179.14703369140625
Our model,3,173.98374938964844
Our model,3,181.271484375
Our model,3,263.34124755859375
Our model,3,196.33360290527344
Our model,3,210.9294891357422
Our model,3,253.65577697753906
Our model,3,152.77825927734375
Our model,3,216.8277587890625
Our model,3,309.6681213378906
Our model,3,192.4845733642578
Our model,3,213.84619140625
Our model,3,226.94680786132812
Our model,3,325.78485107421875
Our model,3,206.59376525878906
Our model,3,183.02969360351562
Our model,3,206.616943359375
Our model,3,179.13150024414062
Our model,3,237.82135009765625
Our model,3,194.08929443359375
Our model,3,191.51805114746094
Our model,3,156.35720825195312
Our model,3,238.526611328125
Our model,3,191.7093963623047
Our model,3,271.0704040527344
Our model,3,223.89366149902344
Our model,3,179.25482177734375
Our model,3,192.77439880371094
Our model,3,246.3138427734375
Our model,3,176.16610717773438
Our model,3,227.4749298095703
Our model,3,168.49642944335938
Our model,3,219.63662719726562
Our model,3,200.29165649414062
Our model,3,187.6265106201172
Our model,3,202.01458740234375
Our model,3,218.42892456054688
Our model,3,198.34078979492188
Our model,3,179.60316467285156
Our model,3,162.86610412597656
Our model,3,243.3361053466797
Our model,3,250.96939086914062
Our model,3,177.230224609375
Our model,3,180.75460815429688
Our model,3,188.8517608642578
Our model,3,252.10337829589844
Our model,3,173.91470336914062
Our model,3,226.9263153076172
Our model,3,272.39794921875
Our model,3,192.36366271972656
Our model,3,200.3455047607422
Our model,3,194.47796630859375
Our model,3,218.54791259765625
Our model,3,227.09326171875
Our model,3,173.56068420410156
Our model,3,290.3348083496094
Our model,3,234.77891540527344
Our model,3,181.47434997558594
Our model,3,203.83071899414062
Our model,3,176.67657470703125
Our model,3,179.4537353515625
Our model,3,166.2665252685547
Our model,3,151.7081298828125
Our model,3,191.1698760986328
Our model,3,201.50717163085938
Our model,3,192.17626953125
Our model,3,215.10455322265625
Our model,3,197.4076690673828
Our model,3,187.1990966796875
Our model,3,177.5816192626953
Our model,3,176.9300537109375
Our model,3,177.011474609375
Our model,3,185.2925262451172
Our model,3,182.09080505371094
Our model,3,211.94943237304688
Our model,3,230.760498046875
Our model,3,186.77720642089844
Our model,3,175.28640747070312
Our model,3,181.48727416992188
Our model,3,158.30860900878906
Our model,3,180.2196044921875
Our model,3,201.34835815429688
Our model,3,185.69412231445312
Our model,3,217.20240783691406
Our model,3,278.5521545410156
Our model,3,206.4789276123047
Our model,3,299.3741760253906
Our model,3,172.8386688232422
Our model,3,207.90725708007812
Our model,3,183.72848510742188
Our model,3,196.07456970214844
Our model,3,208.6034698486328
Our model,3,178.17196655273438
Our model,3,229.10662841796875
Our model,3,182.36798095703125
Our model,3,176.84744262695312
Our model,3,163.38279724121094
Our model,3,157.54598999023438
Our model,3,218.35903930664062
Our model,3,233.6107940673828
Our model,3,226.958251953125
Our model,3,212.95480346679688
Our model,3,170.21585083007812
Our model,3,149.05767822265625
Our model,3,179.8363037109375
Our model,3,189.86769104003906
Our model,3,213.56265258789062
Our model,3,216.33599853515625
Our model,3,196.8784637451172
Our model,3,200.2280731201172
Our model,3,217.1416015625
Our model,3,181.46156311035156
Our model,3,218.0118865966797
Our model,3,184.9571075439453
Our model,3,214.29440307617188
Our model,3,251.5340576171875
Our model,3,181.1217803955078
Our model,3,164.30624389648438
Our model,3,224.98475646972656
Our model,3,194.4122314453125
Our model,3,202.78843688964844
Our model,3,168.7264404296875
Our model,3,182.57620239257812
Our model,3,207.08970642089844
Our model,3,192.03024291992188
Our model,3,177.35739135742188
Our model,3,177.7506103515625
Our model,3,175.60032653808594
Our model,3,200.03414916992188
Our model,3,179.1098175048828
Our model,3,757.8895263671875
Our model,3,203.26516723632812
Our model,3,178.0770263671875
Our model,3,187.37803649902344
Our model,3,162.22418212890625
Our model,3,773.9163208007812
Our model,3,197.7084503173828
Our model,3,182.4949951171875
Our model,3,186.5572967529297
Our model,3,193.7576141357422
Our model,3,232.26260375976562
Our model,3,221.31619262695312
Our model,3,216.35653686523438
Our model,3,188.94989013671875
Our model,3,223.57408142089844
Our model,3,212.26296997070312
Our model,3,175.65887451171875
Our model,3,163.34005737304688
Our model,3,155.10679626464844
Our model,3,191.22145080566406
Our model,3,198.95973205566406
Our model,3,175.70309448242188
Our model,3,172.80589294433594
Our model,3,177.43544006347656
Our model,3,191.52703857421875
Our model,3,188.1144561767578
Our model,3,194.28431701660156
Our model,3,190.20196533203125
Our model,3,212.91452026367188
Our model,3,213.09500122070312
Our model,3,210.67759704589844
Our model,3,196.90402221679688
Our model,3,222.24932861328125
Our model,3,260.8970031738281
Our model,3,158.6337890625
Our model,3,235.2764434814453
Our model,3,197.6337432861328
Our model,3,213.2913055419922
Our model,3,184.70916748046875
Our model,3,208.52658081054688
Our model,3,207.12359619140625
Our model,3,228.5303955078125
Our model,3,172.15859985351562
Our model,3,197.83128356933594
Our model,3,193.26268005371094
Our model,3,170.3745574951172
Our model,3,219.80307006835938
Our model,3,163.95469665527344
Our model,3,155.071044921875
Our model,3,182.20591735839844
Our model,3,186.23388671875
Our model,3,160.85357666015625
Our model,3,435.3764953613281
Our model,3,439.5771179199219
Our model,3,170.4764862060547
Our model,3,220.1537322998047
Our model,3,202.9837188720703
Our model,3,181.83140563964844
Our model,3,239.51492309570312
Our model,3,216.1788787841797
Our model,3,211.04415893554688
Our model,3,209.9742431640625
Our model,3,241.04537963867188
Our model,3,209.08157348632812
Our model,3,189.8494873046875
Our model,3,179.3696746826172
Our model,3,219.8839111328125
Our model,3,196.8346405029297
Our model,3,182.55726623535156
Our model,3,168.9635467529297
Our model,3,152.6905517578125
Our model,3,204.92202758789062
Our model,3,231.73849487304688
Our model,3,181.43399047851562
Our model,3,203.92514038085938
Our model,3,201.2319793701172
Our model,3,194.4922637939453
Our model,3,155.99632263183594
Our model,3,198.8629150390625
Our model,3,169.9917755126953
Our model,3,232.62611389160156
Our model,3,230.58245849609375
Our model,3,756.1006469726562
Our model,3,198.06454467773438
Our model,3,237.33290100097656
Our model,3,198.47410583496094
Our model,3,222.62265014648438
Our model,3,783.2294311523438
Our model,3,204.3343963623047
Our model,3,216.67897033691406
Our model,3,209.86976623535156
Our model,3,180.81893920898438
Our model,3,191.2308807373047
Our model,3,195.05162048339844
Our model,3,189.30984497070312
Our model,3,186.8648223876953
Our model,3,308.6958312988281
Our model,3,174.852294921875
Our model,3,182.84521484375
Our model,3,202.26571655273438
Our model,3,183.18255615234375
Our model,3,170.7915802001953
Our model,3,171.53073120117188
Our model,3,312.4670104980469
Our model,3,230.44935607910156
Our model,3,193.12269592285156
Our model,3,212.158935546875
Our model,3,184.55116271972656
Our model,3,184.64801025390625
Our model,3,169.97901916503906
Our model,3,162.19241333007812
Our model,3,204.94146728515625
Our model,3,199.10256958007812
Our model,3,178.4939727783203
Our model,3,224.7317657470703
Our model,3,200.5645751953125
Our model,3,228.1279754638672
Our model,3,189.74952697753906
Our model,3,208.38356018066406
Our model,3,188.42698669433594
Our model,3,191.4344940185547
Our model,3,175.43087768554688
Our model,3,167.65521240234375
Our model,3,197.49298095703125
Our model,3,210.9642791748047
Our model,3,201.42385864257812
Our model,3,193.00332641601562
Our model,3,175.91848754882812
Our model,3,271.3701171875
Our model,3,204.18728637695312
Our model,3,299.772216796875
Our model,3,336.35577392578125
Our model,3,187.75625610351562
Our model,3,200.1191864013672
Our model,3,158.1976318359375
Our model,3,168.92532348632812
Our model,3,206.95352172851562
Our model,3,185.50611877441406
Our model,3,208.7375030517578
Our model,3,209.28404235839844
Our model,3,207.43467712402344
Our model,3,201.11253356933594
Our model,3,181.64710998535156
Our model,3,174.32447814941406
Our model,3,182.1524658203125
Our model,3,202.43934631347656
Our model,3,189.4547882080078
Our model,3,165.84567260742188
Our model,3,181.1282501220703
Our model,3,169.99951171875
Our model,3,158.1474609375
Our model,3,199.23019409179688
Our model,3,213.5720977783203
Our model,3,189.38421630859375
Our model,3,196.52809143066406
Our model,3,187.07212829589844
Our model,3,174.45663452148438
Our model,3,161.10496520996094
Our model,3,188.84689331054688
Our model,3,225.20790100097656
Our model,3,218.80670166015625
Our model,3,455.3766784667969
Our model,3,180.47964477539062
Our model,3,219.53025817871094
Our model,3,477.5580749511719
Our model,3,200.40557861328125
Our model,3,162.87953186035156
Our model,3,162.52386474609375
Our model,3,229.98641967773438
Our model,3,229.27467346191406
Our model,3,192.10182189941406
Our model,3,213.8628692626953
Our model,3,163.50949096679688
Our model,3,165.600830078125
Our model,3,166.3748779296875
Our model,3,176.0891571044922
Our model,3,202.10800170898438
Our model,3,204.86648559570312
Our model,3,212.59230041503906
Our model,3,177.13482666015625
Our model,3,217.38430786132812
Our model,3,195.52969360351562
Our model,3,216.9598388671875
Our model,3,190.8072052001953
Our model,3,197.6891632080078
Our model,3,189.2106170654297
Our model,3,192.59703063964844
Our model,3,160.3462371826172
Our model,3,189.37281799316406
Our model,3,202.91554260253906
Our model,3,221.68260192871094
Our model,3,190.77365112304688
Our model,3,221.5452880859375
Our model,3,158.66087341308594
Our model,3,185.93865966796875
Our model,3,242.0289764404297
Our model,3,225.21202087402344
Our model,3,193.05113220214844
Our model,3,181.92593383789062
Our model,3,236.92698669433594
Our model,3,173.98797607421875
Our model,3,221.02162170410156
Our model,3,230.83009338378906
Our model,3,177.7738037109375
Our model,3,197.88963317871094
Our model,3,199.50244140625
Our model,3,183.62425231933594
Our model,3,162.25950622558594
Our model,3,168.54421997070312
Our model,3,229.5425262451172
Our model,3,209.7158966064453
Our model,3,166.20413208007812
Our model,3,165.96914672851562
Our model,3,186.4828338623047
Our model,3,182.96893310546875
Our model,3,185.59715270996094
Our model,3,183.96107482910156
Our model,3,161.9342498779297
Our model,3,208.85079956054688
Our model,3,201.23423767089844
Our model,3,223.62718200683594
Our model,3,152.70130920410156
Our model,3,245.02212524414062
Our model,3,167.8505859375
Our model,3,192.31202697753906
Our model,3,171.34385681152344
Our model,3,226.0150604248047
Our model,3,206.9915313720703
Our model,3,216.16299438476562
Our model,3,179.59730529785156
Our model,3,177.29150390625
Our model,3,225.54527282714844
Our model,3,214.75022888183594
Our model,3,180.68911743164062
Our model,3,185.46986389160156
Our model,3,195.55587768554688
Our model,3,203.364013671875
Our model,3,194.24710083007812
Our model,3,163.1206512451172
Our model,3,192.84744262695312
Our model,3,167.91073608398438
Our model,3,172.37643432617188
Our model,3,201.556884765625
Our model,3,196.46299743652344
Our model,3,174.44741821289062
Our model,3,176.35433959960938
Our model,3,170.9238739013672
Our model,3,158.0786590576172
Our model,3,263.9734191894531
Our model,3,252.69192504882812
Our model,3,199.23184204101562
Our model,3,220.03179931640625
Our model,3,194.91827392578125
Our model,3,180.7057342529297
Our model,3,167.43846130371094
Our model,3,184.75778198242188
Our model,3,268.5539855957031
Our model,3,200.59910583496094
Our model,3,200.4868621826172
Our model,3,211.33457946777344
Our model,3,186.25460815429688
Our model,3,170.58140563964844
Our model,3,183.99267578125
Our model,3,221.59640502929688
Our model,3,232.6967315673828
Our model,3,261.8757629394531
Our model,3,243.6376495361328
Our model,3,223.7762908935547
Our model,3,172.34585571289062
Our model,3,192.97682189941406
Our model,3,166.9712371826172
Our model,3,178.86013793945312
Our model,3,197.57679748535156
Our model,3,192.18679809570312
Our model,3,175.2327423095703
Our model,3,191.31640625
Our model,3,212.45916748046875
Our model,3,209.5178680419922
Our model,3,186.5388946533203
Our model,3,159.8301239013672
Our model,3,235.9276885986328
Our model,3,183.97900390625
Our model,3,194.43911743164062
Our model,3,199.70123291015625
Our model,3,247.09693908691406
Our model,3,222.31118774414062
Our model,3,214.50033569335938
Our model,3,198.78561401367188
Our model,3,188.8583984375
Our model,3,182.4779052734375
Our model,3,201.3428497314453
Our model,3,224.95204162597656
Our model,3,171.29348754882812
Our model,3,171.92868041992188
Our model,3,164.07957458496094
Our model,3,155.0537872314453
Our model,3,198.46331787109375
Our model,3,174.74755859375
Our model,3,185.61654663085938
Our model,3,178.9078826904297
Our model,3,242.8683624267578
Our model,3,221.4026641845703
Our model,3,167.61874389648438
Our model,3,181.22592163085938
Our model,3,240.5011749267578
Our model,3,194.44110107421875
Our model,3,205.5169677734375
Our model,3,210.85528564453125
Our model,3,254.434326171875
Our model,3,221.262939453125
Our model,3,175.885986328125
Our model,3,226.54576110839844
Our model,3,196.2307586669922
Our model,3,188.912353515625
Our model,3,231.59371948242188
Our model,3,184.5389862060547
Our model,3,224.6339874267578
Our model,3,226.37185668945312
Our model,3,162.89691162109375
Our model,3,216.01866149902344
Our model,3,201.75086975097656
Our model,3,169.4730224609375
Our model,3,206.27316284179688
Our model,3,205.4848175048828
Our model,3,194.45350646972656
Our model,3,180.7958526611328
Our model,3,170.34201049804688
Our model,3,183.24685668945312
Our model,3,265.5236511230469
Our model,3,208.18917846679688
Our model,3,244.5443115234375
Our model,3,201.60281372070312
Our model,3,188.95632934570312
Our model,3,213.3297882080078
Our model,3,194.30250549316406
Our model,3,186.70523071289062
Our model,3,271.0043029785156
Our model,3,263.1506042480469
Our model,3,191.24667358398438
Our model,3,172.84353637695312
Our model,3,169.06689453125
Our model,3,158.0251922607422
Our model,3,181.29774475097656
Our model,3,430.4928894042969
Our model,3,179.76771545410156
Our model,3,171.338623046875
Our model,3,423.9167175292969
Our model,3,166.32012939453125
Our model,3,181.51226806640625
Our model,3,285.8725280761719
Our model,3,204.7230987548828
Our model,3,201.84463500976562
Our model,3,208.5536651611328
Our model,3,316.7076721191406
Our model,3,188.76654052734375
Our model,3,171.54920959472656
Our model,3,182.24346923828125
Our model,3,160.20518493652344
Our model,3,144.6131591796875
Our model,3,201.06106567382812
Our model,3,203.6280059814453
Our model,3,174.751953125
Our model,3,207.5863800048828
Our model,3,162.52801513671875
Our model,3,213.0432586669922
Our model,3,221.11941528320312
Our model,3,188.40199279785156
Our model,3,169.36767578125
Our model,3,215.3069610595703
Our model,3,200.01377868652344
Our model,3,162.51705932617188
Our model,3,164.65960693359375
Our model,3,203.2462158203125
Our model,3,202.30128479003906
Our model,3,172.24160766601562
Our model,3,217.3062744140625
Our model,3,169.38877868652344
Our model,3,175.06068420410156
Our model,3,223.52256774902344
Our model,3,166.83848571777344
Our model,3,222.20030212402344
Our model,3,185.76864624023438
Our model,3,201.2481689453125
Our model,3,195.5366668701172
Our model,3,201.70042419433594
Our model,3,164.4526824951172
Our model,3,183.32220458984375
Our model,3,174.9891815185547
Our model,3,238.5301971435547
Our model,3,219.47959899902344
Our model,3,219.78746032714844
Our model,3,250.13824462890625
Our model,3,176.81288146972656
Our model,3,172.341552734375
Our model,3,208.6856689453125
Our model,3,180.9436492919922
Our model,3,197.43316650390625
Our model,3,183.18948364257812
Our model,3,223.3321990966797
Our model,3,230.01919555664062
Our model,3,173.35696411132812
Our model,3,164.2598419189453
Our model,3,166.63465881347656
Our model,3,173.6299591064453
Our model,3,207.43911743164062
Our model,3,186.2230224609375
Our model,3,193.67356872558594
Our model,3,203.5741424560547
Our model,3,229.23365783691406
Our model,3,180.83396911621094
Our model,3,215.91018676757812
Our model,3,187.4932403564453
Our model,3,198.9611053466797
Our model,3,200.9458770751953
Our model,3,225.1534881591797
Our model,3,211.72802734375
Our model,3,193.74533081054688
Our model,3,207.3021697998047
Our model,3,158.65640258789062
Our model,3,189.688232421875
Our model,3,191.6763153076172
Our model,3,183.61874389648438
Our model,3,189.88243103027344
Our model,3,196.543212890625
Our model,3,209.92567443847656
Our model,3,179.08285522460938
Our model,3,209.80880737304688
Our model,3,171.5681915283203
Our model,3,193.3602294921875
Our model,3,180.37396240234375
Our model,3,299.18927001953125
Our model,3,302.09136962890625
Our model,3,193.87660217285156
Our model,3,185.5594940185547
Our model,3,147.37811279296875
Our model,3,169.78846740722656
Our model,3,306.89654541015625
Our model,3,268.0571594238281
Our model,3,179.5206298828125
Our model,3,192.1511688232422
Our model,3,193.22267150878906
Our model,3,184.9411163330078
Our model,3,164.40980529785156
Our model,3,189.92677307128906
Our model,3,205.51480102539062
Our model,3,180.40521240234375
Our model,3,174.34710693359375
Our model,3,212.63250732421875
Our model,3,199.65805053710938
Our model,3,183.0027313232422
Our model,3,168.37823486328125
Our model,3,180.4047393798828
Our model,3,184.02743530273438
Our model,3,176.9840850830078
Our model,3,222.67190551757812
Our model,3,199.12147521972656
Our model,3,184.7027130126953
Our model,3,174.9095916748047
Our model,3,202.83213806152344
Our model,3,172.0648956298828
Our model,3,181.6914825439453
Our model,3,198.5531463623047
Our model,3,200.82264709472656
Our model,3,181.49696350097656
Our model,3,180.60316467285156
Our model,3,251.15444946289062
Our model,3,172.77133178710938
Our model,3,220.42356872558594
Our model,3,198.7191925048828
Our model,3,215.12828063964844
Our model,3,212.7096710205078
Our model,3,206.22032165527344
Our model,3,180.14730834960938
Our model,3,214.81484985351562
Our model,3,183.34393310546875
Our model,3,233.80905151367188
Our model,3,177.43763732910156
Our model,3,163.43687438964844
Our model,3,188.4718017578125
Our model,3,173.4920654296875
Our model,3,176.83155822753906
Our model,3,144.1403350830078
Our model,3,144.6256103515625
Our model,3,186.73658752441406
Our model,3,199.5440216064453
Our model,3,177.5381622314453
Our model,3,245.12147521972656
Our model,3,213.32122802734375
Our model,3,192.56759643554688
Our model,3,168.77951049804688
Our model,3,160.4768829345703
Our model,3,231.25799560546875
Our model,3,149.38507080078125
Our model,3,192.0902557373047
Our model,3,173.28038024902344
Our model,3,197.18063354492188
Our model,3,144.19395446777344
Our model,3,206.1338653564453
Our model,3,195.7383270263672
Our model,3,175.389892578125
Our model,3,300.5531921386719
Our model,3,182.7930908203125
Our model,3,193.22369384765625
Our model,3,218.5073699951172
Our model,3,203.2123260498047
Our model,3,174.02371215820312
Our model,3,222.984130859375
Our model,3,289.25811767578125
Our model,3,405.515869140625
Our model,3,175.37466430664062
Our model,3,219.18482971191406
Our model,3,249.60398864746094
Our model,3,195.82937622070312
Our model,3,176.15953063964844
Our model,3,190.45169067382812
Our model,3,411.7242431640625
Our model,3,198.4293212890625
Our model,3,193.32298278808594
Our model,3,229.8741912841797
Our model,3,217.02670288085938
Our model,3,187.0865478515625
Our model,3,236.47164916992188
Our model,3,200.8051300048828
Our model,3,244.20236206054688
Our model,3,190.03550720214844
Our model,3,178.66334533691406
Our model,3,234.57032775878906
Our model,3,226.57823181152344
Our model,3,170.8584442138672
Our model,3,161.75787353515625
Our model,3,168.3568572998047
Our model,3,169.3612518310547
Our model,3,198.78680419921875
Our model,3,204.97940063476562
Our model,3,183.33447265625
Our model,3,217.99632263183594
Our model,3,170.4257354736328
Our model,3,194.89602661132812
Our model,3,206.85330200195312
Our model,3,150.66012573242188
Our model,3,223.60003662109375
Our model,3,163.54115295410156
Our model,3,218.86061096191406
Our model,3,190.0648193359375
Our model,3,298.387451171875
Our model,3,184.42677307128906
Our model,3,297.7332458496094
Our model,3,252.6981201171875
Our model,3,186.04486083984375
Our model,3,188.78585815429688
Our model,3,207.12606811523438
Our model,3,192.00267028808594
Our model,3,315.19586181640625
Our model,3,214.78053283691406
Our model,3,273.10101318359375
Our model,3,195.1635284423828
Our model,3,341.90576171875
Our model,3,321.7731018066406
Our model,3,197.44508361816406
Our model,3,196.25132751464844
Our model,3,203.3415069580078
Our model,3,186.78712463378906
Our model,3,174.07354736328125
Our model,3,188.6940460205078
Our model,3,251.72894287109375
Our model,3,187.88751220703125
Our model,3,216.0747528076172
Our model,3,246.66709899902344
Our model,3,206.37832641601562
Our model,3,196.66876220703125
Our model,3,181.32130432128906
Our model,3,246.23081970214844
Our model,3,188.51760864257812
Our model,3,141.74978637695312
Our model,3,211.9574737548828
Our model,3,206.8953399658203
Our model,3,187.3972930908203
Our model,3,174.0086212158203
Our model,3,172.25970458984375
Our model,3,204.10768127441406
Our model,3,208.13465881347656
Our model,3,205.16734313964844
Our model,3,233.4871063232422
Our model,3,260.4075622558594
Our model,3,226.6828155517578
Our model,3,184.45042419433594
Our model,3,201.350341796875
Our model,3,158.35194396972656
Our model,3,221.3961181640625
Our model,3,182.67723083496094
Our model,3,231.50204467773438
Our model,3,191.04531860351562
Our model,3,180.05596923828125
Our model,3,163.98532104492188
Our model,3,218.3429718017578
Our model,3,228.9859161376953
Our model,3,178.7769317626953
Our model,3,203.51710510253906
Our model,3,235.1590576171875
Our model,3,174.90057373046875
Our model,3,234.2910614013672
Our model,3,155.77796936035156
Our model,3,196.92572021484375
Our model,3,188.9469451904297
Our model,3,211.25608825683594
Our model,3,211.64175415039062
Our model,3,147.94989013671875
Our model,3,185.63003540039062
Our model,3,211.9255828857422
Our model,3,174.1560516357422
Our model,3,174.35946655273438
Our model,3,189.57388305664062
Our model,3,243.18165588378906
Our model,3,209.37548828125
Our model,3,199.34315490722656
Our model,3,184.58033752441406
Our model,3,230.217529296875
Our model,3,237.72274780273438
Our model,3,194.48550415039062
Our model,3,172.39691162109375
Our model,3,181.7310791015625
Our model,3,209.61117553710938
Our model,3,198.54806518554688
Our model,3,199.79393005371094
Our model,3,260.1873474121094
Our model,3,210.01148986816406
Our model,3,187.85585021972656
Our model,3,196.5195770263672
Our model,3,176.06239318847656
Our model,3,272.4862365722656
Our model,3,203.56573486328125
Our model,3,185.27513122558594
Our model,3,173.59523010253906
Our model,3,177.8352813720703
Our model,3,179.52455139160156
Our model,3,213.04469299316406
Our model,3,214.52130126953125
Our model,3,171.06227111816406
Our model,3,153.94378662109375
Our model,3,219.27613830566406
Our model,3,188.85107421875
Our model,3,185.20541381835938
Our model,3,206.06358337402344
Our model,3,172.77203369140625
Our model,3,203.21987915039062
Our model,3,182.23643493652344
Our model,3,190.4586944580078
Our model,3,197.0255126953125
Our model,3,199.7797393798828
Our model,3,182.2235565185547
Our model,3,227.0666046142578
Our model,3,172.63333129882812
Our model,3,180.98805236816406
Our model,3,175.83009338378906
Our model,3,159.90142822265625
Our model,3,185.24295043945312
Our model,3,203.6620635986328
Our model,3,178.68682861328125
Our model,3,218.96885681152344
Our model,3,155.43405151367188
Our model,3,177.010986328125
Our model,3,169.60519409179688
Our model,3,242.21307373046875
Our model,3,243.9227752685547
Our model,3,211.52239990234375
Our model,3,202.52584838867188
Our model,3,172.84197998046875
Our model,3,135.6087188720703
Our model,3,203.96726989746094
Our model,3,180.03814697265625
Our model,3,190.4265899658203
Our model,3,196.13427734375
Our model,3,195.8109130859375
Our model,3,164.47706604003906
Our model,3,170.02786254882812
Our model,3,157.64053344726562
Our model,3,187.3278350830078
Our model,3,205.89915466308594
Our model,3,252.67007446289062
Our model,3,216.96055603027344
Our model,3,325.7868347167969
Our model,3,197.397705078125
Our model,3,309.41632080078125
Our model,3,237.41238403320312
Our model,3,210.95611572265625
Our model,3,236.8586883544922
Our model,3,200.80398559570312
Our model,3,185.70986938476562
Our model,3,291.8472900390625
Our model,3,188.4665985107422
Our model,3,204.93362426757812
Our model,3,228.69882202148438
Our model,3,177.46849060058594
Our model,3,220.41783142089844
Our model,3,234.714599609375
Our model,3,179.0794677734375
Our model,3,246.92762756347656
Our model,3,148.9232940673828
Our model,3,186.15615844726562
Our model,3,188.78602600097656
Our model,3,198.66676330566406
Our model,3,217.28955078125
Our model,3,182.02381896972656
Our model,3,180.5498504638672
Our model,3,188.241943359375
Our model,3,164.02745056152344
Our model,3,241.1911163330078
Our model,3,199.87796020507812
Our model,3,219.5091094970703
Our model,3,244.83277893066406
Our model,3,259.3113708496094
Our model,3,227.67861938476562
Our model,3,202.87835693359375
Our model,3,220.64324951171875
Our model,3,188.68287658691406
Our model,3,248.50765991210938
Our model,3,245.90870666503906
Our model,3,187.279541015625
Our model,3,266.96905517578125
Our model,3,258.1143798828125
Our model,3,193.9176025390625
Our model,3,185.85003662109375
Our model,3,213.3841552734375
Our model,3,228.93536376953125
Our model,3,249.5255126953125
Our model,3,186.8209991455078
Our model,3,230.14097595214844
Our model,3,154.44784545898438
Our model,3,196.2208251953125
Our model,3,190.50479125976562
Our model,3,188.97633361816406
Our model,3,199.8609161376953
Our model,3,203.3267059326172
Our model,3,208.93576049804688
Our model,3,158.90126037597656
Our model,3,160.67654418945312
Our model,3,194.2012939453125
Our model,3,193.31752014160156
Our model,3,211.23818969726562
Our model,3,163.46873474121094
Our model,3,190.78436279296875
Our model,3,180.5955047607422
Our model,3,150.2914581298828
Our model,3,195.86143493652344
Our model,3,208.1622772216797
Our model,3,217.07838439941406
Our model,3,185.53050231933594
Our model,3,233.24757385253906
Our model,3,181.4248809814453
Our model,3,178.79127502441406
Our model,3,197.3357391357422
Our model,3,169.1772003173828
Our model,3,219.33306884765625
Our model,3,207.26332092285156
Our model,3,252.67063903808594
Our model,3,206.75047302246094
Our model,3,252.56346130371094
Our model,3,176.456787109375
Our model,3,229.84169006347656
Our model,3,169.73175048828125
Our model,3,211.95697021484375
Our model,3,214.64871215820312
Our model,3,164.14584350585938
Our model,3,187.3892822265625
Our model,3,157.45872497558594
Our model,3,182.7149200439453
Our model,3,215.8192901611328
Our model,3,169.1123046875
Our model,3,162.04290771484375
Our model,3,210.8567352294922
Our model,3,198.86483764648438
Our model,3,200.327880859375
Our model,3,179.80882263183594
Our model,3,174.30184936523438
Our model,3,168.92591857910156
Our model,3,189.65347290039062
Our model,3,160.2151336669922
Our model,3,186.58204650878906
Our model,3,199.1269073486328
Our model,3,178.56394958496094
Our model,3,171.82521057128906
Our model,3,188.4134521484375
Our model,3,199.91188049316406
Our model,3,173.2716827392578
Our model,3,165.59532165527344
Our model,3,157.50718688964844
Our model,3,257.67120361328125
Our model,3,275.7430114746094
Our model,3,313.4737548828125
Our model,3,366.3917236328125
Our model,3,195.1121368408203
Our model,3,217.17884826660156
Our model,3,211.92596435546875
Our model,3,155.08468627929688
Our model,3,200.66455078125
Our model,3,179.67678833007812
Our model,3,181.4796905517578
Our model,3,197.40318298339844
Our model,3,213.04164123535156
Our model,3,218.84768676757812
Our model,3,170.82351684570312
Our model,3,189.7334747314453
Our model,3,199.0920867919922
Our model,3,175.22633361816406
Our model,3,243.7805633544922
Our model,3,256.61419677734375
Our model,3,158.1582489013672
Our model,3,142.7632293701172
Our model,3,172.19268798828125
Our model,3,170.10855102539062
Our model,3,184.44044494628906
Our model,3,170.65513610839844
Our model,3,180.03790283203125
Our model,3,190.44598388671875
Our model,3,249.17721557617188
Our model,3,221.91790771484375
Our model,3,238.15335083007812
Our model,3,161.33901977539062
Our model,3,186.33775329589844
Our model,3,216.11306762695312
Our model,3,192.462646484375
Our model,3,241.32920837402344
Our model,3,181.8764190673828
Our model,3,275.1820373535156
Our model,3,210.282958984375
Our model,3,172.01976013183594
Our model,3,181.23446655273438
Our model,3,188.89808654785156
Our model,3,208.8642120361328
Our model,3,165.8437042236328
Our model,3,164.6351318359375
Our model,3,152.35360717773438
Our model,3,261.3890075683594
Our model,3,175.25656127929688
Our model,3,179.95233154296875
Our model,3,246.64967346191406
Our model,3,202.63568115234375
Our model,3,170.4246368408203
Our model,3,236.3700714111328
Our model,3,263.66644287109375
Our model,3,168.87173461914062
Our model,3,174.44017028808594
Our model,3,185.87393188476562
Our model,3,193.78564453125
Our model,3,291.1953125
Our model,3,298.5921936035156
Our model,3,182.04933166503906
Our model,3,161.0371856689453
Our model,3,188.88356018066406
Our model,3,210.10400390625
Our model,3,164.40821838378906
Our model,3,201.4846649169922
Our model,3,176.6627655029297
Our model,3,178.08018493652344
Our model,3,169.7571258544922
Our model,3,175.4242706298828
Our model,3,214.8379364013672
Our model,3,178.3766632080078
Our model,3,196.29629516601562
Our model,3,172.3607635498047
Our model,3,186.07875061035156
Our model,3,175.1166229248047
Our model,3,170.32058715820312
Our model,3,183.1726837158203
Our model,3,219.1398162841797
Our model,3,172.0790557861328
Our model,3,194.962158203125
Our model,3,202.45050048828125
Our model,3,203.48973083496094
Our model,3,183.8291473388672
Our model,3,207.4097137451172
Our model,3,176.4634552001953
Our model,3,228.01254272460938
Our model,3,183.15866088867188
Our model,3,168.50875854492188
Our model,3,180.90757751464844
Our model,3,165.9141082763672
Our model,3,172.8942108154297
Our model,3,201.4588165283203
Our model,3,205.03602600097656
Our model,3,176.75503540039062
Our model,3,242.38189697265625
Our model,3,211.48052978515625
Our model,3,152.48411560058594
Our model,3,194.65684509277344
Our model,3,211.2818603515625
Our model,3,210.24136352539062
Our model,3,244.75381469726562
Our model,3,176.75509643554688
Our model,3,167.16551208496094
Our model,3,193.16900634765625
Our model,3,171.75656127929688
Our model,3,187.14146423339844
Our model,3,209.1289825439453
Our model,3,226.82557678222656
Our model,3,287.45184326171875
Our model,3,183.88101196289062
Our model,3,246.7412872314453
Our model,3,222.20355224609375
Our model,3,186.74008178710938
Our model,3,197.31654357910156
Our model,3,175.00389099121094
Our model,3,198.42239379882812
Our model,3,202.48097229003906
Our model,3,237.68853759765625
Our model,3,189.37747192382812
Our model,3,226.35723876953125
Our model,3,192.7688751220703
Our model,3,240.47564697265625
Our model,3,256.1444091796875
Our model,3,427.72021484375
Our model,3,449.0130920410156
Our model,3,195.3173828125
Our model,3,169.2310333251953
Our model,3,190.29489135742188
Our model,3,172.09971618652344
Our model,3,216.40625
Our model,3,171.7197723388672
Our model,3,179.16844177246094
Our model,3,328.41986083984375
Our model,3,162.7034149169922
Our model,3,142.4319305419922
Our model,3,339.0964660644531
Our model,3,201.4674072265625
Our model,3,183.40879821777344
Our model,3,185.9506378173828
Our model,3,319.6526184082031
Our model,3,214.05276489257812
Our model,3,192.77822875976562
Our model,3,194.3808135986328
Our model,3,186.92913818359375
Our model,3,305.4738464355469
Our model,3,223.09364318847656
Our model,3,202.0632781982422
Our model,3,193.49330139160156
Our model,3,213.58648681640625
Our model,3,174.018310546875
Our model,3,177.4847869873047
Our model,3,175.75991821289062
Our model,3,177.29644775390625
Our model,3,207.2520751953125
Our model,3,219.3120880126953
Our model,3,180.85403442382812
Our model,3,164.08279418945312
Our model,3,181.87469482421875
Our model,3,158.28814697265625
Our model,3,170.98313903808594
Our model,3,159.42819213867188
Our model,3,276.9805908203125
Our model,3,294.9476318359375
Our model,3,199.79104614257812
Our model,3,195.23727416992188
Our model,3,169.925537109375
Our model,3,159.73336791992188
Our model,3,264.01336669921875
Our model,3,228.0474395751953
Our model,3,162.607666015625
Our model,3,176.95362854003906
Our model,3,159.27471923828125
Our model,3,174.91580200195312
Our model,3,192.41763305664062
Our model,3,175.4725799560547
Our model,3,214.68820190429688
Our model,3,191.08924865722656
Our model,3,218.84060668945312
Our model,3,186.04818725585938
Our model,3,182.9891815185547
Our model,3,204.92291259765625
Our model,3,309.1406555175781
Our model,3,290.1570739746094
Our model,3,204.6918182373047
Our model,3,236.591552734375
Our model,3,202.97544860839844
Our model,3,186.89112854003906
Our model,3,191.6867218017578
Our model,3,161.3348388671875
Our model,3,200.94886779785156
Our model,3,191.5664825439453
Our model,3,205.47547912597656
Our model,3,201.4779510498047
Our model,3,215.12937927246094
Our model,3,181.42478942871094
Our model,3,197.24447631835938
Our model,3,170.0233917236328
Our model,3,184.9560546875
Our model,3,274.1671142578125
Our model,3,204.10366821289062
Our model,3,196.46665954589844
Our model,3,163.9691925048828
Our model,3,269.5376892089844
Our model,3,206.58224487304688
Our model,3,189.18360900878906
Our model,3,223.13259887695312
Our model,3,195.61172485351562
Our model,3,202.21234130859375
Our model,3,214.6724853515625
Our model,3,189.89280700683594
Our model,3,172.27577209472656
Our model,3,173.85714721679688
Our model,3,182.7523651123047
Our model,3,198.88796997070312
Our model,3,176.924072265625
Our model,3,205.57415771484375
Our model,3,197.5572967529297
Our model,3,177.7120361328125
Our model,3,168.8168487548828
Our model,3,156.1466064453125
Our model,3,207.5843963623047
Our model,3,269.9272155761719
Our model,3,240.8426055908203
Our model,3,156.79965209960938
Our model,3,221.3960723876953
Our model,3,227.7027587890625
Our model,3,167.76979064941406
Our model,3,258.0462341308594
Our model,3,174.0640869140625
Our model,3,190.33407592773438
Our model,3,188.90176391601562
Our model,3,198.9972381591797
Our model,3,240.53460693359375
Our model,3,188.77720642089844
Our model,3,189.99783325195312
Our model,3,245.10894775390625
Our model,3,161.47340393066406
Our model,3,174.7852325439453
Our model,3,176.62783813476562
Our model,3,183.63455200195312
Our model,3,173.2108917236328
Our model,3,194.94332885742188
Our model,3,172.75254821777344
Our model,3,227.3510284423828
Our model,3,173.83026123046875
Our model,3,423.4896545410156
Our model,3,402.92620849609375
Our model,3,197.04022216796875
Our model,3,218.3736114501953
Our model,3,178.11814880371094
Our model,3,181.41940307617188
Our model,3,182.57546997070312
Our model,3,165.976318359375
Our model,3,244.1243133544922
Our model,3,184.41616821289062
Our model,3,182.10311889648438
Our model,3,201.33668518066406
Our model,3,246.80722045898438
Our model,3,244.0584716796875
Our model,3,235.15237426757812
Our model,3,185.85299682617188
Our model,3,194.57366943359375
Our model,3,210.57386779785156
Our model,3,201.63946533203125
Our model,3,180.91526794433594
Our model,3,199.39404296875
Our model,3,184.24461364746094
Our model,3,162.17652893066406
Our model,3,158.79051208496094
Our model,3,312.92718505859375
Our model,3,286.5970458984375
Our model,3,220.03695678710938
Our model,3,224.45452880859375
Our model,3,197.6691131591797
Our model,3,175.59017944335938
Our model,3,167.64576721191406
Our model,3,186.12374877929688
Our model,3,209.11814880371094
Our model,3,217.2220458984375
Our model,3,198.94293212890625
Our model,3,169.70669555664062
Our model,3,190.9813690185547
Our model,3,188.6769561767578
Our model,3,150.67713928222656
Our model,3,178.2359619140625
Our model,3,192.86582946777344
Our model,3,214.23353576660156
Our model,3,191.43533325195312
Our model,3,197.4834442138672
Our model,3,170.25538635253906
Our model,3,167.78453063964844
Our model,3,161.6060028076172
Our model,3,176.68572998046875
Our model,3,220.83848571777344
Our model,3,254.3775177001953
Our model,3,209.1657257080078
Our model,3,384.62298583984375
Our model,3,165.88858032226562
Our model,3,176.55345153808594
Our model,3,382.1239013671875
Our model,3,179.41622924804688
Our model,3,167.54173278808594
Our model,3,168.17843627929688
Our model,3,200.07518005371094
Our model,3,205.5419464111328
Our model,3,196.1699676513672
Our model,3,163.9020233154297
Our model,3,207.28173828125
Our model,3,172.78431701660156
Our model,3,162.86453247070312
Our model,3,153.15684509277344
Our model,3,247.88763427734375
Our model,3,206.690185546875
Our model,3,219.49937438964844
Our model,3,164.5175323486328
Our model,3,232.71083068847656
Our model,3,211.7897491455078
Our model,3,214.1804656982422
Our model,3,170.4743194580078
Our model,3,203.06996154785156
Our model,3,182.55850219726562
Our model,3,185.8817138671875
Our model,3,166.7925262451172
Our model,3,169.66452026367188
Our model,3,196.44915771484375
Our model,3,194.66795349121094
Our model,3,232.03663635253906
Our model,3,206.16163635253906
Our model,3,188.89320373535156
Our model,3,192.69696044921875
Our model,3,240.78314208984375
Our model,3,163.11705017089844
Our model,3,168.23873901367188
Our model,3,178.4341583251953
Our model,3,201.9583282470703
Our model,3,215.39527893066406
Our model,3,226.39468383789062
Our model,3,195.94886779785156
Our model,3,207.35939025878906
Our model,3,189.9392547607422
Our model,3,170.0897979736328
Our model,3,199.9793701171875
Our model,3,190.07415771484375
Our model,3,195.78097534179688
Our model,3,197.52169799804688
Our model,3,194.63113403320312
Our model,3,179.33596801757812
Our model,3,185.31539916992188
Our model,3,194.16372680664062
Our model,3,206.8544464111328
Our model,3,174.81509399414062
Our model,3,171.79127502441406
Our model,3,188.21844482421875
Our model,3,214.69325256347656
Our model,3,174.68994140625
Our model,3,206.83201599121094
Our model,3,155.01634216308594
Our model,3,192.19776916503906
Our model,3,188.11175537109375
Our model,3,219.98284912109375
Our model,3,218.48410034179688
Our model,3,210.3924560546875
Our model,3,191.1012420654297
Our model,3,186.02244567871094
Our model,3,161.63406372070312
Our model,3,157.844482421875
Our model,3,180.76734924316406
Our model,3,169.7894744873047
Our model,3,197.4205780029297
Our model,3,164.17645263671875
Our model,3,184.32957458496094
Our model,3,212.0299072265625
Our model,3,160.9913330078125
Our model,3,169.19009399414062
Our model,3,146.97027587890625
Our model,3,172.49327087402344
Our model,3,199.6848907470703
Our model,3,186.67515563964844
Our model,3,159.20750427246094
Our model,3,223.46099853515625
Our model,3,172.74412536621094
Our model,3,173.3505096435547
Our model,3,183.1946563720703
Our model,3,213.87033081054688
Our model,3,209.83164978027344
Our model,3,202.5845947265625
Our model,3,153.64495849609375
Our model,3,215.41598510742188
Our model,3,166.55458068847656
Our model,3,178.8689422607422
Our model,3,172.44161987304688
Our model,3,191.85372924804688
Our model,3,191.07034301757812
Our model,3,203.77072143554688
Our model,3,167.270751953125
Our model,3,186.1016387939453
Our model,3,153.95896911621094
Our model,3,218.9471893310547
Our model,3,190.6158905029297
Our model,3,208.1680908203125
Our model,3,204.07386779785156
Our model,3,186.21395874023438
Our model,3,172.24171447753906
Our model,3,167.17381286621094
Our model,3,191.0592041015625
Our model,3,188.4694061279297
Our model,3,163.3855743408203
Our model,3,205.71803283691406
Our model,3,187.6907501220703
Our model,3,236.1299285888672
Our model,3,182.0865020751953
Our model,3,203.8713836669922
Our model,3,176.11265563964844
Our model,3,198.17501831054688
Our model,3,192.22596740722656
Our model,3,189.58639526367188
Our model,3,215.77525329589844
Our model,3,233.831298828125
Our model,3,241.5059356689453
Our model,3,182.06626892089844
Our model,3,182.92213439941406
Our model,3,317.1718444824219
Our model,3,267.7658386230469
Our model,3,241.16082763671875
Our model,3,279.5423889160156
Our model,3,174.9611053466797
Our model,3,168.7814483642578
Our model,3,164.02223205566406
Our model,3,169.31204223632812
Our model,3,205.91171264648438
Our model,3,212.5381622314453
Our model,3,200.94215393066406
Our model,3,233.00299072265625
Our model,3,275.1377258300781
Our model,3,230.26490783691406
Our model,3,173.61135864257812
Our model,3,172.85919189453125
Our model,3,167.66348266601562
Our model,3,203.3219757080078
Our model,3,229.71234130859375
Our model,3,180.89817810058594
Our model,3,230.4387664794922
Our model,3,165.74514770507812
Our model,3,177.0992889404297
Our model,3,180.36651611328125
Our model,3,182.7649688720703
Our model,3,176.65187072753906
Our model,3,206.8437042236328
Our model,3,178.51954650878906
Our model,3,196.93077087402344
Our model,3,204.2066192626953
Our model,3,231.59329223632812
Our model,3,241.06153869628906
Our model,3,214.4198760986328
Our model,3,222.32470703125
Our model,3,155.3272247314453
Our model,3,174.51519775390625
Our model,3,204.4145050048828
Our model,3,176.96420288085938
Our model,3,177.86703491210938
Our model,3,221.0137176513672
Our model,3,212.12367248535156
Our model,3,176.52151489257812
Our model,3,232.40945434570312
Our model,3,161.77146911621094
Our model,3,196.3764190673828
Our model,3,200.34884643554688
Our model,3,197.30909729003906
Our model,3,181.30108642578125
Our model,3,191.94830322265625
Our model,3,165.78372192382812
Our model,3,206.67636108398438
Our model,3,194.13121032714844
Our model,3,232.37261962890625
Our model,3,242.02044677734375
Our model,3,183.57540893554688
Our model,3,166.69949340820312
Our model,3,169.66111755371094
Our model,3,206.74307250976562
Our model,3,190.12643432617188
Our model,3,174.34239196777344
Our model,3,253.71168518066406
Our model,3,198.7888946533203
Our model,3,207.3418426513672
Our model,3,183.57752990722656
Our model,3,171.65823364257812
Our model,3,233.65809631347656
Our model,3,205.7083740234375
Our model,3,182.01962280273438
Our model,3,194.65628051757812
Our model,3,213.09556579589844
Our model,3,268.8686218261719
Our model,3,181.89096069335938
Our model,3,269.3305969238281
Our model,3,174.78427124023438
Our model,3,242.74383544921875
Our model,3,184.51290893554688
Our model,3,232.63864135742188
Our model,3,206.44407653808594
Our model,3,200.72744750976562
Our model,3,205.29263305664062
Our model,3,146.34727478027344
Our model,3,233.57427978515625
Our model,3,204.5536651611328
Our model,3,193.95079040527344
Our model,3,194.5734100341797
Our model,3,188.417236328125
Our model,3,208.0975799560547
Our model,3,194.29464721679688
Our model,3,179.4532470703125
Our model,3,175.45909118652344
Our model,3,270.8000183105469
Our model,3,266.7541198730469
Our model,3,241.3990936279297
Our model,3,220.576904296875
Our model,3,160.9019775390625
Our model,3,166.44915771484375
Our model,3,194.011962890625
Our model,3,176.969970703125
Our model,3,204.226806640625
Our model,3,206.41258239746094
Our model,3,241.28500366210938
Our model,3,191.40347290039062
Our model,3,199.3507537841797
Our model,3,202.5727081298828
Our model,3,150.7003631591797
Our model,3,216.72515869140625
Our model,3,185.0622100830078
Our model,3,180.13429260253906
Our model,3,195.45025634765625
Our model,3,184.67799377441406
Our model,3,214.12660217285156
Our model,3,202.50885009765625
Our model,3,194.63345336914062
Our model,3,170.5781707763672
Our model,3,237.26515197753906
Our model,3,194.70217895507812
Our model,3,202.07643127441406
Our model,3,196.29043579101562
Our model,3,164.8415069580078
Our model,3,167.4407958984375
Our model,3,159.8182373046875
Our model,3,166.33457946777344
Our model,3,202.236328125
Our model,3,216.5334014892578
Our model,3,182.9805908203125
Our model,3,176.02354431152344
Our model,3,195.67930603027344
Our model,3,199.91244506835938
Our model,3,212.93048095703125
Our model,3,157.39364624023438
Our model,3,185.6419219970703
Our model,3,218.90380859375
Our model,3,227.8953399658203
Our model,3,184.16522216796875
Our model,3,177.4453582763672
Our model,3,227.155029296875
Our model,3,170.32411193847656
Our model,3,172.40542602539062
Our model,3,196.90052795410156
Our model,3,189.26803588867188
Our model,3,207.4351043701172
Our model,3,203.67857360839844
Our model,3,181.096923828125
Our model,3,184.79054260253906
Our model,3,220.92681884765625
Our model,3,200.15774536132812
Our model,3,230.59767150878906
Our model,3,254.92404174804688
Our model,3,176.69854736328125
Our model,3,172.0753936767578
Our model,3,185.528564453125
Our model,3,178.6358642578125
Our model,3,215.30307006835938
Our model,3,190.50379943847656
Our model,3,245.9516143798828
Our model,3,188.46217346191406
Our model,3,227.3488006591797
Our model,3,172.44725036621094
Our model,3,218.50820922851562
Our model,3,175.479736328125
Our model,3,178.51541137695312
Our model,3,156.6887664794922
Our model,3,190.87594604492188
Our model,3,186.0299072265625
Our model,3,201.13754272460938
Our model,3,213.90402221679688
Our model,3,166.51304626464844
Our model,3,177.29769897460938
Our model,3,203.4596405029297
Our model,3,241.17910766601562
Our model,3,202.05056762695312
Our model,3,171.52317810058594
Our model,3,166.5672607421875
Our model,3,177.24954223632812
Our model,3,199.46250915527344
Our model,3,206.5203399658203
Our model,3,187.91749572753906
Our model,3,199.18797302246094
Our model,3,207.9539794921875
Our model,3,183.98146057128906
Our model,3,207.3304443359375
Our model,3,183.04898071289062
Our model,3,241.4758758544922
Our model,3,175.21595764160156
Our model,3,224.8599395751953
Our model,3,197.9584503173828
Our model,3,163.6181640625
Our model,3,205.79588317871094
Our model,3,177.7400665283203
Our model,3,199.11434936523438
Our model,3,228.16770935058594
Our model,3,167.28163146972656
Our model,3,194.47747802734375
Our model,3,208.11080932617188
Our model,3,150.52114868164062
Our model,3,178.83522033691406
Our model,3,219.707763671875
Our model,3,218.60678100585938
Our model,3,234.01712036132812
Our model,3,240.01837158203125
Our model,3,215.8164520263672
Our model,3,163.42164611816406
Our model,3,192.17897033691406
Our model,3,181.05491638183594
Our model,3,189.1454620361328
Our model,3,250.29635620117188
Our model,3,204.3479766845703
Our model,3,198.3408203125
Our model,3,170.05294799804688
Our model,3,173.38027954101562
Our model,3,219.65219116210938
Our model,3,209.33038330078125
Our model,3,211.06690979003906
Our model,3,215.65994262695312
Our model,3,170.84033203125
Our model,3,156.2550811767578
Our model,3,182.60260009765625
Our model,3,172.2778778076172
Our model,3,179.28602600097656
Our model,3,203.54490661621094
Our model,3,157.26072692871094
Our model,3,198.76304626464844
Our model,3,191.14013671875
Our model,3,221.72830200195312
Our model,3,170.9849395751953
Our model,3,217.84051513671875
Our model,3,205.99221801757812
Our model,3,211.60684204101562
Our model,3,185.37225341796875
Our model,3,180.57200622558594
Our model,3,169.0913848876953
Our model,3,207.63121032714844
Our model,3,174.8192138671875
Our model,3,274.8088073730469
Our model,3,171.6761016845703
Our model,3,173.32981872558594
Our model,3,277.45037841796875
Our model,3,142.04881286621094
Our model,3,186.16275024414062
Our model,3,173.8808135986328
Our model,3,215.4345245361328
Our model,3,219.81800842285156
Our model,3,166.53538513183594
Our model,3,143.8973388671875
Our model,3,175.8227081298828
Our model,3,192.72506713867188
Our model,3,219.44383239746094
Our model,3,197.84368896484375
Our model,3,399.1094665527344
Our model,3,215.9081268310547
Our model,3,173.4268798828125
Our model,3,411.29510498046875
Our model,3,169.86744689941406
Our model,3,178.52256774902344
Our model,3,176.05233764648438
Our model,3,193.09640502929688
Our model,3,163.91299438476562
Our model,3,141.3892059326172
Our model,3,199.8353729248047
Our model,3,167.10934448242188
Our model,3,244.66506958007812
Our model,3,202.7481689453125
Our model,3,195.89686584472656
Our model,3,199.72137451171875
Our model,3,187.90460205078125
Our model,3,284.8243408203125
Our model,3,200.270751953125
Our model,3,169.14114379882812
Our model,3,190.00538635253906
Our model,3,183.34352111816406
Our model,3,229.00997924804688
Our model,3,203.95774841308594
Our model,3,198.37908935546875
Our model,3,219.00799560546875
Our model,3,168.99290466308594
Our model,3,207.72259521484375
Our model,3,200.7415008544922
Our model,3,267.4093017578125
Our model,3,164.3811492919922
Our model,3,197.4648895263672
Our model,3,249.3486785888672
Our model,3,209.49520874023438
Our model,3,179.85601806640625
Our model,3,195.12533569335938
Our model,3,221.7802276611328
Our model,3,209.13719177246094
Our model,3,219.00616455078125
Our model,3,220.4857635498047
Our model,3,167.05694580078125
Our model,3,184.23544311523438
Our model,3,200.25729370117188
Our model,3,184.21939086914062
Our model,3,217.85191345214844
Our model,3,211.8375244140625
Our model,3,278.21356201171875
Our model,3,275.58099365234375
Our model,3,153.8580780029297
Our model,3,187.67855834960938
Our model,3,187.1205291748047
Our model,3,175.52659606933594
Our model,3,213.14761352539062
Our model,3,203.57904052734375
Our model,3,206.04275512695312
Our model,3,197.8287353515625
Our model,3,185.2887725830078
Our model,3,158.83035278320312
Our model,3,188.18321228027344
Our model,3,171.55706787109375
Our model,3,216.8033447265625
Our model,3,208.8978729248047
Our model,3,184.25816345214844
Our model,3,184.13572692871094
Our model,3,211.6505889892578
Our model,3,219.65733337402344
Our model,3,188.619384765625
Our model,3,210.2241668701172
Our model,3,193.27484130859375
Our model,3,225.9793243408203
Our model,3,210.68214416503906
Our model,3,214.1951446533203
Our model,3,235.54368591308594
Our model,3,155.1397247314453
Our model,3,250.23574829101562
Our model,3,216.2695770263672
Our model,3,203.5198974609375
Our model,3,248.9394073486328
Our model,3,209.45645141601562
Our model,3,161.5188751220703
Our model,3,193.61773681640625
Our model,3,168.1466064453125
Our model,3,209.67001342773438
Our model,3,185.77243041992188
Our model,3,258.4031982421875
Our model,3,304.9649963378906
Our model,3,164.90769958496094
Our model,3,145.1449737548828
Our model,3,218.67300415039062
Our model,3,170.1945037841797
Our model,3,184.36337280273438
Our model,3,174.88589477539062
Our model,3,236.34738159179688
Our model,3,199.40196228027344
Our model,3,241.2010040283203
Our model,3,181.2570037841797
Our model,3,236.1333465576172
Our model,3,215.132568359375
Our model,3,179.49591064453125
Our model,3,262.9681701660156
Our model,3,206.97340393066406
Our model,3,244.4233856201172
Our model,3,184.813720703125
Our model,3,250.43231201171875
Our model,3,203.00653076171875
Our model,3,142.49501037597656
Our model,3,202.23068237304688
Our model,3,252.70462036132812
Our model,3,239.2740020751953
Our model,3,240.68148803710938
Our model,3,203.88580322265625
Our model,3,221.02001953125
Our model,3,223.63392639160156
Our model,3,200.9654998779297
Our model,3,201.2495880126953
Our model,3,221.1627197265625
Our model,3,196.1302947998047
Our model,3,188.3426513671875
Our model,3,183.7216033935547
Our model,3,227.32183837890625
Our model,3,182.95057678222656
Our model,3,188.85557556152344
Our model,3,220.09034729003906
Our model,3,184.67860412597656
Our model,3,214.8579559326172
Our model,3,208.47482299804688
Our model,3,194.10366821289062
Our model,3,216.30520629882812
Our model,3,162.0281219482422
Our model,3,163.2072296142578
Our model,3,163.4730682373047
Our model,3,166.27450561523438
Our model,3,258.13739013671875
Our model,3,269.7403259277344
Our model,3,318.91180419921875
Our model,3,318.06219482421875
Our model,3,154.66659545898438
Our model,3,160.0061492919922
Our model,3,200.21177673339844
Our model,3,204.7121124267578
Our model,3,201.51773071289062
Our model,3,226.72792053222656
Our model,3,203.46795654296875
Our model,3,173.33985900878906
Our model,3,208.5908203125
Our model,3,164.9519805908203
Our model,3,197.56373596191406
Our model,3,193.51956176757812
Our model,3,234.45138549804688
Our model,3,230.0953826904297
Our model,3,249.55674743652344
Our model,3,187.22732543945312
Our model,3,168.61558532714844
Our model,3,191.71958923339844
Our model,3,181.77395629882812
Our model,3,212.26744079589844
Our model,3,180.31716918945312
Our model,3,197.85873413085938
Our model,3,164.05874633789062
Our model,3,200.925048828125
Our model,3,176.89488220214844
Our model,3,179.52767944335938
Our model,3,180.70211791992188
Our model,3,178.3345184326172
Our model,3,245.46998596191406
Our model,3,238.43663024902344
Our model,3,276.7740478515625
Our model,3,204.608154296875
Our model,3,227.17002868652344
Our model,3,187.3218231201172
Our model,3,299.3066711425781
Our model,3,258.81866455078125
Our model,3,223.07662963867188
Our model,3,190.93057250976562
Our model,3,189.38320922851562
Our model,3,171.6732177734375
Our model,3,174.90394592285156
Our model,3,198.1401824951172
Our model,3,221.2963104248047
Our model,3,165.8425750732422
Our model,3,245.2692413330078
Our model,3,192.9688720703125
Our model,3,210.9539337158203
Our model,3,224.01194763183594
Our model,3,207.2707061767578
Our model,3,272.8611145019531
Our model,3,192.3751220703125
Our model,3,193.26744079589844
Our model,3,195.52908325195312
Our model,3,179.57362365722656
Our model,3,208.48208618164062
Our model,3,181.22552490234375
Our model,3,218.85238647460938
Our model,3,149.52981567382812
Our model,3,182.17921447753906
Our model,3,187.02365112304688
Our model,3,191.4907989501953
Our model,3,180.4191131591797
Our model,3,187.86997985839844
Our model,3,180.3672332763672
Our model,3,161.11203002929688
Our model,3,154.02174377441406
Our model,3,206.73171997070312
Our model,3,193.65972900390625
Our model,3,187.02542114257812
Our model,3,200.12428283691406
Our model,3,193.00416564941406
Our model,3,206.7754364013672
Our model,3,168.3592529296875
Our model,3,173.78683471679688
Our model,3,171.00782775878906
Our model,3,162.05410766601562
Our model,3,188.14016723632812
Our model,3,180.1702880859375
Our model,3,171.5128173828125
Our model,3,160.65774536132812
Our model,3,159.63429260253906
Our model,3,170.1660919189453
Our model,3,222.46824645996094
Our model,3,184.0763702392578
Our model,3,194.13011169433594
Our model,3,205.2207489013672
Our model,3,320.2735900878906
Our model,3,158.93887329101562
Our model,3,322.6893005371094
Our model,3,165.19122314453125
Our model,3,224.12222290039062
Our model,3,223.6361541748047
Our model,3,203.35791015625
Our model,3,191.38449096679688
Our model,3,176.3651580810547
Our model,3,164.71676635742188
Our model,3,176.29684448242188
Our model,3,193.66302490234375
Our model,3,162.35618591308594
Our model,3,187.241943359375
Our model,3,214.91696166992188
Our model,3,203.4910430908203
Our model,3,177.1685028076172
Our model,3,202.18309020996094
Our model,3,214.24884033203125
Our model,3,178.57286071777344
Our model,3,205.3634033203125
Our model,3,195.1048126220703
Our model,3,175.70578002929688
Our model,3,221.63241577148438
Our model,3,200.91839599609375
Our model,3,178.57916259765625
Our model,3,215.2620849609375
Our model,3,183.2111358642578
Our model,3,170.0731964111328
Our model,3,173.30303955078125
Our model,3,204.0912628173828
Our model,3,210.552001953125
Our model,3,242.08056640625
Our model,3,241.92242431640625
Our model,3,178.20074462890625
Our model,3,157.67430114746094
Our model,3,182.20751953125
Our model,3,181.32470703125
Our model,3,242.9675750732422
Our model,3,186.31898498535156
Our model,3,182.7945098876953
Our model,3,202.81239318847656
Our model,3,167.58236694335938
Our model,3,196.17782592773438
Our model,3,191.56617736816406
Our model,3,185.42010498046875
Our model,3,171.03517150878906
Our model,3,189.0544891357422
Our model,3,201.93695068359375
Our model,3,182.3140106201172
Our model,3,185.8607635498047
Our model,3,178.6265869140625
Our model,3,183.8299102783203
Our model,3,169.11651611328125
Our model,3,186.5634765625
Our model,3,197.07179260253906
Our model,3,183.9639129638672
Our model,3,166.93182373046875
Our model,3,178.31301879882812
Our model,3,158.03683471679688
Our model,3,188.46932983398438
Our model,3,186.48826599121094
Our model,3,233.22264099121094
Our model,3,197.8569793701172
Our model,3,194.4752197265625
Our model,3,165.53884887695312
Our model,3,160.55877685546875
Our model,3,170.7464599609375
Our model,3,197.2526092529297
Our model,3,270.3686218261719
Our model,3,198.99871826171875
Our model,3,202.7198486328125
Our model,3,195.68667602539062
Our model,3,288.18927001953125
Our model,3,217.60362243652344
Our model,3,198.932373046875
Our model,3,228.97830200195312
Our model,3,289.5945129394531
Our model,3,210.85809326171875
Our model,3,180.96267700195312
Our model,3,247.0132293701172
Our model,3,234.76316833496094
Our model,3,228.88780212402344
Our model,3,200.8016357421875
Our model,3,214.76324462890625
Our model,3,200.7362823486328
Our model,3,201.9432373046875
Our model,3,209.24229431152344
Our model,3,196.4946746826172
Our model,3,182.55577087402344
Our model,3,242.30892944335938
Our model,3,211.40017700195312
Our model,3,193.0411376953125
Our model,3,215.2099151611328
Our model,3,204.01513671875
Our model,3,188.1771240234375
Our model,3,176.09188842773438
Our model,3,164.6201171875
Our model,3,152.91481018066406
Our model,3,166.43289184570312
Our model,3,205.2312774658203
Our model,3,254.94332885742188
Our model,3,197.06729125976562
Our model,3,239.0654296875
Our model,3,198.43601989746094
Our model,3,270.1210632324219
Our model,3,222.05615234375
Our model,3,185.86289978027344
Our model,3,217.06991577148438
Our model,3,206.58203125
Our model,3,216.34994506835938
Our model,3,221.1747283935547
Our model,3,155.4322967529297
Our model,3,207.07437133789062
Our model,3,194.423095703125
Our model,3,182.1016387939453
Our model,3,189.66427612304688
Our model,3,172.03041076660156
Our model,3,185.3218536376953
Our model,3,219.1919708251953
Our model,3,192.24168395996094
Our model,3,198.90628051757812
Our model,3,209.71446228027344
Our model,3,170.7254180908203
Our model,3,199.7192840576172
Our model,3,217.6800079345703
Our model,3,187.67633056640625
Our model,3,196.3831787109375
Our model,3,189.47955322265625
Our model,3,223.71102905273438
Our model,3,219.0939483642578
Our model,3,174.25477600097656
Our model,3,181.1322784423828
Our model,3,205.49974060058594
Our model,3,191.75022888183594
Our model,3,200.94815063476562
Our model,3,174.1290740966797
Our model,3,177.9488067626953
Our model,3,306.4388427734375
Our model,3,321.659912109375
Our model,3,190.57888793945312
Our model,3,180.4654998779297
Our model,3,237.58006286621094
Our model,3,177.70741271972656
Our model,3,243.46632385253906
Our model,3,186.1654815673828
Our model,3,190.27761840820312
Our model,3,180.16932678222656
Our model,3,197.45672607421875
Our model,3,207.85862731933594
Our model,3,204.00418090820312
Our model,3,186.41993713378906
Our model,3,184.58416748046875
Our model,3,181.72109985351562
Our model,3,188.78363037109375
Our model,3,229.4788055419922
Our model,3,222.85012817382812
Our model,3,204.58367919921875
Our model,3,214.83941650390625
Our model,3,186.89857482910156
Our model,3,196.03602600097656
Our model,3,152.9286651611328
Our model,3,184.983642578125
Our model,3,202.41712951660156
Our model,3,186.19918823242188
Our model,3,159.22264099121094
Our model,3,165.23135375976562
Our model,3,159.3550262451172
Our model,3,155.1449737548828
Our model,3,145.45681762695312
Our model,3,218.8081512451172
Our model,3,205.83914184570312
Our model,3,171.60650634765625
Our model,3,219.42054748535156
Our model,3,170.90313720703125
Our model,3,195.81857299804688
Our model,3,219.7975311279297
Our model,3,167.0426025390625
Our model,3,210.98927307128906
Our model,3,216.31613159179688
Our model,3,262.6197814941406
Our model,3,276.43951416015625
Our model,3,201.24337768554688
Our model,3,182.78628540039062
Our model,3,189.30538940429688
Our model,3,150.96664428710938
Our model,3,198.5478057861328
Our model,3,167.74464416503906
Our model,3,172.99090576171875
Our model,3,218.76681518554688
Our model,3,219.15528869628906
Our model,3,187.4140625
Our model,3,218.4376678466797
Our model,3,174.8968505859375
Our model,3,201.4811553955078
Our model,3,182.10043334960938
Our model,3,204.1088409423828
Our model,3,221.74179077148438
Our model,3,244.9050750732422
Our model,3,237.52029418945312
Our model,3,165.33522033691406
Our model,3,156.07020568847656
Our model,3,224.11228942871094
Our model,3,211.9281768798828
Our model,3,214.07667541503906
Our model,3,252.31710815429688
Our model,3,186.6823272705078
Our model,3,175.50634765625
Our model,3,179.50779724121094
Our model,3,160.8043212890625
Our model,3,199.87681579589844
Our model,3,216.62799072265625
Our model,3,216.1339874267578
Our model,3,211.8924560546875
Our model,3,273.3654479980469
Our model,3,275.60736083984375
Our model,3,151.8012237548828
Our model,3,169.72933959960938
Our model,3,173.965576171875
Our model,3,191.85345458984375
Our model,3,180.2791748046875
Our model,3,161.0360107421875
Our model,3,203.38121032714844
Our model,3,185.18338012695312
Our model,3,156.4007568359375
Our model,3,161.4852294921875
Our model,3,194.58718872070312
Our model,3,163.6881561279297
Our model,3,190.1390380859375
Our model,3,228.9441375732422
Our model,3,203.6750030517578
Our model,3,198.67056274414062
Our model,3,180.7117462158203
Our model,3,184.2782745361328
Our model,3,196.20745849609375
Our model,3,183.81993103027344
Our model,3,203.15542602539062
Our model,3,230.9713897705078
Our model,3,189.94862365722656
Our model,3,174.7784881591797
Our model,3,222.16978454589844
Our model,3,169.332763671875
Our model,3,189.13845825195312
Our model,3,185.02719116210938
Our model,3,185.36666870117188
Our model,3,208.03501892089844
Our model,3,191.67005920410156
Our model,3,207.99447631835938
Our model,3,186.17135620117188
Our model,3,185.47512817382812
Our model,3,272.10015869140625
Our model,3,188.63150024414062
Our model,3,181.18223571777344
Our model,3,168.56336975097656
Our model,3,314.4637145996094
Our model,3,307.5260009765625
Our model,3,180.5399932861328
Our model,3,210.91371154785156
Our model,3,259.7872009277344
Our model,3,230.83712768554688
Our model,3,181.22059631347656
Our model,3,201.53106689453125
Our model,3,171.0480499267578
Our model,3,206.98805236816406
Our model,3,186.9204864501953
Our model,3,170.4361114501953
Our model,3,212.94630432128906
Our model,3,177.08706665039062
Our model,3,194.4321746826172
Our model,3,233.17172241210938
Our model,3,195.63037109375
Our model,3,181.06085205078125
Our model,3,226.95660400390625
Our model,3,170.8892364501953
Our model,3,171.26597595214844
Our model,3,200.79380798339844
Our model,3,186.64303588867188
Our model,3,163.57728576660156
Our model,3,184.7360382080078
Our model,3,201.3954315185547
Our model,3,199.67108154296875
Our model,3,153.25784301757812
Our model,3,180.64376831054688
Our model,3,269.4161376953125
Our model,3,225.49005126953125
Our model,3,159.9320526123047
Our model,3,189.06336975097656
Our model,3,252.6968536376953
Our model,3,160.26785278320312
Our model,3,184.30174255371094
Our model,3,210.9815673828125
Our model,3,195.03526306152344
Our model,3,199.3332061767578
Our model,3,239.03985595703125
Our model,3,164.45909118652344
Our model,3,165.48838806152344
Our model,3,195.293212890625
Our model,3,191.57559204101562
Our model,3,258.0425720214844
Our model,3,235.04971313476562
Our model,3,206.5916748046875
Our model,3,227.9037322998047
Our model,3,240.51495361328125
Our model,3,193.74075317382812
Our model,3,193.8483428955078
Our model,3,198.46368408203125
Our model,3,208.42843627929688
Our model,3,192.22921752929688
Our model,3,223.93789672851562
Our model,3,188.48085021972656
Our model,3,227.3550262451172
Our model,3,181.20425415039062
Our model,3,210.0442657470703
Our model,3,177.35450744628906
Our model,3,188.5511932373047
Our model,3,176.6124725341797
Our model,3,181.04336547851562
Our model,3,202.5105438232422
Our model,3,199.19361877441406
Our model,3,174.5428466796875
Our model,3,170.7092742919922
Our model,3,142.54144287109375
Our model,3,213.66668701171875
Our model,3,186.28829956054688
Our model,3,188.3365936279297
Our model,3,163.89979553222656
Our model,3,151.13070678710938
Our model,3,192.91552734375
Our model,3,226.46102905273438
Our model,3,160.4192352294922
Our model,3,184.93856811523438
Our model,3,253.9718475341797
Our model,3,217.0865478515625
Our model,3,185.37652587890625
Our model,3,179.55177307128906
Our model,3,205.04263305664062
Our model,3,204.00033569335938
Our model,3,187.55848693847656
Our model,3,247.38621520996094
Our model,3,202.3358154296875
Our model,3,247.28599548339844
Our model,3,249.43289184570312
Our model,3,175.63058471679688
Our model,3,189.9997100830078
Our model,3,203.7625732421875
Our model,3,192.13626098632812
Our model,3,214.6413116455078
Our model,3,196.03074645996094
Our model,3,180.31134033203125
Our model,3,168.4926300048828
Our model,3,165.97079467773438
Our model,3,205.88818359375
Our model,3,254.89601135253906
Our model,3,269.8147277832031
Our model,3,193.54994201660156
Our model,3,200.83230590820312
Our model,3,323.60125732421875
Our model,3,202.8899383544922
Our model,3,265.89593505859375
Our model,3,155.72476196289062
Our model,3,196.5095977783203
Our model,3,190.6827392578125
Our model,3,192.9181365966797
Our model,3,210.04771423339844
Our model,3,188.6714630126953
Our model,3,190.73092651367188
Our model,3,194.36050415039062
Our model,3,173.81105041503906
Our model,3,171.68540954589844
Our model,3,195.41574096679688
Our model,3,177.16421508789062
Our model,3,192.714599609375
Our model,3,200.6264190673828
Our model,3,163.5478515625
Our model,3,209.02235412597656
Our model,3,199.49758911132812
Our model,3,234.56753540039062
Our model,3,195.38499450683594
Our model,3,196.89695739746094
Our model,3,186.19854736328125
Our model,3,158.30125427246094
Our model,3,208.94842529296875
Our model,3,211.60995483398438
Our model,3,190.89686584472656
Our model,3,213.3250274658203
Our model,3,196.03074645996094
Our model,3,198.95521545410156
Our model,3,217.7251739501953
Our model,3,189.4401092529297
Our model,3,177.0470428466797
Our model,3,170.213134765625
Our model,3,183.75270080566406
Our model,3,187.79795837402344
Our model,3,222.7553253173828
Our model,3,185.8280792236328
Our model,3,167.6539306640625
Our model,3,180.14633178710938
Our model,3,167.23101806640625
Our model,3,198.64796447753906
Our model,3,191.22579956054688
Our model,3,187.1231231689453
Our model,3,246.55780029296875
Our model,3,163.4254608154297
Our model,3,154.8098602294922
Our model,3,213.2051544189453
Our model,3,191.38436889648438
Our model,3,241.2611083984375
Our model,3,249.87237548828125
Our model,3,192.18063354492188
Our model,3,205.01089477539062
Our model,3,271.7853088378906
Our model,3,282.18560791015625
Our model,3,178.6369171142578
Our model,3,163.96438598632812
Our model,3,263.3183898925781
Our model,3,239.3326873779297
Our model,3,176.56130981445312
Our model,3,185.306884765625
Our model,3,202.92684936523438
Our model,3,191.88125610351562
Our model,3,172.67941284179688
Our model,3,167.8089141845703
Our model,3,220.3304443359375
Our model,3,245.22535705566406
Our model,3,171.3966827392578
Our model,3,191.43777465820312
Our model,3,256.0299377441406
Our model,3,207.5704803466797
Our model,3,239.841796875
Our model,3,157.82723999023438
Our model,3,208.54177856445312
Our model,3,176.86036682128906
Our model,3,269.1097412109375
Our model,3,241.7924346923828
Our model,3,190.6190643310547
Our model,3,178.86178588867188
Our model,3,180.23858642578125
Our model,3,219.163818359375
Our model,3,178.82618713378906
Our model,3,191.73509216308594
Our model,3,189.240478515625
Our model,3,230.4949493408203
Our model,3,182.695556640625
Our model,3,189.17221069335938
Our model,3,195.8638153076172
Our model,3,177.98812866210938
Our model,3,195.37371826171875
Our model,3,197.7043914794922
Our model,3,237.6044158935547
Our model,3,222.9949951171875
Our model,3,173.95443725585938
Our model,3,172.44659423828125
Our model,3,180.58433532714844
Our model,3,171.0486602783203
Our model,3,200.04771423339844
Our model,3,199.29464721679688
Our model,3,180.54177856445312
Our model,3,186.63385009765625
Our model,3,239.33656311035156
Our model,3,176.51687622070312
Our model,3,202.03639221191406
Our model,3,164.59030151367188
Our model,3,202.20668029785156
Our model,3,196.12460327148438
Our model,3,193.50186157226562
Our model,3,251.69505310058594
Our model,3,196.33192443847656
Our model,3,177.3160400390625
Our model,3,245.2994384765625
Our model,3,162.42684936523438
Our model,3,216.37496948242188
Our model,3,224.31732177734375
Our model,3,193.0976104736328
Our model,3,193.1007080078125
Our model,3,184.15310668945312
Our model,3,176.14720153808594
Our model,3,161.8267364501953
Our model,3,169.0945281982422
Our model,3,213.70005798339844
Our model,3,209.33975219726562
Our model,3,223.9521026611328
Our model,3,266.6346130371094
Our model,3,177.84066772460938
Our model,3,169.74661254882812
Our model,3,180.64366149902344
Our model,3,167.08572387695312
Our model,3,212.22503662109375
Our model,3,185.37057495117188
Our model,3,181.87545776367188
Our model,3,182.0378875732422
Our model,3,220.3517608642578
Our model,3,188.41494750976562
Our model,3,187.1766815185547
Our model,3,170.28648376464844
Our model,3,227.59078979492188
Our model,3,239.3883056640625
Our model,3,184.38009643554688
Our model,3,198.67153930664062
Our model,3,179.02731323242188
Our model,3,174.21295166015625
Our model,3,173.1252899169922
Our model,3,168.1858673095703
Our model,3,217.093994140625
Our model,3,202.40597534179688
Our model,3,200.4871826171875
Our model,3,194.31216430664062
Our model,3,154.57199096679688
Our model,3,167.7839813232422
Our model,3,245.2760467529297
Our model,3,173.56016540527344
Our model,3,197.65740966796875
Our model,3,184.4561004638672
Our model,3,260.0948486328125
Our model,3,194.0159912109375
Our model,3,214.1841583251953
Our model,3,205.8130340576172
Our model,3,205.1260528564453
Our model,3,185.0792236328125
Our model,3,176.1692657470703
Our model,3,197.67103576660156
Our model,3,197.7815704345703
Our model,3,165.34381103515625
Our model,3,218.51344299316406
Our model,3,203.61265563964844
Our model,3,177.2938995361328
Our model,3,202.52081298828125
Our model,3,178.15065002441406
Our model,3,196.48936462402344
Our model,3,154.774658203125
Our model,3,157.7675018310547
Our model,3,173.49549865722656
Our model,3,161.50218200683594
Our model,3,204.15321350097656
Our model,3,169.11732482910156
Our model,3,234.0951690673828
Our model,3,221.19496154785156
Our model,3,150.30593872070312
Our model,3,158.69497680664062
Our model,3,196.0172119140625
Our model,3,161.43374633789062
Our model,3,271.1878356933594
Our model,3,187.32095336914062
Our model,3,248.03378295898438
Our model,3,162.94610595703125
Our model,3,225.66790771484375
Our model,3,269.686279296875
Our model,3,245.00025939941406
Our model,3,263.1329040527344
Our model,3,320.7919006347656
Our model,3,212.2616729736328
Our model,3,179.26515197753906
Our model,3,318.8603210449219
Our model,3,216.6025848388672
Our model,3,186.56996154785156
Our model,3,193.75502014160156
Our model,3,205.4391326904297
Our model,3,185.4559783935547
Our model,3,158.67794799804688
Our model,3,163.9729766845703
Our model,3,186.99899291992188
Our model,3,184.95924377441406
Our model,3,201.59744262695312
Our model,3,205.97930908203125
Our model,3,193.3787841796875
Our model,3,180.00314331054688
Our model,3,195.57867431640625
Our model,3,161.34568786621094
Our model,3,209.79940795898438
Our model,3,174.93124389648438
Our model,3,166.43270874023438
Our model,3,195.29983520507812
Our model,3,205.1291961669922
Our model,3,229.63946533203125
Our model,3,184.7472381591797
Our model,3,212.8795928955078
Our model,3,175.27767944335938
Our model,3,184.16860961914062
Our model,3,253.95968627929688
Our model,3,208.0701904296875
Our model,3,210.62911987304688
Our model,3,157.52850341796875
Our model,3,198.50799560546875
Our model,3,187.5816650390625
Our model,3,182.97891235351562
Our model,3,231.64772033691406
Our model,3,205.60154724121094
Our model,3,159.7216339111328
Our model,3,219.87245178222656
Our model,3,192.9281005859375
Our model,3,197.48501586914062
Our model,3,200.95018005371094
Our model,3,167.47296142578125
Our model,3,182.29022216796875
Our model,3,188.84530639648438
Our model,3,216.79739379882812
Our model,3,235.7840576171875
Our model,3,219.0365447998047
Our model,3,179.7365264892578
Our model,3,206.87246704101562
Our model,3,188.9897003173828
Our model,3,202.94793701171875
Our model,3,218.66006469726562
Our model,3,191.2142791748047
Our model,3,216.93397521972656
Our model,3,213.87234497070312
Our model,3,177.38246154785156
Our model,3,220.86273193359375
Our model,3,221.48199462890625
Our model,3,216.5276336669922
Our model,3,227.78176879882812
Our model,3,174.1288604736328
Our model,3,177.73016357421875
Our model,3,162.09213256835938
Our model,3,169.2144317626953
Our model,3,192.95826721191406
Our model,3,192.41744995117188
Our model,3,193.25271606445312
Our model,3,232.03248596191406
Our model,3,215.6808624267578
Our model,3,209.21739196777344
Our model,3,164.55059814453125
Our model,3,156.6636505126953
Our model,3,225.10971069335938
Our model,3,183.5116424560547
Our model,3,193.65626525878906
Our model,3,178.5599365234375
Our model,3,194.04605102539062
Our model,3,179.1997833251953
Our model,3,165.18836975097656
Our model,3,190.7073974609375
Our model,3,212.0478973388672
Our model,3,175.32070922851562
Our model,3,226.50494384765625
Our model,3,220.96875
Our model,3,295.9075927734375
Our model,3,290.5513610839844
Our model,3,226.49551391601562
Our model,3,194.88536071777344
Our model,3,271.7510681152344
Our model,3,168.17068481445312
Our model,3,211.79171752929688
Our model,3,227.71385192871094
Our model,3,182.94058227539062
Our model,3,242.642578125
Our model,3,212.2736053466797
Our model,3,192.71478271484375
Our model,3,243.7077178955078
Our model,3,235.07920837402344
Our model,3,216.8949737548828
Our model,3,183.22671508789062
Our model,3,212.78041076660156
Our model,3,181.18719482421875
Our model,3,258.8018493652344
Our model,3,238.12396240234375
Our model,3,197.88587951660156
Our model,3,210.94752502441406
Our model,3,186.1180877685547
Our model,3,161.1165008544922
Our model,3,168.255126953125
Our model,3,187.30755615234375
Our model,3,191.98300170898438
Our model,3,206.23779296875
Our model,3,213.6969451904297
Our model,3,190.9749755859375
Our model,3,179.93563842773438
Our model,3,183.8495635986328
Our model,3,147.2667694091797
Our model,3,152.09889221191406
Our model,3,226.8006134033203
Our model,3,170.06851196289062
Our model,3,221.08074951171875
Our model,3,174.4410400390625
Our model,3,218.5248260498047
Our model,3,174.58551025390625
Our model,3,164.00047302246094
Our model,3,201.48464965820312
Our model,3,224.7552490234375
Our model,3,189.78712463378906
Our model,3,189.18760681152344
Our model,3,201.91058349609375
Our model,3,194.45599365234375
Our model,3,161.21246337890625
Our model,3,185.4024658203125
Our model,3,190.9286346435547
Our model,3,257.5558166503906
Our model,3,186.60906982421875
Our model,3,182.95994567871094
Our model,3,197.56436157226562
Our model,3,168.13014221191406
Our model,3,162.6416015625
Our model,3,214.2770538330078
Our model,3,252.98731994628906
Our model,3,179.02825927734375
Our model,3,183.9261016845703
Our model,3,178.5271453857422
Our model,3,201.25796508789062
Our model,3,182.77076721191406
Our model,3,187.222900390625
Our model,3,176.9713134765625
Our model,3,151.55433654785156
Our model,3,199.34178161621094
Our model,3,153.17225646972656
Our model,3,234.9059295654297
Our model,3,238.96180725097656
Our model,3,223.4197235107422
Our model,3,190.86582946777344
Our model,3,188.58999633789062
Our model,3,182.83934020996094
Our model,3,236.70709228515625
Our model,3,197.8729248046875
Our model,3,202.27444458007812
Our model,3,183.43226623535156
Our model,3,182.29551696777344
Our model,3,172.84503173828125
Our model,3,150.33993530273438
Our model,3,208.98008728027344
Our model,3,178.9744873046875
Our model,3,198.6552276611328
Our model,3,198.67678833007812
Our model,3,194.2305908203125
Our model,3,253.0474853515625
Our model,3,223.04100036621094
Our model,3,273.3779602050781
Our model,3,175.81784057617188
Our model,3,197.3385467529297
Our model,3,197.91831970214844
Our model,3,221.15476989746094
Our model,3,243.61231994628906
Our model,3,501.809814453125
Our model,3,441.28912353515625
Our model,3,193.70204162597656
Our model,3,164.44039916992188
Our model,3,216.81419372558594
Our model,3,185.9967041015625
Our model,3,153.49598693847656
Our model,3,221.98812866210938
Our model,3,216.54086303710938
Our model,3,211.6227264404297
Our model,3,189.51934814453125
Our model,3,198.8279571533203
Our model,3,214.3525848388672
Our model,3,189.9671630859375
Our model,3,197.6380615234375
Our model,3,186.0724639892578
Our model,3,177.7088623046875
Our model,3,153.0501708984375
Our model,3,188.03297424316406
Our model,3,189.88230895996094
Our model,3,165.97698974609375
Our model,3,184.03097534179688
Our model,3,209.28358459472656
Our model,3,223.03761291503906
Our model,3,200.5125732421875
Our model,3,192.94020080566406
Our model,3,201.4213409423828
Our model,3,195.3645782470703
Our model,3,185.56520080566406
Our model,3,379.0728454589844
Our model,3,239.39405822753906
Our model,3,194.53521728515625
Our model,3,393.99139404296875
Our model,3,167.7388153076172
Our model,3,228.70269775390625
Our model,3,191.8389434814453
Our model,3,173.90724182128906
Our model,3,197.60398864746094
Our model,3,186.65716552734375
Our model,3,180.5546417236328
Our model,3,184.68804931640625
Our model,3,169.87527465820312
Our model,3,214.39012145996094
Our model,3,179.2571258544922
Our model,3,193.78758239746094
Our model,3,181.4059295654297
Our model,3,161.4112091064453
Our model,3,153.50839233398438
Our model,3,150.5074462890625
Our model,3,190.1885528564453
Our model,3,216.47816467285156
Our model,3,198.4632110595703
Our model,3,198.05039978027344
Our model,3,210.6073760986328
Our model,3,396.2790832519531
Our model,3,385.6773376464844
Our model,3,184.69216918945312
Our model,3,190.2562255859375
Our model,3,207.5992431640625
Our model,3,203.11886596679688
Our model,3,217.8882293701172
Our model,3,216.71826171875
Our model,3,184.07847595214844
Our model,3,164.13059997558594
Our model,3,166.54434204101562
Our model,3,171.5884552001953
Our model,3,207.35284423828125
Our model,3,201.75424194335938
Our model,3,179.91098022460938
Our model,3,194.00718688964844
Our model,3,189.6730499267578
Our model,3,171.2362823486328
Our model,3,163.4622344970703
Our model,3,157.12864685058594
Our model,3,169.2747344970703
Our model,3,217.7870330810547
Our model,3,468.67364501953125
Our model,3,172.7286376953125
Our model,3,271.2078857421875
Our model,3,168.5519561767578
Our model,3,279.3865051269531
Our model,3,478.3370666503906
Our model,3,238.6499786376953
Our model,3,218.4686737060547
Our model,3,178.85816955566406
Our model,3,194.97052001953125
Our model,3,171.70623779296875
Our model,3,173.79405212402344
Our model,3,190.1287841796875
Our model,3,203.8028564453125
Our model,3,189.4553985595703
Our model,3,182.97923278808594
Our model,3,163.5429229736328
Our model,3,209.42279052734375
Our model,3,261.348876953125
Our model,3,172.43605041503906
Our model,3,248.53414916992188
Our model,3,191.72274780273438
Our model,3,191.7670135498047
Our model,3,182.0633544921875
Our model,3,223.52731323242188
Our model,3,181.27587890625
Our model,3,171.43846130371094
Our model,3,171.03909301757812
Our model,3,152.95306396484375
Our model,3,184.61178588867188
Our model,3,178.4559783935547
Our model,3,203.268798828125
Our model,3,153.79103088378906
Our model,3,193.0473175048828
Our model,3,208.75582885742188
Our model,3,230.1695098876953
Our model,3,196.5341033935547
Our model,3,192.4393768310547
Our model,3,211.1741485595703
Our model,3,218.9652557373047
Our model,3,188.70248413085938
Our model,3,211.25294494628906
Our model,3,192.67791748046875
Our model,3,192.23843383789062
Our model,3,171.50575256347656
Our model,3,195.50613403320312
Our model,3,202.3255157470703
Our model,3,177.89695739746094
Our model,3,204.9215545654297
Our model,3,141.5389404296875
Our model,3,200.2295684814453
Our model,3,211.62356567382812
Our model,3,208.63241577148438
Our model,3,219.8287353515625
Our model,3,162.89187622070312
Our model,3,171.6713409423828
Our model,3,179.82180786132812
Our model,3,160.48927307128906
Our model,3,199.90574645996094
Our model,3,190.5006561279297
Our model,3,195.27957153320312
Our model,3,197.28414916992188
Our model,3,234.6268768310547
Our model,3,250.13023376464844
Our model,3,221.80856323242188
Our model,3,212.5585174560547
Our model,3,191.91127014160156
Our model,3,216.85848999023438
Our model,3,174.34234619140625
Our model,3,174.27626037597656
Our model,3,184.57977294921875
Our model,3,154.6638946533203
Our model,3,165.48699951171875
Our model,3,163.79591369628906
Our model,3,197.69094848632812
Our model,3,197.27325439453125
Our model,3,205.4934844970703
Our model,3,237.9199676513672
Our model,3,203.0325164794922
Our model,3,245.89268493652344
Our model,3,184.06161499023438
Our model,3,177.5580291748047
Our model,3,174.22357177734375
Our model,3,299.9398498535156
Our model,3,198.4141387939453
Our model,3,187.0009765625
Our model,3,196.59332275390625
Our model,3,322.9693298339844
Our model,3,202.35064697265625
Our model,3,178.8948211669922
Our model,3,250.22157287597656
Our model,3,242.6953582763672
Our model,3,217.20335388183594
Our model,3,207.43124389648438
Our model,3,225.24085998535156
Our model,3,210.04013061523438
Our model,3,175.25308227539062
Our model,3,207.53579711914062
Our model,3,166.8513641357422
Our model,3,187.13011169433594
Our model,3,203.91366577148438
Our model,3,211.59027099609375
Our model,3,167.8900146484375
Our model,3,218.2731170654297
Our model,3,158.08544921875
Our model,3,188.01010131835938
Our model,3,185.88107299804688
Our model,3,187.2251739501953
Our model,3,188.54225158691406
Our model,3,191.68089294433594
Our model,3,164.27671813964844
Our model,3,151.0013885498047
Our model,3,172.77452087402344
Our model,3,158.31039428710938
Our model,3,200.93109130859375
Our model,3,224.94882202148438
Our model,3,242.47862243652344
Our model,3,226.31866455078125
Our model,3,179.8261260986328
Our model,3,221.36097717285156
Our model,3,197.68490600585938
Our model,3,161.79029846191406
Our model,3,304.34112548828125
Our model,3,192.20425415039062
Our model,3,218.51475524902344
Our model,3,210.9749298095703
Our model,3,219.0134735107422
Our model,3,212.71417236328125
Our model,3,199.07748413085938
Our model,3,298.44482421875
Our model,3,198.16323852539062
Our model,3,172.12939453125
Our model,3,198.2032012939453
Our model,3,214.53443908691406
Our model,3,181.2158660888672
Our model,3,178.88462829589844
Our model,3,169.98721313476562
Our model,3,184.5734100341797
Our model,3,202.3849334716797
Our model,3,286.72479248046875
Our model,3,183.36508178710938
Our model,3,185.7371368408203
Our model,3,169.70443725585938
Our model,3,326.613525390625
Our model,3,167.16671752929688
Our model,3,203.5853271484375
Our model,3,234.79322814941406
Our model,3,210.9845733642578
Our model,3,172.40353393554688
Our model,3,224.86849975585938
Our model,3,194.81886291503906
Our model,3,176.2943115234375
Our model,3,182.95773315429688
Our model,3,184.4607391357422
Our model,3,171.3264923095703
Our model,3,149.97024536132812
Our model,3,233.95556640625
Our model,3,239.8121795654297
Our model,3,222.86106872558594
Our model,3,183.3763427734375
Our model,3,211.4666748046875
Our model,3,175.77886962890625
Our model,3,205.17437744140625
Our model,3,172.39837646484375
Our model,3,204.21287536621094
Our model,3,236.46998596191406
Our model,3,188.74981689453125
Our model,3,166.9055938720703
Our model,3,167.19296264648438
Our model,3,165.1464080810547
Our model,3,217.4586639404297
Our model,3,178.47377014160156
Our model,3,184.9098663330078
Our model,3,247.06793212890625
Our model,3,213.9610595703125
Our model,3,197.85125732421875
Our model,3,225.78636169433594
Our model,3,204.9449462890625
Our model,3,156.23553466796875
Our model,3,170.81842041015625
Our model,3,185.05357360839844
Our model,3,191.22274780273438
Our model,3,170.08108520507812
Our model,3,215.52151489257812
Our model,3,203.67803955078125
Our model,3,249.91455078125
Our model,3,200.66641235351562
Our model,3,230.19371032714844
Our model,3,183.74429321289062
Our model,3,230.63189697265625
Our model,3,183.38624572753906
Our model,3,171.5942840576172
Our model,3,179.9942626953125
Our model,3,173.29078674316406
Our model,3,751.2484741210938
Our model,3,212.76527404785156
Our model,3,184.53225708007812
Our model,3,211.9203643798828
Our model,3,218.02061462402344
Our model,3,798.771484375
Our model,3,222.75994873046875
Our model,3,217.69378662109375
Our model,3,229.08731079101562
Our model,3,242.82382202148438
Our model,3,271.488525390625
Our model,3,217.3379669189453
Our model,3,209.23606872558594
Our model,3,163.97976684570312
Our model,3,193.76223754882812
Our model,3,187.21192932128906
Our model,3,206.33470153808594
Our model,3,179.2628631591797
Our model,3,187.1865997314453
Our model,3,185.90496826171875
Our model,3,172.48190307617188
Our model,3,184.4097137451172
Our model,3,239.4666748046875
Our model,3,262.96905517578125
Our model,3,171.31121826171875
Our model,3,207.9516143798828
Our model,3,169.91897583007812
Our model,3,174.12429809570312
Our model,3,173.59457397460938
Our model,3,154.8787078857422
Our model,3,159.2080078125
Our model,3,225.99119567871094
Our model,3,178.42494201660156
Our model,3,180.54637145996094
Our model,3,175.15199279785156
Our model,3,232.1522979736328
Our model,3,207.0588836669922
Our model,3,220.87875366210938
Our model,3,192.8142547607422
Our model,3,228.30662536621094
Our model,3,153.23838806152344
Our model,3,174.894775390625
Our model,3,197.30836486816406
Our model,3,179.45338439941406
Our model,3,200.33445739746094
Our model,3,189.16468811035156
Our model,3,184.13902282714844
Our model,3,197.97071838378906
Our model,3,207.1840362548828
Our model,3,181.38255310058594
Our model,3,197.90882873535156
Our model,3,227.48768615722656
Our model,3,198.98367309570312
Our model,3,168.8524627685547
Our model,3,259.5937805175781
Our model,3,167.70172119140625
Our model,3,212.5089111328125
Our model,3,265.5902404785156
Our model,3,213.06808471679688
Our model,3,215.5048065185547
Our model,3,202.27210998535156
Our model,3,263.2029724121094
Our model,3,161.7559814453125
Our model,3,190.39846801757812
Our model,3,197.45196533203125
Our model,3,192.00611877441406
Our model,3,201.38938903808594
Our model,3,197.24549865722656
Our model,3,177.57064819335938
Our model,3,157.92022705078125
Our model,3,161.61073303222656
Our model,3,198.3841094970703
Our model,3,182.3155975341797
Our model,3,203.7341766357422
Our model,3,203.04885864257812
Our model,3,174.17649841308594
Our model,3,178.68206787109375
Our model,3,188.5767364501953
Our model,3,178.1306915283203
Our model,3,171.4329376220703
Our model,3,221.30613708496094
Our model,3,165.8993377685547
Our model,3,180.50408935546875
Our model,3,170.97203063964844
Our model,3,196.60040283203125
Our model,3,174.68504333496094
Our model,3,212.20545959472656
Our model,3,228.86619567871094
Our model,3,282.7448425292969
Our model,3,280.8641662597656
Our model,3,193.7713623046875
Our model,3,168.80055236816406
Our model,3,193.27809143066406
Our model,3,166.12081909179688
Our model,3,194.35781860351562
Our model,3,210.61228942871094
Our model,3,205.40896606445312
Our model,3,184.33944702148438
Our model,3,191.22100830078125
Our model,3,213.7516326904297
Our model,3,168.9024200439453
Our model,3,175.68646240234375
Our model,3,230.9429473876953
Our model,3,200.92138671875
Our model,3,230.43606567382812
Our model,3,202.8070068359375
Our model,3,216.79898071289062
Our model,3,174.1676483154297
Our model,3,174.8201141357422
Our model,3,172.20388793945312
Our model,3,214.0298614501953
Our model,3,239.9965362548828
Our model,3,221.7951202392578
Our model,3,169.70867919921875
Our model,3,216.0724639892578
Our model,3,172.96585083007812
Our model,3,186.14096069335938
Our model,3,229.51869201660156
Our model,3,239.56312561035156
Our model,3,217.3994598388672
Our model,3,189.1338653564453
Our model,3,249.317626953125
Our model,3,188.0888671875
Our model,3,243.0260772705078
Our model,3,207.67135620117188
Our model,3,184.16482543945312
Our model,3,393.4315490722656
Our model,3,367.2262878417969
Our model,3,222.37718200683594
Our model,3,210.7380828857422
Our model,3,172.8821563720703
Our model,3,180.7095489501953
Our model,3,258.4024353027344
Our model,3,227.16502380371094
Our model,3,180.49598693847656
Our model,3,182.4750213623047
Our model,3,226.4946746826172
Our model,3,196.22845458984375
Our model,3,195.83653259277344
Our model,3,184.04888916015625
Our model,3,218.9874267578125
Our model,3,194.94940185546875
Our model,3,235.61428833007812
Our model,3,213.80972290039062
Our model,3,155.57290649414062
Our model,3,154.16397094726562
Our model,3,227.86048889160156
Our model,3,212.7096710205078
Our model,3,210.65892028808594
Our model,3,211.97393798828125
Our model,3,189.17649841308594
Our model,3,178.74169921875
Our model,3,194.6884307861328
Our model,3,177.33544921875
Our model,3,192.01678466796875
Our model,3,309.0850830078125
Our model,3,280.43194580078125
Our model,3,176.72718811035156
Our model,3,226.11544799804688
Our model,3,315.07635498046875
Our model,3,180.05604553222656
Our model,3,288.52911376953125
Our model,3,185.03701782226562
Our model,3,158.41256713867188
Our model,3,261.662353515625
Our model,3,189.69796752929688
Our model,3,186.04766845703125
Our model,3,165.97720336914062
Our model,3,189.76065063476562
Our model,3,269.645263671875
Our model,3,189.25534057617188
Our model,3,168.1660919189453
Our model,3,214.48838806152344
Our model,3,203.00901794433594
Our model,3,220.9093780517578
Our model,3,203.3201904296875
Our model,3,178.53880310058594
Our model,3,200.40286254882812
Our model,3,242.8099365234375
Our model,3,241.93423461914062
Our model,3,168.10240173339844
Our model,3,185.06471252441406
Our model,3,178.00405883789062
Our model,3,220.0350799560547
Our model,3,175.0781707763672
Our model,3,165.20692443847656
Our model,3,202.69883728027344
Our model,3,197.58009338378906
Our model,3,235.36256408691406
Our model,3,208.8605194091797
Our model,3,180.79849243164062
Our model,3,186.8172149658203
Our model,3,182.82583618164062
Our model,3,242.77828979492188
Our model,3,195.33883666992188
Our model,3,182.2347412109375
Our model,3,214.75682067871094
Our model,3,209.4154052734375
Our model,3,237.23085021972656
Our model,3,194.86151123046875
Our model,3,195.0353240966797
Our model,3,200.4405059814453
Our model,3,192.6909637451172
Our model,3,154.1798553466797
Our model,3,175.71446228027344
Our model,3,205.21078491210938
Our model,3,174.57192993164062
Our model,3,172.5388641357422
Our model,3,193.27938842773438
Our model,3,201.71173095703125
Our model,3,214.9437713623047
Our model,3,193.60801696777344
Our model,3,191.08360290527344
Our model,3,193.62864685058594
Our model,3,198.0078582763672
Our model,3,195.31454467773438
Our model,3,161.5248260498047
Our model,3,169.21441650390625
Our model,3,217.2619171142578
Our model,3,195.82913208007812
Our model,3,169.78236389160156
Our model,3,178.325439453125
Our model,3,157.92845153808594
Our model,3,141.83058166503906
Our model,3,160.5679473876953
Our model,3,173.5635986328125
Our model,3,171.64141845703125
Our model,3,222.67625427246094
Our model,3,206.13046264648438
Our model,3,203.2113800048828
Our model,3,196.20211791992188
Our model,3,188.92819213867188
Our model,3,181.86181640625
Our model,3,156.81471252441406
Our model,3,269.0167541503906
Our model,3,257.7970275878906
Our model,3,198.2751007080078
Our model,3,209.274169921875
Our model,3,170.3233184814453
Our model,3,187.43821716308594
Our model,3,226.7653350830078
Our model,3,172.8145751953125
Our model,3,228.10694885253906
Our model,3,175.90530395507812
Our model,3,181.0947265625
Our model,3,222.5423126220703
Our model,3,196.12306213378906
Our model,3,185.15919494628906
Our model,3,173.97299194335938
Our model,3,178.0734405517578
Our model,3,230.54473876953125
Our model,3,228.82852172851562
Our model,3,189.0995635986328
Our model,3,194.6817626953125
Our model,3,176.9044952392578
Our model,3,198.62472534179688
Our model,3,184.29556274414062
Our model,3,173.19029235839844
Our model,3,169.75421142578125
Our model,3,200.7832489013672
Our model,3,192.59902954101562
Our model,3,188.5243682861328
Our model,3,178.5429229736328
Our model,3,196.34764099121094
Our model,3,169.15370178222656
Our model,3,191.31295776367188
Our model,3,175.16383361816406
Our model,3,207.76373291015625
Our model,3,199.39364624023438
Our model,3,174.55740356445312
Our model,3,177.1889190673828
Our model,3,182.48931884765625
Our model,3,161.51171875
Our model,3,175.38217163085938
Our model,3,219.56423950195312
Our model,3,185.42160034179688
Our model,3,182.0617218017578
Our model,3,185.80499267578125
Our model,3,240.50784301757812
Our model,3,208.7983856201172
Our model,3,209.3682861328125
Our model,3,200.18197631835938
Our model,3,185.2615509033203
Our model,3,223.8192596435547
Our model,3,175.9296112060547
Our model,3,198.0034942626953
Our model,3,179.6293182373047
Our model,3,263.49951171875
Our model,3,178.06350708007812
Our model,3,164.93563842773438
Our model,3,186.6001739501953
Our model,3,165.45323181152344
Our model,3,182.66122436523438
Our model,3,204.08750915527344
Our model,3,194.59324645996094
Our model,3,169.38677978515625
Our model,3,206.0934600830078
Our model,3,158.01754760742188
Our model,3,174.16244506835938
Our model,3,180.38858032226562
Our model,3,202.55296325683594
Our model,3,202.2746124267578
Our model,3,246.18994140625
Our model,3,191.846923828125
Our model,3,173.3389129638672
Our model,3,153.53627014160156
Our model,3,175.3867645263672
Our model,3,199.9124755859375
Our model,3,188.29067993164062
Our model,3,168.23670959472656
Our model,3,211.99024963378906
Our model,3,158.5027313232422
Our model,3,184.4246063232422
Our model,3,187.26097106933594
Our model,3,187.21337890625
Our model,3,211.47122192382812
Our model,3,172.9633331298828
Our model,3,171.7488250732422
Our model,3,187.01695251464844
Our model,3,162.22142028808594
Our model,3,159.36253356933594
Our model,3,152.4186248779297
Our model,3,203.2283935546875
Our model,3,175.6796417236328
Our model,3,256.6758117675781
Our model,3,227.47195434570312
Our model,3,279.73590087890625
Our model,3,181.18057250976562
Our model,3,199.267822265625
Our model,3,185.53302001953125
Our model,3,202.8732147216797
Our model,3,193.47901916503906
Our model,3,177.1290740966797
Our model,3,158.20526123046875
Our model,3,172.6055145263672
Our model,3,198.0924530029297
Our model,3,171.4098358154297
Our model,3,215.22764587402344
Our model,3,194.6875762939453
Our model,3,213.09619140625
Our model,3,176.15916442871094
Our model,3,222.56668090820312
Our model,3,170.49856567382812
Our model,3,185.69509887695312
Our model,3,205.81533813476562
Our model,3,186.5686492919922
Our model,3,212.18153381347656
Our model,3,213.48574829101562
Our model,3,211.94435119628906
Our model,3,177.44435119628906
Our model,3,173.56573486328125
Our model,3,148.98562622070312
Our model,3,183.97000122070312
Our model,3,175.54563903808594
Our model,3,244.88833618164062
Our model,3,202.10214233398438
Our model,3,163.4523468017578
Our model,3,150.05628967285156
Our model,3,154.9127960205078
Our model,3,147.78294372558594
Our model,3,214.4258575439453
Our model,3,206.09120178222656
Our model,3,182.08343505859375
Our model,3,180.80706787109375
Our model,3,233.0141143798828
Our model,3,228.64292907714844
Our model,3,179.21307373046875
Our model,3,172.17027282714844
Our model,3,321.218505859375
Our model,3,318.0365905761719
Our model,3,187.0041961669922
Our model,3,189.13980102539062
Our model,3,190.57672119140625
Our model,3,175.1310272216797
Our model,3,258.3031921386719
Our model,3,173.3244171142578
Our model,3,192.85018920898438
Our model,3,212.61961364746094
Our model,3,178.06173706054688
Our model,3,181.54002380371094
Our model,3,197.2266082763672
Our model,3,227.23818969726562
Our model,3,169.2522735595703
Our model,3,164.23074340820312
Our model,3,202.36895751953125
Our model,3,194.7407684326172
Our model,3,372.68280029296875
Our model,3,209.1798553466797
Our model,3,236.3448486328125
Our model,3,164.20278930664062
Our model,3,265.2550964355469
Our model,3,341.23883056640625
Our model,3,459.0441589355469
Our model,3,522.2850952148438
Our model,3,225.6142120361328
Our model,3,242.5023956298828
Our model,3,202.52182006835938
Our model,3,212.01107788085938
Our model,3,179.15594482421875
Our model,3,174.000732421875
Our model,3,237.77638244628906
Our model,3,219.15966796875
Our model,3,183.0915069580078
Our model,3,210.74908447265625
Our model,3,449.1639709472656
Our model,3,178.95310974121094
Our model,3,447.4190979003906
Our model,3,148.21180725097656
Our model,3,239.0131378173828
Our model,3,243.15953063964844
Our model,3,255.4280548095703
Our model,3,296.5328369140625
Our model,3,185.089111328125
Our model,3,224.44337463378906
Our model,3,192.96282958984375
Our model,3,166.40756225585938
Our model,3,201.61593627929688
Our model,3,197.8658905029297
Our model,3,184.3162384033203
Our model,3,195.19320678710938
Our model,3,163.83078002929688
Our model,3,171.0124969482422
Our model,3,184.38699340820312
Our model,3,153.52828979492188
Our model,3,206.78697204589844
Our model,3,187.3571319580078
Our model,3,205.42022705078125
Our model,3,193.18798828125
Our model,3,204.1049041748047
Our model,3,165.91348266601562
Our model,3,194.414306640625
Our model,3,157.1761016845703
Our model,3,189.37469482421875
Our model,3,186.44151306152344
Our model,3,214.5019989013672
Our model,3,192.60488891601562
Our model,3,206.5243682861328
Our model,3,193.07464599609375
Our model,3,189.77188110351562
Our model,3,174.49591064453125
Our model,3,248.27000427246094
Our model,3,230.97662353515625
Our model,3,194.45155334472656
Our model,3,236.9361114501953
Our model,3,188.48838806152344
Our model,3,184.0579833984375
Our model,3,242.22557067871094
Our model,3,161.11099243164062
Our model,3,174.7919921875
Our model,3,176.83802795410156
Our model,3,232.70596313476562
Our model,3,240.0025177001953
Our model,3,179.90919494628906
Our model,3,195.57550048828125
Our model,3,209.6366424560547
Our model,3,188.96629333496094
Our model,3,187.09576416015625
Our model,3,183.88929748535156
Our model,3,167.77908325195312
Our model,3,172.2434844970703
Our model,3,229.81918334960938
Our model,3,185.2329559326172
Our model,3,195.09793090820312
Our model,3,187.5361785888672
Our model,3,260.3797302246094
Our model,3,163.50827026367188
Our model,3,256.9129333496094
Our model,3,210.96505737304688
Our model,3,216.63632202148438
Our model,3,209.35707092285156
Our model,3,235.1123046875
Our model,3,196.38307189941406
Our model,3,189.60484313964844
Our model,3,187.6382293701172
Our model,3,161.97483825683594
Our model,3,227.998291015625
Our model,3,196.2240753173828
Our model,3,176.29542541503906
Our model,3,209.79061889648438
Our model,3,226.6515655517578
Our model,3,182.96624755859375
Our model,3,199.8633575439453
Our model,3,473.05718994140625
Our model,3,179.6671905517578
Our model,3,220.54959106445312
Our model,3,352.1563415527344
Our model,3,296.4381103515625
Our model,3,486.7855529785156
Our model,3,195.990966796875
Our model,3,169.93414306640625
Our model,3,187.59783935546875
Our model,3,226.26617431640625
Our model,3,166.41453552246094
Our model,3,151.563720703125
Our model,3,194.644775390625
Our model,3,167.94639587402344
Our model,3,184.7392120361328
Our model,3,184.72328186035156
Our model,3,160.4132537841797
Our model,3,202.748046875
Our model,3,180.91439819335938
Our model,3,164.79705810546875
Our model,3,194.45150756835938
Our model,3,151.89932250976562
Our model,3,187.13677978515625
Our model,3,180.00718688964844
Our model,3,244.2105712890625
Our model,3,214.75186157226562
Our model,3,209.743896484375
Our model,3,216.48948669433594
Our model,3,235.4402313232422
Our model,3,262.1468811035156
Our model,3,187.0032196044922
Our model,3,178.70156860351562
Our model,3,187.3694305419922
Our model,3,200.45968627929688
Our model,3,182.61122131347656
Our model,3,165.81028747558594
Our model,3,186.11264038085938
Our model,3,151.2247772216797
Our model,3,163.65771484375
Our model,3,166.29417419433594
Our model,3,184.2224578857422
Our model,3,204.9818115234375
Our model,3,198.8545684814453
Our model,3,175.69976806640625
Our model,3,221.60281372070312
Our model,3,175.15013122558594
Our model,3,230.4921112060547
Our model,3,212.68650817871094
Our model,3,195.28076171875
Our model,3,207.1953582763672
Our model,3,199.13565063476562
Our model,3,184.02830505371094
Our model,3,189.9346923828125
Our model,3,180.70484924316406
Our model,3,183.4452362060547
Our model,3,189.22264099121094
Our model,3,254.22891235351562
Our model,3,222.3257598876953
Our model,3,205.1512451171875
Our model,3,213.6761016845703
Our model,3,175.54994201660156
Our model,3,242.52833557128906
Our model,3,189.1374053955078
Our model,3,171.4974822998047
Our model,3,200.65528869628906
Our model,3,230.7320098876953
Our model,3,214.77835083007812
Our model,3,181.10862731933594
Our model,3,186.303955078125
Our model,3,167.33944702148438
Our model,3,184.76815795898438
Our model,3,199.1774139404297
Our model,3,208.94004821777344
Our model,3,186.31007385253906
Our model,3,200.55252075195312
Our model,3,168.9117889404297
Our model,3,166.6819610595703
Our model,3,201.44039916992188
Our model,3,209.31454467773438
Our model,3,201.5386962890625
Our model,3,196.18447875976562
Our model,3,192.7592010498047
Our model,3,188.08644104003906
Our model,3,194.7369842529297
Our model,3,170.97808837890625
Our model,3,163.57826232910156
Our model,3,221.01527404785156
Our model,3,205.0343780517578
Our model,3,234.89930725097656
Our model,3,260.5299072265625
Our model,3,184.12493896484375
Our model,3,158.43045043945312
Our model,3,189.80911254882812
Our model,3,240.6640625
Our model,3,205.80462646484375
Our model,3,199.53851318359375
Our model,3,219.1145477294922
Our model,3,215.9476776123047
Our model,3,209.98049926757812
Our model,3,221.71963500976562
Our model,3,185.13453674316406
Our model,3,176.36427307128906
Our model,3,178.5021514892578
Our model,3,208.36524963378906
Our model,3,165.23802185058594
Our model,3,240.8260040283203
Our model,3,208.46751403808594
Our model,3,164.614501953125
Our model,3,243.87232971191406
Our model,3,154.66159057617188
Our model,3,165.23846435546875
Our model,3,215.05575561523438
Our model,3,242.6570587158203
Our model,3,225.8300323486328
Our model,3,205.53297424316406
Our model,3,238.87281799316406
Our model,3,151.26702880859375
Our model,3,195.92526245117188
Our model,3,167.8711395263672
Our model,3,290.0740966796875
Our model,3,198.33380126953125
Our model,3,284.5982360839844
Our model,3,221.8578643798828
Our model,3,275.3047180175781
Our model,3,288.39117431640625
Our model,3,172.7887420654297
Our model,3,221.06065368652344
Our model,3,214.12161254882812
Our model,3,219.18801879882812
Our model,3,348.20391845703125
Our model,3,193.6056365966797
Our model,3,160.30941772460938
Our model,3,322.50885009765625
Our model,3,161.9204864501953
Our model,3,295.7726135253906
Our model,3,236.38168334960938
Our model,3,255.4724884033203
Our model,3,281.9745788574219
Our model,3,190.0135040283203
Our model,3,195.5386199951172
Our model,3,156.08349609375
Our model,3,186.02320861816406
Our model,3,189.7665557861328
Our model,3,176.0533905029297
Our model,3,208.60696411132812
Our model,3,208.628173828125
Our model,3,214.06988525390625
Our model,3,181.76197814941406
Our model,3,214.15267944335938
Our model,3,221.46653747558594
Our model,3,195.94610595703125
Our model,3,173.96849060058594
Our model,3,162.8090362548828
Our model,3,191.3665771484375
Our model,3,212.66717529296875
Our model,3,168.85302734375
Our model,3,230.7633056640625
Our model,3,151.7312469482422
Our model,3,184.9980010986328
Our model,3,211.86859130859375
Our model,3,193.32833862304688
Our model,3,231.2391357421875
Our model,3,173.67529296875
Our model,3,173.81655883789062
Our model,3,176.81129455566406
Our model,3,141.60340881347656
Our model,3,165.1785430908203
Our model,3,183.7582550048828
Our model,3,201.84315490722656
Our model,3,211.96798706054688
Our model,3,174.11502075195312
Our model,3,185.84425354003906
Our model,3,184.31851196289062
Our model,3,173.11141967773438
Our model,3,195.42514038085938
Our model,3,165.2499237060547
Our model,3,208.5053253173828
Our model,3,178.7631072998047
Our model,3,214.96226501464844
Our model,3,183.73123168945312
Our model,3,174.40640258789062
Our model,3,182.53823852539062
Our model,3,170.70974731445312
Our model,3,172.76544189453125
Our model,3,183.5902862548828
Our model,3,211.69271850585938
Our model,3,383.8147888183594
Our model,3,403.0301208496094
Our model,3,166.02923583984375
Our model,3,159.28204345703125
Our model,3,182.78717041015625
Our model,3,188.62632751464844
Our model,3,175.23699951171875
Our model,3,155.10519409179688
Our model,3,162.1876678466797
Our model,3,178.45892333984375
Our model,3,241.0281524658203
Our model,3,218.94418334960938
Our model,3,189.42764282226562
Our model,3,173.13778686523438
Our model,3,181.89418029785156
Our model,3,205.86978149414062
Our model,3,209.58065795898438
Our model,3,175.48300170898438
Our model,3,209.19564819335938
Our model,3,215.8402099609375
Our model,3,178.23341369628906
Our model,3,168.66799926757812
Our model,3,183.46446228027344
Our model,3,202.76905822753906
Our model,3,201.2440948486328
Our model,3,203.38125610351562
Our model,3,239.82411193847656
Our model,3,202.2322235107422
Our model,3,213.0415496826172
Our model,3,227.17453002929688
Our model,3,202.72068786621094
Our model,3,245.511474609375
Our model,3,186.89303588867188
Our model,3,222.70545959472656
Our model,3,195.74977111816406
Our model,3,229.4136962890625
Our model,3,192.71763610839844
Our model,3,228.30262756347656
Our model,3,190.87034606933594
Our model,3,163.77871704101562
Our model,3,173.4965362548828
Our model,3,177.57391357421875
Our model,3,210.7174530029297
Our model,3,208.73435974121094
Our model,3,192.1390838623047
Our model,3,153.8828582763672
Our model,3,205.91351318359375
Our model,3,198.44921875
Our model,3,197.68896484375
Our model,3,195.94915771484375
Our model,3,249.15673828125
Our model,3,179.7311553955078
Our model,3,263.21728515625
Our model,3,172.97140502929688
Our model,3,218.93946838378906
Our model,3,240.83609008789062
Our model,3,221.84564208984375
Our model,3,188.0274200439453
Our model,3,170.423583984375
Our model,3,174.73802185058594
Our model,3,166.04356384277344
Our model,3,184.46994018554688
Our model,3,202.59170532226562
Our model,3,214.030029296875
Our model,3,196.67477416992188
Our model,3,192.97866821289062
Our model,3,193.85281372070312
Our model,3,202.7104034423828
Our model,3,158.88929748535156
Our model,3,186.48828125
Our model,3,211.36964416503906
Our model,3,167.26722717285156
Our model,3,173.3299560546875
Our model,3,188.48916625976562
Our model,3,194.9429931640625
Our model,3,155.24478149414062
Our model,3,168.39369201660156
Our model,3,154.3640899658203
Our model,3,206.5863494873047
Our model,3,158.52635192871094
Our model,3,204.33584594726562
Our model,3,206.60403442382812
Our model,3,201.45205688476562
Our model,3,215.14988708496094
Our model,3,169.74777221679688
Our model,3,192.11720275878906
Our model,3,183.02024841308594
Our model,3,189.98294067382812
Our model,3,234.4484100341797
Our model,3,223.3330841064453
Our model,3,209.9395294189453
Our model,3,212.43150329589844
Our model,3,160.53504943847656
Our model,3,188.6766357421875
Our model,3,280.9075622558594
Our model,3,200.69154357910156
Our model,3,205.50759887695312
Our model,3,271.3318786621094
Our model,3,187.13330078125
Our model,3,188.12725830078125
Our model,3,228.65765380859375
Our model,3,278.7511291503906
Our model,3,325.09649658203125
Our model,3,291.69281005859375
Our model,3,200.46749877929688
Our model,3,191.42868041992188
Our model,3,218.7522430419922
Our model,3,188.88526916503906
Our model,3,185.3580322265625
Our model,3,207.92337036132812
Our model,3,260.2850646972656
Our model,3,191.90682983398438
Our model,3,233.72264099121094
Our model,3,233.8490447998047
Our model,3,398.9906921386719
Our model,3,402.80755615234375
Our model,3,172.9238739013672
Our model,3,218.58816528320312
Our model,3,272.8563537597656
Our model,3,255.24266052246094
Our model,3,178.9004669189453
Our model,3,223.41458129882812
Our model,3,214.68093872070312
Our model,3,196.99388122558594
Our model,3,176.9174346923828
Our model,3,156.14002990722656
Our model,3,219.42132568359375
Our model,3,180.46041870117188
Our model,3,208.05015563964844
Our model,3,223.20848083496094
Our model,3,195.0592041015625
Our model,3,157.1382293701172
Our model,3,169.4005126953125
Our model,3,173.3640594482422
Our model,3,167.0955810546875
Our model,3,170.6009979248047
Our model,3,180.2321014404297
Our model,3,174.314453125
Our model,3,198.2852325439453
Our model,3,207.33969116210938
Our model,3,212.87376403808594
Our model,3,165.1879425048828
Our model,3,238.69406127929688
Our model,3,174.6031036376953
Our model,3,173.84188842773438
Our model,3,216.47926330566406
Our model,3,148.0550994873047
Our model,3,136.3241424560547
Our model,3,191.0342254638672
Our model,3,241.6222381591797
Our model,3,180.955810546875
Our model,3,172.03924560546875
Our model,3,180.59036254882812
Our model,3,173.3348846435547
Our model,3,193.6531982421875
Our model,3,203.1204376220703
Our model,3,158.09547424316406
Our model,3,173.8533172607422
Our model,3,211.27137756347656
Our model,3,196.58697509765625
Our model,3,203.7732391357422
Our model,3,218.58445739746094
Our model,3,172.28443908691406
Our model,3,195.64076232910156
Our model,3,183.03140258789062
Our model,3,174.39645385742188
Our model,3,223.14950561523438
Our model,3,179.68548583984375
Our model,3,195.41685485839844
Our model,3,181.4328155517578
Our model,3,186.8809814453125
Our model,3,171.76220703125
Our model,3,161.0579376220703
Our model,3,165.7225799560547
Our model,3,185.4501953125
Our model,3,165.8189239501953
Our model,3,216.52699279785156
Our model,3,223.12269592285156
Our model,3,207.11451721191406
Our model,3,168.5374298095703
Our model,3,228.29791259765625
Our model,3,183.62045288085938
Our model,3,185.7355499267578
Our model,3,186.86521911621094
Our model,3,177.27542114257812
Our model,3,227.40867614746094
Our model,3,221.10887145996094
Our model,3,166.94773864746094
Our model,3,187.9437713623047
Our model,3,149.2287139892578
Our model,3,217.2022247314453
Our model,3,199.30990600585938
Our model,3,196.71006774902344
Our model,3,172.2403106689453
Our model,3,784.0460205078125
Our model,3,164.3309783935547
Our model,3,802.9303588867188
Our model,3,194.0516357421875
Our model,3,179.8817138671875
Our model,3,214.3040771484375
Our model,3,171.36656188964844
Our model,3,176.80426025390625
Our model,3,163.02381896972656
Our model,3,167.76942443847656
Our model,3,177.91885375976562
Our model,3,161.23904418945312
Our model,3,203.7042694091797
Our model,3,199.486572265625
Our model,3,205.7220916748047
Our model,3,208.26266479492188
Our model,3,191.313720703125
Our model,3,183.76223754882812
Our model,3,193.3915252685547
Our model,3,171.19168090820312
Our model,3,192.48326110839844
Our model,3,212.53895568847656
Our model,3,185.6247100830078
Our model,3,215.19677734375
Our model,3,172.9141082763672
Our model,3,217.22482299804688
Our model,3,205.87098693847656
Our model,3,178.5738983154297
Our model,3,203.1793975830078
Our model,3,215.16082763671875
Our model,3,187.91159057617188
Our model,3,186.61465454101562
Our model,3,227.3574981689453
Our model,3,213.61911010742188
Our model,3,211.41775512695312
Our model,3,184.61521911621094
Our model,3,197.42259216308594
Our model,3,155.40017700195312
Our model,3,239.82801818847656
Our model,3,216.46585083007812
Our model,3,261.5197448730469
Our model,3,182.9713897705078
Our model,3,246.72891235351562
Our model,3,178.34957885742188
Our model,3,229.02537536621094
Our model,3,248.43246459960938
Our model,3,177.68212890625
Our model,3,206.43856811523438
Our model,3,185.05624389648438
Our model,3,187.19703674316406
Our model,3,198.19151306152344
Our model,3,174.6486358642578
Our model,3,209.67227172851562
Our model,3,190.4716339111328
Our model,3,198.21298217773438
Our model,3,199.46473693847656
Our model,3,193.46434020996094
Our model,3,190.43258666992188
Our model,3,173.96502685546875
Our model,3,203.6642303466797
Our model,3,269.75567626953125
Our model,3,252.76905822753906
Our model,3,190.02415466308594
Our model,3,190.6009063720703
Our model,3,174.6638946533203
Our model,3,164.9159393310547
Our model,3,217.17520141601562
Our model,3,202.6338653564453
Our model,3,183.7884063720703
Our model,3,204.46609497070312
Our model,3,191.43516540527344
Our model,3,175.92434692382812
Our model,3,227.53921508789062
Our model,3,217.19522094726562
Our model,3,186.58834838867188
Our model,3,388.0091247558594
Our model,3,252.848388671875
Our model,3,204.12197875976562
Our model,3,179.411865234375
Our model,3,425.39398193359375
Our model,3,175.22268676757812
Our model,3,258.7654724121094
Our model,3,187.79246520996094
Our model,3,191.5751495361328
Our model,3,204.81455993652344
Our model,3,199.50811767578125
Our model,3,191.0828094482422
Our model,3,209.85614013671875
Our model,3,161.32791137695312
Our model,3,186.22633361816406
Our model,3,178.76918029785156
Our model,3,182.30311584472656
Our model,3,218.71710205078125
Our model,3,199.74703979492188
Our model,3,188.13575744628906
Our model,3,181.0574493408203
Our model,3,182.64248657226562
Our model,3,175.1866455078125
Our model,3,185.47137451171875
Our model,3,247.42970275878906
Our model,3,211.97994995117188
Our model,3,236.68875122070312
Our model,3,272.1538391113281
Our model,3,197.8070526123047
Our model,3,289.273681640625
Our model,3,178.6289520263672
Our model,3,221.1109619140625
Our model,3,196.2385711669922
Our model,3,253.25558471679688
Our model,3,234.64541625976562
Our model,3,184.82318115234375
Our model,3,204.87362670898438
Our model,3,197.4363555908203
Our model,3,244.95492553710938
Our model,3,210.10382080078125
Our model,3,169.5558319091797
Our model,3,183.3537139892578
Our model,3,222.02084350585938
Our model,3,165.83651733398438
Our model,3,165.1811981201172
Our model,3,184.6549530029297
Our model,3,182.72999572753906
Our model,3,195.46961975097656
Our model,3,221.33631896972656
Our model,3,209.35191345214844
Our model,3,232.54946899414062
Our model,3,207.51715087890625
Our model,3,194.77928161621094
Our model,3,228.92730712890625
Our model,3,183.72811889648438
Our model,3,199.68753051757812
Our model,3,209.9484100341797
Our model,3,212.5099334716797
Our model,3,206.9091033935547
Our model,3,175.0436553955078
Our model,3,229.18215942382812
Our model,3,308.3775329589844
Our model,3,207.59022521972656
Our model,3,225.87669372558594
Our model,3,275.2198486328125
Our model,3,182.560546875
Our model,3,180.5382080078125
Our model,3,184.14857482910156
Our model,3,246.59674072265625
Our model,3,248.56170654296875
Our model,3,236.12127685546875
Our model,3,179.46334838867188
Our model,3,207.73912048339844
Our model,3,244.60494995117188
Our model,3,166.576904296875
Our model,3,217.13763427734375
Our model,3,168.79299926757812
Our model,3,214.8115234375
Our model,3,189.5950469970703
Our model,3,484.0088806152344
Our model,3,178.19552612304688
Our model,3,169.1648406982422
Our model,3,188.7313690185547
Our model,3,157.2874298095703
Our model,3,462.7903747558594
Our model,3,216.62472534179688
Our model,3,186.09133911132812
Our model,3,223.58119201660156
Our model,3,231.99790954589844
Our model,3,193.78317260742188
Our model,3,161.9935302734375
Our model,3,198.04556274414062
Our model,3,183.58815002441406
Our model,3,181.96490478515625
Our model,3,168.98170471191406
Our model,3,200.36483764648438
Our model,3,229.79904174804688
Our model,3,212.6470489501953
Our model,3,225.3428955078125
Our model,3,179.15664672851562
Our model,3,223.2166290283203
Our model,3,195.35330200195312
Our model,3,204.21107482910156
Our model,3,221.2194061279297
Our model,3,209.4674835205078
Our model,3,210.22531127929688
Our model,3,207.05616760253906
Our model,3,175.41650390625
Our model,3,199.22769165039062
Our model,3,182.41868591308594
Our model,3,201.42788696289062
Our model,3,186.26902770996094
Our model,3,184.64491271972656
Our model,3,145.6306610107422
Our model,3,182.7945556640625
Our model,3,210.5852508544922
Our model,3,195.4709014892578
Our model,3,207.66409301757812
Our model,3,212.63607788085938
Our model,3,219.767333984375
Our model,3,240.18917846679688
Our model,3,202.043701171875
Our model,3,166.55429077148438
Our model,3,224.59915161132812
Our model,3,209.6645050048828
Our model,3,233.46295166015625
Our model,3,226.0196075439453
Our model,3,187.93992614746094
Our model,3,204.22021484375
Our model,3,170.0159454345703
Our model,3,227.01031494140625
Our model,3,235.82679748535156
Our model,3,167.76348876953125
Our model,3,207.32432556152344
Our model,3,277.257568359375
Our model,3,192.60350036621094
Our model,3,186.92459106445312
Our model,3,220.41590881347656
Our model,3,229.07257080078125
Our model,3,186.4405517578125
Our model,3,159.22096252441406
Our model,3,183.02590942382812
Our model,3,183.37628173828125
Our model,3,169.34375
Our model,3,145.60162353515625
Our model,3,177.141357421875
Our model,3,203.3083038330078
Our model,3,226.1064453125
Our model,3,222.58010864257812
Our model,3,201.0671844482422
Our model,3,191.74520874023438
Our model,3,166.11416625976562
Our model,3,216.12832641601562
Our model,3,259.6816711425781
Our model,3,262.1097717285156
Our model,3,205.87643432617188
Our model,3,221.57337951660156
Our model,3,167.9542694091797
Our model,3,178.44886779785156
Our model,3,172.3919677734375
Our model,3,164.3478240966797
Our model,3,191.75833129882812
Our model,3,180.1340789794922
Our model,3,175.728515625
Our model,3,210.7039337158203
Our model,3,181.65879821777344
Our model,3,194.55657958984375
Our model,3,181.63961791992188
Our model,3,179.3831787109375
Our model,3,201.3269805908203
Our model,3,208.5570068359375
Our model,3,255.2305908203125
Our model,3,226.4035186767578
Our model,3,219.23709106445312
Our model,3,192.07501220703125
Our model,3,203.3695526123047
Our model,3,215.2652130126953
Our model,3,185.7085723876953
Our model,3,173.2956085205078
Our model,3,151.96449279785156
Our model,3,204.4807586669922
Our model,3,161.38616943359375
Our model,3,168.02969360351562
Our model,3,183.0104522705078
Our model,3,149.87156677246094
Our model,3,206.55142211914062
Our model,3,237.2516632080078
Our model,3,182.97024536132812
Our model,3,189.8123321533203
Our model,3,202.11932373046875
Our model,3,242.1175994873047
Our model,3,191.96456909179688
Our model,3,161.16143798828125
Our model,3,197.47000122070312
Our model,3,185.88922119140625
Our model,3,200.94418334960938
Our model,3,182.15249633789062
Our model,3,203.36978149414062
Our model,3,210.30662536621094
Our model,3,175.8854522705078
Our model,3,210.3430938720703
Our model,3,210.01171875
Our model,3,191.12306213378906
Our model,3,216.90956115722656
Our model,3,225.1649932861328
Our model,3,204.980712890625
Our model,3,195.16062927246094
Our model,3,176.5959014892578
Our model,3,189.5081787109375
Our model,3,208.02647399902344
Our model,3,193.73709106445312
Our model,3,197.0051727294922
Our model,3,241.09329223632812
Our model,3,218.61863708496094
Our model,3,161.0670623779297
Our model,3,216.62521362304688
Our model,3,168.80348205566406
Our model,3,175.24923706054688
Our model,3,242.3300018310547
Our model,3,204.35450744628906
Our model,3,202.71823120117188
Our model,3,192.1771697998047
Our model,3,268.5750732421875
Our model,3,174.69590759277344
Our model,3,184.0792694091797
Our model,3,186.8590545654297
Our model,3,169.41232299804688
Our model,3,198.16127014160156
Our model,3,198.96873474121094
Our model,3,182.62918090820312
Our model,3,177.75669860839844
Our model,3,207.54232788085938
Our model,3,167.52439880371094
Our model,3,434.7001953125
Our model,3,400.8641052246094
Our model,3,198.85977172851562
Our model,3,203.46624755859375
Our model,3,189.22821044921875
Our model,3,169.14044189453125
Our model,3,163.11099243164062
Our model,3,167.5448455810547
Our model,3,220.6610107421875
Our model,3,205.87196350097656
Our model,3,193.944091796875
Our model,3,200.21978759765625
Our model,3,218.00271606445312
Our model,3,196.56173706054688
Our model,3,217.4370574951172
Our model,3,196.0503387451172
Our model,3,202.18492126464844
Our model,3,193.73675537109375
Our model,3,215.98489379882812
Our model,3,247.5015411376953
Our model,3,227.8016815185547
Our model,3,225.745361328125
Our model,3,200.03123474121094
Our model,3,182.03643798828125
Our model,3,205.04428100585938
Our model,3,207.61819458007812
Our model,3,188.67425537109375
Our model,3,209.18560791015625
Our model,3,206.95022583007812
Our model,3,181.56295776367188
Our model,3,208.42503356933594
Our model,3,174.75244140625
Our model,3,204.17987060546875
Our model,3,191.0343475341797
Our model,3,262.2556457519531
Our model,3,239.18228149414062
Our model,3,228.10760498046875
Our model,3,231.3414306640625
Our model,3,233.94873046875
Our model,3,212.8097381591797
Our model,3,247.30422973632812
Our model,3,257.0169372558594
Our model,3,194.50845336914062
Our model,3,179.04586791992188
Our model,3,258.1424865722656
Our model,3,180.58412170410156
Our model,3,274.0636291503906
Our model,3,164.70590209960938
Our model,3,206.13922119140625
Our model,3,178.71771240234375
Our model,3,203.60157775878906
Our model,3,207.66860961914062
Our model,3,176.02850341796875
Our model,3,189.52618408203125
Our model,3,173.03958129882812
Our model,3,173.69923400878906
Our model,3,184.5522003173828
Our model,3,166.3869171142578
Our model,3,192.76788330078125
Our model,3,184.94033813476562
Our model,3,193.3979949951172
Our model,3,174.22238159179688
Our model,3,174.1518096923828
Our model,3,154.94024658203125
Our model,3,184.1198272705078
Our model,3,158.86990356445312
Our model,3,242.29379272460938
Our model,3,197.13613891601562
Our model,3,200.3735809326172
Our model,3,171.46990966796875
Our model,3,198.09339904785156
Our model,3,255.12196350097656
Our model,3,217.23390197753906
Our model,3,161.63912963867188
Our model,3,207.98194885253906
Our model,3,214.82562255859375
Our model,3,231.37899780273438
Our model,3,195.8447723388672
Our model,3,230.00637817382812
Our model,3,173.9303741455078
Our model,3,194.43739318847656
Our model,3,176.51856994628906
Our model,3,263.69415283203125
Our model,3,189.78884887695312
Our model,3,201.61561584472656
Our model,3,183.791748046875
Our model,3,170.1534423828125
Our model,3,256.4513244628906
Our model,3,203.47291564941406
Our model,3,168.35121154785156
Our model,3,191.2017059326172
Our model,3,181.2091064453125
Our model,3,153.6064910888672
Our model,3,176.44012451171875
Our model,3,194.15090942382812
Our model,3,185.34014892578125
Our model,3,174.93597412109375
Our model,3,188.64666748046875
Our model,3,170.72073364257812
Our model,3,172.59075927734375
Our model,3,200.78250122070312
Our model,3,172.0194854736328
Our model,3,167.71290588378906
Our model,3,181.73593139648438
Our model,3,203.7395477294922
Our model,3,164.61460876464844
Our model,3,151.4069366455078
Our model,3,163.3943634033203
Our model,3,204.68251037597656
Our model,3,195.00155639648438
Our model,3,191.591552734375
Our model,3,184.9477996826172
Our model,3,245.57534790039062
Our model,3,176.8295135498047
Our model,3,214.52493286132812
Our model,3,163.0873565673828
Our model,3,239.06454467773438
Our model,3,200.62986755371094
Our model,3,209.6936492919922
Our model,3,207.07237243652344
Our model,3,222.7320098876953
Our model,3,185.0177764892578
Our model,3,230.16018676757812
Our model,3,260.03582763671875
Our model,3,215.7886199951172
Our model,3,196.51864624023438
Our model,3,175.5749969482422
Our model,3,188.1282958984375
Our model,3,209.15887451171875
Our model,3,160.7268524169922
Our model,3,233.8690643310547
Our model,3,170.06854248046875
Our model,3,205.9948272705078
Our model,3,265.6201171875
Our model,3,194.8230743408203
Our model,3,203.0475616455078
Our model,3,184.22073364257812
Our model,3,273.7465515136719
Our model,3,165.4925994873047
Our model,3,194.99391174316406
Our model,3,225.67333984375
Our model,3,183.73960876464844
Our model,3,274.4044189453125
Our model,3,305.9952392578125
Our model,3,186.83877563476562
Our model,3,176.14569091796875
Our model,3,203.75550842285156
Our model,3,190.75222778320312
Our model,3,165.8479766845703
Our model,3,181.02169799804688
Our model,3,197.35337829589844
Our model,3,175.97329711914062
Our model,3,201.82530212402344
Our model,3,201.66497802734375
Our model,3,328.357177734375
Our model,3,179.83059692382812
Our model,3,323.83599853515625
Our model,3,194.46531677246094
Our model,3,195.76429748535156
Our model,3,168.3565216064453
Our model,3,282.357421875
Our model,3,289.181640625
Our model,3,186.8110809326172
Our model,3,166.01136779785156
Our model,3,195.6031494140625
Our model,3,165.8683319091797
Our model,3,181.32394409179688
Our model,3,179.69287109375
Our model,3,212.5108642578125
Our model,3,183.51492309570312
Our model,3,187.3521728515625
Our model,3,189.3358612060547
Our model,3,192.08518981933594
Our model,3,212.89205932617188
Our model,3,208.19642639160156
Our model,3,210.62445068359375
Our model,3,199.20062255859375
Our model,3,165.33042907714844
Our model,3,281.13104248046875
Our model,3,243.31028747558594
Our model,3,160.872802734375
Our model,3,192.52099609375
Our model,3,218.69700622558594
Our model,3,216.902587890625
Our model,3,190.3241424560547
Our model,3,179.1627655029297
Our model,3,233.86672973632812
Our model,3,202.36172485351562
Our model,3,192.17420959472656
Our model,3,220.94273376464844
Our model,3,192.2323760986328
Our model,3,182.40061950683594
Our model,3,185.68728637695312
Our model,3,174.28952026367188
Our model,3,224.03662109375
Our model,3,230.40122985839844
Our model,3,200.5050048828125
Our model,3,158.21624755859375
Our model,3,167.17721557617188
Our model,3,157.60763549804688
Our model,3,193.42860412597656
Our model,3,175.8068389892578
Our model,3,402.0525817871094
Our model,3,194.5811309814453
Our model,3,179.03880310058594
Our model,3,190.6908416748047
Our model,3,180.86680603027344
Our model,3,414.06024169921875
Our model,3,198.75051879882812
Our model,3,183.50872802734375
Our model,3,398.06036376953125
Our model,3,204.0657501220703
Our model,3,221.732421875
Our model,3,181.3258819580078
Our model,3,190.06622314453125
Our model,3,409.9753723144531
Our model,3,208.84681701660156
Our model,3,199.531005859375
Our model,3,227.3137664794922
Our model,3,213.6658477783203
Our model,3,199.29556274414062
Our model,3,175.00140380859375
Our model,3,192.04818725585938
Our model,3,214.063232421875
Our model,3,177.18072509765625
Our model,3,162.70877075195312
Our model,3,232.62791442871094
Our model,3,253.884033203125
Our model,3,189.7630157470703
Our model,3,168.6200408935547
Our model,3,170.5419158935547
Our model,3,173.00196838378906
Our model,3,180.99647521972656
Our model,3,166.11863708496094
Our model,3,217.18252563476562
Our model,3,188.3998260498047
Our model,3,214.1785430908203
Our model,3,225.24131774902344
Our model,3,171.3971710205078
Our model,3,196.45777893066406
Our model,3,313.2647399902344
Our model,3,179.74356079101562
Our model,3,196.828125
Our model,3,437.15081787109375
Our model,3,411.96356201171875
Our model,3,310.8294372558594
Our model,3,268.0872497558594
Our model,3,246.38661193847656
Our model,3,171.93771362304688
Our model,3,189.3981170654297
Our model,3,196.64047241210938
Our model,3,170.53001403808594
Our model,3,185.7216339111328
Our model,3,181.4564971923828
Our model,3,200.4254150390625
Our model,3,181.9635772705078
Our model,3,195.87933349609375
Our model,3,197.7578887939453
Our model,3,216.05441284179688
Our model,3,176.96835327148438
Our model,3,283.0602722167969
Our model,3,184.54931640625
Our model,3,204.2606201171875
Our model,3,228.09527587890625
Our model,3,248.37869262695312
Our model,3,203.7733917236328
Our model,3,190.77610778808594
Our model,3,208.5675811767578
Our model,3,163.55271911621094
Our model,3,187.42694091796875
Our model,3,186.99017333984375
Our model,3,255.61827087402344
Our model,3,212.29940795898438
Our model,3,213.26718139648438
Our model,3,238.83863830566406
Our model,3,292.8559265136719
Our model,3,224.43609619140625
Our model,3,192.31552124023438
Our model,3,211.79905700683594
Our model,3,206.14035034179688
Our model,3,178.84361267089844
Our model,3,172.17120361328125
Our model,3,157.62417602539062
Our model,3,202.61508178710938
Our model,3,221.56346130371094
Our model,3,187.57565307617188
Our model,3,279.18792724609375
Our model,3,202.5133819580078
Our model,3,243.00018310546875
Our model,3,159.50482177734375
Our model,3,224.55567932128906
Our model,3,279.3302001953125
Our model,3,171.0970458984375
Our model,3,181.3706512451172
Our model,3,197.9298553466797
Our model,3,201.8464813232422
Our model,3,197.61622619628906
Our model,3,169.0113067626953
Our model,3,215.62684631347656
Our model,3,165.7498779296875
Our model,3,164.81533813476562
Our model,3,185.07032775878906
Our model,3,228.89942932128906
Our model,3,234.34117126464844
Our model,3,254.8428497314453
Our model,3,248.23056030273438
Our model,3,173.543701171875
Our model,3,171.8380126953125
Our model,3,199.78863525390625
Our model,3,223.15829467773438
Our model,3,183.96324157714844
Our model,3,173.0237579345703
Our model,3,233.57772827148438
Our model,3,169.58274841308594
Our model,3,245.84078979492188
Our model,3,197.5604705810547
Our model,3,180.5296173095703
Our model,3,177.8523406982422
Our model,3,209.9239959716797
Our model,3,240.57957458496094
Our model,3,221.87998962402344
Our model,3,204.4261474609375
Our model,3,182.5086212158203
Our model,3,147.50660705566406
Our model,3,193.83541870117188
Our model,3,205.41575622558594
Our model,3,213.8181610107422
Our model,3,211.70907592773438
Our model,3,210.84617614746094
Our model,3,178.6039581298828
Our model,3,224.74974060058594
Our model,3,161.71780395507812
Our model,3,278.45733642578125
Our model,3,210.39654541015625
Our model,3,190.73828125
Our model,3,203.1841278076172
Our model,3,187.20208740234375
Our model,3,212.43081665039062
Our model,3,165.60215759277344
Our model,3,179.315185546875
Our model,3,200.5828857421875
Our model,3,182.66819763183594
Our model,3,196.9234619140625
Our model,3,195.38934326171875
Our model,3,199.8369140625
Our model,3,163.13534545898438
Our model,3,183.89097595214844
Our model,3,175.51609802246094
Our model,3,253.27734375
Our model,3,217.1400146484375
Our model,3,228.16310119628906
Our model,3,240.16558837890625
Our model,3,236.75732421875
Our model,3,203.3383026123047
Our model,3,160.23512268066406
Our model,3,196.53387451171875
Our model,3,182.525634765625
Our model,3,194.06861877441406
Our model,3,173.33929443359375
Our model,3,198.47581481933594
Our model,3,208.01380920410156
Our model,3,155.45965576171875
Our model,3,214.05181884765625
Our model,3,204.15225219726562
Our model,3,205.16249084472656
Our model,3,244.88677978515625
Our model,3,193.77120971679688
Our model,3,180.32875061035156
Our model,3,225.4050750732422
Our model,3,202.18360900878906
Our model,3,255.71279907226562
Our model,3,263.38116455078125
Our model,3,283.57684326171875
Our model,3,281.2473449707031
Our model,3,167.36195373535156
Our model,3,162.52389526367188
Our model,3,235.14703369140625
Our model,3,182.186767578125
Our model,3,200.34434509277344
Our model,3,201.54293823242188
Our model,3,197.6554412841797
Our model,3,182.76406860351562
Our model,3,170.1057586669922
Our model,3,184.8274688720703
Our model,3,197.64295959472656
Our model,3,202.01100158691406
Our model,3,193.06031799316406
Our model,3,189.44351196289062
Our model,3,212.1270294189453
Our model,3,184.4844207763672
Our model,3,192.89059448242188
Our model,3,161.2960205078125
Our model,3,197.0040283203125
Our model,3,206.04847717285156
Our model,3,208.25331115722656
Our model,3,190.90432739257812
Our model,3,181.88211059570312
Our model,3,181.7509765625
Our model,3,154.85260009765625
Our model,3,171.32839965820312
Our model,3,201.11837768554688
Our model,3,218.4543914794922
Our model,3,209.4037628173828
Our model,3,217.77035522460938
Our model,3,214.5396270751953
Our model,3,179.50399780273438
Our model,3,156.93719482421875
Our model,3,222.06394958496094
Our model,3,184.6824951171875
Our model,3,213.3415985107422
Our model,3,214.9160919189453
Our model,3,215.51675415039062
Our model,3,195.0266571044922
Our model,3,200.2930908203125
Our model,3,185.9261932373047
Our model,3,186.8479766845703
Our model,3,176.04420471191406
Our model,3,180.65371704101562
Our model,3,229.7957763671875
Our model,3,230.7130584716797
Our model,3,185.56350708007812
Our model,3,158.31768798828125
Our model,3,221.1510009765625
Our model,3,223.5521697998047
Our model,3,210.48455810546875
Our model,3,208.75643920898438
Our model,3,191.2716064453125
Our model,3,192.51797485351562
Our model,3,236.9248809814453
Our model,3,174.32879638671875
Our model,3,244.90309143066406
Our model,3,168.1169891357422
Our model,3,184.86351013183594
Our model,3,171.43638610839844
Our model,3,357.321533203125
Our model,3,205.7483367919922
Our model,3,241.14308166503906
Our model,3,185.61927795410156
Our model,3,214.41986083984375
Our model,3,346.5166931152344
Our model,3,212.33612060546875
Our model,3,182.16494750976562
Our model,3,190.7035675048828
Our model,3,170.2707061767578
Our model,3,218.2468719482422
Our model,3,222.3195037841797
Our model,3,177.8676300048828
Our model,3,175.9329833984375
Our model,3,779.847412109375
Our model,3,770.1539306640625
Our model,3,231.13134765625
Our model,3,220.74508666992188
Our model,3,272.7915954589844
Our model,3,186.11630249023438
Our model,3,248.71575927734375
Our model,3,168.6777801513672
Our model,3,197.39276123046875
Our model,3,190.435546875
Our model,3,227.51866149902344
Our model,3,246.31822204589844
Our model,3,196.34722900390625
Our model,3,193.0151824951172
Our model,3,169.2515106201172
Our model,3,154.77847290039062
Our model,3,226.97039794921875
Our model,3,232.26901245117188
Our model,3,193.1523895263672
Our model,3,250.6148681640625
Our model,3,196.79661560058594
Our model,3,237.4962615966797
Our model,3,213.44427490234375
Our model,3,195.30465698242188
Our model,3,197.2496337890625
Our model,3,219.45584106445312
Our model,3,298.5958557128906
Our model,3,269.3963928222656
Our model,3,167.92259216308594
Our model,3,194.23251342773438
Our model,3,179.8311309814453
Our model,3,164.80482482910156
Our model,3,252.4430389404297
Our model,3,288.7655944824219
Our model,3,202.09881591796875
Our model,3,180.72097778320312
Our model,3,189.0485382080078
Our model,3,162.08079528808594
Our model,3,192.33668518066406
Our model,3,182.37332153320312
Our model,3,172.79464721679688
Our model,3,766.1937866210938
Our model,3,191.37625122070312
Our model,3,214.27871704101562
Our model,3,775.8384399414062
Our model,3,185.84268188476562
Our model,3,219.36032104492188
Our model,3,162.1559295654297
Our model,3,167.6306915283203
Our model,3,194.24969482421875
Our model,3,215.8191375732422
Our model,3,178.47117614746094
Our model,3,195.1255340576172
Our model,3,182.81076049804688
Our model,3,212.70999145507812
Our model,3,198.01353454589844
Our model,3,179.863525390625
Our model,3,183.7505340576172
Our model,3,192.3637237548828
Our model,3,216.67933654785156
Our model,3,164.63287353515625
Our model,3,150.94386291503906
Our model,3,194.38955688476562
Our model,3,176.1834259033203
Our model,3,163.62826538085938
Our model,3,232.33338928222656
Our model,3,177.90261840820312
Our model,3,178.9093780517578
Our model,3,192.51181030273438
Our model,3,205.5740966796875
Our model,3,216.0566864013672
Our model,3,193.74423217773438
Our model,3,194.21710205078125
Our model,3,253.96824645996094
Our model,3,184.4648895263672
Our model,3,185.34010314941406
Our model,3,206.8494415283203
Our model,3,182.5858154296875
Our model,3,193.55970764160156
Our model,3,178.7470245361328
Our model,3,249.0380096435547
Our model,3,260.8348388671875
Our model,3,199.01254272460938
Our model,3,188.1512451171875
Our model,3,175.79727172851562
Our model,3,144.54212951660156
Our model,3,173.6686553955078
Our model,3,191.9049835205078
Our model,3,178.3473358154297
Our model,3,158.22665405273438
Our model,3,175.3572998046875
Our model,3,177.30604553222656
Our model,3,201.77447509765625
Our model,3,223.24598693847656
Our model,3,181.74154663085938
Our model,3,165.66307067871094
Our model,3,200.5957489013672
Our model,3,228.35336303710938
Our model,3,164.8839569091797
Our model,3,162.09495544433594
Our model,3,259.18292236328125
Our model,3,296.8714599609375
Our model,3,188.12942504882812
Our model,3,180.46128845214844
Our model,3,233.86087036132812
Our model,3,180.83685302734375
Our model,3,276.84295654296875
Our model,3,171.18890380859375
Our model,3,193.0673065185547
Our model,3,178.6524200439453
Our model,3,209.0447540283203
Our model,3,181.71176147460938
Our model,3,189.33551025390625
Our model,3,196.66619873046875
Our model,3,169.08743286132812
Our model,3,176.80377197265625
Our model,3,219.8428955078125
Our model,3,186.0701904296875
Our model,3,192.4683380126953
Our model,3,199.3699493408203
Our model,3,195.09124755859375
Our model,3,189.86642456054688
Our model,3,173.5768585205078
Our model,3,185.56581115722656
Our model,3,200.13192749023438
Our model,3,191.48097229003906
Our model,3,190.23292541503906
Our model,3,210.40220642089844
Our model,3,191.52305603027344
Our model,3,198.34959411621094
Our model,3,187.8992156982422
Our model,3,154.76048278808594
Our model,3,183.57948303222656
Our model,3,175.16012573242188
Our model,3,173.53480529785156
Our model,3,201.8022918701172
Our model,3,196.34811401367188
Our model,3,150.19378662109375
Our model,3,190.38031005859375
Our model,3,181.22239685058594
Our model,3,290.91522216796875
Our model,3,188.1539306640625
Our model,3,191.34083557128906
Our model,3,196.42417907714844
Our model,3,167.6012420654297
Our model,3,292.8227233886719
Our model,3,212.80258178710938
Our model,3,182.3495330810547
Our model,3,201.8556365966797
Our model,3,201.6397705078125
Our model,3,157.8133544921875
Our model,3,138.52516174316406
Our model,3,186.4244842529297
Our model,3,207.64251708984375
Our model,3,164.13516235351562
Our model,3,199.7269287109375
Our model,3,198.5324249267578
Our model,3,215.2623748779297
Our model,3,242.5090789794922
Our model,3,245.11741638183594
Our model,3,173.07427978515625
Our model,3,193.42018127441406
Our model,3,189.85958862304688
Our model,3,183.3606719970703
Our model,3,180.36512756347656
Our model,3,397.4293212890625
Our model,3,182.47836303710938
Our model,3,160.6769256591797
Our model,3,382.7304992675781
Our model,3,160.06527709960938
Our model,3,236.5757598876953
Our model,3,198.0069580078125
Our model,3,195.53720092773438
Our model,3,198.12957763671875
Our model,3,215.25674438476562
Our model,3,189.61021423339844
Our model,3,193.29281616210938
Our model,3,177.67750549316406
Our model,3,215.8829345703125
Our model,3,204.2843017578125
Our model,3,176.1555938720703
Our model,3,230.6988983154297
Our model,3,222.6631317138672
Our model,3,209.8231201171875
Our model,3,170.26492309570312
Our model,3,154.2528839111328
Our model,3,173.7163543701172
Our model,3,204.1405792236328
Our model,3,220.29441833496094
Our model,3,209.13992309570312
Our model,3,211.61459350585938
Our model,3,167.5720672607422
Our model,3,196.52740478515625
Our model,3,194.7739715576172
Our model,3,242.65635681152344
Our model,3,188.15298461914062
Our model,3,187.63528442382812
Our model,3,208.4663848876953
Our model,3,181.1548614501953
Our model,3,180.64926147460938
Our model,3,182.491455078125
Our model,3,191.52178955078125
Our model,3,178.58319091796875
Our model,3,184.64312744140625
Our model,3,223.20761108398438
Our model,3,184.30422973632812
Our model,3,265.83599853515625
Our model,3,181.73094177246094
Our model,3,196.226806640625
Our model,3,220.47637939453125
Our model,3,242.99974060058594
Our model,3,166.3582763671875
Our model,3,229.28150939941406
Our model,3,274.1966247558594
Our model,3,190.04635620117188
Our model,3,263.98382568359375
Our model,3,207.1446533203125
Our model,3,221.6644287109375
Our model,3,197.81385803222656
Our model,3,282.1161804199219
Our model,3,205.46267700195312
Our model,3,155.94439697265625
Our model,3,282.5972900390625
Our model,3,200.8915252685547
Our model,3,242.56578063964844
Our model,3,192.3121795654297
Our model,3,213.3660888671875
Our model,3,202.47926330566406
Our model,3,207.8527374267578
Our model,3,225.58628845214844
Our model,3,186.77854919433594
Our model,3,192.26568603515625
Our model,3,244.75917053222656
Our model,3,173.25965881347656
Our model,3,209.59878540039062
Our model,3,155.69509887695312
Our model,3,209.53781127929688
Our model,3,190.069091796875
Our model,3,148.73516845703125
Our model,3,194.20228576660156
Our model,3,185.332763671875
Our model,3,183.23757934570312
Our model,3,168.62826538085938
Our model,3,157.0540008544922
Our model,3,197.8439483642578
Our model,3,181.29464721679688
Our model,3,198.8382110595703
Our model,3,223.0022430419922
Our model,3,190.0283660888672
Our model,3,180.4744415283203
Our model,3,189.998779296875
Our model,3,188.8489990234375
Our model,3,212.317138671875
Our model,3,209.43724060058594
Our model,3,244.67364501953125
Our model,3,198.51365661621094
Our model,3,187.5876922607422
Our model,3,168.49594116210938
Our model,3,225.8882293701172
Our model,3,203.625732421875
Our model,3,191.2670440673828
Our model,3,236.2826385498047
Our model,3,176.16896057128906
Our model,3,204.710205078125
Our model,3,184.50558471679688
Our model,3,232.5282745361328
Our model,3,197.60223388671875
Our model,3,146.12205505371094
Our model,3,232.9253387451172
Our model,3,202.9329071044922
Our model,3,193.25729370117188
Our model,3,185.10520935058594
Our model,3,189.67929077148438
Our model,3,185.53585815429688
Our model,3,154.8858642578125
Our model,3,222.54266357421875
Our model,3,197.18223571777344
Our model,3,169.1754913330078
Our model,3,173.0878143310547
Our model,3,187.73422241210938
Our model,3,184.91795349121094
Our model,3,152.59011840820312
Our model,3,218.47335815429688
Our model,3,212.2860870361328
Our model,3,203.07861328125
Our model,3,179.0504150390625
Our model,3,226.72300720214844
Our model,3,219.30006408691406
Our model,3,190.5950164794922
Our model,3,155.83489990234375
Our model,3,178.28273010253906
Our model,3,174.7017364501953
Our model,3,408.3357238769531
Our model,3,181.9635467529297
Our model,3,178.26573181152344
Our model,3,213.14369201660156
Our model,3,191.248291015625
Our model,3,197.40553283691406
Our model,3,198.01019287109375
Our model,3,399.2348937988281
Our model,3,204.89366149902344
Our model,3,165.68792724609375
Our model,3,199.1488494873047
Our model,3,193.54046630859375
Our model,3,207.06178283691406
Our model,3,199.67884826660156
Our model,3,198.01837158203125
Our model,3,182.96583557128906
Our model,3,256.3683776855469
Our model,3,185.68614196777344
Our model,3,195.0623016357422
Our model,3,201.1595916748047
Our model,3,177.76248168945312
Our model,3,190.92283630371094
Our model,3,185.00735473632812
Our model,3,234.8073272705078
Our model,3,240.5214385986328
Our model,3,200.82098388671875
Our model,3,177.91612243652344
Our model,3,226.1527862548828
Our model,3,239.23345947265625
Our model,3,224.1822052001953
Our model,3,216.855224609375
Our model,3,170.66229248046875
Our model,3,198.09628295898438
Our model,3,192.05099487304688
Our model,3,250.35337829589844
Our model,3,186.424560546875
Our model,3,189.8380584716797
Our model,3,182.50552368164062
Our model,3,187.91749572753906
Our model,3,257.0960388183594
Our model,3,243.6152801513672
Our model,3,212.69183349609375
Our model,3,198.67364501953125
Our model,3,268.5805969238281
Our model,3,191.37767028808594
Our model,3,189.64219665527344
Our model,3,176.10073852539062
Our model,3,176.3726348876953
Our model,3,193.4315185546875
Our model,3,271.18231201171875
Our model,3,202.45709228515625
Our model,3,152.74957275390625
Our model,3,184.83221435546875
Our model,3,217.2969207763672
Our model,3,204.8971710205078
Our model,3,184.69970703125
Our model,3,184.5812225341797
Our model,3,180.72511291503906
Our model,3,195.75375366210938
Our model,3,186.76809692382812
Our model,3,170.98358154296875
Our model,3,173.5780029296875
Our model,3,232.5697021484375
Our model,3,250.90518188476562
Our model,3,184.03878784179688
Our model,3,219.66012573242188
Our model,3,243.19297790527344
Our model,3,180.80496215820312
Our model,3,236.78269958496094
Our model,3,166.4592742919922
Our model,3,181.644287109375
Our model,3,182.01661682128906
Our model,3,191.10238647460938
Our model,3,214.62086486816406
Our model,3,185.2017059326172
Our model,3,164.92062377929688
Our model,3,185.0087432861328
Our model,3,238.10775756835938
Our model,3,188.78915405273438
Our model,3,164.06918334960938
Our model,3,190.11634826660156
Our model,3,219.3511505126953
Our model,3,194.49758911132812
Our model,3,160.33047485351562
Our model,3,189.08737182617188
Our model,3,168.4883270263672
Our model,3,183.71531677246094
Our model,3,212.7502899169922
Our model,3,233.0524444580078
Our model,3,183.19424438476562
Our model,3,210.53330993652344
Our model,3,156.40731811523438
Our model,3,208.19471740722656
Our model,3,190.7816925048828
Our model,3,168.2164764404297
Our model,3,196.1669158935547
Our model,3,186.0530242919922
Our model,3,202.00006103515625
Our model,3,156.26181030273438
Our model,3,157.6930694580078
Our model,3,192.71487426757812
Our model,3,156.2449951171875
Our model,3,178.47518920898438
Our model,3,194.43075561523438
Our model,3,208.2411346435547
Our model,3,181.975830078125
Our model,3,151.6628875732422
Our model,3,157.40029907226562
Our model,3,184.61598205566406
Our model,3,177.0971221923828
Our model,3,172.83233642578125
Our model,3,208.31646728515625
Our model,3,235.90997314453125
Our model,3,183.84490966796875
Our model,3,221.817138671875
Our model,3,161.521484375
Our model,3,223.17498779296875
Our model,3,198.59738159179688
Our model,3,209.87014770507812
Our model,3,204.0762481689453
Our model,3,188.44834899902344
Our model,3,188.4393768310547
Our model,3,163.11085510253906
Our model,3,190.19969177246094
Our model,3,191.41990661621094
Our model,3,208.16064453125
Our model,3,167.3262939453125
Our model,3,192.36007690429688
Our model,3,184.00831604003906
Our model,3,173.98361206054688
Our model,3,205.9278106689453
Our model,3,164.49725341796875
Our model,3,303.5999450683594
Our model,3,303.36907958984375
Our model,3,184.9938201904297
Our model,3,169.3345489501953
Our model,3,210.89268493652344
Our model,3,168.08074951171875
Our model,3,260.43988037109375
Our model,3,150.4951171875
Our model,3,199.9732666015625
Our model,3,171.86647033691406
Our model,3,190.48580932617188
Our model,3,198.1753387451172
Our model,3,165.31300354003906
Our model,3,174.6556396484375
Our model,3,193.37078857421875
Our model,3,226.459228515625
Our model,3,204.2763214111328
Our model,3,194.26512145996094
Our model,3,196.47268676757812
Our model,3,202.96299743652344
Our model,3,150.91871643066406
Our model,3,158.81752014160156
Our model,3,247.07901000976562
Our model,3,189.2755889892578
Our model,3,200.81576538085938
Our model,3,268.95159912109375
Our model,3,189.74806213378906
Our model,3,155.49009704589844
Our model,3,270.3310241699219
Our model,3,237.728759765625
Our model,3,325.5339050292969
Our model,3,306.98016357421875
Our model,3,299.479248046875
Our model,3,250.07217407226562
Our model,3,225.53172302246094
Our model,3,237.8638458251953
Our model,3,176.23263549804688
Our model,3,244.46363830566406
Our model,3,177.54705810546875
Our model,3,199.84719848632812
Our model,3,177.2911376953125
Our model,3,240.37347412109375
Our model,3,195.79800415039062
Our model,3,218.262451171875
Our model,3,221.02130126953125
Our model,3,158.71005249023438
Our model,3,213.81350708007812
Our model,3,255.51918029785156
Our model,3,200.72463989257812
Our model,3,211.4128875732422
Our model,3,225.1887969970703
Our model,3,187.9331817626953
Our model,3,226.63475036621094
Our model,3,163.78404235839844
Our model,3,217.5078125
Our model,3,196.61502075195312
Our model,3,209.5281219482422
Our model,3,177.2223358154297
Our model,3,156.6054229736328
Our model,3,203.1807098388672
Our model,3,170.70846557617188
Our model,3,183.56173706054688
Our model,3,179.17652893066406
Our model,3,219.53939819335938
Our model,3,222.1250762939453
Our model,3,179.08628845214844
Our model,3,182.95802307128906
Our model,3,172.30850219726562
Our model,3,199.07266235351562
Our model,3,201.13021850585938
Our model,3,228.18397521972656
Our model,3,174.33389282226562
Our model,3,230.13650512695312
Our model,3,174.72305297851562
Our model,3,215.80177307128906
Our model,3,192.25523376464844
Our model,3,197.28884887695312
Our model,3,235.7795867919922
Our model,3,207.33355712890625
Our model,3,232.0676727294922
Our model,3,178.5927276611328
Our model,3,176.54493713378906
Our model,3,177.66748046875
Our model,3,170.97645568847656
Our model,3,218.8159942626953
Our model,3,221.7295379638672
Our model,3,191.55596923828125
Our model,3,204.3564453125
Our model,3,169.8365478515625
Our model,3,201.13409423828125
Our model,3,181.08102416992188
Our model,3,221.0209197998047
Our model,3,208.86453247070312
Our model,3,170.09938049316406
Our model,3,198.85592651367188
Our model,3,223.29507446289062
Our model,3,192.67401123046875
Our model,3,187.62989807128906
Our model,3,192.65908813476562
Our model,3,187.44395446777344
Our model,3,181.861328125
Our model,3,175.35699462890625
Our model,3,194.9915313720703
Our model,3,197.8222198486328
Our model,3,157.6790313720703
Our model,3,158.0415802001953
Our model,3,214.95545959472656
Our model,3,211.83506774902344
Our model,3,203.80099487304688
Our model,3,207.369384765625
Our model,3,155.27615356445312
Our model,3,172.6069793701172
Our model,3,171.40476989746094
Our model,3,169.37637329101562
Our model,3,229.3515167236328
Our model,3,189.32553100585938
Our model,3,180.16806030273438
Our model,3,149.91258239746094
Our model,3,248.0859832763672
Our model,3,193.00872802734375
Our model,3,187.87510681152344
Our model,3,199.2999725341797
Our model,3,187.9699249267578
Our model,3,211.52316284179688
Our model,3,236.7383270263672
Our model,3,205.72853088378906
Our model,3,182.26885986328125
Our model,3,194.928466796875
Our model,3,169.64915466308594
Our model,3,219.65682983398438
Our model,3,219.60092163085938
Our model,3,195.20745849609375
Our model,3,198.57510375976562
Our model,3,218.26905822753906
Our model,3,207.74742126464844
Our model,3,225.171142578125
Our model,3,189.25877380371094
Our model,3,195.3072052001953
Our model,3,167.69456481933594
Our model,3,180.8086395263672
Our model,3,188.56622314453125
Our model,3,167.21527099609375
Our model,3,199.85011291503906
Our model,3,187.848876953125
Our model,3,156.2823028564453
Our model,3,170.39599609375
Our model,3,216.43519592285156
Our model,3,183.944580078125
Our model,3,240.23968505859375
Our model,3,217.0172576904297
Our model,3,171.35475158691406
Our model,3,183.68045043945312
Our model,3,205.63589477539062
Our model,3,251.7322235107422
Our model,3,328.26348876953125
Our model,3,167.78558349609375
Our model,3,215.64492797851562
Our model,3,261.2181396484375
Our model,3,251.4750518798828
Our model,3,212.7369384765625
Our model,3,312.3874206542969
Our model,3,348.04693603515625
Our model,3,179.90919494628906
Our model,3,160.04806518554688
Our model,3,172.1493377685547
Our model,3,188.83038330078125
Our model,3,205.01133728027344
Our model,3,167.21868896484375
Our model,3,186.61436462402344
Our model,3,153.7331085205078
Our model,3,179.87579345703125
Our model,3,180.38294982910156
Our model,3,211.00485229492188
Our model,3,215.2730255126953
Our model,3,203.1461639404297
Our model,3,216.10813903808594
Our model,3,181.5436248779297
Our model,3,185.91612243652344
Our model,3,198.1881561279297
Our model,3,176.8534393310547
Our model,3,200.71913146972656
Our model,3,177.56065368652344
Our model,3,179.9693603515625
Our model,3,159.3672637939453
Our model,3,153.0821075439453
Our model,3,168.60093688964844
Our model,3,194.35870361328125
Our model,3,164.17845153808594
Our model,3,195.77137756347656
Our model,3,200.2508544921875
Our model,3,202.0487060546875
Our model,3,188.36566162109375
Our model,3,188.18621826171875
Our model,3,188.71612548828125
Our model,3,220.69993591308594
Our model,3,197.55380249023438
Our model,3,189.53074645996094
Our model,3,198.36476135253906
Our model,3,205.96095275878906
Our model,3,214.83526611328125
Our model,3,173.26402282714844
Our model,3,160.3927764892578
Our model,3,251.096435546875
Our model,3,252.3323974609375
Our model,3,201.8538360595703
Our model,3,219.46844482421875
Our model,3,321.96148681640625
Our model,3,179.1727752685547
Our model,3,338.61553955078125
Our model,3,201.1663818359375
Our model,3,339.9299011230469
Our model,3,328.5625305175781
Our model,3,188.3651885986328
Our model,3,207.14193725585938
Our model,3,221.77394104003906
Our model,3,167.25656127929688
Our model,3,209.1098175048828
Our model,3,141.42213439941406
Our model,3,200.557373046875
Our model,3,203.78329467773438
Our model,3,189.6663818359375
Our model,3,205.998291015625
Our model,3,206.9964141845703
Our model,3,215.75527954101562
Our model,3,243.1387176513672
Our model,3,175.59402465820312
Our model,3,185.11248779296875
Our model,3,181.31114196777344
Our model,3,231.9063720703125
Our model,3,210.38833618164062
Our model,3,240.86865234375
Our model,3,221.84072875976562
Our model,3,177.7374267578125
Our model,3,163.96397399902344
Our model,3,190.7147674560547
Our model,3,226.47767639160156
Our model,3,181.24293518066406
Our model,3,176.4706573486328
Our model,3,177.4277801513672
Our model,3,193.90162658691406
Our model,3,160.526123046875
Our model,3,191.45364379882812
Our model,3,183.12466430664062
Our model,3,230.8236083984375
Our model,3,188.1220245361328
Our model,3,194.6771240234375
Our model,3,190.9482879638672
Our model,3,231.13951110839844
Our model,3,160.64044189453125
Our model,3,204.2084197998047
Our model,3,187.51107788085938
Our model,3,180.45074462890625
Our model,3,219.22991943359375
Our model,3,193.9425506591797
Our model,3,197.7643280029297
Our model,3,193.13143920898438
Our model,3,185.5861358642578
Our model,3,168.69664001464844
Our model,3,190.56619262695312
Our model,3,165.40184020996094
Our model,3,179.95994567871094
Our model,3,168.37310791015625
Our model,3,211.3585968017578
Our model,3,187.69920349121094
Our model,3,159.4888916015625
Our model,3,165.5745391845703
Our model,3,211.363037109375
Our model,3,193.0038299560547
Our model,3,171.9495391845703
Our model,3,207.36795043945312
Our model,3,253.66432189941406
Our model,3,239.341064453125
Our model,3,185.0741424560547
Our model,3,163.354248046875
Our model,3,192.22402954101562
Our model,3,186.85675048828125
Our model,3,168.2818145751953
Our model,3,148.83665466308594
Our model,3,182.6511993408203
Our model,3,203.81488037109375
Our model,3,182.74363708496094
Our model,3,176.9031524658203
Our model,3,180.67437744140625
Our model,3,229.6318359375
Our model,3,293.764892578125
Our model,3,287.2232971191406
Our model,3,240.58892822265625
Our model,3,174.6177978515625
Our model,3,221.84825134277344
Our model,3,216.67739868164062
Our model,3,179.55618286132812
Our model,3,209.20249938964844
Our model,3,190.39520263671875
Our model,3,226.88087463378906
Our model,3,229.97531127929688
Our model,3,207.28089904785156
Our model,3,251.51075744628906
Our model,3,207.38470458984375
Our model,3,163.1802520751953
Our model,3,220.9092559814453
Our model,3,211.1718292236328
Our model,3,179.8157958984375
Our model,3,196.14407348632812
Our model,3,185.55274963378906
Our model,3,195.4402313232422
Our model,3,188.14096069335938
Our model,3,210.0384063720703
Our model,3,293.8854064941406
Our model,3,197.9348907470703
Our model,3,196.69642639160156
Our model,3,266.8899230957031
Our model,3,173.02972412109375
Our model,3,184.11172485351562
Our model,3,187.7421417236328
Our model,3,190.4085235595703
Our model,3,202.3366241455078
Our model,3,195.89683532714844
Our model,3,184.27830505371094
Our model,3,178.99630737304688
Our model,3,186.646728515625
Our model,3,248.6466064453125
Our model,3,241.63145446777344
Our model,3,188.43655395507812
Our model,3,198.93588256835938
Our model,3,171.70803833007812
Our model,3,156.35450744628906
Our model,3,196.920166015625
Our model,3,170.41098022460938
Our model,3,203.7738037109375
Our model,3,189.82217407226562
Our model,3,208.94326782226562
Our model,3,176.976318359375
Our model,3,197.36068725585938
Our model,3,188.97491455078125
Our model,3,184.72845458984375
Our model,3,203.4728240966797
Our model,3,328.6258850097656
Our model,3,213.38365173339844
Our model,3,186.85162353515625
Our model,3,234.54733276367188
Our model,3,206.1332550048828
Our model,3,328.0234680175781
Our model,3,211.9281005859375
Our model,3,185.9433135986328
Our model,3,209.68389892578125
Our model,3,220.18780517578125
Our model,3,266.8961486816406
Our model,3,191.4998779296875
Our model,3,178.11935424804688
Our model,3,168.39915466308594
Our model,3,165.8890838623047
Our model,3,193.4113311767578
Our model,3,195.67083740234375
Our model,3,202.70594787597656
Our model,3,208.789794921875
Our model,3,202.85658264160156
Our model,3,194.96319580078125
Our model,3,185.83265686035156
Our model,3,303.1502685546875
Our model,3,242.5968017578125
Our model,3,189.78555297851562
Our model,3,257.53387451171875
Our model,3,196.2152099609375
Our model,3,258.7591552734375
Our model,3,179.4007110595703
Our model,3,195.99635314941406
Our model,3,240.3439483642578
Our model,3,212.56216430664062
Our model,3,182.5619659423828
Our model,3,188.3465118408203
Our model,3,162.05226135253906
Our model,3,157.30569458007812
Our model,3,187.22679138183594
Our model,3,222.07827758789062
Our model,3,280.546875
Our model,3,193.3756103515625
Our model,3,216.08834838867188
Our model,3,267.11590576171875
Our model,3,150.28921508789062
Our model,3,285.9036560058594
Our model,3,179.50437927246094
Our model,3,181.42706298828125
Our model,3,193.9747314453125
Our model,3,191.68687438964844
Our model,3,216.2532958984375
Our model,3,228.77996826171875
Our model,3,191.12380981445312
Our model,3,155.0971221923828
Our model,3,179.56893920898438
Our model,3,187.46408081054688
Our model,3,206.6665496826172
Our model,3,200.08192443847656
Our model,3,199.62387084960938
Our model,3,218.71983337402344
Our model,3,227.8211669921875
Our model,3,178.31724548339844
Our model,3,192.6209716796875
Our model,3,174.74732971191406
Our model,3,191.80467224121094
Our model,3,180.19644165039062
Our model,3,153.1290740966797
Our model,3,235.07728576660156
Our model,3,176.63925170898438
Our model,3,156.79701232910156
Our model,3,161.15673828125
Our model,3,206.61184692382812
Our model,3,168.23977661132812
Our model,3,171.5049591064453
Our model,3,193.75601196289062
Our model,3,181.05592346191406
Our model,3,189.411865234375
Our model,3,169.96900939941406
Our model,3,164.2819366455078
Our model,3,177.8938751220703
Our model,3,181.0948944091797
Our model,3,166.11158752441406
Our model,3,169.29299926757812
Our model,3,216.13734436035156
Our model,3,210.12661743164062
Our model,3,192.515625
Our model,3,226.24041748046875
Our model,3,183.6693572998047
Our model,3,205.03514099121094
Our model,3,419.218505859375
Our model,3,232.1126708984375
Our model,3,292.595458984375
Our model,3,201.38453674316406
Our model,3,420.6675720214844
Our model,3,282.45550537109375
Our model,3,161.93080139160156
Our model,3,213.59671020507812
Our model,3,181.31178283691406
Our model,3,191.93711853027344
Our model,3,194.70423889160156
Our model,3,195.75640869140625
Our model,3,192.00625610351562
Our model,3,160.4456024169922
Our model,3,182.3052215576172
Our model,3,191.9913330078125
Our model,3,182.7996826171875
Our model,3,206.5228271484375
Our model,3,210.69326782226562
Our model,3,204.1254425048828
Our model,3,167.15655517578125
Our model,3,219.5978240966797
Our model,3,230.16738891601562
Our model,3,177.252197265625
Our model,3,245.90187072753906
Our model,3,217.22854614257812
Our model,3,200.8745880126953
Our model,3,195.61036682128906
Our model,3,189.161865234375
Our model,3,188.86212158203125
Our model,3,199.9160614013672
Our model,3,235.12342834472656
Our model,3,196.4043426513672
Our model,3,224.14730834960938
Our model,3,179.30406188964844
Our model,3,178.95492553710938
Our model,3,251.83248901367188
Our model,3,185.2166748046875
Our model,3,188.0664825439453
Our model,3,188.294921875
Our model,3,197.2874298095703
Our model,3,215.86895751953125
Our model,3,163.11077880859375
Our model,3,207.11358642578125
Our model,3,174.7896728515625
Our model,3,187.55465698242188
Our model,3,186.78041076660156
Our model,3,160.35580444335938
Our model,3,144.79920959472656
Our model,3,205.61636352539062
Our model,3,181.7344207763672
Our model,3,219.11651611328125
Our model,3,179.14671325683594
Our model,3,198.66883850097656
Our model,3,196.1043701171875
Our model,3,182.62197875976562
Our model,3,196.93807983398438
Our model,3,171.00440979003906
Our model,3,208.40907287597656
Our model,3,208.1657257080078
Our model,3,246.06419372558594
Our model,3,178.23341369628906
Our model,3,189.5556640625
Our model,3,183.65562438964844
Our model,3,160.58409118652344
Our model,3,190.34255981445312
Our model,3,191.17312622070312
Our model,3,183.514404296875
Our model,3,177.40313720703125
Our model,3,176.77525329589844
Our model,3,172.42581176757812
Our model,3,200.51441955566406
Our model,3,188.47537231445312
Our model,3,266.0140380859375
Our model,3,219.00489807128906
Our model,3,317.75311279296875
Our model,3,195.68934631347656
Our model,3,303.22747802734375
Our model,3,184.43942260742188
Our model,3,198.4392852783203
Our model,3,172.5371856689453
Our model,3,294.4747619628906
Our model,3,196.19979858398438
Our model,3,200.0061492919922
Our model,3,180.31591796875
Our model,3,173.59454345703125
Our model,3,295.8520812988281
Our model,3,185.1272430419922
Our model,3,174.9251251220703
Our model,3,159.13609313964844
Our model,3,180.12559509277344
Our model,3,199.86094665527344
Our model,3,180.17112731933594
Our model,3,157.4068145751953
Our model,3,190.29884338378906
Our model,3,192.81820678710938
Our model,3,192.96572875976562
Our model,3,198.63291931152344
Our model,3,198.30223083496094
Our model,3,192.79745483398438
Our model,3,227.02716064453125
Our model,3,177.4220733642578
Our model,3,202.3358917236328
Our model,3,172.7632598876953
Our model,3,159.02438354492188
Our model,3,192.09132385253906
Our model,3,163.6106414794922
Our model,3,192.40213012695312
Our model,3,205.2373046875
Our model,3,191.2443084716797
Our model,3,247.78538513183594
Our model,3,206.27963256835938
Our model,3,197.15760803222656
Our model,3,229.4952392578125
Our model,3,179.0540313720703
Our model,3,166.81851196289062
Our model,3,147.69825744628906
Our model,3,274.9111633300781
Our model,3,285.9528503417969
Our model,3,215.2767791748047
Our model,3,189.73226928710938
Our model,3,187.38063049316406
Our model,3,184.10675048828125
Our model,3,217.03680419921875
Our model,3,248.26181030273438
Our model,3,221.7948760986328
Our model,3,204.62086486816406
Our model,3,194.79364013671875
Our model,3,187.60597229003906
Our model,3,171.20166015625
Our model,3,173.44041442871094
Our model,3,222.3173370361328
Our model,3,218.9553985595703
Our model,3,192.09619140625
Our model,3,174.22706604003906
Our model,3,165.04730224609375
Our model,3,174.2436065673828
Our model,3,226.97254943847656
Our model,3,181.06910705566406
Our model,3,199.27914428710938
Our model,3,175.5189208984375
Our model,3,201.26766967773438
Our model,3,160.98812866210938
Our model,3,158.05601501464844
Our model,3,194.05796813964844
Our model,3,203.26016235351562
Our model,3,184.14224243164062
Our model,3,248.88214111328125
Our model,3,223.69805908203125
Our model,3,193.5911407470703
Our model,3,183.91635131835938
Our model,3,249.53240966796875
Our model,3,248.8378448486328
Our model,3,186.88539123535156
Our model,3,179.0123291015625
Our model,3,228.36793518066406
Our model,3,213.7606201171875
Our model,3,206.620361328125
Our model,3,181.7249298095703
Our model,3,175.08790588378906
Our model,3,191.02426147460938
Our model,3,210.75001525878906
Our model,3,206.2368621826172
Our model,3,189.82644653320312
Our model,3,293.36712646484375
Our model,3,219.25875854492188
Our model,3,194.94468688964844
Our model,3,271.9810485839844
Our model,3,187.70599365234375
Our model,3,186.04669189453125
Our model,3,164.62779235839844
Our model,3,221.0616455078125
Our model,3,246.9913787841797
Our model,3,216.3912353515625
Our model,3,221.6970977783203
Our model,3,175.46621704101562
Our model,3,199.95921325683594
Our model,3,187.52439880371094
Our model,3,193.6418914794922
Our model,3,242.66799926757812
Our model,3,195.6312255859375
Our model,3,180.97775268554688
Our model,3,181.26417541503906
Our model,3,162.625732421875
Our model,3,167.6885223388672
Our model,3,191.00082397460938
Our model,3,179.36837768554688
Our model,3,226.2111358642578
Our model,3,193.6042938232422
Our model,3,184.25057983398438
Our model,3,216.8686065673828
Our model,3,176.70718383789062
Our model,3,396.5822448730469
Our model,3,189.423828125
Our model,3,171.4483184814453
Our model,3,167.26422119140625
Our model,3,410.6387634277344
Our model,3,187.8802032470703
Our model,3,166.88717651367188
Our model,3,181.3712921142578
Our model,3,172.84732055664062
Our model,3,187.7672119140625
Our model,3,181.16929626464844
Our model,3,192.67431640625
Our model,3,169.2843780517578
Our model,3,150.9588623046875
Our model,3,172.94998168945312
Our model,3,216.4092559814453
Our model,3,287.6808166503906
Our model,3,202.65016174316406
Our model,3,255.33517456054688
Our model,3,200.46847534179688
Our model,3,318.64678955078125
Our model,3,240.40432739257812
Our model,3,173.931884765625
Our model,3,205.85504150390625
Our model,3,205.73358154296875
Our model,3,256.9986267089844
Our model,3,213.2584228515625
Our model,3,174.0337677001953
Our model,3,158.07810974121094
Our model,3,177.30313110351562
Our model,3,196.30372619628906
Our model,3,197.48045349121094
Our model,3,197.1400146484375
Our model,3,764.5864868164062
Our model,3,196.7523956298828
Our model,3,222.82069396972656
Our model,3,166.64471435546875
Our model,3,188.35061645507812
Our model,3,782.5557250976562
Our model,3,213.68392944335938
Our model,3,272.25341796875
Our model,3,284.7117004394531
Our model,3,164.60289001464844
Our model,3,220.0762481689453
Our model,3,311.4001159667969
Our model,3,171.95115661621094
Our model,3,153.61904907226562
Our model,3,194.27999877929688
Our model,3,196.94985961914062
Our model,3,187.16006469726562
Our model,3,214.54559326171875
Our model,3,166.64404296875
Our model,3,181.78530883789062
Our model,3,169.12400817871094
Our model,3,158.51600646972656
Our model,3,204.72500610351562
Our model,3,187.48387145996094
Our model,3,172.90455627441406
Our model,3,173.52398681640625
Our model,3,181.87962341308594
Our model,3,172.77223205566406
Our model,3,206.83984375
Our model,3,183.57424926757812
Our model,3,185.66517639160156
Our model,3,164.1693878173828
Our model,3,188.90029907226562
Our model,3,181.5323486328125
Our model,3,182.2791748046875
Our model,3,178.7801513671875
Our model,3,188.98158264160156
Our model,3,172.321533203125
Our model,3,196.26638793945312
Our model,3,758.6643676757812
Our model,3,183.21856689453125
Our model,3,172.23155212402344
Our model,3,763.7805786132812
Our model,3,208.3097686767578
Our model,3,190.29254150390625
Our model,3,167.89285278320312
Our model,3,198.49044799804688
Our model,3,158.99014282226562
Our model,3,166.9517059326172
Our model,3,223.9781036376953
Our model,3,195.6110076904297
Our model,3,202.48924255371094
Our model,3,187.63772583007812
Our model,3,178.6764373779297
Our model,3,178.8477783203125
Our model,3,163.32876586914062
Our model,3,184.41017150878906
Our model,3,204.9756317138672
Our model,3,193.0300750732422
Our model,3,214.89443969726562
Our model,3,173.51124572753906
Our model,3,150.17169189453125
Our model,3,189.10128784179688
Our model,3,180.8131561279297
Our model,3,276.39288330078125
Our model,3,205.5193328857422
Our model,3,229.21209716796875
Our model,3,215.6614532470703
Our model,3,191.0983123779297
Our model,3,163.58486938476562
Our model,3,217.80532836914062
Our model,3,193.49220275878906
Our model,3,181.5894012451172
Our model,3,230.77606201171875
Our model,3,237.84103393554688
Our model,3,188.38194274902344
Our model,3,249.85423278808594
Our model,3,217.063232421875
Our model,3,268.5589904785156
Our model,3,206.5061798095703
Our model,3,224.36849975585938
Our model,3,236.00961303710938
Our model,3,263.7585144042969
Our model,3,210.09434509277344
Our model,3,200.90330505371094
Our model,3,185.64248657226562
Our model,3,185.42196655273438
Our model,3,168.99136352539062
Our model,3,183.64126586914062
Our model,3,214.6043701171875
Our model,3,206.5458526611328
Our model,3,203.1244659423828
Our model,3,168.27542114257812
Our model,3,158.0481414794922
Our model,3,179.30853271484375
Our model,3,167.46702575683594
Our model,3,192.72596740722656
Our model,3,182.92823791503906
Our model,3,195.0668487548828
Our model,3,158.91896057128906
Our model,3,189.7589111328125
Our model,3,196.9816131591797
Our model,3,183.5226287841797
Our model,3,175.1707763671875
Our model,3,209.88807678222656
Our model,3,240.30941772460938
Our model,3,201.30174255371094
Our model,3,181.9345703125
Our model,3,177.62310791015625
Our model,3,169.01010131835938
Our model,3,238.8740692138672
Our model,3,246.90219116210938
Our model,3,213.44541931152344
Our model,3,176.63002014160156
Our model,3,161.1661834716797
Our model,3,147.80072021484375
Our model,3,191.57333374023438
Our model,3,196.50440979003906
Our model,3,205.09408569335938
Our model,3,208.10963439941406
Our model,3,164.72238159179688
Our model,3,186.3647918701172
Our model,3,147.8233184814453
Our model,3,147.96678161621094
Our model,3,216.9894561767578
Our model,3,178.349853515625
Our model,3,207.02334594726562
Our model,3,200.7908172607422
Our model,3,186.9176025390625
Our model,3,151.72682189941406
Our model,3,180.63104248046875
Our model,3,172.86500549316406
Our model,3,207.87808227539062
Our model,3,184.62400817871094
Our model,3,209.13023376464844
Our model,3,180.02320861816406
Our model,3,205.64181518554688
Our model,3,196.3238067626953
Our model,3,154.4505615234375
Our model,3,178.08494567871094
Our model,3,164.6579132080078
Our model,3,197.52182006835938
Our model,3,177.7754669189453
Our model,3,199.33445739746094
Our model,3,176.9754180908203
Our model,3,181.67132568359375
Our model,3,181.47048950195312
Our model,3,170.9456787109375
Our model,3,184.45614624023438
Our model,3,186.47882080078125
Our model,3,238.2952117919922
Our model,3,188.28990173339844
Our model,3,221.73336791992188
Our model,3,211.45574951171875
Our model,3,156.881103515625
Our model,3,232.92347717285156
Our model,3,215.80381774902344
Our model,3,178.3324737548828
Our model,3,301.2991027832031
Our model,3,220.47268676757812
Our model,3,177.51966857910156
Our model,3,184.11358642578125
Our model,3,211.4857940673828
Our model,3,289.2725830078125
Our model,3,184.2799072265625
Our model,3,212.833740234375
Our model,3,193.3859100341797
Our model,3,201.91937255859375
Our model,3,187.2603302001953
Our model,3,217.5932159423828
Our model,3,192.14923095703125
Our model,3,172.1896514892578
Our model,3,220.92897033691406
Our model,3,198.00259399414062
Our model,3,227.98147583007812
Our model,3,230.6191864013672
Our model,3,182.90133666992188
Our model,3,175.9044189453125
Our model,3,179.41285705566406
Our model,3,197.02474975585938
Our model,3,169.60032653808594
Our model,3,213.1719512939453
Our model,3,176.16879272460938
Our model,3,221.56382751464844
Our model,3,181.47238159179688
Our model,3,205.39794921875
Our model,3,239.07212829589844
Our model,3,144.08541870117188
Our model,3,236.9183807373047
Our model,3,190.07089233398438
Our model,3,208.1475067138672
Our model,3,177.50563049316406
Our model,3,189.86216735839844
Our model,3,231.8609161376953
Our model,3,185.3900909423828
Our model,3,205.06643676757812
Our model,3,199.21458435058594
Our model,3,212.03196716308594
Our model,3,187.08433532714844
Our model,3,213.50833129882812
Our model,3,176.04676818847656
Our model,3,219.68075561523438
Our model,3,181.75526428222656
Our model,3,165.50344848632812
Our model,3,229.65943908691406
Our model,3,234.1694793701172
Our model,3,173.45298767089844
Our model,3,150.4947967529297
Our model,3,167.69314575195312
Our model,3,160.44273376464844
Our model,3,325.3723449707031
Our model,3,167.08285522460938
Our model,3,207.79319763183594
Our model,3,197.108154296875
Our model,3,206.5497283935547
Our model,3,162.2894744873047
Our model,3,218.6632080078125
Our model,3,328.97808837890625
Our model,3,153.86175537109375
Our model,3,160.67271423339844
Our model,3,150.85923767089844
Our model,3,177.974853515625
Our model,3,180.18209838867188
Our model,3,144.7800750732422
Our model,3,232.5924835205078
Our model,3,174.93687438964844
Our model,3,193.24620056152344
Our model,3,276.57568359375
Our model,3,184.8543701171875
Our model,3,170.47677612304688
Our model,3,263.27618408203125
Our model,3,214.26486206054688
Our model,3,200.9364013671875
Our model,3,177.0322265625
Our model,3,184.54519653320312
Our model,3,189.27804565429688
Our model,3,239.10398864746094
Our model,3,220.26449584960938
Our model,3,158.57925415039062
Our model,3,209.30294799804688
Our model,3,215.79421997070312
Our model,3,216.1005401611328
Our model,3,192.9665069580078
Our model,3,195.58438110351562
Our model,3,181.8745880126953
Our model,3,188.07977294921875
Our model,3,189.83226013183594
Our model,3,196.55540466308594
Our model,3,195.19789123535156
Our model,3,198.4055938720703
Our model,3,209.01028442382812
Our model,3,210.88584899902344
Our model,3,171.78501892089844
Our model,3,183.20323181152344
Our model,3,159.09634399414062
Our model,3,160.32321166992188
Our model,3,217.07643127441406
Our model,3,326.0143737792969
Our model,3,193.33773803710938
Our model,3,187.76841735839844
Our model,3,186.76258850097656
Our model,3,336.6400146484375
Our model,3,172.890625
Our model,3,207.87847900390625
Our model,3,180.4796905517578
Our model,3,208.74267578125
Our model,3,196.68348693847656
Our model,3,190.72451782226562
Our model,3,196.17481994628906
Our model,3,229.4608917236328
Our model,3,163.22039794921875
Our model,3,197.92422485351562
Our model,3,198.2494354248047
Our model,3,173.62368774414062
Our model,3,226.3475341796875
Our model,3,187.32398986816406
Our model,3,215.2738800048828
Our model,3,191.6258087158203
Our model,3,173.4032745361328
Our model,3,202.5093994140625
Our model,3,285.3472595214844
Our model,3,255.59207153320312
Our model,3,198.2978515625
Our model,3,192.45997619628906
Our model,3,173.69253540039062
Our model,3,170.4719696044922
Our model,3,165.0471954345703
Our model,3,161.00607299804688
Our model,3,208.84762573242188
Our model,3,210.65866088867188
Our model,3,209.32278442382812
Our model,3,207.47244262695312
Our model,3,167.23748779296875
Our model,3,159.20875549316406
Our model,3,191.8721466064453
Our model,3,211.813232421875
Our model,3,213.787841796875
Our model,3,185.8217315673828
Our model,3,184.3076934814453
Our model,3,239.7541046142578
Our model,3,202.23504638671875
Our model,3,164.41650390625
Our model,3,230.07069396972656
Our model,3,263.4205627441406
Our model,3,185.7970733642578
Our model,3,197.816650390625
Our model,3,193.78994750976562
Our model,3,201.80992126464844
Our model,3,228.50379943847656
Our model,3,236.86624145507812
Our model,3,177.5802764892578
Our model,3,201.54539489746094
Our model,3,198.86685180664062
Our model,3,192.1256866455078
Our model,3,194.001708984375
Our model,3,229.92039489746094
Our model,3,222.79342651367188
Our model,3,199.56532287597656
Our model,3,192.42152404785156
Our model,3,175.5481414794922
Our model,3,221.48240661621094
Our model,3,202.20135498046875
Our model,3,183.79901123046875
Our model,3,188.019287109375
Our model,3,179.65716552734375
Our model,3,169.38307189941406
Our model,3,209.80604553222656
Our model,3,197.22340393066406
Our model,3,271.8033447265625
Our model,3,237.54623413085938
Our model,3,234.81253051757812
Our model,3,258.27789306640625
Our model,3,160.23170471191406
Our model,3,283.1627502441406
Our model,3,200.96463012695312
Our model,3,192.49871826171875
Our model,3,244.8151092529297
Our model,3,278.2911682128906
Our model,3,286.0771179199219
Our model,3,275.2108459472656
Our model,3,183.78564453125
Our model,3,161.82855224609375
Our model,3,208.04466247558594
Our model,3,202.62478637695312
Our model,3,213.86923217773438
Our model,3,192.5658721923828
Our model,3,172.0473175048828
Our model,3,192.86595153808594
Our model,3,202.2088623046875
Our model,3,185.455078125
Our model,3,205.85406494140625
Our model,3,200.17172241210938
Our model,3,232.19667053222656
Our model,3,187.54476928710938
Our model,3,207.7469482421875
Our model,3,171.47158813476562
Our model,3,209.07276916503906
Our model,3,201.69827270507812
Our model,3,252.2357940673828
Our model,3,228.226806640625
Our model,3,188.01307678222656
Our model,3,174.09060668945312
Our model,3,196.9026641845703
Our model,3,207.8599853515625
Our model,3,202.9417266845703
Our model,3,215.2370147705078
Our model,3,223.93756103515625
Our model,3,174.42645263671875
Our model,3,173.9346923828125
Our model,3,184.2593231201172
Our model,3,176.15451049804688
Our model,3,172.59974670410156
Our model,3,197.147705078125
Our model,3,180.93618774414062
Our model,3,173.74403381347656
Our model,3,195.4014434814453
Our model,3,244.04270935058594
Our model,3,164.0233612060547
Our model,3,214.2665557861328
Our model,3,184.46485900878906
Our model,3,195.371826171875
Our model,3,159.4775848388672
Our model,3,174.8645477294922
Our model,3,252.92581176757812
Our model,3,748.6482543945312
Our model,3,759.20361328125
Our model,3,195.51864624023438
Our model,3,175.14308166503906
Our model,3,208.4688262939453
Our model,3,234.56356811523438
Our model,3,182.09805297851562
Our model,3,198.20938110351562
Our model,3,190.6057586669922
Our model,3,213.86427307128906
Our model,3,201.83148193359375
Our model,3,158.0985870361328
Our model,3,186.16015625
Our model,3,228.744140625
Our model,3,191.68894958496094
Our model,3,173.7537384033203
Our model,3,225.31227111816406
Our model,3,182.90679931640625
Our model,3,248.63290405273438
Our model,3,177.11776733398438
Our model,3,188.0481719970703
Our model,3,175.72598266601562
Our model,3,199.4810333251953
Our model,3,196.2122802734375
Our model,3,241.9103240966797
Our model,3,194.21421813964844
Our model,3,212.66989135742188
Our model,3,190.22251892089844
Our model,3,212.39923095703125
Our model,3,196.19732666015625
Our model,3,172.69546508789062
Our model,3,187.76597595214844
Our model,3,191.26185607910156
Our model,3,162.72984313964844
Our model,3,168.6395263671875
Our model,3,170.53163146972656
Our model,3,176.08164978027344
Our model,3,187.53265380859375
Our model,3,212.4492950439453
Our model,3,236.36997985839844
Our model,3,225.21432495117188
Our model,3,198.3120880126953
Our model,3,262.55816650390625
Our model,3,185.03787231445312
Our model,3,171.5208282470703
Our model,3,177.4944305419922
Our model,3,212.93780517578125
Our model,3,158.4203338623047
Our model,3,244.7042694091797
Our model,3,199.93382263183594
Our model,3,185.42015075683594
Our model,3,169.74758911132812
Our model,3,186.1124725341797
Our model,3,181.40447998046875
Our model,3,183.07322692871094
Our model,3,201.96746826171875
Our model,3,218.3797607421875
Our model,3,216.0710906982422
Our model,3,184.6322479248047
Our model,3,157.75543212890625
Our model,3,215.54518127441406
Our model,3,206.36911010742188
Our model,3,186.7875213623047
Our model,3,176.84390258789062
Our model,3,221.86082458496094
Our model,3,186.6366424560547
Our model,3,195.6044158935547
Our model,3,184.3317108154297
Our model,3,175.3124237060547
Our model,3,162.8351287841797
Our model,3,189.1004180908203
Our model,3,190.11354064941406
Our model,3,407.3222961425781
Our model,3,161.05276489257812
Our model,3,446.6510009765625
Our model,3,163.96253967285156
Our model,3,209.13156127929688
Our model,3,175.56202697753906
Our model,3,199.9964599609375
Our model,3,190.49537658691406
Our model,3,181.1033172607422
Our model,3,208.36302185058594
Our model,3,169.81690979003906
Our model,3,227.4322967529297
Our model,3,178.29562377929688
Our model,3,184.93179321289062
Our model,3,225.12960815429688
Our model,3,254.95701599121094
Our model,3,198.67620849609375
Our model,3,233.2633819580078
Our model,3,190.3424072265625
Our model,3,197.47491455078125
Our model,3,191.93797302246094
Our model,3,168.79640197753906
Our model,3,291.4796142578125
Our model,3,309.7639465332031
Our model,3,214.00482177734375
Our model,3,239.90432739257812
Our model,3,287.04644775390625
Our model,3,224.56918334960938
Our model,3,260.5468444824219
Our model,3,248.79608154296875
Our model,3,236.84130859375
Our model,3,254.29278564453125
Our model,3,174.61984252929688
Our model,3,192.70138549804688
Our model,3,181.46339416503906
Our model,3,222.08750915527344
Our model,3,186.2637481689453
Our model,3,193.34803771972656
Our model,3,179.1106414794922
Our model,3,183.08502197265625
Our model,3,293.68927001953125
Our model,3,296.6661376953125
Our model,3,184.52447509765625
Our model,3,202.22007751464844
Our model,3,189.5537872314453
Our model,3,228.47027587890625
Our model,3,209.20980834960938
Our model,3,198.1595916748047
Our model,3,150.193359375
Our model,3,204.9133758544922
Our model,3,175.12875366210938
Our model,3,217.76153564453125
Our model,3,322.2620544433594
Our model,3,255.81973266601562
Our model,3,193.36842346191406
Our model,3,196.1841583251953
Our model,3,200.45428466796875
Our model,3,207.224853515625
Our model,3,177.96630859375
Our model,3,307.7690734863281
Our model,3,197.8473663330078
Our model,3,217.77426147460938
Our model,3,195.35665893554688
Our model,3,301.9542236328125
Our model,3,201.0028076171875
Our model,3,190.6707305908203
Our model,3,305.49456787109375
Our model,3,228.65628051757812
Our model,3,173.79473876953125
Our model,3,203.50869750976562
Our model,3,209.93466186523438
Our model,3,209.884033203125
Our model,3,187.4847869873047
Our model,3,233.2473907470703
Our model,3,193.99212646484375
Our model,3,191.21334838867188
Our model,3,213.63941955566406
Our model,3,197.03094482421875
Our model,3,172.7786865234375
Our model,3,162.67506408691406
Our model,3,148.76602172851562
Our model,3,161.66482543945312
Our model,3,321.9002990722656
Our model,3,206.25343322753906
Our model,3,197.01101684570312
Our model,3,210.50453186035156
Our model,3,198.56198120117188
Our model,3,186.09971618652344
Our model,3,181.2952423095703
Our model,3,303.49920654296875
Our model,3,200.34738159179688
Our model,3,205.9635467529297
Our model,3,210.91165161132812
Our model,3,210.38365173339844
Our model,3,191.3050537109375
Our model,3,217.60060119628906
Our model,3,156.9075469970703
Our model,3,172.43087768554688
Our model,3,187.31100463867188
Our model,3,185.94024658203125
Our model,3,250.75018310546875
Our model,3,199.66539001464844
Our model,3,262.5422058105469
Our model,3,172.1514434814453
Our model,3,265.1785583496094
Our model,3,248.7225799560547
Our model,3,272.4698791503906
Our model,3,252.80201721191406
Our model,3,184.61630249023438
Our model,3,188.14817810058594
Our model,3,205.9573211669922
Our model,3,178.2931365966797
Our model,3,189.7935791015625
Our model,3,169.11141967773438
Our model,3,198.1458740234375
Our model,3,193.14010620117188
Our model,3,183.963134765625
Our model,3,184.09487915039062
Our model,3,228.8007049560547
Our model,3,187.27342224121094
Our model,3,172.89682006835938
Our model,3,179.86097717285156
Our model,3,176.1411590576172
Our model,3,188.1672821044922
Our model,3,202.856689453125
Our model,3,154.30726623535156
Our model,3,161.95864868164062
Our model,3,185.46368408203125
Our model,3,160.10989379882812
Our model,3,174.20199584960938
Our model,3,175.27781677246094
Our model,3,164.66636657714844
Our model,3,202.20387268066406
Our model,3,185.02304077148438
Our model,3,171.15406799316406
Our model,3,157.758544921875
Our model,3,218.76248168945312
Our model,3,192.2845001220703
Our model,3,213.9258270263672
Our model,3,179.2032012939453
Our model,3,180.3733367919922
Our model,3,171.38145446777344
Our model,3,159.0506591796875
Our model,3,200.60879516601562
Our model,3,188.33885192871094
Our model,3,168.7731475830078
Our model,3,290.255126953125
Our model,3,214.10781860351562
Our model,3,240.38807678222656
Our model,3,214.9351806640625
Our model,3,189.98484802246094
Our model,3,279.76580810546875
Our model,3,212.5144805908203
Our model,3,185.15225219726562
Our model,3,277.83477783203125
Our model,3,289.47344970703125
Our model,3,176.64907836914062
Our model,3,154.04457092285156
Our model,3,188.73281860351562
Our model,3,180.88340759277344
Our model,3,176.46282958984375
Our model,3,182.8266143798828
Our model,3,181.86668395996094
Our model,3,178.1183624267578
Our model,3,196.59828186035156
Our model,3,181.6555633544922
Our model,3,180.66102600097656
Our model,3,176.9466552734375
Our model,3,197.59725952148438
Our model,3,185.27256774902344
Our model,3,192.32933044433594
Our model,3,274.0621337890625
Our model,3,165.43942260742188
Our model,3,156.86447143554688
Our model,3,276.4485778808594
Our model,3,207.74720764160156
Our model,3,250.1646270751953
Our model,3,192.6881866455078
Our model,3,182.00399780273438
Our model,3,232.76953125
Our model,3,226.06463623046875
Our model,3,231.73501586914062
Our model,3,211.0404815673828
Our model,3,216.5427703857422
Our model,3,194.3065185546875
Our model,3,170.21017456054688
Our model,3,197.94808959960938
Our model,3,192.30970764160156
Our model,3,232.880859375
Our model,3,191.23988342285156
Our model,3,187.27711486816406
Our model,3,197.91078186035156
Our model,3,183.22515869140625
Our model,3,165.86814880371094
Our model,3,195.765380859375
Our model,3,234.6992645263672
Our model,3,196.4119415283203
Our model,3,208.10330200195312
Our model,3,190.26683044433594
Our model,3,178.76290893554688
Our model,3,275.8587341308594
Our model,3,202.40379333496094
Our model,3,207.37530517578125
Our model,3,166.692626953125
Our model,3,221.44073486328125
Our model,3,212.77438354492188
Our model,3,226.071533203125
Our model,3,193.28416442871094
Our model,3,206.7109375
Our model,3,194.5907440185547
Our model,3,282.67266845703125
Our model,3,213.59378051757812
Our model,3,264.62652587890625
Our model,3,185.37152099609375
Our model,3,167.09573364257812
Our model,3,231.7294158935547
Our model,3,195.6485137939453
Our model,3,184.69386291503906
Our model,3,256.2989196777344
Our model,3,169.4433135986328
Our model,3,225.3572235107422
Our model,3,167.9331817626953
Our model,3,250.54405212402344
Our model,3,226.08653259277344
Our model,3,206.19248962402344
Our model,3,230.93411254882812
Our model,3,185.5682373046875
Our model,3,224.51002502441406
Our model,3,194.1505126953125
Our model,3,208.17893981933594
Our model,3,173.33694458007812
Our model,3,182.82452392578125
Our model,3,202.00807189941406
Our model,3,166.4413604736328
Our model,3,213.6179656982422
Our model,3,184.32232666015625
Our model,3,175.71165466308594
Our model,3,179.0603485107422
Our model,3,230.54306030273438
Our model,3,240.1236114501953
Our model,3,179.64537048339844
Our model,3,172.09396362304688
Our model,3,161.37966918945312
Our model,3,171.03433227539062
Our model,3,181.4806365966797
Our model,3,223.6980438232422
Our model,3,188.6497802734375
Our model,3,213.16964721679688
Our model,3,163.09588623046875
Our model,3,180.05882263183594
Our model,3,172.24227905273438
Our model,3,190.2843475341797
Our model,3,194.65069580078125
Our model,3,219.54603576660156
Our model,3,197.8496551513672
Our model,3,175.96749877929688
Our model,3,234.01718139648438
Our model,3,187.79684448242188
Our model,3,229.1820068359375
Our model,3,193.38612365722656
Our model,3,182.13307189941406
Our model,3,239.9082489013672
Our model,3,184.02151489257812
Our model,3,190.01097106933594
Our model,3,206.20013427734375
Our model,3,195.87965393066406
Our model,3,223.8524627685547
Our model,3,194.11912536621094
Our model,3,178.29505920410156
Our model,3,193.45932006835938
Our model,3,182.52659606933594
Our model,3,206.336669921875
Our model,3,177.58619689941406
Our model,3,169.73756408691406
Our model,3,176.57569885253906
Our model,3,226.38058471679688
Our model,3,236.38467407226562
Our model,3,256.2593688964844
Our model,3,206.42935180664062
Our model,3,263.79345703125
Our model,3,224.01449584960938
Our model,3,179.70272827148438
Our model,3,222.27850341796875
Our model,3,207.94415283203125
Our model,3,289.4111328125
Our model,3,272.5224304199219
Our model,3,193.60565185546875
Our model,3,189.8922576904297
Our model,3,192.24900817871094
Our model,3,212.02674865722656
Our model,3,176.9485321044922
Our model,3,315.83489990234375
Our model,3,198.49948120117188
Our model,3,183.1952362060547
Our model,3,311.4571838378906
Our model,3,161.7532958984375
Our model,3,183.06629943847656
Our model,3,183.65020751953125
Our model,3,181.1370391845703
Our model,3,234.55511474609375
Our model,3,205.3649444580078
Our model,3,230.91793823242188
Our model,3,235.68551635742188
Our model,3,205.75604248046875
Our model,3,189.958251953125
Our model,3,173.75332641601562
Our model,3,199.12635803222656
Our model,3,215.02957153320312
Our model,3,213.5064239501953
Our model,3,222.718017578125
Our model,3,177.377685546875
Our model,3,195.35546875
Our model,3,206.89154052734375
Our model,3,181.54638671875
Our model,3,212.4471893310547
Our model,3,231.35311889648438
Our model,3,181.6674041748047
Our model,3,173.22715759277344
Our model,3,185.00975036621094
Our model,3,173.22518920898438
Our model,3,177.89064025878906
Our model,3,163.9539794921875
Our model,3,218.19467163085938
Our model,3,220.60598754882812
Our model,3,207.18972778320312
Our model,3,196.95388793945312
Our model,3,173.61923217773438
Our model,3,173.41970825195312
Our model,3,193.38575744628906
Our model,3,179.2046356201172
Our model,3,214.0290069580078
Our model,3,229.49818420410156
Our model,3,180.15914916992188
Our model,3,217.62391662597656
Our model,3,199.56552124023438
Our model,3,241.7685089111328
Our model,3,213.7264404296875
Our model,3,231.0093994140625
Our model,3,186.07028198242188
Our model,3,191.66836547851562
Our model,3,228.3119354248047
Our model,3,154.03367614746094
Our model,3,220.10797119140625
Our model,3,216.16114807128906
Our model,3,278.07373046875
Our model,3,198.9339141845703
Our model,3,216.18898010253906
Our model,3,183.7798614501953
Our model,3,229.11122131347656
Our model,3,295.54638671875
Our model,3,212.37335205078125
Our model,3,255.7806396484375
Our model,3,239.1990966796875
Our model,3,254.22775268554688
Our model,3,198.894775390625
Our model,3,216.3596649169922
Our model,3,213.5447235107422
Our model,3,216.98214721679688
Our model,3,191.64976501464844
Our model,3,197.92005920410156
Our model,3,283.5127868652344
Our model,3,204.72967529296875
Our model,3,183.904296875
Our model,3,197.07484436035156
Our model,3,199.44354248046875
Our model,3,302.8863220214844
Our model,3,164.59027099609375
Our model,3,166.56956481933594
Our model,3,232.29083251953125
Our model,3,234.95689392089844
Our model,3,188.9940948486328
Our model,3,166.6103515625
Our model,3,171.76158142089844
Our model,3,180.55506896972656
Our model,3,184.3522186279297
Our model,3,161.8319091796875
Our model,3,202.34120178222656
Our model,3,224.5474853515625
Our model,3,217.85562133789062
Our model,3,167.01773071289062
Our model,3,230.35235595703125
Our model,3,207.71249389648438
Our model,3,225.51881408691406
Our model,3,211.772705078125
Our model,3,181.00250244140625
Our model,3,197.59515380859375
Our model,3,153.51576232910156
Our model,3,159.9481658935547
Our model,3,184.6522979736328
Our model,3,176.5327911376953
Our model,3,185.33078002929688
Our model,3,170.0215606689453
Our model,3,203.36636352539062
Our model,3,196.35987854003906
Our model,3,210.51971435546875
Our model,3,187.54556274414062
Our model,3,181.1407012939453
Our model,3,167.9339599609375
Our model,3,777.4620361328125
Our model,3,765.483154296875
Our model,3,208.0853729248047
Our model,3,235.8490753173828
Our model,3,222.99273681640625
Our model,3,188.04403686523438
Our model,3,169.96873474121094
Our model,3,194.76805114746094
Our model,3,190.79705810546875
Our model,3,196.9774169921875
Our model,3,200.30575561523438
Our model,3,192.53013610839844
Our model,3,218.96141052246094
Our model,3,202.7339324951172
Our model,3,172.06646728515625
Our model,3,188.1533966064453
Our model,3,182.6680145263672
Our model,3,163.26393127441406
Our model,3,216.26788330078125
Our model,3,196.15664672851562
Our model,3,197.9022979736328
Our model,3,166.071533203125
Our model,3,205.90721130371094
Our model,3,169.76524353027344
Our model,3,187.699951171875
Our model,3,168.06573486328125
Our model,3,202.0658416748047
Our model,3,240.5844268798828
Our model,3,227.17233276367188
Our model,3,219.7064666748047
Our model,3,197.12722778320312
Our model,3,166.6767120361328
Our model,3,189.71800231933594
Our model,3,167.52728271484375
Our model,3,265.904296875
Our model,3,202.35914611816406
Our model,3,232.2320556640625
Our model,3,165.83529663085938
Our model,3,229.3869171142578
Our model,3,237.8358154296875
Our model,3,201.60009765625
Our model,3,168.95831298828125
Our model,3,219.9122314453125
Our model,3,215.1621551513672
Our model,3,202.61207580566406
Our model,3,181.99856567382812
Our model,3,192.9944610595703
Our model,3,242.3034210205078
Our model,3,231.9906768798828
Our model,3,188.62826538085938
Our model,3,176.41043090820312
Our model,3,213.1231689453125
Our model,3,192.58717346191406
Our model,3,161.95582580566406
Our model,3,213.30056762695312
Our model,3,205.3323516845703
Our model,3,198.7958526611328
Our model,3,226.392822265625
Our model,3,229.8814697265625
Our model,3,193.0167236328125
Our model,3,180.35696411132812
Our model,3,153.07920837402344
Our model,3,211.201171875
Our model,3,203.27159118652344
Our model,3,192.8480682373047
Our model,3,169.73361206054688
Our model,3,406.8162841796875
Our model,3,226.9960479736328
Our model,3,195.40943908691406
Our model,3,178.3502960205078
Our model,3,217.9525604248047
Our model,3,410.2919921875
Our model,3,303.8894348144531
Our model,3,196.49429321289062
Our model,3,217.53097534179688
Our model,3,421.02508544921875
Our model,3,223.84754943847656
Our model,3,238.36227416992188
Our model,3,461.9440002441406
Our model,3,331.1116943359375
Our model,3,190.840576171875
Our model,3,177.8040771484375
Our model,3,179.05995178222656
Our model,3,216.97073364257812
Our model,3,208.83689880371094
Our model,3,170.55242919921875
Our model,3,221.58375549316406
Our model,3,176.99740600585938
Our model,3,240.902587890625
Our model,3,215.76681518554688
Our model,3,211.12445068359375
Our model,3,218.05845642089844
Our model,3,262.93682861328125
Our model,3,215.3479766845703
Our model,3,249.50375366210938
Our model,3,175.72723388671875
Our model,3,293.8444519042969
Our model,3,226.050048828125
Our model,3,182.36062622070312
Our model,3,193.50210571289062
Our model,3,295.4674377441406
Our model,3,185.59796142578125
Our model,3,290.2445068359375
Our model,3,216.1824188232422
Our model,3,206.4433135986328
Our model,3,186.11483764648438
Our model,3,277.2599182128906
Our model,3,275.82855224609375
Our model,3,161.0526580810547
Our model,3,153.08340454101562
Our model,3,151.47622680664062
Our model,3,157.3704376220703
Our model,3,183.2181854248047
Our model,3,235.90184020996094
Our model,3,203.17552185058594
Our model,3,206.74942016601562
Our model,3,216.06033325195312
Our model,3,303.17718505859375
Our model,3,222.9784393310547
Our model,3,167.15567016601562
Our model,3,185.56692504882812
Our model,3,179.7494354248047
Our model,3,196.8297119140625
Our model,3,177.85992431640625
Our model,3,184.31101989746094
Our model,3,178.07518005371094
Our model,3,161.90321350097656
Our model,3,190.43832397460938
Our model,3,203.15794372558594
Our model,3,215.2479248046875
Our model,3,189.9677734375
Our model,3,192.37974548339844
Our model,3,210.3606414794922
Our model,3,217.90615844726562
Our model,3,179.19125366210938
Our model,3,193.17054748535156
Our model,3,204.01959228515625
Our model,3,246.02198791503906
Our model,3,181.80078125
Our model,3,193.8533935546875
Our model,3,266.5182189941406
Our model,3,196.05369567871094
Our model,3,309.4411315917969
Our model,3,171.5406494140625
Our model,3,238.11744689941406
Our model,3,265.3522033691406
Our model,3,170.3660888671875
Our model,3,212.6084442138672
Our model,3,410.52679443359375
Our model,3,231.8149871826172
Our model,3,425.2244873046875
Our model,3,169.41969299316406
Our model,3,180.01316833496094
Our model,3,159.00161743164062
Our model,3,248.50714111328125
Our model,3,169.60951232910156
Our model,3,192.79322814941406
Our model,3,195.34605407714844
Our model,3,170.534423828125
Our model,3,252.76815795898438
Our model,3,261.9041442871094
Our model,3,239.4033660888672
Our model,3,194.9630584716797
Our model,3,193.76783752441406
Our model,3,230.63925170898438
Our model,3,166.6810760498047
Our model,3,228.316650390625
Our model,3,193.04583740234375
Our model,3,187.42904663085938
Our model,3,177.33319091796875
Our model,3,246.9539031982422
Our model,3,207.35894775390625
Our model,3,200.00559997558594
Our model,3,183.30296325683594
Our model,3,186.85104370117188
Our model,3,153.47865295410156
Our model,3,194.58175659179688
Our model,3,193.7742156982422
Our model,3,184.97039794921875
Our model,3,158.41920471191406
Our model,3,226.24423217773438
Our model,3,195.62481689453125
Our model,3,191.17649841308594
Our model,3,210.21380615234375
Our model,3,230.3943328857422
Our model,3,232.05882263183594
Our model,3,219.79611206054688
Our model,3,254.4228057861328
Our model,3,195.1204833984375
Our model,3,184.10137939453125
Our model,3,200.56654357910156
Our model,3,239.44137573242188
Our model,3,236.5731964111328
Our model,3,251.5419464111328
Our model,3,213.6349334716797
Our model,3,253.5368194580078
Our model,3,183.87379455566406
Our model,3,195.98216247558594
Our model,3,177.46884155273438
Our model,3,185.61807250976562
Our model,3,269.22607421875
Our model,3,200.69290161132812
Our model,3,261.52301025390625
Our model,3,230.41390991210938
Our model,3,253.4278564453125
Our model,3,222.66085815429688
Our model,3,191.4314727783203
Our model,3,193.1522216796875
Our model,3,223.0285186767578
Our model,3,200.57460021972656
Our model,3,187.7855682373047
Our model,3,199.4808349609375
Our model,3,183.59906005859375
Our model,3,170.9341583251953
Our model,3,200.48033142089844
Our model,3,173.10987854003906
Our model,3,212.34225463867188
Our model,3,212.9760284423828
Our model,3,201.3621063232422
Our model,3,185.52032470703125
Our model,3,171.69700622558594
Our model,3,186.18060302734375
Our model,3,282.0242919921875
Our model,3,171.31527709960938
Our model,3,206.09950256347656
Our model,3,265.35345458984375
Our model,3,184.74127197265625
Our model,3,178.75689697265625
Our model,3,254.1654510498047
Our model,3,286.2080078125
Our model,4,445.57098388671875
Our model,4,201.52508544921875
Our model,4,213.87510681152344
Our model,4,158.730712890625
Our model,4,214.15097045898438
Our model,4,434.0476379394531
Our model,4,219.45724487304688
Our model,4,243.91932678222656
Our model,4,195.7657928466797
Our model,4,206.93234252929688
Our model,4,285.4386901855469
Our model,4,200.4414520263672
Our model,4,252.67025756835938
Our model,4,211.88577270507812
Our model,4,529.4159545898438
Our model,4,189.59591674804688
Our model,4,222.48863220214844
Our model,4,211.77284240722656
Our model,4,227.68161010742188
Our model,4,262.69976806640625
Our model,4,210.94757080078125
Our model,4,230.31546020507812
Our model,4,293.3500061035156
Our model,4,255.68435668945312
Our model,4,212.85174560546875
Our model,4,243.78057861328125
Our model,4,211.16165161132812
Our model,4,196.9087677001953
Our model,4,601.88916015625
Our model,4,219.80393981933594
Our model,4,166.51417541503906
Our model,4,199.5630645751953
Our model,4,230.28086853027344
Our model,4,200.35812377929688
Our model,4,197.06809997558594
Our model,4,194.84144592285156
Our model,4,278.5537109375
Our model,4,191.92196655273438
Our model,4,208.99537658691406
Our model,4,216.2906036376953
Our model,4,226.75987243652344
Our model,4,213.08897399902344
Our model,4,239.3860626220703
Our model,4,243.0732421875
Our model,4,248.16029357910156
Our model,4,210.87286376953125
Our model,4,233.72756958007812
Our model,4,451.4855651855469
Our model,4,218.7790069580078
Our model,4,227.82986450195312
Our model,4,224.48590087890625
Our model,4,211.1231689453125
Our model,4,188.54490661621094
Our model,4,206.68658447265625
Our model,4,227.2876434326172
Our model,4,219.1450958251953
Our model,4,212.1366424560547
Our model,4,229.8345947265625
Our model,4,239.11746215820312
Our model,4,215.55746459960938
Our model,4,208.8177032470703
Our model,4,213.310791015625
Our model,4,213.35377502441406
Our model,4,218.81298828125
Our model,4,298.6134948730469
Our model,4,223.96371459960938
Our model,4,263.0850830078125
Our model,4,232.75393676757812
Our model,4,223.4329833984375
Our model,4,240.02175903320312
Our model,4,186.5159454345703
Our model,4,265.09625244140625
Our model,4,555.6431884765625
Our model,4,229.364013671875
Our model,4,201.2083282470703
Our model,4,212.4075469970703
Our model,4,230.67649841308594
Our model,4,198.90843200683594
Our model,4,205.46240234375
Our model,4,245.6488800048828
Our model,4,212.18832397460938
Our model,4,225.79078674316406
Our model,4,222.003662109375
Our model,4,189.36285400390625
Our model,4,209.89439392089844
Our model,4,174.4171600341797
Our model,4,203.9622039794922
Our model,4,177.17013549804688
Our model,4,301.1558532714844
Our model,4,205.1748046875
Our model,4,188.68678283691406
Our model,4,224.7050323486328
Our model,4,264.993896484375
Our model,4,275.1831970214844
Our model,4,214.1109161376953
Our model,4,230.43295288085938
Our model,4,214.53741455078125
Our model,4,237.8925018310547
Our model,4,196.04518127441406
Our model,4,247.8683319091797
Our model,4,195.59378051757812
Our model,4,244.49818420410156
Our model,4,230.5465850830078
Our model,4,209.86935424804688
Our model,4,200.65383911132812
Our model,4,214.6854705810547
Our model,4,249.49032592773438
Our model,4,184.68959045410156
Our model,4,204.6868438720703
Our model,4,230.82684326171875
Our model,4,232.01788330078125
Our model,4,213.14901733398438
Our model,4,212.4351806640625
Our model,4,241.3356475830078
Our model,4,202.6991424560547
Our model,4,219.67877197265625
Our model,4,191.080810546875
Our model,4,187.3479766845703
Our model,4,240.8541259765625
Our model,4,251.22906494140625
Our model,4,221.1249542236328
Our model,4,238.6461944580078
Our model,4,187.79579162597656
Our model,4,202.7050018310547
Our model,4,192.26377868652344
Our model,4,215.20947265625
Our model,4,791.327392578125
Our model,4,228.74249267578125
Our model,4,250.35772705078125
Our model,4,193.43954467773438
Our model,4,216.28382873535156
Our model,4,203.89622497558594
Our model,4,191.233642578125
Our model,4,246.8325653076172
Our model,4,206.50013732910156
Our model,4,216.57899475097656
Our model,4,225.56863403320312
Our model,4,189.34458923339844
Our model,4,265.9045715332031
Our model,4,250.63034057617188
Our model,4,193.0875701904297
Our model,4,200.0353240966797
Our model,4,229.22952270507812
Our model,4,186.863037109375
Our model,4,248.8750762939453
Our model,4,801.685546875
Our model,4,200.78543090820312
Our model,4,194.20611572265625
Our model,4,218.58370971679688
Our model,4,210.75624084472656
Our model,4,211.92527770996094
Our model,4,212.02500915527344
Our model,4,208.90869140625
Our model,4,207.68348693847656
Our model,4,204.4877471923828
Our model,4,195.46163940429688
Our model,4,246.37899780273438
Our model,4,198.71632385253906
Our model,4,244.87466430664062
Our model,4,230.3717041015625
Our model,4,196.28494262695312
Our model,4,202.3805389404297
Our model,4,228.3794708251953
Our model,4,460.7703857421875
Our model,4,227.00347900390625
Our model,4,171.82528686523438
Our model,4,222.368408203125
Our model,4,221.4361572265625
Our model,4,246.4431915283203
Our model,4,200.40406799316406
Our model,4,209.167236328125
Our model,4,204.63182067871094
Our model,4,240.03073120117188
Our model,4,213.0082550048828
Our model,4,204.1506805419922
Our model,4,199.57376098632812
Our model,4,209.50241088867188
Our model,4,184.48463439941406
Our model,4,204.95484924316406
Our model,4,250.08888244628906
Our model,4,214.71849060058594
Our model,4,192.0528106689453
Our model,4,205.28489685058594
Our model,4,198.90823364257812
Our model,4,315.1151428222656
Our model,4,207.25424194335938
Our model,4,264.8957214355469
Our model,4,210.0244140625
Our model,4,244.2908477783203
Our model,4,206.5175323486328
Our model,4,209.11178588867188
Our model,4,201.6460723876953
Our model,4,218.7908172607422
Our model,4,211.91343688964844
Our model,4,210.42466735839844
Our model,4,184.32357788085938
Our model,4,208.14463806152344
Our model,4,227.40512084960938
Our model,4,215.0526580810547
Our model,4,243.89483642578125
Our model,4,187.82691955566406
Our model,4,247.51988220214844
Our model,4,226.40713500976562
Our model,4,223.91941833496094
Our model,4,252.64573669433594
Our model,4,212.92469787597656
Our model,4,207.3055877685547
Our model,4,198.0600128173828
Our model,4,222.2991943359375
Our model,4,192.82107543945312
Our model,4,215.4451904296875
Our model,4,177.61903381347656
Our model,4,206.10523986816406
Our model,4,201.76980590820312
Our model,4,241.22340393066406
Our model,4,188.92193603515625
Our model,4,226.24964904785156
Our model,4,201.6562042236328
Our model,4,235.56324768066406
Our model,4,186.28402709960938
Our model,4,228.7196502685547
Our model,4,208.7674560546875
Our model,4,230.40919494628906
Our model,4,212.03274536132812
Our model,4,215.2082977294922
Our model,4,208.0412139892578
Our model,4,220.5542449951172
Our model,4,208.53648376464844
Our model,4,191.08843994140625
Our model,4,214.53306579589844
Our model,4,302.7283630371094
Our model,4,215.9526824951172
Our model,4,216.8473358154297
Our model,4,221.6479949951172
Our model,4,231.2046356201172
Our model,4,209.19825744628906
Our model,4,202.8463897705078
Our model,4,250.16094970703125
Our model,4,222.68701171875
Our model,4,235.79251098632812
Our model,4,182.068115234375
Our model,4,224.0501251220703
Our model,4,199.4243927001953
Our model,4,227.51004028320312
Our model,4,206.061767578125
Our model,4,195.71627807617188
Our model,4,226.8108367919922
Our model,4,206.47186279296875
Our model,4,227.4885711669922
Our model,4,217.10763549804688
Our model,4,240.2480010986328
Our model,4,266.6207275390625
Our model,4,211.979248046875
Our model,4,204.9331512451172
Our model,4,258.7456359863281
Our model,4,177.4513397216797
Our model,4,212.0120391845703
Our model,4,250.97193908691406
Our model,4,206.541259765625
Our model,4,236.61666870117188
Our model,4,358.4599304199219
Our model,4,221.72442626953125
Our model,4,242.80873107910156
Our model,4,216.5552520751953
Our model,4,175.09967041015625
Our model,4,232.3610076904297
Our model,4,243.8030548095703
Our model,4,212.24632263183594
Our model,4,224.64866638183594
Our model,4,258.38958740234375
Our model,4,186.1084747314453
Our model,4,215.02001953125
Our model,4,205.46070861816406
Our model,4,215.9958953857422
Our model,4,269.69805908203125
Our model,4,223.7581024169922
Our model,4,292.9646911621094
Our model,4,206.88739013671875
Our model,4,191.00999450683594
Our model,4,234.22080993652344
Our model,4,199.17153930664062
Our model,4,226.6271209716797
Our model,4,200.6559295654297
Our model,4,201.0769500732422
Our model,4,171.55918884277344
Our model,4,214.52064514160156
Our model,4,222.3200225830078
Our model,4,218.41064453125
Our model,4,199.46176147460938
Our model,4,218.80935668945312
Our model,4,251.7676239013672
Our model,4,232.53855895996094
Our model,4,242.5166015625
Our model,4,184.11575317382812
Our model,4,248.33578491210938
Our model,4,215.54833984375
Our model,4,245.03993225097656
Our model,4,239.66319274902344
Our model,4,274.94989013671875
Our model,4,217.0635223388672
Our model,4,217.42697143554688
Our model,4,198.59524536132812
Our model,4,214.57806396484375
Our model,4,199.8379669189453
Our model,4,196.12319946289062
Our model,4,273.3115234375
Our model,4,203.2423095703125
Our model,4,216.38906860351562
Our model,4,227.13204956054688
Our model,4,179.3855438232422
Our model,4,209.65199279785156
Our model,4,212.04794311523438
Our model,4,178.22125244140625
Our model,4,204.57839965820312
Our model,4,184.42567443847656
Our model,4,340.7359924316406
Our model,4,205.7892608642578
Our model,4,217.08599853515625
Our model,4,233.34408569335938
Our model,4,222.34632873535156
Our model,4,184.31944274902344
Our model,4,223.76585388183594
Our model,4,221.9157257080078
Our model,4,255.80682373046875
Our model,4,216.10267639160156
Our model,4,194.7537078857422
Our model,4,264.2951354980469
Our model,4,205.22032165527344
Our model,4,206.8901824951172
Our model,4,297.1763610839844
Our model,4,225.10911560058594
Our model,4,192.55380249023438
Our model,4,200.15304565429688
Our model,4,201.87222290039062
Our model,4,216.44924926757812
Our model,4,209.8986358642578
Our model,4,214.873291015625
Our model,4,251.33827209472656
Our model,4,230.9663848876953
Our model,4,184.3085479736328
Our model,4,235.9436492919922
Our model,4,193.02626037597656
Our model,4,201.09864807128906
Our model,4,223.41146850585938
Our model,4,267.5090026855469
Our model,4,194.26275634765625
Our model,4,343.95654296875
Our model,4,176.482666015625
Our model,4,223.46255493164062
Our model,4,335.3157043457031
Our model,4,213.26766967773438
Our model,4,179.5430145263672
Our model,4,193.85452270507812
Our model,4,197.32066345214844
Our model,4,196.05563354492188
Our model,4,232.8167266845703
Our model,4,195.96347045898438
Our model,4,253.39845275878906
Our model,4,342.1054382324219
Our model,4,188.36129760742188
Our model,4,195.86965942382812
Our model,4,199.02989196777344
Our model,4,232.56785583496094
Our model,4,215.9886016845703
Our model,4,244.00173950195312
Our model,4,221.73471069335938
Our model,4,210.32835388183594
Our model,4,203.13290405273438
Our model,4,297.6672668457031
Our model,4,182.09498596191406
Our model,4,275.1702575683594
Our model,4,203.5627899169922
Our model,4,196.07565307617188
Our model,4,202.19888305664062
Our model,4,452.961181640625
Our model,4,189.7097625732422
Our model,4,236.23243713378906
Our model,4,207.6913604736328
Our model,4,229.66741943359375
Our model,4,214.62864685058594
Our model,4,337.466552734375
Our model,4,225.6779022216797
Our model,4,201.46788024902344
Our model,4,207.57730102539062
Our model,4,217.48684692382812
Our model,4,204.67770385742188
Our model,4,430.2474670410156
Our model,4,211.12351989746094
Our model,4,205.87648010253906
Our model,4,194.98516845703125
Our model,4,196.30532836914062
Our model,4,238.93270874023438
Our model,4,198.0885467529297
Our model,4,206.7057342529297
Our model,4,199.64569091796875
Our model,4,205.8436737060547
Our model,4,234.99656677246094
Our model,4,226.000732421875
Our model,4,231.03350830078125
Our model,4,221.10543823242188
Our model,4,225.03602600097656
Our model,4,189.51138305664062
Our model,4,223.0154266357422
Our model,4,218.90647888183594
Our model,4,207.14512634277344
Our model,4,194.42022705078125
Our model,4,207.56698608398438
Our model,4,181.00502014160156
Our model,4,206.08786010742188
Our model,4,203.9827423095703
Our model,4,209.5302276611328
Our model,4,196.44174194335938
Our model,4,212.33143615722656
Our model,4,196.92620849609375
Our model,4,199.08982849121094
Our model,4,219.3190155029297
Our model,4,226.2625732421875
Our model,4,256.51348876953125
Our model,4,310.8400573730469
Our model,4,197.4122772216797
Our model,4,236.34759521484375
Our model,4,240.99346923828125
Our model,4,219.96762084960938
Our model,4,197.07374572753906
Our model,4,205.2846221923828
Our model,4,200.95236206054688
Our model,4,232.75738525390625
Our model,4,205.99765014648438
Our model,4,221.31614685058594
Our model,4,227.25967407226562
Our model,4,193.39132690429688
Our model,4,218.1849822998047
Our model,4,275.6976318359375
Our model,4,227.83152770996094
Our model,4,206.0380096435547
Our model,4,175.4147491455078
Our model,4,209.6336669921875
Our model,4,211.0251922607422
Our model,4,203.17767333984375
Our model,4,268.1906433105469
Our model,4,206.00100708007812
Our model,4,216.80450439453125
Our model,4,250.50584411621094
Our model,4,188.0574951171875
Our model,4,215.9073944091797
Our model,4,220.99807739257812
Our model,4,169.9834442138672
Our model,4,242.08567810058594
Our model,4,188.9521942138672
Our model,4,257.10113525390625
Our model,4,201.84576416015625
Our model,4,228.29397583007812
Our model,4,269.3900146484375
Our model,4,208.4894256591797
Our model,4,205.97830200195312
Our model,4,244.4839630126953
Our model,4,185.9339599609375
Our model,4,213.62242126464844
Our model,4,194.53756713867188
Our model,4,228.79457092285156
Our model,4,195.18089294433594
Our model,4,228.9969024658203
Our model,4,176.4547882080078
Our model,4,257.04315185546875
Our model,4,232.86508178710938
Our model,4,202.2038116455078
Our model,4,211.2034454345703
Our model,4,264.487548828125
Our model,4,195.50430297851562
Our model,4,190.0216827392578
Our model,4,245.39500427246094
Our model,4,220.49078369140625
Our model,4,320.59259033203125
Our model,4,184.35987854003906
Our model,4,211.97247314453125
Our model,4,180.6901092529297
Our model,4,262.8332824707031
Our model,4,412.2068786621094
Our model,4,172.08706665039062
Our model,4,217.7775421142578
Our model,4,291.2728271484375
Our model,4,198.8776092529297
Our model,4,259.4468688964844
Our model,4,273.1593017578125
Our model,4,214.74642944335938
Our model,4,181.38841247558594
Our model,4,238.6927490234375
Our model,4,207.71812438964844
Our model,4,282.3074035644531
Our model,4,226.1800537109375
Our model,4,228.5581512451172
Our model,4,220.6543731689453
Our model,4,244.58547973632812
Our model,4,239.42788696289062
Our model,4,191.50152587890625
Our model,4,248.26475524902344
Our model,4,196.7118377685547
Our model,4,237.8979034423828
Our model,4,172.98304748535156
Our model,4,208.2797393798828
Our model,4,241.73008728027344
Our model,4,213.7720184326172
Our model,4,174.91360473632812
Our model,4,268.83001708984375
Our model,4,253.0092315673828
Our model,4,253.37765502929688
Our model,4,246.68894958496094
Our model,4,222.26425170898438
Our model,4,204.06541442871094
Our model,4,177.51119995117188
Our model,4,318.7980651855469
Our model,4,257.02191162109375
Our model,4,209.07418823242188
Our model,4,230.81573486328125
Our model,4,234.6199188232422
Our model,4,217.80836486816406
Our model,4,182.83847045898438
Our model,4,251.27455139160156
Our model,4,312.5005798339844
Our model,4,308.7436218261719
Our model,4,213.1067352294922
Our model,4,228.6511688232422
Our model,4,271.0183410644531
Our model,4,239.0175018310547
Our model,4,184.34561157226562
Our model,4,204.58920288085938
Our model,4,208.04605102539062
Our model,4,204.25448608398438
Our model,4,197.57994079589844
Our model,4,173.0421905517578
Our model,4,188.2349853515625
Our model,4,242.37570190429688
Our model,4,190.20826721191406
Our model,4,260.05419921875
Our model,4,220.61940002441406
Our model,4,208.7476043701172
Our model,4,239.33644104003906
Our model,4,221.7131805419922
Our model,4,180.44789123535156
Our model,4,213.5281524658203
Our model,4,272.4351501464844
Our model,4,184.58914184570312
Our model,4,214.29299926757812
Our model,4,219.92173767089844
Our model,4,213.02052307128906
Our model,4,209.22317504882812
Our model,4,198.20042419433594
Our model,4,193.78585815429688
Our model,4,201.17251586914062
Our model,4,228.0007781982422
Our model,4,214.6706085205078
Our model,4,288.19677734375
Our model,4,260.30694580078125
Our model,4,267.2066345214844
Our model,4,217.86898803710938
Our model,4,191.9436798095703
Our model,4,191.5575408935547
Our model,4,249.5861358642578
Our model,4,180.1736602783203
Our model,4,227.5290985107422
Our model,4,190.4406280517578
Our model,4,239.24598693847656
Our model,4,231.9654998779297
Our model,4,235.46356201171875
Our model,4,227.80831909179688
Our model,4,200.69354248046875
Our model,4,324.1180114746094
Our model,4,204.31761169433594
Our model,4,226.77687072753906
Our model,4,233.1923065185547
Our model,4,243.36962890625
Our model,4,229.24937438964844
Our model,4,203.08639526367188
Our model,4,183.9021759033203
Our model,4,261.870849609375
Our model,4,199.19729614257812
Our model,4,216.83425903320312
Our model,4,193.2729949951172
Our model,4,229.9037628173828
Our model,4,219.78033447265625
Our model,4,236.5226593017578
Our model,4,270.6922912597656
Our model,4,273.4309997558594
Our model,4,198.4188232421875
Our model,4,209.19203186035156
Our model,4,306.9959716796875
Our model,4,192.77883911132812
Our model,4,211.09976196289062
Our model,4,206.43881225585938
Our model,4,216.17564392089844
Our model,4,253.7869415283203
Our model,4,200.94515991210938
Our model,4,224.7486572265625
Our model,4,226.46194458007812
Our model,4,228.47122192382812
Our model,4,334.8767395019531
Our model,4,307.2474670410156
Our model,4,212.40834045410156
Our model,4,273.5167236328125
Our model,4,214.7407684326172
Our model,4,191.0394744873047
Our model,4,202.7249755859375
Our model,4,190.42674255371094
Our model,4,217.13368225097656
Our model,4,246.2929229736328
Our model,4,187.14866638183594
Our model,4,306.08349609375
Our model,4,234.86351013183594
Our model,4,225.64720153808594
Our model,4,230.15472412109375
Our model,4,208.2973175048828
Our model,4,221.71701049804688
Our model,4,210.24656677246094
Our model,4,211.31654357910156
Our model,4,222.23873901367188
Our model,4,223.06234741210938
Our model,4,290.5207824707031
Our model,4,224.93885803222656
Our model,4,226.9989013671875
Our model,4,253.6625518798828
Our model,4,224.88461303710938
Our model,4,248.43289184570312
Our model,4,221.67788696289062
Our model,4,218.71238708496094
Our model,4,205.11026000976562
Our model,4,222.33668518066406
Our model,4,208.30227661132812
Our model,4,216.3588409423828
Our model,4,238.76339721679688
Our model,4,195.9790802001953
Our model,4,279.9109191894531
Our model,4,202.03709411621094
Our model,4,241.6581573486328
Our model,4,303.0382385253906
Our model,4,287.32098388671875
Our model,4,216.1254119873047
Our model,4,223.5191192626953
Our model,4,194.1634521484375
Our model,4,212.2392578125
Our model,4,221.45184326171875
Our model,4,241.10641479492188
Our model,4,211.49737548828125
Our model,4,204.55897521972656
Our model,4,190.40391540527344
Our model,4,219.23989868164062
Our model,4,203.8555908203125
Our model,4,278.71917724609375
Our model,4,203.2370147705078
Our model,4,249.05020141601562
Our model,4,198.7964324951172
Our model,4,225.99403381347656
Our model,4,182.8460693359375
Our model,4,225.8469696044922
Our model,4,218.29180908203125
Our model,4,264.8212890625
Our model,4,204.1978302001953
Our model,4,225.97145080566406
Our model,4,221.22300720214844
Our model,4,235.9909210205078
Our model,4,244.28123474121094
Our model,4,223.4315643310547
Our model,4,242.54031372070312
Our model,4,179.12832641601562
Our model,4,198.2991485595703
Our model,4,194.7333221435547
Our model,4,289.554931640625
Our model,4,350.2844543457031
Our model,4,213.98138427734375
Our model,4,180.13185119628906
Our model,4,212.63426208496094
Our model,4,213.31846618652344
Our model,4,220.03890991210938
Our model,4,199.01683044433594
Our model,4,224.32098388671875
Our model,4,200.40855407714844
Our model,4,279.725341796875
Our model,4,218.08212280273438
Our model,4,208.48020935058594
Our model,4,229.3050994873047
Our model,4,234.38165283203125
Our model,4,245.15521240234375
Our model,4,204.84124755859375
Our model,4,227.33370971679688
Our model,4,235.34523010253906
Our model,4,219.6302490234375
Our model,4,210.0701904296875
Our model,4,237.3892364501953
Our model,4,313.7243347167969
Our model,4,231.21006774902344
Our model,4,228.61685180664062
Our model,4,212.85340881347656
Our model,4,268.2434997558594
Our model,4,217.65187072753906
Our model,4,207.56065368652344
Our model,4,197.2349853515625
Our model,4,190.0164794921875
Our model,4,216.77879333496094
Our model,4,254.5244903564453
Our model,4,205.50794982910156
Our model,4,217.1234130859375
Our model,4,175.1708526611328
Our model,4,213.49082946777344
Our model,4,189.13868713378906
Our model,4,194.5375518798828
Our model,4,250.5304718017578
Our model,4,200.40870666503906
Our model,4,209.38233947753906
Our model,4,211.3742218017578
Our model,4,237.24131774902344
Our model,4,224.5075225830078
Our model,4,472.39862060546875
Our model,4,236.37062072753906
Our model,4,192.82125854492188
Our model,4,243.91006469726562
Our model,4,184.39895629882812
Our model,4,206.64962768554688
Our model,4,201.6392364501953
Our model,4,411.9483337402344
Our model,4,218.01205444335938
Our model,4,252.37582397460938
Our model,4,207.18858337402344
Our model,4,197.49765014648438
Our model,4,182.38926696777344
Our model,4,252.0160675048828
Our model,4,429.0086364746094
Our model,4,220.5352325439453
Our model,4,192.5439453125
Our model,4,203.40895080566406
Our model,4,192.27685546875
Our model,4,206.9185333251953
Our model,4,519.7767333984375
Our model,4,262.5869140625
Our model,4,198.85450744628906
Our model,4,207.00953674316406
Our model,4,230.013671875
Our model,4,187.49197387695312
Our model,4,195.4710693359375
Our model,4,212.0299835205078
Our model,4,208.97682189941406
Our model,4,227.96414184570312
Our model,4,227.80999755859375
Our model,4,178.0230255126953
Our model,4,233.3601837158203
Our model,4,174.4198455810547
Our model,4,198.72398376464844
Our model,4,230.31663513183594
Our model,4,200.82908630371094
Our model,4,172.43797302246094
Our model,4,215.9060516357422
Our model,4,209.426025390625
Our model,4,207.5602569580078
Our model,4,209.8011474609375
Our model,4,271.6856384277344
Our model,4,233.64602661132812
Our model,4,180.25099182128906
Our model,4,194.86631774902344
Our model,4,218.9957733154297
Our model,4,190.9091796875
Our model,4,221.11170959472656
Our model,4,224.27684020996094
Our model,4,216.13182067871094
Our model,4,215.51455688476562
Our model,4,203.94813537597656
Our model,4,205.33299255371094
Our model,4,214.18899536132812
Our model,4,213.76885986328125
Our model,4,259.5792541503906
Our model,4,214.55130004882812
Our model,4,189.4605712890625
Our model,4,211.2417449951172
Our model,4,228.25743103027344
Our model,4,193.5087890625
Our model,4,271.9037780761719
Our model,4,248.77931213378906
Our model,4,196.84674072265625
Our model,4,219.806396484375
Our model,4,220.41177368164062
Our model,4,210.19325256347656
Our model,4,799.868896484375
Our model,4,244.64666748046875
Our model,4,235.46385192871094
Our model,4,214.711181640625
Our model,4,225.3447723388672
Our model,4,273.8818664550781
Our model,4,175.5970916748047
Our model,4,211.5125274658203
Our model,4,227.48876953125
Our model,4,204.3154754638672
Our model,4,226.9370880126953
Our model,4,224.8560333251953
Our model,4,225.9730224609375
Our model,4,249.82327270507812
Our model,4,217.28582763671875
Our model,4,217.32020568847656
Our model,4,220.90792846679688
Our model,4,199.52891540527344
Our model,4,189.6558837890625
Our model,4,188.7976531982422
Our model,4,212.19808959960938
Our model,4,313.1531066894531
Our model,4,226.7552947998047
Our model,4,258.8267822265625
Our model,4,234.9637908935547
Our model,4,252.44053649902344
Our model,4,217.78408813476562
Our model,4,213.1172332763672
Our model,4,219.26625061035156
Our model,4,273.9126892089844
Our model,4,218.42958068847656
Our model,4,232.65985107421875
Our model,4,283.8187255859375
Our model,4,244.00645446777344
Our model,4,216.62661743164062
Our model,4,249.48033142089844
Our model,4,207.6564483642578
Our model,4,190.4671173095703
Our model,4,305.94866943359375
Our model,4,209.08750915527344
Our model,4,283.5393981933594
Our model,4,214.56663513183594
Our model,4,245.80860900878906
Our model,4,264.8995361328125
Our model,4,189.89138793945312
Our model,4,224.51988220214844
Our model,4,255.78219604492188
Our model,4,215.53892517089844
Our model,4,243.50051879882812
Our model,4,199.50787353515625
Our model,4,182.74810791015625
Our model,4,218.1814727783203
Our model,4,222.00689697265625
Our model,4,206.07772827148438
Our model,4,165.4280242919922
Our model,4,212.59771728515625
Our model,4,186.5677490234375
Our model,4,307.22796630859375
Our model,4,208.69326782226562
Our model,4,206.0281219482422
Our model,4,206.52935791015625
Our model,4,276.4286804199219
Our model,4,201.078125
Our model,4,197.13917541503906
Our model,4,220.87171936035156
Our model,4,190.65518188476562
Our model,4,202.21185302734375
Our model,4,226.75357055664062
Our model,4,247.57449340820312
Our model,4,215.79751586914062
Our model,4,195.46151733398438
Our model,4,213.69532775878906
Our model,4,195.01153564453125
Our model,4,207.43853759765625
Our model,4,246.8780059814453
Our model,4,183.50958251953125
Our model,4,233.6229705810547
Our model,4,182.92137145996094
Our model,4,187.8420867919922
Our model,4,239.64842224121094
Our model,4,204.91168212890625
Our model,4,204.76052856445312
Our model,4,199.71519470214844
Our model,4,218.4814453125
Our model,4,220.3310546875
Our model,4,208.7318572998047
Our model,4,191.40289306640625
Our model,4,184.83245849609375
Our model,4,219.78697204589844
Our model,4,208.587890625
Our model,4,359.7374572753906
Our model,4,206.9967498779297
Our model,4,208.4065704345703
Our model,4,208.81033325195312
Our model,4,220.42153930664062
Our model,4,344.13262939453125
Our model,4,506.3875732421875
Our model,4,201.28524780273438
Our model,4,244.358642578125
Our model,4,196.065185546875
Our model,4,270.990234375
Our model,4,209.6253204345703
Our model,4,239.11021423339844
Our model,4,191.80531311035156
Our model,4,218.31138610839844
Our model,4,199.43939208984375
Our model,4,221.12232971191406
Our model,4,226.79843139648438
Our model,4,303.7162170410156
Our model,4,204.97921752929688
Our model,4,219.04710388183594
Our model,4,222.76824951171875
Our model,4,251.67552185058594
Our model,4,266.3486022949219
Our model,4,216.30905151367188
Our model,4,231.5882568359375
Our model,4,262.6913146972656
Our model,4,227.10902404785156
Our model,4,315.94854736328125
Our model,4,225.4571533203125
Our model,4,162.7604217529297
Our model,4,234.0030059814453
Our model,4,183.75338745117188
Our model,4,247.9647216796875
Our model,4,294.5027160644531
Our model,4,215.5570068359375
Our model,4,178.2206573486328
Our model,4,204.0529022216797
Our model,4,202.05813598632812
Our model,4,254.96875
Our model,4,201.58880615234375
Our model,4,204.41310119628906
Our model,4,284.14874267578125
Our model,4,227.3014373779297
Our model,4,223.82179260253906
Our model,4,201.93466186523438
Our model,4,248.84889221191406
Our model,4,221.63558959960938
Our model,4,194.0876922607422
Our model,4,222.5188751220703
Our model,4,208.73092651367188
Our model,4,233.51168823242188
Our model,4,255.10128784179688
Our model,4,222.1092987060547
Our model,4,184.16729736328125
Our model,4,192.2356414794922
Our model,4,221.16851806640625
Our model,4,308.94464111328125
Our model,4,216.4093017578125
Our model,4,353.9110412597656
Our model,4,200.218994140625
Our model,4,283.2204284667969
Our model,4,226.3748016357422
Our model,4,212.88905334472656
Our model,4,253.86293029785156
Our model,4,219.08255004882812
Our model,4,190.38575744628906
Our model,4,211.5528564453125
Our model,4,158.2388916015625
Our model,4,224.9744110107422
Our model,4,224.69862365722656
Our model,4,186.2671356201172
Our model,4,211.77093505859375
Our model,4,194.0742950439453
Our model,4,404.0409851074219
Our model,4,197.4378662109375
Our model,4,209.72230529785156
Our model,4,225.8894500732422
Our model,4,206.89390563964844
Our model,4,196.45474243164062
Our model,4,203.6119384765625
Our model,4,252.95957946777344
Our model,4,228.751708984375
Our model,4,207.6160430908203
Our model,4,212.24415588378906
Our model,4,221.78048706054688
Our model,4,197.34750366210938
Our model,4,225.56747436523438
Our model,4,186.10072326660156
Our model,4,209.78749084472656
Our model,4,206.79100036621094
Our model,4,210.33074951171875
Our model,4,172.25527954101562
Our model,4,210.76788330078125
Our model,4,230.5531768798828
Our model,4,215.35812377929688
Our model,4,240.7401885986328
Our model,4,269.2939453125
Our model,4,204.52035522460938
Our model,4,344.98150634765625
Our model,4,252.3839874267578
Our model,4,220.29747009277344
Our model,4,435.5682678222656
Our model,4,320.29034423828125
Our model,4,202.94378662109375
Our model,4,231.863037109375
Our model,4,203.46437072753906
Our model,4,180.76898193359375
Our model,4,217.2926788330078
Our model,4,223.40682983398438
Our model,4,163.38755798339844
Our model,4,191.5529022216797
Our model,4,228.60643005371094
Our model,4,250.7606964111328
Our model,4,216.3295440673828
Our model,4,214.4490509033203
Our model,4,218.56637573242188
Our model,4,217.8139190673828
Our model,4,219.37098693847656
Our model,4,249.86549377441406
Our model,4,191.5691680908203
Our model,4,230.9611358642578
Our model,4,206.42933654785156
Our model,4,232.6136016845703
Our model,4,189.17417907714844
Our model,4,238.43490600585938
Our model,4,207.57171630859375
Our model,4,210.21157836914062
Our model,4,200.81166076660156
Our model,4,215.1242218017578
Our model,4,208.22109985351562
Our model,4,203.1586151123047
Our model,4,231.49786376953125
Our model,4,287.2236328125
Our model,4,198.99288940429688
Our model,4,222.5775909423828
Our model,4,224.20892333984375
Our model,4,199.9426727294922
Our model,4,233.3212127685547
Our model,4,200.4511260986328
Our model,4,208.01174926757812
Our model,4,258.9387512207031
Our model,4,202.62940979003906
Our model,4,230.90264892578125
Our model,4,218.81443786621094
Our model,4,212.63803100585938
Our model,4,275.8562927246094
Our model,4,206.60350036621094
Our model,4,252.35740661621094
Our model,4,281.6917419433594
Our model,4,227.0968475341797
Our model,4,168.17196655273438
Our model,4,236.6271514892578
Our model,4,261.2939758300781
Our model,4,261.0803527832031
Our model,4,261.50653076171875
Our model,4,200.49874877929688
Our model,4,272.64453125
Our model,4,181.5901336669922
Our model,4,212.4347381591797
Our model,4,502.8299865722656
Our model,4,243.66807556152344
Our model,4,208.1186981201172
Our model,4,214.6173858642578
Our model,4,300.8291015625
Our model,4,222.71270751953125
Our model,4,240.6847686767578
Our model,4,211.9809112548828
Our model,4,218.16458129882812
Our model,4,270.8453369140625
Our model,4,240.74905395507812
Our model,4,259.26409912109375
Our model,4,253.90817260742188
Our model,4,205.12701416015625
Our model,4,198.2969512939453
Our model,4,187.28587341308594
Our model,4,262.9648132324219
Our model,4,293.42242431640625
Our model,4,180.93756103515625
Our model,4,222.85232543945312
Our model,4,204.72955322265625
Our model,4,231.0955810546875
Our model,4,256.19036865234375
Our model,4,215.46600341796875
Our model,4,176.3579864501953
Our model,4,213.50424194335938
Our model,4,189.587890625
Our model,4,198.6431884765625
Our model,4,225.3894500732422
Our model,4,248.82847595214844
Our model,4,235.1386260986328
Our model,4,231.50877380371094
Our model,4,195.6431427001953
Our model,4,196.6039581298828
Our model,4,198.79188537597656
Our model,4,227.4812469482422
Our model,4,222.33111572265625
Our model,4,424.0518798828125
Our model,4,200.27023315429688
Our model,4,263.340576171875
Our model,4,230.84498596191406
Our model,4,251.01368713378906
Our model,4,247.49485778808594
Our model,4,241.28628540039062
Our model,4,204.93792724609375
Our model,4,223.64158630371094
Our model,4,262.1368103027344
Our model,4,247.8771514892578
Our model,4,194.1698760986328
Our model,4,220.26751708984375
Our model,4,229.84129333496094
Our model,4,198.38226318359375
Our model,4,198.05953979492188
Our model,4,207.97509765625
Our model,4,273.9919738769531
Our model,4,225.5792999267578
Our model,4,193.50538635253906
Our model,4,210.5096893310547
Our model,4,290.6506042480469
Our model,4,208.15118408203125
Our model,4,208.80076599121094
Our model,4,179.67578125
Our model,4,206.33407592773438
Our model,4,229.77610778808594
Our model,4,207.09652709960938
Our model,4,231.19044494628906
Our model,4,241.4431915283203
Our model,4,232.43614196777344
Our model,4,184.12939453125
Our model,4,205.2630615234375
Our model,4,221.53797912597656
Our model,4,248.9087371826172
Our model,4,190.14613342285156
Our model,4,196.20555114746094
Our model,4,201.3577423095703
Our model,4,205.6518096923828
Our model,4,225.4947509765625
Our model,4,204.97964477539062
Our model,4,204.17962646484375
Our model,4,238.03424072265625
Our model,4,230.2243194580078
Our model,4,288.41497802734375
Our model,4,216.70880126953125
Our model,4,242.20294189453125
Our model,4,217.74420166015625
Our model,4,194.4581756591797
Our model,4,217.94747924804688
Our model,4,438.8409423828125
Our model,4,224.04612731933594
Our model,4,437.0901184082031
Our model,4,226.7013702392578
Our model,4,251.88133239746094
Our model,4,187.63511657714844
Our model,4,201.67120361328125
Our model,4,184.14437866210938
Our model,4,255.9374237060547
Our model,4,446.7244567871094
Our model,4,289.45361328125
Our model,4,203.11264038085938
Our model,4,220.49240112304688
Our model,4,213.8636016845703
Our model,4,224.1402130126953
Our model,4,216.20994567871094
Our model,4,214.44361877441406
Our model,4,263.66839599609375
Our model,4,226.17327880859375
Our model,4,195.81640625
Our model,4,215.67288208007812
Our model,4,243.56434631347656
Our model,4,202.88983154296875
Our model,4,198.22763061523438
Our model,4,194.24464416503906
Our model,4,257.8681945800781
Our model,4,241.93385314941406
Our model,4,207.1308135986328
Our model,4,234.24119567871094
Our model,4,229.4443817138672
Our model,4,230.21307373046875
Our model,4,189.42959594726562
Our model,4,271.0330810546875
Our model,4,205.18386840820312
Our model,4,218.02328491210938
Our model,4,234.33387756347656
Our model,4,197.22010803222656
Our model,4,240.77664184570312
Our model,4,185.97715759277344
Our model,4,245.92657470703125
Our model,4,183.02296447753906
Our model,4,306.3210754394531
Our model,4,211.62014770507812
Our model,4,218.58493041992188
Our model,4,217.4097900390625
Our model,4,194.47911071777344
Our model,4,228.81655883789062
Our model,4,209.87132263183594
Our model,4,182.6087646484375
Our model,4,231.6280517578125
Our model,4,218.04689025878906
Our model,4,205.43673706054688
Our model,4,241.58953857421875
Our model,4,201.62400817871094
Our model,4,240.79983520507812
Our model,4,193.18089294433594
Our model,4,207.0302734375
Our model,4,358.6281433105469
Our model,4,218.975341796875
Our model,4,224.76608276367188
Our model,4,799.9933471679688
Our model,4,221.76657104492188
Our model,4,227.18026733398438
Our model,4,215.66574096679688
Our model,4,258.9740905761719
Our model,4,219.81741333007812
Our model,4,325.17431640625
Our model,4,202.79092407226562
Our model,4,195.04196166992188
Our model,4,778.0142211914062
Our model,4,214.4102783203125
Our model,4,221.0305938720703
Our model,4,214.87779235839844
Our model,4,222.9259490966797
Our model,4,213.2560577392578
Our model,4,235.34056091308594
Our model,4,221.72267150878906
Our model,4,235.36724853515625
Our model,4,191.4589080810547
Our model,4,219.64393615722656
Our model,4,195.54835510253906
Our model,4,176.17079162597656
Our model,4,194.45603942871094
Our model,4,199.4150390625
Our model,4,281.3550109863281
Our model,4,176.4827423095703
Our model,4,207.1357421875
Our model,4,213.0114288330078
Our model,4,227.1776580810547
Our model,4,220.3385467529297
Our model,4,256.6025390625
Our model,4,240.22132873535156
Our model,4,232.39028930664062
Our model,4,202.33030700683594
Our model,4,335.8980407714844
Our model,4,223.42709350585938
Our model,4,184.80015563964844
Our model,4,237.19256591796875
Our model,4,269.3951416015625
Our model,4,398.63458251953125
Our model,4,187.95364379882812
Our model,4,221.62088012695312
Our model,4,212.47515869140625
Our model,4,209.7117156982422
Our model,4,193.35362243652344
Our model,4,203.72183227539062
Our model,4,202.78125
Our model,4,235.91912841796875
Our model,4,221.63229370117188
Our model,4,203.85804748535156
Our model,4,230.54000854492188
Our model,4,244.30679321289062
Our model,4,227.96762084960938
Our model,4,231.7313690185547
Our model,4,273.0404968261719
Our model,4,231.64903259277344
Our model,4,193.56890869140625
Our model,4,217.81179809570312
Our model,4,193.8124237060547
Our model,4,200.10098266601562
Our model,4,204.4076690673828
Our model,4,209.04896545410156
Our model,4,217.38377380371094
Our model,4,221.35049438476562
Our model,4,185.94970703125
Our model,4,208.57546997070312
Our model,4,223.33294677734375
Our model,4,215.46551513671875
Our model,4,194.19436645507812
Our model,4,212.03134155273438
Our model,4,193.82130432128906
Our model,4,223.2269744873047
Our model,4,207.89511108398438
Our model,4,216.4991455078125
Our model,4,217.3389892578125
Our model,4,222.39376831054688
Our model,4,210.01580810546875
Our model,4,269.79425048828125
Our model,4,218.67213439941406
Our model,4,197.47850036621094
Our model,4,233.9951934814453
Our model,4,270.5693054199219
Our model,4,204.68502807617188
Our model,4,279.5553894042969
Our model,4,220.26255798339844
Our model,4,221.7092742919922
Our model,4,288.10040283203125
Our model,4,212.5377960205078
Our model,4,216.082275390625
Our model,4,203.9965362548828
Our model,4,195.3748016357422
Our model,4,214.4510955810547
Our model,4,206.19427490234375
Our model,4,233.90869140625
Our model,4,190.6829833984375
Our model,4,191.94046020507812
Our model,4,191.72979736328125
Our model,4,198.19923400878906
Our model,4,195.89749145507812
Our model,4,221.76954650878906
Our model,4,220.8533172607422
Our model,4,260.34783935546875
Our model,4,188.4456329345703
Our model,4,331.9248046875
Our model,4,186.79017639160156
Our model,4,215.56724548339844
Our model,4,221.95504760742188
Our model,4,231.91799926757812
Our model,4,263.10357666015625
Our model,4,197.43246459960938
Our model,4,351.83782958984375
Our model,4,299.2532043457031
Our model,4,249.86102294921875
Our model,4,200.55941772460938
Our model,4,235.26597595214844
Our model,4,183.4730224609375
Our model,4,248.26022338867188
Our model,4,191.23167419433594
Our model,4,215.01087951660156
Our model,4,202.9777374267578
Our model,4,196.62347412109375
Our model,4,219.72750854492188
Our model,4,200.18255615234375
Our model,4,239.262939453125
Our model,4,188.822021484375
Our model,4,219.98963928222656
Our model,4,208.3842315673828
Our model,4,217.37599182128906
Our model,4,252.77520751953125
Our model,4,180.5249786376953
Our model,4,217.71978759765625
Our model,4,237.32762145996094
Our model,4,224.32469177246094
Our model,4,233.74700927734375
Our model,4,227.27545166015625
Our model,4,230.61685180664062
Our model,4,178.5650177001953
Our model,4,207.58648681640625
Our model,4,242.965576171875
Our model,4,256.2080383300781
Our model,4,313.09503173828125
Our model,4,263.64044189453125
Our model,4,202.49176025390625
Our model,4,200.4368896484375
Our model,4,198.31982421875
Our model,4,221.04112243652344
Our model,4,201.35122680664062
Our model,4,197.48670959472656
Our model,4,215.48997497558594
Our model,4,220.68096923828125
Our model,4,231.4193878173828
Our model,4,213.6715545654297
Our model,4,319.33746337890625
Our model,4,219.1652069091797
Our model,4,367.91314697265625
Our model,4,189.177978515625
Our model,4,226.15689086914062
Our model,4,200.18988037109375
Our model,4,215.80340576171875
Our model,4,275.5858459472656
Our model,4,217.5229034423828
Our model,4,210.9579315185547
Our model,4,199.0312042236328
Our model,4,196.3501739501953
Our model,4,218.39944458007812
Our model,4,232.81936645507812
Our model,4,185.2541046142578
Our model,4,211.0757293701172
Our model,4,236.9256591796875
Our model,4,266.25616455078125
Our model,4,159.8462677001953
Our model,4,256.9851379394531
Our model,4,314.5672912597656
Our model,4,240.72512817382812
Our model,4,191.4635772705078
Our model,4,262.447509765625
Our model,4,214.99868774414062
Our model,4,287.0499267578125
Our model,4,214.14479064941406
Our model,4,214.06358337402344
Our model,4,191.63827514648438
Our model,4,267.16949462890625
Our model,4,194.76397705078125
Our model,4,212.2511749267578
Our model,4,238.611328125
Our model,4,361.9489440917969
Our model,4,209.7501983642578
Our model,4,242.3996124267578
Our model,4,216.03012084960938
Our model,4,229.06008911132812
Our model,4,319.13372802734375
Our model,4,188.95936584472656
Our model,4,214.82542419433594
Our model,4,197.15261840820312
Our model,4,321.4344787597656
Our model,4,204.66371154785156
Our model,4,238.70025634765625
Our model,4,252.74258422851562
Our model,4,192.18272399902344
Our model,4,213.50196838378906
Our model,4,194.8897705078125
Our model,4,203.9703826904297
Our model,4,209.6880645751953
Our model,4,194.69598388671875
Our model,4,269.92755126953125
Our model,4,210.5194549560547
Our model,4,212.01524353027344
Our model,4,218.94998168945312
Our model,4,228.05982971191406
Our model,4,217.27386474609375
Our model,4,247.01377868652344
Our model,4,235.57260131835938
Our model,4,247.6467742919922
Our model,4,211.49501037597656
Our model,4,201.10877990722656
Our model,4,184.86285400390625
Our model,4,234.7479705810547
Our model,4,233.92799377441406
Our model,4,221.71340942382812
Our model,4,183.4878692626953
Our model,4,221.07273864746094
Our model,4,215.82797241210938
Our model,4,258.3284606933594
Our model,4,209.4058074951172
Our model,4,309.8127136230469
Our model,4,182.615478515625
Our model,4,217.15589904785156
Our model,4,218.0297088623047
Our model,4,214.90725708007812
Our model,4,207.81813049316406
Our model,4,241.83807373046875
Our model,4,215.56556701660156
Our model,4,171.08648681640625
Our model,4,210.50775146484375
Our model,4,216.59764099121094
Our model,4,197.69764709472656
Our model,4,224.325439453125
Our model,4,191.58370971679688
Our model,4,190.222900390625
Our model,4,254.4732208251953
Our model,4,236.1602020263672
Our model,4,207.35324096679688
Our model,4,235.3209228515625
Our model,4,335.0259704589844
Our model,4,198.1322784423828
Our model,4,214.76133728027344
Our model,4,274.46649169921875
Our model,4,217.17233276367188
Our model,4,242.1145782470703
Our model,4,202.14169311523438
Our model,4,194.87814331054688
Our model,4,197.4906768798828
Our model,4,197.11138916015625
Our model,4,203.0975799560547
Our model,4,267.5049743652344
Our model,4,270.4535217285156
Our model,4,221.70614624023438
Our model,4,198.66050720214844
Our model,4,218.3805694580078
Our model,4,803.5790405273438
Our model,4,319.7728576660156
Our model,4,188.90655517578125
Our model,4,223.03050231933594
Our model,4,198.5025634765625
Our model,4,201.51356506347656
Our model,4,220.09457397460938
Our model,4,210.05328369140625
Our model,4,767.8001098632812
Our model,4,210.00595092773438
Our model,4,192.96926879882812
Our model,4,211.2577362060547
Our model,4,249.44143676757812
Our model,4,207.29798889160156
Our model,4,202.89088439941406
Our model,4,220.32215881347656
Our model,4,253.95115661621094
Our model,4,227.21450805664062
Our model,4,206.06033325195312
Our model,4,256.9136962890625
Our model,4,232.58839416503906
Our model,4,214.67221069335938
Our model,4,216.50987243652344
Our model,4,202.3991241455078
Our model,4,203.30838012695312
Our model,4,222.50302124023438
Our model,4,230.54937744140625
Our model,4,220.1393585205078
Our model,4,210.76473999023438
Our model,4,179.59954833984375
Our model,4,212.94192504882812
Our model,4,170.02052307128906
Our model,4,195.88372802734375
Our model,4,203.2461395263672
Our model,4,227.9658966064453
Our model,4,208.12022399902344
Our model,4,192.96238708496094
Our model,4,277.99951171875
Our model,4,251.9915313720703
Our model,4,332.1957092285156
Our model,4,221.39544677734375
Our model,4,216.29994201660156
Our model,4,231.1583251953125
Our model,4,176.6384735107422
Our model,4,237.41107177734375
Our model,4,181.0390625
Our model,4,265.7549743652344
Our model,4,210.64303588867188
Our model,4,213.02198791503906
Our model,4,202.18397521972656
Our model,4,183.7415313720703
Our model,4,208.98568725585938
Our model,4,228.5482177734375
Our model,4,206.96633911132812
Our model,4,299.0243835449219
Our model,4,200.2462615966797
Our model,4,201.43756103515625
Our model,4,262.8519287109375
Our model,4,253.56227111816406
Our model,4,220.26199340820312
Our model,4,223.2046356201172
Our model,4,201.3683624267578
Our model,4,197.6732177734375
Our model,4,209.59051513671875
Our model,4,188.17755126953125
Our model,4,221.59817504882812
Our model,4,202.25091552734375
Our model,4,234.96322631835938
Our model,4,297.283935546875
Our model,4,202.461669921875
Our model,4,250.51773071289062
Our model,4,180.80252075195312
Our model,4,222.23036193847656
Our model,4,226.85752868652344
Our model,4,224.8367462158203
Our model,4,257.2399597167969
Our model,4,245.46438598632812
Our model,4,216.238525390625
Our model,4,241.9103546142578
Our model,4,215.41311645507812
Our model,4,311.54949951171875
Our model,4,227.8953094482422
Our model,4,300.9158020019531
Our model,4,233.779052734375
Our model,4,208.20664978027344
Our model,4,218.91775512695312
Our model,4,266.3130798339844
Our model,4,261.98028564453125
Our model,4,203.26239013671875
Our model,4,198.49179077148438
Our model,4,217.728515625
Our model,4,206.94680786132812
Our model,4,236.88568115234375
Our model,4,776.7581787109375
Our model,4,270.1089782714844
Our model,4,211.0897674560547
Our model,4,214.66209411621094
Our model,4,203.9445037841797
Our model,4,198.17178344726562
Our model,4,219.8153076171875
Our model,4,221.177978515625
Our model,4,181.09327697753906
Our model,4,224.03091430664062
Our model,4,228.80606079101562
Our model,4,199.3782501220703
Our model,4,266.9158630371094
Our model,4,223.71128845214844
Our model,4,241.020263671875
Our model,4,245.85858154296875
Our model,4,236.89407348632812
Our model,4,198.3291015625
Our model,4,188.5439910888672
Our model,4,211.27496337890625
Our model,4,227.5567169189453
Our model,4,215.06614685058594
Our model,4,239.95835876464844
Our model,4,321.8981628417969
Our model,4,312.9923400878906
Our model,4,266.8475646972656
Our model,4,193.2500457763672
Our model,4,214.22296142578125
Our model,4,334.1991882324219
Our model,4,213.1697235107422
Our model,4,212.07229614257812
Our model,4,206.8553009033203
Our model,4,217.48690795898438
Our model,4,316.6663513183594
Our model,4,238.98861694335938
Our model,4,202.63262939453125
Our model,4,203.46986389160156
Our model,4,194.74427795410156
Our model,4,230.8586883544922
Our model,4,209.49197387695312
Our model,4,209.28363037109375
Our model,4,212.80821228027344
Our model,4,214.62899780273438
Our model,4,283.6280212402344
Our model,4,297.6541748046875
Our model,4,211.46376037597656
Our model,4,207.55624389648438
Our model,4,228.32339477539062
Our model,4,204.94264221191406
Our model,4,227.5184326171875
Our model,4,185.57583618164062
Our model,4,194.00634765625
Our model,4,223.91964721679688
Our model,4,195.6800994873047
Our model,4,311.97528076171875
Our model,4,219.77835083007812
Our model,4,191.2572784423828
Our model,4,193.68582153320312
Our model,4,216.47274780273438
Our model,4,314.2063903808594
Our model,4,198.22279357910156
Our model,4,277.26995849609375
Our model,4,254.84571838378906
Our model,4,209.4742431640625
Our model,4,251.033203125
Our model,4,219.92050170898438
Our model,4,225.4978485107422
Our model,4,254.285400390625
Our model,4,237.86346435546875
Our model,4,252.31895446777344
Our model,4,174.8169403076172
Our model,4,214.15525817871094
Our model,4,276.4107360839844
Our model,4,245.2244415283203
Our model,4,189.3535614013672
Our model,4,190.03028869628906
Our model,4,202.63072204589844
Our model,4,224.96871948242188
Our model,4,189.1202850341797
Our model,4,208.92523193359375
Our model,4,245.1888885498047
Our model,4,203.5667724609375
Our model,4,213.74147033691406
Our model,4,195.4506378173828
Our model,4,241.40924072265625
Our model,4,278.70147705078125
Our model,4,254.58692932128906
Our model,4,254.63450622558594
Our model,4,193.44613647460938
Our model,4,221.89456176757812
Our model,4,195.89529418945312
Our model,4,206.900390625
Our model,4,232.6826629638672
Our model,4,231.0638885498047
Our model,4,190.51376342773438
Our model,4,198.422607421875
Our model,4,223.1869354248047
Our model,4,238.51351928710938
Our model,4,242.38223266601562
Our model,4,203.40145874023438
Our model,4,231.9447021484375
Our model,4,314.012939453125
Our model,4,269.7693786621094
Our model,4,242.4136505126953
Our model,4,224.7598876953125
Our model,4,320.0637512207031
Our model,4,193.0979766845703
Our model,4,203.6665802001953
Our model,4,202.31117248535156
Our model,4,206.16810607910156
Our model,4,254.45379638671875
Our model,4,178.42877197265625
Our model,4,215.3330841064453
Our model,4,223.95838928222656
Our model,4,799.0289306640625
Our model,4,235.11805725097656
Our model,4,207.64683532714844
Our model,4,245.7594757080078
Our model,4,225.62522888183594
Our model,4,204.79208374023438
Our model,4,212.8281707763672
Our model,4,213.39151000976562
Our model,4,209.0745391845703
Our model,4,256.5168151855469
Our model,4,209.92221069335938
Our model,4,201.5172882080078
Our model,4,240.3579864501953
Our model,4,184.275146484375
Our model,4,245.9080047607422
Our model,4,215.6692352294922
Our model,4,227.2447509765625
Our model,4,441.18170166015625
Our model,4,445.2458801269531
Our model,4,243.6347198486328
Our model,4,230.23623657226562
Our model,4,198.03219604492188
Our model,4,243.35693359375
Our model,4,220.42066955566406
Our model,4,300.51934814453125
Our model,4,225.61724853515625
Our model,4,211.1975555419922
Our model,4,181.27516174316406
Our model,4,240.55343627929688
Our model,4,237.5974578857422
Our model,4,188.0117645263672
Our model,4,208.36460876464844
Our model,4,217.64207458496094
Our model,4,223.1403045654297
Our model,4,262.9460144042969
Our model,4,206.35597229003906
Our model,4,252.97296142578125
Our model,4,179.3114013671875
Our model,4,192.8052978515625
Our model,4,291.08282470703125
Our model,4,292.04058837890625
Our model,4,206.3485565185547
Our model,4,232.72726440429688
Our model,4,218.7542724609375
Our model,4,192.67979431152344
Our model,4,231.9166259765625
Our model,4,275.3730163574219
Our model,4,250.91778564453125
Our model,4,245.1337432861328
Our model,4,181.64804077148438
Our model,4,285.90234375
Our model,4,219.56173706054688
Our model,4,215.98512268066406
Our model,4,205.82571411132812
Our model,4,219.04774475097656
Our model,4,269.02374267578125
Our model,4,197.03030395507812
